time_s,temperature_C,pwm,heat_cool,mode,setpoint_C,kp,error_C
0.11,22.53,0,0,MANUAL,30.0,1.0,7.469999999999999
0.24,22.54,0,0,MANUAL,30.0,1.0,7.460000000000001
0.37,22.54,0,0,MANUAL,30.0,1.0,7.460000000000001
0.5,22.53,0,0,MANUAL,30.0,1.0,7.469999999999999
0.63,22.54,0,0,MANUAL,30.0,1.0,7.460000000000001
0.76,22.53,0,0,MANUAL,30.0,1.0,7.469999999999999
0.9,22.53,0,0,MANUAL,30.0,1.0,7.469999999999999
1.03,22.53,0,0,MANUAL,30.0,1.0,7.469999999999999
1.16,22.53,0,0,MANUAL,30.0,1.0,7.469999999999999
1.29,22.53,0,0,MANUAL,30.0,1.0,7.469999999999999
1.42,22.52,0,0,MANUAL,30.0,1.0,7.48
1.55,22.52,0,0,MANUAL,30.0,1.0,7.48
1.68,22.52,0,0,MANUAL,30.0,1.0,7.48
1.81,22.53,0,0,MANUAL,30.0,1.0,7.469999999999999
1.94,22.52,0,0,MANUAL,30.0,1.0,7.48
2.07,22.52,0,0,MANUAL,30.0,1.0,7.48
2.2,22.53,0,0,MANUAL,30.0,1.0,7.469999999999999
2.33,22.52,0,0,MANUAL,30.0,1.0,7.48
2.47,22.52,0,0,MANUAL,30.0,1.0,7.48
2.6,22.52,0,0,MANUAL,30.0,1.0,7.48
2.73,22.51,0,0,MANUAL,30.0,1.0,7.489999999999998
2.86,22.51,0,0,MANUAL,30.0,1.0,7.489999999999998
2.99,22.52,0,0,MANUAL,30.0,1.0,7.48
3.12,22.52,0,0,MANUAL,30.0,1.0,7.48
3.25,22.51,0,0,MANUAL,30.0,1.0,7.489999999999998
3.38,22.51,0,0,MANUAL,30.0,1.0,7.489999999999998
3.51,22.51,0,0,MANUAL,30.0,1.0,7.489999999999998
3.64,22.51,0,0,MANUAL,30.0,1.0,7.489999999999998
3.77,22.51,0,0,MANUAL,30.0,1.0,7.489999999999998
3.9,22.51,0,0,MANUAL,30.0,1.0,7.489999999999998
4.03,22.51,0,0,MANUAL,30.0,1.0,7.489999999999998
4.17,22.51,0,0,MANUAL,30.0,1.0,7.489999999999998
4.3,22.5,0,0,MANUAL,30.0,1.0,7.5
4.43,22.5,0,0,MANUAL,30.0,1.0,7.5
4.56,22.5,0,0,MANUAL,30.0,1.0,7.5
4.69,22.5,0,0,MANUAL,30.0,1.0,7.5
4.82,22.5,0,0,MANUAL,30.0,1.0,7.5
4.95,22.5,0,0,MANUAL,30.0,1.0,7.5
5.08,22.5,0,0,MANUAL,30.0,1.0,7.5
5.21,22.5,0,0,MANUAL,30.0,1.0,7.5
5.34,22.5,0,0,MANUAL,30.0,1.0,7.5
5.47,22.49,0,0,MANUAL,30.0,1.0,7.510000000000002
5.6,22.5,0,0,MANUAL,30.0,1.0,7.5
5.73,22.5,0,0,MANUAL,30.0,1.0,7.5
5.86,22.49,0,0,MANUAL,30.0,1.0,7.510000000000002
6.0,22.49,0,0,MANUAL,30.0,1.0,7.510000000000002
6.13,22.49,0,0,MANUAL,30.0,1.0,7.510000000000002
6.26,22.49,0,0,MANUAL,30.0,1.0,7.510000000000002
6.39,22.49,0,0,MANUAL,30.0,1.0,7.510000000000002
6.52,22.49,0,0,MANUAL,30.0,1.0,7.510000000000002
6.65,22.49,0,0,MANUAL,30.0,1.0,7.510000000000002
6.78,22.49,0,0,MANUAL,30.0,1.0,7.510000000000002
6.91,22.49,0,0,MANUAL,30.0,1.0,7.510000000000002
7.04,22.48,0,0,MANUAL,30.0,1.0,7.52
7.17,22.48,0,0,MANUAL,30.0,1.0,7.52
7.3,22.48,0,0,MANUAL,30.0,1.0,7.52
7.43,22.48,0,0,MANUAL,30.0,1.0,7.52
7.56,22.48,0,0,MANUAL,30.0,1.0,7.52
7.7,22.48,0,0,MANUAL,30.0,1.0,7.52
7.83,22.47,0,0,MANUAL,30.0,1.0,7.530000000000001
7.96,22.47,0,0,MANUAL,30.0,1.0,7.530000000000001
8.09,22.47,0,0,MANUAL,30.0,1.0,7.530000000000001
8.22,22.47,0,0,MANUAL,30.0,1.0,7.530000000000001
8.35,22.47,0,0,MANUAL,30.0,1.0,7.530000000000001
8.48,22.47,0,0,MANUAL,30.0,1.0,7.530000000000001
8.61,22.48,0,0,MANUAL,30.0,1.0,7.52
8.74,22.47,0,0,MANUAL,30.0,1.0,7.530000000000001
8.87,22.47,0,0,MANUAL,30.0,1.0,7.530000000000001
9.0,22.47,0,0,MANUAL,30.0,1.0,7.530000000000001
9.13,22.47,0,0,MANUAL,30.0,1.0,7.530000000000001
9.26,22.46,0,0,MANUAL,30.0,1.0,7.539999999999999
9.4,22.47,0,0,MANUAL,30.0,1.0,7.530000000000001
9.52,22.47,0,0,MANUAL,30.0,1.0,7.530000000000001
9.66,22.46,0,0,MANUAL,30.0,1.0,7.539999999999999
9.79,22.46,0,0,MANUAL,30.0,1.0,7.539999999999999
9.92,22.46,0,0,MANUAL,30.0,1.0,7.539999999999999
10.05,22.46,0,0,MANUAL,30.0,1.0,7.539999999999999
10.18,22.46,0,0,MANUAL,30.0,1.0,7.539999999999999
10.31,22.46,0,0,MANUAL,30.0,1.0,7.539999999999999
10.44,22.46,0,0,MANUAL,30.0,1.0,7.539999999999999
10.57,22.46,0,0,MANUAL,30.0,1.0,7.539999999999999
10.71,22.45,0,0,MANUAL,30.0,1.0,7.550000000000001
10.84,22.46,0,0,MANUAL,30.0,1.0,7.539999999999999
10.97,22.45,0,0,MANUAL,30.0,1.0,7.550000000000001
11.1,22.45,0,0,MANUAL,30.0,1.0,7.550000000000001
11.23,22.45,0,0,MANUAL,30.0,1.0,7.550000000000001
11.37,22.45,0,0,MANUAL,30.0,1.0,7.550000000000001
11.5,22.45,0,0,MANUAL,30.0,1.0,7.550000000000001
11.63,22.45,0,0,MANUAL,30.0,1.0,7.550000000000001
11.76,22.45,0,0,MANUAL,30.0,1.0,7.550000000000001
11.89,22.45,0,0,MANUAL,30.0,1.0,7.550000000000001
12.02,22.45,0,0,MANUAL,30.0,1.0,7.550000000000001
12.16,22.44,0,0,MANUAL,30.0,1.0,7.559999999999999
12.29,22.45,0,0,MANUAL,30.0,1.0,7.550000000000001
12.42,22.44,0,0,MANUAL,30.0,1.0,7.559999999999999
12.55,22.44,0,0,MANUAL,30.0,1.0,7.559999999999999
12.68,22.45,0,0,MANUAL,30.0,1.0,7.550000000000001
12.82,22.44,0,0,MANUAL,30.0,1.0,7.559999999999999
12.95,22.44,0,0,MANUAL,30.0,1.0,7.559999999999999
13.08,22.44,0,0,MANUAL,30.0,1.0,7.559999999999999
13.21,22.44,0,0,MANUAL,30.0,1.0,7.559999999999999
13.34,22.43,0,0,MANUAL,30.0,1.0,7.57
13.47,22.44,0,0,MANUAL,30.0,1.0,7.559999999999999
13.61,22.44,0,0,MANUAL,30.0,1.0,7.559999999999999
13.74,22.43,0,0,MANUAL,30.0,1.0,7.57
13.87,22.43,0,0,MANUAL,30.0,1.0,7.57
14.0,22.44,0,0,MANUAL,30.0,1.0,7.559999999999999
14.13,22.43,0,0,MANUAL,30.0,1.0,7.57
14.27,22.43,0,0,MANUAL,30.0,1.0,7.57
14.4,22.43,0,0,MANUAL,30.0,1.0,7.57
14.53,22.43,0,0,MANUAL,30.0,1.0,7.57
14.66,22.43,0,0,MANUAL,30.0,1.0,7.57
14.79,22.43,0,0,MANUAL,30.0,1.0,7.57
14.92,22.43,0,0,MANUAL,30.0,1.0,7.57
15.06,22.43,0,0,MANUAL,30.0,1.0,7.57
15.19,22.42,0,0,MANUAL,30.0,1.0,7.579999999999998
15.32,22.42,0,0,MANUAL,30.0,1.0,7.579999999999998
15.45,22.42,0,0,MANUAL,30.0,1.0,7.579999999999998
15.58,22.41,0,0,MANUAL,30.0,1.0,7.59
15.72,22.42,0,0,MANUAL,30.0,1.0,7.579999999999998
15.85,22.42,0,0,MANUAL,30.0,1.0,7.579999999999998
15.98,22.42,0,0,MANUAL,30.0,1.0,7.579999999999998
16.11,22.41,0,0,MANUAL,30.0,1.0,7.59
16.24,22.42,0,0,MANUAL,30.0,1.0,7.579999999999998
16.37,22.41,0,0,MANUAL,30.0,1.0,7.59
16.5,22.41,0,0,MANUAL,30.0,1.0,7.59
16.64,22.41,0,0,MANUAL,30.0,1.0,7.59
16.77,22.42,0,0,MANUAL,30.0,1.0,7.579999999999998
16.9,22.41,0,0,MANUAL,30.0,1.0,7.59
17.03,22.41,0,0,MANUAL,30.0,1.0,7.59
17.16,22.41,0,0,MANUAL,30.0,1.0,7.59
17.3,22.41,0,0,MANUAL,30.0,1.0,7.59
17.43,22.41,0,0,MANUAL,30.0,1.0,7.59
17.56,22.41,0,0,MANUAL,30.0,1.0,7.59
17.69,22.41,0,0,MANUAL,30.0,1.0,7.59
17.82,22.4,0,0,MANUAL,30.0,1.0,7.600000000000001
17.95,22.41,0,0,MANUAL,30.0,1.0,7.59
18.09,22.4,0,0,MANUAL,30.0,1.0,7.600000000000001
18.22,22.4,0,0,MANUAL,30.0,1.0,7.600000000000001
18.35,22.4,0,0,MANUAL,30.0,1.0,7.600000000000001
18.48,22.4,0,0,MANUAL,30.0,1.0,7.600000000000001
18.61,22.4,0,0,MANUAL,30.0,1.0,7.600000000000001
18.75,22.4,0,0,MANUAL,30.0,1.0,7.600000000000001
18.88,22.4,0,0,MANUAL,30.0,1.0,7.600000000000001
19.01,22.4,0,0,MANUAL,30.0,1.0,7.600000000000001
19.14,22.39,0,0,MANUAL,30.0,1.0,7.609999999999999
19.27,22.4,0,0,MANUAL,30.0,1.0,7.600000000000001
19.4,22.4,0,0,MANUAL,30.0,1.0,7.600000000000001
19.54,22.39,0,0,MANUAL,30.0,1.0,7.609999999999999
19.67,22.39,0,0,MANUAL,30.0,1.0,7.609999999999999
19.8,22.39,0,0,MANUAL,30.0,1.0,7.609999999999999
19.93,22.39,0,0,MANUAL,30.0,1.0,7.609999999999999
20.06,22.39,0,0,MANUAL,30.0,1.0,7.609999999999999
20.19,22.39,0,0,MANUAL,30.0,1.0,7.609999999999999
20.33,22.39,0,0,MANUAL,30.0,1.0,7.609999999999999
20.46,22.39,0,0,MANUAL,30.0,1.0,7.609999999999999
20.59,22.39,0,0,MANUAL,30.0,1.0,7.609999999999999
20.72,22.39,0,0,MANUAL,30.0,1.0,7.609999999999999
20.85,22.38,0,0,MANUAL,30.0,1.0,7.620000000000001
20.98,22.38,0,0,MANUAL,30.0,1.0,7.620000000000001
21.12,22.38,0,0,MANUAL,30.0,1.0,7.620000000000001
21.25,22.38,0,0,MANUAL,30.0,1.0,7.620000000000001
21.38,22.38,0,0,MANUAL,30.0,1.0,7.620000000000001
21.51,22.38,0,0,MANUAL,30.0,1.0,7.620000000000001
21.64,22.37,0,0,MANUAL,30.0,1.0,7.629999999999999
21.78,22.38,0,0,MANUAL,30.0,1.0,7.620000000000001
21.91,22.37,0,0,MANUAL,30.0,1.0,7.629999999999999
22.04,22.38,0,0,MANUAL,30.0,1.0,7.620000000000001
22.17,22.38,0,0,MANUAL,30.0,1.0,7.620000000000001
22.3,22.38,0,0,MANUAL,30.0,1.0,7.620000000000001
22.43,22.37,0,0,MANUAL,30.0,1.0,7.629999999999999
22.57,22.37,0,0,MANUAL,30.0,1.0,7.629999999999999
22.7,22.37,0,0,MANUAL,30.0,1.0,7.629999999999999
22.83,22.36,0,0,MANUAL,30.0,1.0,7.640000000000001
22.96,22.37,0,0,MANUAL,30.0,1.0,7.629999999999999
23.09,22.37,0,0,MANUAL,30.0,1.0,7.629999999999999
23.23,22.37,0,0,MANUAL,30.0,1.0,7.629999999999999
23.36,22.36,0,0,MANUAL,30.0,1.0,7.640000000000001
23.49,22.36,0,0,MANUAL,30.0,1.0,7.640000000000001
23.62,22.36,0,0,MANUAL,30.0,1.0,7.640000000000001
23.75,22.36,0,0,MANUAL,30.0,1.0,7.640000000000001
23.88,22.36,0,0,MANUAL,30.0,1.0,7.640000000000001
24.02,22.36,0,0,MANUAL,30.0,1.0,7.640000000000001
24.15,22.35,0,0,MANUAL,30.0,1.0,7.649999999999999
24.28,22.35,0,0,MANUAL,30.0,1.0,7.649999999999999
24.41,22.35,0,0,MANUAL,30.0,1.0,7.649999999999999
24.54,22.36,0,0,MANUAL,30.0,1.0,7.640000000000001
24.68,22.35,0,0,MANUAL,30.0,1.0,7.649999999999999
24.81,22.36,0,0,MANUAL,30.0,1.0,7.640000000000001
24.94,22.35,0,0,MANUAL,30.0,1.0,7.649999999999999
25.07,22.35,0,0,MANUAL,30.0,1.0,7.649999999999999
25.2,22.35,0,0,MANUAL,30.0,1.0,7.649999999999999
25.33,22.35,0,0,MANUAL,30.0,1.0,7.649999999999999
25.47,22.35,0,0,MANUAL,30.0,1.0,7.649999999999999
25.6,22.35,0,0,MANUAL,30.0,1.0,7.649999999999999
25.73,22.35,0,0,MANUAL,30.0,1.0,7.649999999999999
25.86,22.35,0,0,MANUAL,30.0,1.0,7.649999999999999
25.99,22.34,0,0,MANUAL,30.0,1.0,7.66
26.13,22.34,0,0,MANUAL,30.0,1.0,7.66
26.26,22.34,0,0,MANUAL,30.0,1.0,7.66
26.39,22.34,0,0,MANUAL,30.0,1.0,7.66
26.52,22.34,0,0,MANUAL,30.0,1.0,7.66
26.65,22.34,0,0,MANUAL,30.0,1.0,7.66
26.78,22.34,0,0,MANUAL,30.0,1.0,7.66
26.92,22.34,0,0,MANUAL,30.0,1.0,7.66
27.05,22.33,0,0,MANUAL,30.0,1.0,7.670000000000002
27.18,22.34,0,0,MANUAL,30.0,1.0,7.66
27.31,22.34,0,0,MANUAL,30.0,1.0,7.66
27.44,22.34,0,0,MANUAL,30.0,1.0,7.66
27.57,22.34,0,0,MANUAL,30.0,1.0,7.66
27.71,22.34,0,0,MANUAL,30.0,1.0,7.66
27.84,22.33,0,0,MANUAL,30.0,1.0,7.670000000000002
27.97,22.33,0,0,MANUAL,30.0,1.0,7.670000000000002
28.1,22.34,0,0,MANUAL,30.0,1.0,7.66
28.23,22.34,0,0,MANUAL,30.0,1.0,7.66
28.36,22.34,0,0,MANUAL,30.0,1.0,7.66
28.5,22.33,0,0,MANUAL,30.0,1.0,7.670000000000002
28.63,22.34,0,0,MANUAL,30.0,1.0,7.66
28.76,22.33,0,0,MANUAL,30.0,1.0,7.670000000000002
28.89,22.33,0,0,MANUAL,30.0,1.0,7.670000000000002
29.02,22.33,0,0,MANUAL,30.0,1.0,7.670000000000002
29.16,22.33,0,0,MANUAL,30.0,1.0,7.670000000000002
29.29,22.33,0,0,MANUAL,30.0,1.0,7.670000000000002
29.42,22.33,0,0,MANUAL,30.0,1.0,7.670000000000002
29.55,22.33,0,0,MANUAL,30.0,1.0,7.670000000000002
29.68,22.32,0,0,MANUAL,30.0,1.0,7.68
29.81,22.32,0,0,MANUAL,30.0,1.0,7.68
29.95,22.32,0,0,MANUAL,30.0,1.0,7.68
30.08,22.32,0,0,MANUAL,30.0,1.0,7.68
30.21,22.32,0,0,MANUAL,30.0,1.0,7.68
30.34,22.32,0,0,MANUAL,30.0,1.0,7.68
30.47,22.32,0,0,MANUAL,30.0,1.0,7.68
30.61,22.32,0,0,MANUAL,30.0,1.0,7.68
30.74,22.32,0,0,MANUAL,30.0,1.0,7.68
30.87,22.32,0,0,MANUAL,30.0,1.0,7.68
31.0,22.31,0,0,MANUAL,30.0,1.0,7.690000000000001
31.13,22.31,0,0,MANUAL,30.0,1.0,7.690000000000001
31.26,22.32,0,0,MANUAL,30.0,1.0,7.68
31.4,22.31,0,0,MANUAL,30.0,1.0,7.690000000000001
31.53,22.31,0,0,MANUAL,30.0,1.0,7.690000000000001
31.66,22.31,0,0,MANUAL,30.0,1.0,7.690000000000001
31.79,22.31,0,0,MANUAL,30.0,1.0,7.690000000000001
31.92,22.31,0,0,MANUAL,30.0,1.0,7.690000000000001
32.06,22.31,0,0,MANUAL,30.0,1.0,7.690000000000001
32.19,22.31,0,0,MANUAL,30.0,1.0,7.690000000000001
32.32,22.31,0,0,MANUAL,30.0,1.0,7.690000000000001
32.45,22.3,0,0,MANUAL,30.0,1.0,7.699999999999999
32.58,22.31,0,0,MANUAL,30.0,1.0,7.690000000000001
32.71,22.3,0,0,MANUAL,30.0,1.0,7.699999999999999
32.85,22.3,0,0,MANUAL,30.0,1.0,7.699999999999999
32.98,22.3,0,0,MANUAL,30.0,1.0,7.699999999999999
33.11,22.31,0,0,MANUAL,30.0,1.0,7.690000000000001
33.24,22.3,0,0,MANUAL,30.0,1.0,7.699999999999999
33.37,22.3,0,0,MANUAL,30.0,1.0,7.699999999999999
33.51,22.3,0,0,MANUAL,30.0,1.0,7.699999999999999
33.64,22.3,0,0,MANUAL,30.0,1.0,7.699999999999999
33.77,22.3,0,0,MANUAL,30.0,1.0,7.699999999999999
33.9,22.3,0,0,MANUAL,30.0,1.0,7.699999999999999
34.03,22.29,0,0,MANUAL,30.0,1.0,7.710000000000001
34.16,22.29,0,0,MANUAL,30.0,1.0,7.710000000000001
34.3,22.3,0,0,MANUAL,30.0,1.0,7.699999999999999
34.43,22.29,0,0,MANUAL,30.0,1.0,7.710000000000001
34.56,22.29,0,0,MANUAL,30.0,1.0,7.710000000000001
34.69,22.29,0,0,MANUAL,30.0,1.0,7.710000000000001
34.82,22.29,0,0,MANUAL,30.0,1.0,7.710000000000001
34.96,22.29,0,0,MANUAL,30.0,1.0,7.710000000000001
35.09,22.3,0,0,MANUAL,30.0,1.0,7.699999999999999
35.22,22.29,0,0,MANUAL,30.0,1.0,7.710000000000001
35.35,22.29,0,0,MANUAL,30.0,1.0,7.710000000000001
35.48,22.29,0,0,MANUAL,30.0,1.0,7.710000000000001
35.61,22.29,0,0,MANUAL,30.0,1.0,7.710000000000001
35.75,22.29,0,0,MANUAL,30.0,1.0,7.710000000000001
35.88,22.28,0,0,MANUAL,30.0,1.0,7.719999999999999
36.01,22.28,0,0,MANUAL,30.0,1.0,7.719999999999999
36.14,22.28,0,0,MANUAL,30.0,1.0,7.719999999999999
36.27,22.28,0,0,MANUAL,30.0,1.0,7.719999999999999
36.4,22.28,0,0,MANUAL,30.0,1.0,7.719999999999999
36.54,22.29,0,0,MANUAL,30.0,1.0,7.710000000000001
36.67,22.28,0,0,MANUAL,30.0,1.0,7.719999999999999
36.8,22.28,0,0,MANUAL,30.0,1.0,7.719999999999999
36.93,22.28,0,0,MANUAL,30.0,1.0,7.719999999999999
37.06,22.28,0,0,MANUAL,30.0,1.0,7.719999999999999
37.2,22.28,0,0,MANUAL,30.0,1.0,7.719999999999999
37.33,22.28,0,0,MANUAL,30.0,1.0,7.719999999999999
37.46,22.28,0,0,MANUAL,30.0,1.0,7.719999999999999
37.59,22.27,0,0,MANUAL,30.0,1.0,7.73
37.72,22.26,0,0,MANUAL,30.0,1.0,7.739999999999998
37.86,22.26,0,0,MANUAL,30.0,1.0,7.739999999999998
37.99,22.26,0,0,MANUAL,30.0,1.0,7.739999999999998
38.12,22.26,0,0,MANUAL,30.0,1.0,7.739999999999998
38.25,22.26,0,0,MANUAL,30.0,1.0,7.739999999999998
38.38,22.26,0,0,MANUAL,30.0,1.0,7.739999999999998
38.51,22.26,0,0,MANUAL,30.0,1.0,7.739999999999998
38.65,22.26,0,0,MANUAL,30.0,1.0,7.739999999999998
38.78,22.26,0,0,MANUAL,30.0,1.0,7.739999999999998
38.91,22.26,0,0,MANUAL,30.0,1.0,7.739999999999998
39.04,22.25,0,0,MANUAL,30.0,1.0,7.75
39.17,22.25,0,0,MANUAL,30.0,1.0,7.75
39.3,22.25,0,0,MANUAL,30.0,1.0,7.75
39.44,22.25,0,0,MANUAL,30.0,1.0,7.75
39.57,22.25,0,0,MANUAL,30.0,1.0,7.75
39.7,22.25,0,0,MANUAL,30.0,1.0,7.75
39.83,22.25,0,0,MANUAL,30.0,1.0,7.75
39.96,22.24,0,0,MANUAL,30.0,1.0,7.760000000000002
40.1,22.24,0,0,MANUAL,30.0,1.0,7.760000000000002
40.23,22.24,0,0,MANUAL,30.0,1.0,7.760000000000002
40.36,22.25,0,0,MANUAL,30.0,1.0,7.75
40.49,22.24,0,0,MANUAL,30.0,1.0,7.760000000000002
40.62,22.24,0,0,MANUAL,30.0,1.0,7.760000000000002
40.75,22.24,0,0,MANUAL,30.0,1.0,7.760000000000002
40.89,22.24,0,0,MANUAL,30.0,1.0,7.760000000000002
41.02,22.24,0,0,MANUAL,30.0,1.0,7.760000000000002
41.15,22.24,0,0,MANUAL,30.0,1.0,7.760000000000002
41.28,22.24,0,0,MANUAL,30.0,1.0,7.760000000000002
41.41,22.24,0,0,MANUAL,30.0,1.0,7.760000000000002
41.54,22.24,0,0,MANUAL,30.0,1.0,7.760000000000002
41.68,22.23,0,0,MANUAL,30.0,1.0,7.77
41.81,22.23,0,0,MANUAL,30.0,1.0,7.77
41.94,22.23,0,0,MANUAL,30.0,1.0,7.77
42.07,22.23,0,0,MANUAL,30.0,1.0,7.77
42.2,22.23,0,0,MANUAL,30.0,1.0,7.77
42.34,22.23,0,0,MANUAL,30.0,1.0,7.77
42.47,22.23,0,0,MANUAL,30.0,1.0,7.77
42.6,22.23,0,0,MANUAL,30.0,1.0,7.77
42.73,22.23,0,0,MANUAL,30.0,1.0,7.77
42.86,22.23,0,0,MANUAL,30.0,1.0,7.77
42.99,22.23,0,0,MANUAL,30.0,1.0,7.77
43.13,22.22,0,0,MANUAL,30.0,1.0,7.780000000000001
43.26,22.22,0,0,MANUAL,30.0,1.0,7.780000000000001
43.39,22.23,0,0,MANUAL,30.0,1.0,7.77
43.52,22.22,0,0,MANUAL,30.0,1.0,7.780000000000001
43.65,22.22,0,0,MANUAL,30.0,1.0,7.780000000000001
43.79,22.22,0,0,MANUAL,30.0,1.0,7.780000000000001
43.92,22.23,0,0,MANUAL,30.0,1.0,7.77
44.05,22.22,0,0,MANUAL,30.0,1.0,7.780000000000001
44.18,22.22,0,0,MANUAL,30.0,1.0,7.780000000000001
44.31,22.22,0,0,MANUAL,30.0,1.0,7.780000000000001
44.44,22.22,0,0,MANUAL,30.0,1.0,7.780000000000001
44.58,22.22,0,0,MANUAL,30.0,1.0,7.780000000000001
44.71,22.21,0,0,MANUAL,30.0,1.0,7.789999999999999
44.84,22.22,0,0,MANUAL,30.0,1.0,7.780000000000001
44.97,22.21,0,0,MANUAL,30.0,1.0,7.789999999999999
45.1,22.21,0,0,MANUAL,30.0,1.0,7.789999999999999
45.24,22.21,0,0,MANUAL,30.0,1.0,7.789999999999999
45.37,22.21,0,0,MANUAL,30.0,1.0,7.789999999999999
45.5,22.21,0,0,MANUAL,30.0,1.0,7.789999999999999
45.63,22.21,0,0,MANUAL,30.0,1.0,7.789999999999999
45.76,22.21,0,0,MANUAL,30.0,1.0,7.789999999999999
45.89,22.21,0,0,MANUAL,30.0,1.0,7.789999999999999
46.03,22.21,0,0,MANUAL,30.0,1.0,7.789999999999999
46.16,22.21,0,0,MANUAL,30.0,1.0,7.789999999999999
46.29,22.21,0,0,MANUAL,30.0,1.0,7.789999999999999
46.42,22.2,0,0,MANUAL,30.0,1.0,7.800000000000001
46.55,22.21,0,0,MANUAL,30.0,1.0,7.789999999999999
46.68,22.2,0,0,MANUAL,30.0,1.0,7.800000000000001
46.82,22.2,0,0,MANUAL,30.0,1.0,7.800000000000001
46.95,22.2,0,0,MANUAL,30.0,1.0,7.800000000000001
47.08,22.2,0,0,MANUAL,30.0,1.0,7.800000000000001
47.21,22.19,0,0,MANUAL,30.0,1.0,7.809999999999999
47.34,22.2,0,0,MANUAL,30.0,1.0,7.800000000000001
47.47,22.2,0,0,MANUAL,30.0,1.0,7.800000000000001
47.61,22.2,0,0,MANUAL,30.0,1.0,7.800000000000001
47.74,22.2,1,0,MANUAL,30.0,1.0,7.800000000000001
47.87,22.19,2,0,MANUAL,30.0,1.0,7.809999999999999
48.0,22.21,3,0,MANUAL,30.0,1.0,7.789999999999999
48.14,22.19,4,0,MANUAL,30.0,1.0,7.809999999999999
48.27,22.2,5,0,MANUAL,30.0,1.0,7.800000000000001
48.4,22.19,5,0,MANUAL,30.0,1.0,7.809999999999999
48.53,22.18,9,0,MANUAL,30.0,1.0,7.82
48.67,22.19,9,0,MANUAL,30.0,1.0,7.809999999999999
48.8,22.18,18,0,MANUAL,30.0,1.0,7.82
48.93,22.19,19,0,MANUAL,30.0,1.0,7.809999999999999
49.06,22.17,20,0,MANUAL,30.0,1.0,7.829999999999998
49.2,22.2,21,0,MANUAL,30.0,1.0,7.800000000000001
49.33,22.17,22,0,MANUAL,30.0,1.0,7.829999999999998
49.47,22.17,22,0,MANUAL,30.0,1.0,7.829999999999998
49.6,22.18,22,0,MANUAL,30.0,1.0,7.82
49.73,22.17,22,0,MANUAL,30.0,1.0,7.829999999999998
49.86,22.17,22,0,MANUAL,30.0,1.0,7.829999999999998
50.0,22.15,22,0,MANUAL,30.0,1.0,7.850000000000001
50.13,22.15,22,0,MANUAL,30.0,1.0,7.850000000000001
50.26,22.16,28,0,MANUAL,30.0,1.0,7.84
50.4,22.13,30,0,MANUAL,30.0,1.0,7.870000000000001
50.53,22.13,32,0,MANUAL,30.0,1.0,7.870000000000001
50.66,22.12,39,0,MANUAL,30.0,1.0,7.879999999999999
50.8,22.1,39,0,MANUAL,30.0,1.0,7.899999999999999
50.93,22.1,44,0,MANUAL,30.0,1.0,7.899999999999999
51.06,22.09,46,0,MANUAL,30.0,1.0,7.91
51.2,22.08,34,0,MANUAL,30.0,1.0,7.920000000000002
51.33,22.07,18,0,MANUAL,30.0,1.0,7.93
52.46,21.99,18,0,MANUAL,30.0,1.0,8.010000000000002
52.6,21.98,18,0,MANUAL,30.0,1.0,8.02
52.73,21.97,18,0,MANUAL,30.0,1.0,8.030000000000001
52.86,21.97,18,0,MANUAL,30.0,1.0,8.030000000000001
53.0,21.96,18,0,MANUAL,30.0,1.0,8.04
53.13,21.96,18,0,MANUAL,30.0,1.0,8.04
53.26,21.95,18,0,MANUAL,30.0,1.0,8.05
53.39,21.94,18,0,MANUAL,30.0,1.0,8.059999999999999
53.53,21.93,18,0,MANUAL,30.0,1.0,8.07
53.66,21.93,18,0,MANUAL,30.0,1.0,8.07
53.79,21.92,18,0,MANUAL,30.0,1.0,8.079999999999998
53.93,21.92,18,0,MANUAL,30.0,1.0,8.079999999999998
54.06,21.91,18,0,MANUAL,30.0,1.0,8.09
54.19,21.9,18,0,MANUAL,30.0,1.0,8.100000000000001
54.32,21.9,18,0,MANUAL,30.0,1.0,8.100000000000001
54.46,21.89,18,0,MANUAL,30.0,1.0,8.11
54.59,21.89,18,0,MANUAL,30.0,1.0,8.11
54.72,21.87,18,0,MANUAL,30.0,1.0,8.129999999999999
54.85,21.88,18,0,MANUAL,30.0,1.0,8.120000000000001
54.99,21.87,18,0,MANUAL,30.0,1.0,8.129999999999999
55.12,21.87,18,0,MANUAL,30.0,1.0,8.129999999999999
55.25,21.86,18,0,MANUAL,30.0,1.0,8.14
55.39,21.85,18,0,MANUAL,30.0,1.0,8.149999999999999
55.52,21.84,18,0,MANUAL,30.0,1.0,8.16
55.65,21.84,18,0,MANUAL,30.0,1.0,8.16
55.78,21.84,18,0,MANUAL,30.0,1.0,8.16
55.92,21.83,18,0,MANUAL,30.0,1.0,8.170000000000002
56.05,21.82,18,0,MANUAL,30.0,1.0,8.18
56.18,21.82,18,0,MANUAL,30.0,1.0,8.18
56.31,21.82,18,0,MANUAL,30.0,1.0,8.18
56.45,21.81,18,0,MANUAL,30.0,1.0,8.190000000000001
56.58,21.81,18,0,MANUAL,30.0,1.0,8.190000000000001
56.71,21.8,18,0,MANUAL,30.0,1.0,8.2
56.85,21.8,18,0,MANUAL,30.0,1.0,8.2
56.98,21.79,18,0,MANUAL,30.0,1.0,8.21
57.11,21.79,18,0,MANUAL,30.0,1.0,8.21
57.25,21.78,18,0,MANUAL,30.0,1.0,8.219999999999999
57.38,21.77,18,0,MANUAL,30.0,1.0,8.23
57.51,21.76,18,0,MANUAL,30.0,1.0,8.239999999999998
57.64,21.74,18,0,MANUAL,30.0,1.0,8.260000000000002
57.78,21.74,18,0,MANUAL,30.0,1.0,8.260000000000002
57.91,21.73,18,0,MANUAL,30.0,1.0,8.27
58.04,21.73,18,0,MANUAL,30.0,1.0,8.27
58.18,21.73,18,0,MANUAL,30.0,1.0,8.27
58.31,21.73,18,0,MANUAL,30.0,1.0,8.27
58.44,21.73,18,0,MANUAL,30.0,1.0,8.27
58.57,21.73,18,0,MANUAL,30.0,1.0,8.27
58.71,21.73,18,0,MANUAL,30.0,1.0,8.27
58.84,21.73,18,0,MANUAL,30.0,1.0,8.27
58.97,21.73,18,0,MANUAL,30.0,1.0,8.27
59.11,21.73,18,0,MANUAL,30.0,1.0,8.27
59.24,21.73,18,0,MANUAL,30.0,1.0,8.27
59.37,21.73,18,0,MANUAL,30.0,1.0,8.27
59.5,21.73,18,0,MANUAL,30.0,1.0,8.27
59.64,21.73,18,0,MANUAL,30.0,1.0,8.27
59.77,21.73,18,0,MANUAL,30.0,1.0,8.27
59.9,21.73,18,0,MANUAL,30.0,1.0,8.27
60.04,21.73,18,0,MANUAL,30.0,1.0,8.27
60.17,21.73,18,0,MANUAL,30.0,1.0,8.27
60.3,21.73,18,0,MANUAL,30.0,1.0,8.27
60.43,21.73,18,0,MANUAL,30.0,1.0,8.27
60.57,21.73,18,0,MANUAL,30.0,1.0,8.27
60.7,21.73,18,0,MANUAL,30.0,1.0,8.27
60.83,21.73,18,0,MANUAL,30.0,1.0,8.27
60.96,21.73,18,0,MANUAL,30.0,1.0,8.27
61.1,21.73,18,0,MANUAL,30.0,1.0,8.27
61.23,21.73,18,0,MANUAL,30.0,1.0,8.27
61.36,21.73,18,0,MANUAL,30.0,1.0,8.27
61.5,21.73,18,0,MANUAL,30.0,1.0,8.27
61.63,21.73,18,0,MANUAL,30.0,1.0,8.27
61.76,21.73,18,0,MANUAL,30.0,1.0,8.27
61.89,21.73,18,0,MANUAL,30.0,1.0,8.27
62.03,21.73,18,0,MANUAL,30.0,1.0,8.27
62.16,21.74,18,0,MANUAL,30.0,1.0,8.260000000000002
62.29,21.74,18,0,MANUAL,30.0,1.0,8.260000000000002
62.43,21.74,18,0,MANUAL,30.0,1.0,8.260000000000002
62.56,21.74,18,0,MANUAL,30.0,1.0,8.260000000000002
62.69,21.74,18,0,MANUAL,30.0,1.0,8.260000000000002
62.82,21.74,18,0,MANUAL,30.0,1.0,8.260000000000002
62.96,21.74,18,0,MANUAL,30.0,1.0,8.260000000000002
63.09,21.74,18,0,MANUAL,30.0,1.0,8.260000000000002
63.22,21.75,18,0,MANUAL,30.0,1.0,8.25
63.35,21.75,18,0,MANUAL,30.0,1.0,8.25
63.49,21.75,18,0,MANUAL,30.0,1.0,8.25
63.62,21.76,18,0,MANUAL,30.0,1.0,8.239999999999998
63.75,21.76,18,0,MANUAL,30.0,1.0,8.239999999999998
63.89,21.77,18,0,MANUAL,30.0,1.0,8.23
64.02,21.78,18,0,MANUAL,30.0,1.0,8.219999999999999
64.15,21.78,18,0,MANUAL,30.0,1.0,8.219999999999999
64.28,21.78,18,0,MANUAL,30.0,1.0,8.219999999999999
64.42,21.79,18,0,MANUAL,30.0,1.0,8.21
64.55,21.79,18,0,MANUAL,30.0,1.0,8.21
64.68,21.79,18,0,MANUAL,30.0,1.0,8.21
64.82,21.79,18,0,MANUAL,30.0,1.0,8.21
64.95,21.8,18,0,MANUAL,30.0,1.0,8.2
65.08,21.8,18,0,MANUAL,30.0,1.0,8.2
65.21,21.8,18,0,MANUAL,30.0,1.0,8.2
65.35,21.8,18,0,MANUAL,30.0,1.0,8.2
65.48,21.8,18,0,MANUAL,30.0,1.0,8.2
65.61,21.8,18,0,MANUAL,30.0,1.0,8.2
65.75,21.8,18,0,MANUAL,30.0,1.0,8.2
65.88,21.81,18,0,MANUAL,30.0,1.0,8.190000000000001
66.01,21.81,18,0,MANUAL,30.0,1.0,8.190000000000001
66.14,21.81,18,0,MANUAL,30.0,1.0,8.190000000000001
66.28,21.81,18,0,MANUAL,30.0,1.0,8.190000000000001
66.41,21.81,18,0,MANUAL,30.0,1.0,8.190000000000001
66.54,21.81,18,0,MANUAL,30.0,1.0,8.190000000000001
66.68,21.81,18,0,MANUAL,30.0,1.0,8.190000000000001
66.81,21.81,18,0,MANUAL,30.0,1.0,8.190000000000001
66.94,21.81,18,0,MANUAL,30.0,1.0,8.190000000000001
67.07,21.81,18,0,MANUAL,30.0,1.0,8.190000000000001
67.21,21.81,18,0,MANUAL,30.0,1.0,8.190000000000001
67.34,21.81,18,0,MANUAL,30.0,1.0,8.190000000000001
67.47,21.81,18,0,MANUAL,30.0,1.0,8.190000000000001
67.61,21.81,18,0,MANUAL,30.0,1.0,8.190000000000001
67.74,21.82,18,0,MANUAL,30.0,1.0,8.18
67.87,21.82,18,0,MANUAL,30.0,1.0,8.18
68.0,21.82,18,0,MANUAL,30.0,1.0,8.18
68.14,21.82,18,0,MANUAL,30.0,1.0,8.18
68.27,21.82,18,0,MANUAL,30.0,1.0,8.18
68.4,21.82,18,0,MANUAL,30.0,1.0,8.18
68.54,21.82,18,0,MANUAL,30.0,1.0,8.18
68.67,21.82,18,0,MANUAL,30.0,1.0,8.18
68.8,21.82,18,0,MANUAL,30.0,1.0,8.18
68.93,21.82,18,0,MANUAL,30.0,1.0,8.18
69.07,21.82,18,0,MANUAL,30.0,1.0,8.18
69.2,21.82,18,0,MANUAL,30.0,1.0,8.18
69.33,21.82,18,0,MANUAL,30.0,1.0,8.18
69.46,21.82,18,0,MANUAL,30.0,1.0,8.18
69.6,21.82,18,0,MANUAL,30.0,1.0,8.18
69.73,21.82,18,0,MANUAL,30.0,1.0,8.18
69.86,21.82,18,0,MANUAL,30.0,1.0,8.18
70.0,21.82,18,0,MANUAL,30.0,1.0,8.18
70.13,21.82,18,0,MANUAL,30.0,1.0,8.18
70.26,21.82,18,0,MANUAL,30.0,1.0,8.18
70.39,21.82,18,0,MANUAL,30.0,1.0,8.18
70.53,21.82,18,0,MANUAL,30.0,1.0,8.18
70.66,21.82,18,0,MANUAL,30.0,1.0,8.18
70.79,21.82,18,0,MANUAL,30.0,1.0,8.18
70.93,21.82,18,0,MANUAL,30.0,1.0,8.18
71.06,21.82,18,0,MANUAL,30.0,1.0,8.18
71.19,21.82,18,0,MANUAL,30.0,1.0,8.18
71.32,21.82,18,0,MANUAL,30.0,1.0,8.18
71.46,21.82,18,0,MANUAL,30.0,1.0,8.18
71.59,21.82,18,0,MANUAL,30.0,1.0,8.18
71.72,21.82,18,0,MANUAL,30.0,1.0,8.18
71.86,21.82,18,0,MANUAL,30.0,1.0,8.18
71.99,21.82,18,0,MANUAL,30.0,1.0,8.18
72.12,21.82,18,0,MANUAL,30.0,1.0,8.18
72.25,21.82,18,0,MANUAL,30.0,1.0,8.18
72.39,21.82,18,0,MANUAL,30.0,1.0,8.18
72.52,21.82,18,0,MANUAL,30.0,1.0,8.18
72.65,21.82,18,0,MANUAL,30.0,1.0,8.18
72.78,21.82,18,0,MANUAL,30.0,1.0,8.18
72.92,21.82,18,0,MANUAL,30.0,1.0,8.18
73.05,21.82,18,0,MANUAL,30.0,1.0,8.18
73.18,21.82,18,0,MANUAL,30.0,1.0,8.18
73.32,21.82,18,0,MANUAL,30.0,1.0,8.18
73.45,21.82,18,0,MANUAL,30.0,1.0,8.18
73.58,21.82,18,0,MANUAL,30.0,1.0,8.18
73.71,21.82,18,0,MANUAL,30.0,1.0,8.18
73.85,21.82,18,0,MANUAL,30.0,1.0,8.18
73.98,21.82,18,0,MANUAL,30.0,1.0,8.18
74.11,21.82,18,0,MANUAL,30.0,1.0,8.18
74.25,21.82,18,0,MANUAL,30.0,1.0,8.18
74.38,21.82,18,0,MANUAL,30.0,1.0,8.18
74.51,21.82,18,0,MANUAL,30.0,1.0,8.18
74.64,21.83,18,0,MANUAL,30.0,1.0,8.170000000000002
74.78,21.83,18,0,MANUAL,30.0,1.0,8.170000000000002
74.91,21.83,18,0,MANUAL,30.0,1.0,8.170000000000002
75.04,21.83,18,0,MANUAL,30.0,1.0,8.170000000000002
75.18,21.83,18,0,MANUAL,30.0,1.0,8.170000000000002
75.31,21.83,18,0,MANUAL,30.0,1.0,8.170000000000002
75.44,21.82,18,0,MANUAL,30.0,1.0,8.18
75.57,21.83,18,0,MANUAL,30.0,1.0,8.170000000000002
75.71,21.83,18,0,MANUAL,30.0,1.0,8.170000000000002
75.84,21.83,18,0,MANUAL,30.0,1.0,8.170000000000002
75.97,21.83,18,0,MANUAL,30.0,1.0,8.170000000000002
76.11,21.83,18,0,MANUAL,30.0,1.0,8.170000000000002
76.24,21.83,18,0,MANUAL,30.0,1.0,8.170000000000002
76.37,21.83,18,0,MANUAL,30.0,1.0,8.170000000000002
76.5,21.83,18,0,MANUAL,30.0,1.0,8.170000000000002
76.64,21.83,18,0,MANUAL,30.0,1.0,8.170000000000002
76.77,21.83,18,0,MANUAL,30.0,1.0,8.170000000000002
76.9,21.83,18,0,MANUAL,30.0,1.0,8.170000000000002
77.04,21.83,18,0,MANUAL,30.0,1.0,8.170000000000002
77.17,21.83,18,0,MANUAL,30.0,1.0,8.170000000000002
77.3,21.83,18,0,MANUAL,30.0,1.0,8.170000000000002
77.43,21.83,18,0,MANUAL,30.0,1.0,8.170000000000002
77.57,21.84,18,0,MANUAL,30.0,1.0,8.16
77.7,21.83,18,0,MANUAL,30.0,1.0,8.170000000000002
77.83,21.84,18,0,MANUAL,30.0,1.0,8.16
77.96,21.84,18,0,MANUAL,30.0,1.0,8.16
78.1,21.84,18,0,MANUAL,30.0,1.0,8.16
78.23,21.84,18,0,MANUAL,30.0,1.0,8.16
78.36,21.84,18,0,MANUAL,30.0,1.0,8.16
78.5,21.84,18,0,MANUAL,30.0,1.0,8.16
78.63,21.84,18,0,MANUAL,30.0,1.0,8.16
78.76,21.84,18,0,MANUAL,30.0,1.0,8.16
78.89,21.84,18,0,MANUAL,30.0,1.0,8.16
79.03,21.85,18,0,MANUAL,30.0,1.0,8.149999999999999
79.16,21.84,18,0,MANUAL,30.0,1.0,8.16
79.29,21.85,18,0,MANUAL,30.0,1.0,8.149999999999999
79.43,21.85,18,0,MANUAL,30.0,1.0,8.149999999999999
79.56,21.85,18,0,MANUAL,30.0,1.0,8.149999999999999
79.69,21.85,18,0,MANUAL,30.0,1.0,8.149999999999999
79.82,21.85,18,0,MANUAL,30.0,1.0,8.149999999999999
79.96,21.85,18,0,MANUAL,30.0,1.0,8.149999999999999
80.09,21.85,18,0,MANUAL,30.0,1.0,8.149999999999999
80.22,21.85,18,0,MANUAL,30.0,1.0,8.149999999999999
80.36,21.86,18,0,MANUAL,30.0,1.0,8.14
80.49,21.85,18,0,MANUAL,30.0,1.0,8.149999999999999
80.62,21.86,18,0,MANUAL,30.0,1.0,8.14
80.75,21.86,18,0,MANUAL,30.0,1.0,8.14
80.89,21.86,18,0,MANUAL,30.0,1.0,8.14
81.02,21.86,18,0,MANUAL,30.0,1.0,8.14
81.15,21.86,18,0,MANUAL,30.0,1.0,8.14
81.29,21.86,18,0,MANUAL,30.0,1.0,8.14
81.42,21.86,18,0,MANUAL,30.0,1.0,8.14
81.55,21.86,18,0,MANUAL,30.0,1.0,8.14
81.68,21.86,18,0,MANUAL,30.0,1.0,8.14
81.82,21.86,18,0,MANUAL,30.0,1.0,8.14
81.95,21.86,18,0,MANUAL,30.0,1.0,8.14
82.08,21.87,18,0,MANUAL,30.0,1.0,8.129999999999999
82.21,21.87,18,0,MANUAL,30.0,1.0,8.129999999999999
82.35,21.87,18,0,MANUAL,30.0,1.0,8.129999999999999
82.48,21.87,18,0,MANUAL,30.0,1.0,8.129999999999999
82.61,21.87,18,0,MANUAL,30.0,1.0,8.129999999999999
82.75,21.87,18,0,MANUAL,30.0,1.0,8.129999999999999
82.88,21.87,18,0,MANUAL,30.0,1.0,8.129999999999999
83.01,21.87,18,0,MANUAL,30.0,1.0,8.129999999999999
83.14,21.87,18,0,MANUAL,30.0,1.0,8.129999999999999
83.28,21.87,18,0,MANUAL,30.0,1.0,8.129999999999999
83.41,21.87,18,0,MANUAL,30.0,1.0,8.129999999999999
83.54,21.87,18,0,MANUAL,30.0,1.0,8.129999999999999
83.68,21.87,18,0,MANUAL,30.0,1.0,8.129999999999999
83.81,21.87,18,0,MANUAL,30.0,1.0,8.129999999999999
83.94,21.87,18,0,MANUAL,30.0,1.0,8.129999999999999
84.07,21.87,18,0,MANUAL,30.0,1.0,8.129999999999999
84.21,21.87,18,0,MANUAL,30.0,1.0,8.129999999999999
84.34,21.87,18,0,MANUAL,30.0,1.0,8.129999999999999
84.47,21.88,18,0,MANUAL,30.0,1.0,8.120000000000001
84.61,21.88,18,0,MANUAL,30.0,1.0,8.120000000000001
84.74,21.88,18,0,MANUAL,30.0,1.0,8.120000000000001
84.87,21.88,18,0,MANUAL,30.0,1.0,8.120000000000001
85.0,21.88,18,0,MANUAL,30.0,1.0,8.120000000000001
85.14,21.88,18,0,MANUAL,30.0,1.0,8.120000000000001
85.27,21.88,18,0,MANUAL,30.0,1.0,8.120000000000001
85.4,21.88,18,0,MANUAL,30.0,1.0,8.120000000000001
85.54,21.88,18,0,MANUAL,30.0,1.0,8.120000000000001
85.67,21.88,18,0,MANUAL,30.0,1.0,8.120000000000001
85.8,21.88,18,0,MANUAL,30.0,1.0,8.120000000000001
85.93,21.88,18,0,MANUAL,30.0,1.0,8.120000000000001
86.07,21.88,18,0,MANUAL,30.0,1.0,8.120000000000001
86.2,21.88,18,0,MANUAL,30.0,1.0,8.120000000000001
86.33,21.88,18,0,MANUAL,30.0,1.0,8.120000000000001
86.46,21.88,18,0,MANUAL,30.0,1.0,8.120000000000001
86.6,21.88,18,0,MANUAL,30.0,1.0,8.120000000000001
86.73,21.88,18,0,MANUAL,30.0,1.0,8.120000000000001
86.86,21.88,18,0,MANUAL,30.0,1.0,8.120000000000001
87.0,21.88,18,0,MANUAL,30.0,1.0,8.120000000000001
87.13,21.88,18,0,MANUAL,30.0,1.0,8.120000000000001
87.26,21.88,18,0,MANUAL,30.0,1.0,8.120000000000001
87.39,21.88,18,0,MANUAL,30.0,1.0,8.120000000000001
87.53,21.88,18,0,MANUAL,30.0,1.0,8.120000000000001
87.66,21.89,18,0,MANUAL,30.0,1.0,8.11
87.79,21.88,18,0,MANUAL,30.0,1.0,8.120000000000001
87.93,21.88,18,0,MANUAL,30.0,1.0,8.120000000000001
88.06,21.88,18,0,MANUAL,30.0,1.0,8.120000000000001
88.19,21.88,18,0,MANUAL,30.0,1.0,8.120000000000001
88.32,21.88,18,0,MANUAL,30.0,1.0,8.120000000000001
88.46,21.88,18,0,MANUAL,30.0,1.0,8.120000000000001
88.59,21.89,18,0,MANUAL,30.0,1.0,8.11
88.72,21.88,18,0,MANUAL,30.0,1.0,8.120000000000001
88.86,21.88,18,0,MANUAL,30.0,1.0,8.120000000000001
88.99,21.88,18,0,MANUAL,30.0,1.0,8.120000000000001
89.12,21.88,18,0,MANUAL,30.0,1.0,8.120000000000001
89.25,21.89,18,0,MANUAL,30.0,1.0,8.11
89.39,21.88,18,0,MANUAL,30.0,1.0,8.120000000000001
89.52,21.89,18,0,MANUAL,30.0,1.0,8.11
89.65,21.89,18,0,MANUAL,30.0,1.0,8.11
89.79,21.89,18,0,MANUAL,30.0,1.0,8.11
89.92,21.89,18,0,MANUAL,30.0,1.0,8.11
90.05,21.89,18,0,MANUAL,30.0,1.0,8.11
90.18,21.89,18,0,MANUAL,30.0,1.0,8.11
90.32,21.89,18,0,MANUAL,30.0,1.0,8.11
90.45,21.89,18,0,MANUAL,30.0,1.0,8.11
90.58,21.89,18,0,MANUAL,30.0,1.0,8.11
90.71,21.89,18,0,MANUAL,30.0,1.0,8.11
90.85,21.89,18,0,MANUAL,30.0,1.0,8.11
90.98,21.89,18,0,MANUAL,30.0,1.0,8.11
91.11,21.89,18,0,MANUAL,30.0,1.0,8.11
91.25,21.89,18,0,MANUAL,30.0,1.0,8.11
91.38,21.89,18,0,MANUAL,30.0,1.0,8.11
91.51,21.89,18,0,MANUAL,30.0,1.0,8.11
91.64,21.89,18,0,MANUAL,30.0,1.0,8.11
91.78,21.89,18,0,MANUAL,30.0,1.0,8.11
91.91,21.89,18,0,MANUAL,30.0,1.0,8.11
92.04,21.89,18,0,MANUAL,30.0,1.0,8.11
92.18,21.89,18,0,MANUAL,30.0,1.0,8.11
92.31,21.89,18,0,MANUAL,30.0,1.0,8.11
92.44,21.89,18,0,MANUAL,30.0,1.0,8.11
92.57,21.89,18,0,MANUAL,30.0,1.0,8.11
92.71,21.89,18,0,MANUAL,30.0,1.0,8.11
92.84,21.89,18,0,MANUAL,30.0,1.0,8.11
92.97,21.89,18,0,MANUAL,30.0,1.0,8.11
93.11,21.89,18,0,MANUAL,30.0,1.0,8.11
93.24,21.89,18,0,MANUAL,30.0,1.0,8.11
93.37,21.89,18,0,MANUAL,30.0,1.0,8.11
93.5,21.89,18,0,MANUAL,30.0,1.0,8.11
93.64,21.89,18,0,MANUAL,30.0,1.0,8.11
93.77,21.89,18,0,MANUAL,30.0,1.0,8.11
93.9,21.89,18,0,MANUAL,30.0,1.0,8.11
94.04,21.89,18,0,MANUAL,30.0,1.0,8.11
94.17,21.89,18,0,MANUAL,30.0,1.0,8.11
94.3,21.89,18,0,MANUAL,30.0,1.0,8.11
94.43,21.89,18,0,MANUAL,30.0,1.0,8.11
94.57,21.89,18,0,MANUAL,30.0,1.0,8.11
94.7,21.89,18,0,MANUAL,30.0,1.0,8.11
94.83,21.89,18,0,MANUAL,30.0,1.0,8.11
94.96,21.89,18,0,MANUAL,30.0,1.0,8.11
95.1,21.89,18,0,MANUAL,30.0,1.0,8.11
95.23,21.89,18,0,MANUAL,30.0,1.0,8.11
95.36,21.89,18,0,MANUAL,30.0,1.0,8.11
95.5,21.89,18,0,MANUAL,30.0,1.0,8.11
95.63,21.89,18,0,MANUAL,30.0,1.0,8.11
95.76,21.89,18,0,MANUAL,30.0,1.0,8.11
95.89,21.89,18,0,MANUAL,30.0,1.0,8.11
96.03,21.89,18,0,MANUAL,30.0,1.0,8.11
96.17,21.89,0,0,MANUAL,30.0,1.0,8.11
96.3,21.89,0,0,MANUAL,30.0,1.0,8.11
96.44,21.89,0,0,MANUAL,30.0,1.0,8.11
96.57,21.89,0,0,MANUAL,30.0,1.0,8.11
96.7,21.89,0,0,MANUAL,30.0,1.0,8.11
96.83,21.88,0,0,MANUAL,30.0,1.0,8.120000000000001
96.96,21.88,0,0,MANUAL,30.0,1.0,8.120000000000001
97.09,21.89,0,0,MANUAL,30.0,1.0,8.11
97.23,21.89,0,0,MANUAL,30.0,1.0,8.11
97.36,21.9,0,0,MANUAL,30.0,1.0,8.100000000000001
97.49,21.9,0,0,MANUAL,30.0,1.0,8.100000000000001
97.62,21.9,0,0,MANUAL,30.0,1.0,8.100000000000001
97.75,21.9,0,0,MANUAL,30.0,1.0,8.100000000000001
97.89,21.9,0,0,MANUAL,30.0,1.0,8.100000000000001
98.02,21.9,0,0,MANUAL,30.0,1.0,8.100000000000001
98.15,21.9,0,0,MANUAL,30.0,1.0,8.100000000000001
98.28,21.9,0,0,MANUAL,30.0,1.0,8.100000000000001
98.41,21.9,0,0,MANUAL,30.0,1.0,8.100000000000001
98.54,21.9,0,0,MANUAL,30.0,1.0,8.100000000000001
98.68,21.9,0,0,MANUAL,30.0,1.0,8.100000000000001
98.81,21.9,0,0,MANUAL,30.0,1.0,8.100000000000001
98.94,21.9,0,0,MANUAL,30.0,1.0,8.100000000000001
99.07,21.9,0,0,MANUAL,30.0,1.0,8.100000000000001
99.2,21.9,0,0,MANUAL,30.0,1.0,8.100000000000001
99.33,21.9,0,0,MANUAL,30.0,1.0,8.100000000000001
99.47,21.9,0,0,MANUAL,30.0,1.0,8.100000000000001
99.6,21.9,0,0,MANUAL,30.0,1.0,8.100000000000001
99.73,21.9,0,0,MANUAL,30.0,1.0,8.100000000000001
99.86,21.9,0,0,MANUAL,30.0,1.0,8.100000000000001
99.99,21.9,0,0,MANUAL,30.0,1.0,8.100000000000001
100.12,21.9,0,0,MANUAL,30.0,1.0,8.100000000000001
100.26,21.9,0,0,MANUAL,30.0,1.0,8.100000000000001
100.39,21.9,0,0,MANUAL,30.0,1.0,8.100000000000001
100.52,21.89,0,0,MANUAL,30.0,1.0,8.11
100.66,21.9,0,0,MANUAL,30.0,1.0,8.100000000000001
100.79,21.89,0,0,MANUAL,30.0,1.0,8.11
100.92,21.89,0,0,MANUAL,30.0,1.0,8.11
101.05,21.89,0,0,MANUAL,30.0,1.0,8.11
101.19,21.89,0,0,MANUAL,30.0,1.0,8.11
101.32,21.89,0,0,MANUAL,30.0,1.0,8.11
101.45,21.89,0,0,MANUAL,30.0,1.0,8.11
101.59,21.89,0,0,MANUAL,30.0,1.0,8.11
101.72,21.9,0,0,MANUAL,30.0,1.0,8.100000000000001
101.85,21.89,0,0,MANUAL,30.0,1.0,8.11
101.98,21.9,0,0,MANUAL,30.0,1.0,8.100000000000001
102.12,21.9,0,0,MANUAL,30.0,1.0,8.100000000000001
102.25,21.9,0,0,MANUAL,30.0,1.0,8.100000000000001
102.38,21.9,0,0,MANUAL,30.0,1.0,8.100000000000001
102.52,21.9,0,0,MANUAL,30.0,1.0,8.100000000000001
102.65,21.9,0,0,MANUAL,30.0,1.0,8.100000000000001
102.78,21.9,0,0,MANUAL,30.0,1.0,8.100000000000001
102.91,21.9,0,0,MANUAL,30.0,1.0,8.100000000000001
103.05,21.9,0,0,MANUAL,30.0,1.0,8.100000000000001
103.18,21.9,0,0,MANUAL,30.0,1.0,8.100000000000001
103.31,21.9,0,0,MANUAL,30.0,1.0,8.100000000000001
103.45,21.9,0,0,MANUAL,30.0,1.0,8.100000000000001
103.58,21.9,0,0,MANUAL,30.0,1.0,8.100000000000001
103.71,21.9,0,0,MANUAL,30.0,1.0,8.100000000000001
103.84,21.9,0,0,MANUAL,30.0,1.0,8.100000000000001
103.98,21.9,0,0,MANUAL,30.0,1.0,8.100000000000001
104.11,21.9,0,0,MANUAL,30.0,1.0,8.100000000000001
104.24,21.9,0,0,MANUAL,30.0,1.0,8.100000000000001
104.38,21.9,0,0,MANUAL,30.0,1.0,8.100000000000001
104.51,21.9,0,0,MANUAL,30.0,1.0,8.100000000000001
104.64,21.9,0,0,MANUAL,30.0,1.0,8.100000000000001
104.77,21.9,0,0,MANUAL,30.0,1.0,8.100000000000001
104.91,21.9,0,0,MANUAL,30.0,1.0,8.100000000000001
105.04,21.9,0,0,MANUAL,30.0,1.0,8.100000000000001
105.17,21.9,0,0,MANUAL,30.0,1.0,8.100000000000001
105.31,21.9,0,0,MANUAL,30.0,1.0,8.100000000000001
105.44,21.89,0,0,MANUAL,30.0,1.0,8.11
105.57,21.89,0,0,MANUAL,30.0,1.0,8.11
105.7,21.89,0,0,MANUAL,30.0,1.0,8.11
105.84,21.89,0,0,MANUAL,30.0,1.0,8.11
105.97,21.89,0,0,MANUAL,30.0,1.0,8.11
106.1,21.89,0,0,MANUAL,30.0,1.0,8.11
106.23,21.89,0,0,MANUAL,30.0,1.0,8.11
106.37,21.89,0,0,MANUAL,30.0,1.0,8.11
106.5,21.89,0,0,MANUAL,30.0,1.0,8.11
106.63,21.89,0,0,MANUAL,30.0,1.0,8.11
106.77,21.89,0,0,MANUAL,30.0,1.0,8.11
106.9,21.89,0,0,MANUAL,30.0,1.0,8.11
107.03,21.89,0,0,MANUAL,30.0,1.0,8.11
107.16,21.89,0,0,MANUAL,30.0,1.0,8.11
107.3,21.89,0,0,MANUAL,30.0,1.0,8.11
107.43,21.89,0,0,MANUAL,30.0,1.0,8.11
107.56,21.89,0,0,MANUAL,30.0,1.0,8.11
107.7,21.89,0,0,MANUAL,30.0,1.0,8.11
107.83,21.89,0,0,MANUAL,30.0,1.0,8.11
107.96,21.89,0,0,MANUAL,30.0,1.0,8.11
108.09,21.89,0,0,MANUAL,30.0,1.0,8.11
108.23,21.89,0,0,MANUAL,30.0,1.0,8.11
108.36,21.89,0,0,MANUAL,30.0,1.0,8.11
108.49,21.89,0,0,MANUAL,30.0,1.0,8.11
108.62,21.89,0,0,MANUAL,30.0,1.0,8.11
108.76,21.89,0,0,MANUAL,30.0,1.0,8.11
108.89,21.89,0,0,MANUAL,30.0,1.0,8.11
109.02,21.89,0,0,MANUAL,30.0,1.0,8.11
109.16,21.89,0,0,MANUAL,30.0,1.0,8.11
109.29,21.89,0,0,MANUAL,30.0,1.0,8.11
109.42,21.9,0,0,MANUAL,30.0,1.0,8.100000000000001
109.55,21.89,0,0,MANUAL,30.0,1.0,8.11
109.69,21.89,0,0,MANUAL,30.0,1.0,8.11
109.82,21.89,0,0,MANUAL,30.0,1.0,8.11
109.95,21.89,0,0,MANUAL,30.0,1.0,8.11
110.09,21.89,0,0,MANUAL,30.0,1.0,8.11
110.22,21.89,0,0,MANUAL,30.0,1.0,8.11
110.35,21.89,0,0,MANUAL,30.0,1.0,8.11
110.48,21.89,0,0,MANUAL,30.0,1.0,8.11
110.62,21.9,0,0,MANUAL,30.0,1.0,8.100000000000001
110.75,21.89,0,0,MANUAL,30.0,1.0,8.11
110.88,21.89,0,0,MANUAL,30.0,1.0,8.11
111.02,21.9,0,0,MANUAL,30.0,1.0,8.100000000000001
111.15,21.89,0,0,MANUAL,30.0,1.0,8.11
111.28,21.9,0,0,MANUAL,30.0,1.0,8.100000000000001
111.41,21.9,0,0,MANUAL,30.0,1.0,8.100000000000001
111.55,21.9,0,0,MANUAL,30.0,1.0,8.100000000000001
111.68,21.9,0,0,MANUAL,30.0,1.0,8.100000000000001
111.81,21.9,0,0,MANUAL,30.0,1.0,8.100000000000001
111.95,21.9,0,0,MANUAL,30.0,1.0,8.100000000000001
112.08,21.89,0,0,MANUAL,30.0,1.0,8.11
112.21,21.9,0,0,MANUAL,30.0,1.0,8.100000000000001
112.34,21.89,0,0,MANUAL,30.0,1.0,8.11
112.48,21.9,0,0,MANUAL,30.0,1.0,8.100000000000001
112.61,21.9,0,0,MANUAL,30.0,1.0,8.100000000000001
112.74,21.9,0,0,MANUAL,30.0,1.0,8.100000000000001
112.88,21.9,0,0,MANUAL,30.0,1.0,8.100000000000001
113.01,21.9,0,0,MANUAL,30.0,1.0,8.100000000000001
113.14,21.9,0,0,MANUAL,30.0,1.0,8.100000000000001
113.27,21.9,0,0,MANUAL,30.0,1.0,8.100000000000001
113.41,21.9,0,0,MANUAL,30.0,1.0,8.100000000000001
113.54,21.9,0,0,MANUAL,30.0,1.0,8.100000000000001
113.67,21.9,0,0,MANUAL,30.0,1.0,8.100000000000001
113.81,21.9,0,0,MANUAL,30.0,1.0,8.100000000000001
113.94,21.9,0,0,MANUAL,30.0,1.0,8.100000000000001
114.07,21.9,50,0,MANUAL,30.0,1.0,8.100000000000001
114.21,21.9,50,0,MANUAL,30.0,1.0,8.100000000000001
114.34,21.9,50,0,MANUAL,30.0,1.0,8.100000000000001
114.47,21.9,50,0,MANUAL,30.0,1.0,8.100000000000001
114.61,21.9,50,0,MANUAL,30.0,1.0,8.100000000000001
114.74,21.9,50,0,MANUAL,30.0,1.0,8.100000000000001
114.87,21.9,50,0,MANUAL,30.0,1.0,8.100000000000001
115.01,21.89,50,0,MANUAL,30.0,1.0,8.11
115.14,21.9,50,0,MANUAL,30.0,1.0,8.100000000000001
115.28,21.9,50,0,MANUAL,30.0,1.0,8.100000000000001
115.41,21.9,50,0,MANUAL,30.0,1.0,8.100000000000001
115.54,21.9,50,0,MANUAL,30.0,1.0,8.100000000000001
115.68,21.9,50,0,MANUAL,30.0,1.0,8.100000000000001
115.81,21.9,50,0,MANUAL,30.0,1.0,8.100000000000001
115.95,21.9,50,0,MANUAL,30.0,1.0,8.100000000000001
116.08,21.9,50,0,MANUAL,30.0,1.0,8.100000000000001
116.21,21.9,50,0,MANUAL,30.0,1.0,8.100000000000001
116.35,21.9,50,0,MANUAL,30.0,1.0,8.100000000000001
116.48,21.9,50,0,MANUAL,30.0,1.0,8.100000000000001
116.62,21.9,50,0,MANUAL,30.0,1.0,8.100000000000001
116.75,21.9,50,0,MANUAL,30.0,1.0,8.100000000000001
116.88,21.9,50,0,MANUAL,30.0,1.0,8.100000000000001
117.02,21.9,50,0,MANUAL,30.0,1.0,8.100000000000001
117.15,21.9,50,0,MANUAL,30.0,1.0,8.100000000000001
117.28,21.9,50,0,MANUAL,30.0,1.0,8.100000000000001
117.42,21.9,50,0,MANUAL,30.0,1.0,8.100000000000001
117.55,21.9,50,0,MANUAL,30.0,1.0,8.100000000000001
117.69,21.9,50,0,MANUAL,30.0,1.0,8.100000000000001
117.82,21.9,50,0,MANUAL,30.0,1.0,8.100000000000001
117.95,21.9,50,0,MANUAL,30.0,1.0,8.100000000000001
118.09,21.9,50,0,MANUAL,30.0,1.0,8.100000000000001
118.22,21.9,50,0,MANUAL,30.0,1.0,8.100000000000001
118.36,21.9,50,0,MANUAL,30.0,1.0,8.100000000000001
118.49,21.9,50,0,MANUAL,30.0,1.0,8.100000000000001
118.62,21.9,50,0,MANUAL,30.0,1.0,8.100000000000001
118.76,21.9,50,0,MANUAL,30.0,1.0,8.100000000000001
118.89,21.9,50,0,MANUAL,30.0,1.0,8.100000000000001
119.02,21.9,50,0,MANUAL,30.0,1.0,8.100000000000001
119.16,21.9,50,0,MANUAL,30.0,1.0,8.100000000000001
119.29,21.9,50,0,MANUAL,30.0,1.0,8.100000000000001
119.43,21.9,50,0,MANUAL,30.0,1.0,8.100000000000001
119.56,21.9,50,0,MANUAL,30.0,1.0,8.100000000000001
119.69,21.9,50,0,MANUAL,30.0,1.0,8.100000000000001
119.83,21.9,50,0,MANUAL,30.0,1.0,8.100000000000001
119.96,21.9,50,1,MANUAL,30.0,1.0,8.100000000000001
120.1,21.9,50,1,MANUAL,30.0,1.0,8.100000000000001
120.23,21.9,50,1,MANUAL,30.0,1.0,8.100000000000001
120.36,21.9,50,1,MANUAL,30.0,1.0,8.100000000000001
120.5,21.9,50,1,MANUAL,30.0,1.0,8.100000000000001
120.63,21.9,50,1,MANUAL,30.0,1.0,8.100000000000001
120.77,21.9,50,1,MANUAL,30.0,1.0,8.100000000000001
120.9,21.9,50,1,MANUAL,30.0,1.0,8.100000000000001
121.03,21.9,50,1,MANUAL,30.0,1.0,8.100000000000001
121.17,21.9,50,1,MANUAL,30.0,1.0,8.100000000000001
121.3,21.9,50,1,MANUAL,30.0,1.0,8.100000000000001
121.43,21.9,50,1,MANUAL,30.0,1.0,8.100000000000001
121.57,21.9,50,1,MANUAL,30.0,1.0,8.100000000000001
121.7,21.9,50,1,MANUAL,30.0,1.0,8.100000000000001
121.84,21.9,50,1,MANUAL,30.0,1.0,8.100000000000001
121.97,21.9,50,1,MANUAL,30.0,1.0,8.100000000000001
122.1,21.9,50,1,MANUAL,30.0,1.0,8.100000000000001
122.24,21.9,50,1,MANUAL,30.0,1.0,8.100000000000001
122.37,21.9,50,1,MANUAL,30.0,1.0,8.100000000000001
122.51,21.9,50,1,MANUAL,30.0,1.0,8.100000000000001
122.64,21.9,50,1,MANUAL,30.0,1.0,8.100000000000001
122.77,21.9,50,1,MANUAL,30.0,1.0,8.100000000000001
122.91,21.9,50,1,MANUAL,30.0,1.0,8.100000000000001
123.04,21.9,50,1,MANUAL,30.0,1.0,8.100000000000001
123.18,21.9,50,1,MANUAL,30.0,1.0,8.100000000000001
123.31,21.9,50,1,MANUAL,30.0,1.0,8.100000000000001
123.44,21.9,50,1,MANUAL,30.0,1.0,8.100000000000001
123.58,21.9,50,1,MANUAL,30.0,1.0,8.100000000000001
123.71,21.9,50,1,MANUAL,30.0,1.0,8.100000000000001
123.84,21.9,50,1,MANUAL,30.0,1.0,8.100000000000001
123.98,21.9,50,1,MANUAL,30.0,1.0,8.100000000000001
124.11,21.9,50,1,MANUAL,30.0,1.0,8.100000000000001
124.25,21.9,50,1,MANUAL,30.0,1.0,8.100000000000001
124.38,21.9,50,1,MANUAL,30.0,1.0,8.100000000000001
124.51,21.9,50,1,MANUAL,30.0,1.0,8.100000000000001
124.65,21.9,50,1,MANUAL,30.0,1.0,8.100000000000001
124.78,21.9,50,1,MANUAL,30.0,1.0,8.100000000000001
124.91,21.9,50,1,MANUAL,30.0,1.0,8.100000000000001
125.05,21.9,50,1,MANUAL,30.0,1.0,8.100000000000001
125.18,21.9,50,1,MANUAL,30.0,1.0,8.100000000000001
125.32,21.9,50,1,MANUAL,30.0,1.0,8.100000000000001
125.45,21.9,50,1,MANUAL,30.0,1.0,8.100000000000001
125.58,21.9,50,1,MANUAL,30.0,1.0,8.100000000000001
125.72,21.9,50,1,MANUAL,30.0,1.0,8.100000000000001
125.85,21.9,50,1,MANUAL,30.0,1.0,8.100000000000001
125.99,21.9,50,1,MANUAL,30.0,1.0,8.100000000000001
126.12,21.9,50,1,MANUAL,30.0,1.0,8.100000000000001
126.25,21.9,50,1,MANUAL,30.0,1.0,8.100000000000001
126.39,21.9,50,1,MANUAL,30.0,1.0,8.100000000000001
126.52,21.9,50,1,MANUAL,30.0,1.0,8.100000000000001
126.65,21.9,50,1,MANUAL,30.0,1.0,8.100000000000001
126.79,21.9,50,1,MANUAL,30.0,1.0,8.100000000000001
126.92,21.9,50,1,MANUAL,30.0,1.0,8.100000000000001
127.06,21.9,50,1,MANUAL,30.0,1.0,8.100000000000001
127.19,21.9,50,1,MANUAL,30.0,1.0,8.100000000000001
127.32,21.9,50,1,MANUAL,30.0,1.0,8.100000000000001
127.46,21.9,50,1,MANUAL,30.0,1.0,8.100000000000001
127.59,21.9,50,1,MANUAL,30.0,1.0,8.100000000000001
127.73,21.9,50,1,MANUAL,30.0,1.0,8.100000000000001
127.86,21.9,50,1,MANUAL,30.0,1.0,8.100000000000001
127.99,21.9,50,1,MANUAL,30.0,1.0,8.100000000000001
128.13,21.9,50,1,MANUAL,30.0,1.0,8.100000000000001
128.26,21.9,50,1,MANUAL,30.0,1.0,8.100000000000001
128.4,21.9,50,1,MANUAL,30.0,1.0,8.100000000000001
128.53,21.9,50,1,MANUAL,30.0,1.0,8.100000000000001
128.66,21.9,50,1,MANUAL,30.0,1.0,8.100000000000001
128.8,21.9,50,1,MANUAL,30.0,1.0,8.100000000000001
128.93,21.9,50,1,MANUAL,30.0,1.0,8.100000000000001
129.06,21.9,50,1,MANUAL,30.0,1.0,8.100000000000001
129.2,21.9,50,1,MANUAL,30.0,1.0,8.100000000000001
129.33,21.9,50,1,MANUAL,30.0,1.0,8.100000000000001
129.47,21.9,50,1,MANUAL,30.0,1.0,8.100000000000001
129.6,21.9,50,1,MANUAL,30.0,1.0,8.100000000000001
129.73,21.9,50,1,MANUAL,30.0,1.0,8.100000000000001
129.87,21.9,50,1,MANUAL,30.0,1.0,8.100000000000001
130.0,21.9,50,1,MANUAL,30.0,1.0,8.100000000000001
130.14,21.9,50,1,MANUAL,30.0,1.0,8.100000000000001
130.27,21.9,50,1,MANUAL,30.0,1.0,8.100000000000001
130.4,21.9,50,1,MANUAL,30.0,1.0,8.100000000000001
130.54,21.9,50,1,MANUAL,30.0,1.0,8.100000000000001
130.67,21.9,50,1,MANUAL,30.0,1.0,8.100000000000001
130.8,21.9,50,1,MANUAL,30.0,1.0,8.100000000000001
130.94,21.9,50,1,MANUAL,30.0,1.0,8.100000000000001
131.07,21.9,50,1,MANUAL,30.0,1.0,8.100000000000001
131.21,21.9,50,1,MANUAL,30.0,1.0,8.100000000000001
131.34,21.9,50,1,MANUAL,30.0,1.0,8.100000000000001
131.47,21.9,50,1,MANUAL,30.0,1.0,8.100000000000001
131.61,21.9,50,1,MANUAL,30.0,1.0,8.100000000000001
131.74,21.9,50,1,MANUAL,30.0,1.0,8.100000000000001
131.88,21.9,50,1,MANUAL,30.0,1.0,8.100000000000001
132.01,21.9,50,1,MANUAL,30.0,1.0,8.100000000000001
132.14,21.9,50,1,MANUAL,30.0,1.0,8.100000000000001
132.28,21.9,50,1,MANUAL,30.0,1.0,8.100000000000001
132.41,21.9,50,1,MANUAL,30.0,1.0,8.100000000000001
132.55,21.9,50,1,MANUAL,30.0,1.0,8.100000000000001
132.68,21.9,50,1,MANUAL,30.0,1.0,8.100000000000001
132.81,21.9,50,1,MANUAL,30.0,1.0,8.100000000000001
132.95,21.9,50,1,MANUAL,30.0,1.0,8.100000000000001
133.08,21.9,50,1,MANUAL,30.0,1.0,8.100000000000001
133.21,21.9,50,1,MANUAL,30.0,1.0,8.100000000000001
133.35,21.9,50,1,MANUAL,30.0,1.0,8.100000000000001
133.48,21.9,50,1,MANUAL,30.0,1.0,8.100000000000001
133.62,21.9,50,1,MANUAL,30.0,1.0,8.100000000000001
133.75,21.9,50,1,MANUAL,30.0,1.0,8.100000000000001
133.88,21.9,50,1,MANUAL,30.0,1.0,8.100000000000001
134.02,21.9,50,1,MANUAL,30.0,1.0,8.100000000000001
134.15,21.9,50,1,MANUAL,30.0,1.0,8.100000000000001
134.29,21.9,50,1,MANUAL,30.0,1.0,8.100000000000001
134.42,21.9,50,1,MANUAL,30.0,1.0,8.100000000000001
134.55,21.9,50,1,MANUAL,30.0,1.0,8.100000000000001
134.69,21.9,50,1,MANUAL,30.0,1.0,8.100000000000001
134.82,21.9,50,1,MANUAL,30.0,1.0,8.100000000000001
134.96,21.9,50,1,MANUAL,30.0,1.0,8.100000000000001
135.09,21.9,50,1,MANUAL,30.0,1.0,8.100000000000001
135.22,21.9,50,1,MANUAL,30.0,1.0,8.100000000000001
135.36,21.9,50,1,MANUAL,30.0,1.0,8.100000000000001
135.49,21.9,50,1,MANUAL,30.0,1.0,8.100000000000001
135.62,21.91,50,1,MANUAL,30.0,1.0,8.09
135.76,21.9,50,1,MANUAL,30.0,1.0,8.100000000000001
135.89,21.9,50,1,MANUAL,30.0,1.0,8.100000000000001
136.02,21.9,50,1,MANUAL,30.0,1.0,8.100000000000001
136.16,21.9,50,1,MANUAL,30.0,1.0,8.100000000000001
136.29,21.9,50,1,MANUAL,30.0,1.0,8.100000000000001
136.43,21.9,50,1,MANUAL,30.0,1.0,8.100000000000001
136.56,21.9,50,1,MANUAL,30.0,1.0,8.100000000000001
136.69,21.9,50,1,MANUAL,30.0,1.0,8.100000000000001
136.83,21.9,50,1,MANUAL,30.0,1.0,8.100000000000001
136.96,21.9,50,1,MANUAL,30.0,1.0,8.100000000000001
137.1,21.9,50,1,MANUAL,30.0,1.0,8.100000000000001
137.23,21.91,50,1,MANUAL,30.0,1.0,8.09
137.36,21.91,50,1,MANUAL,30.0,1.0,8.09
137.5,21.91,50,1,MANUAL,30.0,1.0,8.09
137.63,21.9,50,1,MANUAL,30.0,1.0,8.100000000000001
137.77,21.9,50,1,MANUAL,30.0,1.0,8.100000000000001
137.9,21.9,50,1,MANUAL,30.0,1.0,8.100000000000001
138.03,21.91,50,1,MANUAL,30.0,1.0,8.09
138.17,21.91,50,1,MANUAL,30.0,1.0,8.09
138.3,21.9,50,1,MANUAL,30.0,1.0,8.100000000000001
138.43,21.91,50,1,MANUAL,30.0,1.0,8.09
138.57,21.9,50,1,MANUAL,30.0,1.0,8.100000000000001
138.7,21.91,50,1,MANUAL,30.0,1.0,8.09
138.84,21.91,50,1,MANUAL,30.0,1.0,8.09
138.97,21.9,50,1,MANUAL,30.0,1.0,8.100000000000001
139.1,21.9,50,1,MANUAL,30.0,1.0,8.100000000000001
139.24,21.91,50,1,MANUAL,30.0,1.0,8.09
139.37,21.91,50,1,MANUAL,30.0,1.0,8.09
139.51,21.91,50,1,MANUAL,30.0,1.0,8.09
139.64,21.91,50,1,MANUAL,30.0,1.0,8.09
139.77,21.91,50,1,MANUAL,30.0,1.0,8.09
139.91,21.91,50,1,MANUAL,30.0,1.0,8.09
140.04,21.91,53,1,MANUAL,30.0,1.0,8.09
140.18,21.91,52,1,MANUAL,30.0,1.0,8.09
140.31,21.91,49,1,MANUAL,30.0,1.0,8.09
140.45,21.91,42,1,MANUAL,30.0,1.0,8.09
140.58,21.91,17,1,MANUAL,30.0,1.0,8.09
141.71,21.91,17,1,MANUAL,30.0,1.0,8.09
141.85,21.91,17,1,MANUAL,30.0,1.0,8.09
141.98,21.91,0,1,MANUAL,30.0,1.0,8.09
142.12,21.92,0,1,MANUAL,30.0,1.0,8.079999999999998
142.25,21.93,0,1,MANUAL,30.0,1.0,8.07
142.38,21.93,0,1,MANUAL,30.0,1.0,8.07
142.51,21.94,0,1,MANUAL,30.0,1.0,8.059999999999999
142.65,21.94,0,1,MANUAL,30.0,1.0,8.059999999999999
142.78,21.95,0,1,MANUAL,30.0,1.0,8.05
142.91,21.95,0,1,MANUAL,30.0,1.0,8.05
143.04,21.95,0,1,MANUAL,30.0,1.0,8.05
143.18,21.96,0,1,MANUAL,30.0,1.0,8.04
143.31,21.96,0,1,MANUAL,30.0,1.0,8.04
143.44,21.96,0,1,MANUAL,30.0,1.0,8.04
143.58,21.97,0,1,MANUAL,30.0,1.0,8.030000000000001
143.71,21.97,0,1,MANUAL,30.0,1.0,8.030000000000001
143.84,21.97,0,1,MANUAL,30.0,1.0,8.030000000000001
143.97,21.97,0,1,MANUAL,30.0,1.0,8.030000000000001
144.11,21.98,0,1,MANUAL,30.0,1.0,8.02
144.24,21.97,0,1,MANUAL,30.0,1.0,8.030000000000001
144.37,21.97,0,1,MANUAL,30.0,1.0,8.030000000000001
144.51,21.98,0,1,MANUAL,30.0,1.0,8.02
144.64,21.97,0,1,MANUAL,30.0,1.0,8.030000000000001
144.77,21.98,0,1,MANUAL,30.0,1.0,8.02
144.9,21.98,0,1,MANUAL,30.0,1.0,8.02
145.04,21.98,0,1,MANUAL,30.0,1.0,8.02
145.17,21.98,0,1,MANUAL,30.0,1.0,8.02
145.3,21.98,0,1,MANUAL,30.0,1.0,8.02
145.44,21.98,0,1,MANUAL,30.0,1.0,8.02
145.57,21.98,0,1,MANUAL,30.0,1.0,8.02
145.7,21.98,0,1,MANUAL,30.0,1.0,8.02
145.83,21.98,0,1,MANUAL,30.0,1.0,8.02
145.97,21.98,0,1,MANUAL,30.0,1.0,8.02
146.1,21.99,0,1,MANUAL,30.0,1.0,8.010000000000002
146.23,21.99,0,1,MANUAL,30.0,1.0,8.010000000000002
146.37,21.98,0,1,MANUAL,30.0,1.0,8.02
146.5,21.98,0,1,MANUAL,30.0,1.0,8.02
146.63,21.98,0,1,MANUAL,30.0,1.0,8.02
146.76,21.98,0,1,MANUAL,30.0,1.0,8.02
146.9,21.99,0,1,MANUAL,30.0,1.0,8.010000000000002
147.03,21.98,0,1,MANUAL,30.0,1.0,8.02
147.16,21.98,0,1,MANUAL,30.0,1.0,8.02
147.3,21.99,0,1,MANUAL,30.0,1.0,8.010000000000002
147.43,21.98,0,1,MANUAL,30.0,1.0,8.02
147.56,21.98,0,1,MANUAL,30.0,1.0,8.02
147.69,21.98,0,1,MANUAL,30.0,1.0,8.02
147.83,21.98,0,1,MANUAL,30.0,1.0,8.02
147.96,21.99,0,1,MANUAL,30.0,1.0,8.010000000000002
148.09,21.98,0,1,MANUAL,30.0,1.0,8.02
148.23,21.98,0,1,MANUAL,30.0,1.0,8.02
148.36,21.98,0,1,MANUAL,30.0,1.0,8.02
148.49,21.98,0,1,MANUAL,30.0,1.0,8.02
148.62,21.98,0,1,MANUAL,30.0,1.0,8.02
148.76,21.98,0,1,MANUAL,30.0,1.0,8.02
148.89,21.98,0,1,MANUAL,30.0,1.0,8.02
149.02,21.98,0,1,MANUAL,30.0,1.0,8.02
149.15,21.98,0,1,MANUAL,30.0,1.0,8.02
149.29,21.98,0,1,MANUAL,30.0,1.0,8.02
149.42,21.98,1,1,MANUAL,30.0,1.0,8.02
149.55,21.97,1,1,MANUAL,30.0,1.0,8.030000000000001
149.69,21.98,1,1,MANUAL,30.0,1.0,8.02
149.82,21.98,1,1,MANUAL,30.0,1.0,8.02
149.95,21.97,1,1,MANUAL,30.0,1.0,8.030000000000001
150.08,21.97,1,1,MANUAL,30.0,1.0,8.030000000000001
150.22,21.97,1,1,MANUAL,30.0,1.0,8.030000000000001
150.35,21.97,1,1,MANUAL,30.0,1.0,8.030000000000001
150.48,21.97,1,1,MANUAL,30.0,1.0,8.030000000000001
150.62,21.97,1,1,MANUAL,30.0,1.0,8.030000000000001
150.75,21.97,1,1,MANUAL,30.0,1.0,8.030000000000001
150.88,21.97,1,1,MANUAL,30.0,1.0,8.030000000000001
151.01,21.97,1,1,MANUAL,30.0,1.0,8.030000000000001
151.15,21.96,1,1,MANUAL,30.0,1.0,8.04
151.28,21.97,1,1,MANUAL,30.0,1.0,8.030000000000001
151.41,21.97,1,1,MANUAL,30.0,1.0,8.030000000000001
151.55,21.97,1,1,MANUAL,30.0,1.0,8.030000000000001
151.68,21.97,1,1,MANUAL,30.0,1.0,8.030000000000001
151.81,21.97,1,1,MANUAL,30.0,1.0,8.030000000000001
151.94,21.97,1,1,MANUAL,30.0,1.0,8.030000000000001
152.08,21.98,1,1,MANUAL,30.0,1.0,8.02
152.21,21.97,1,1,MANUAL,30.0,1.0,8.030000000000001
152.34,21.97,1,1,MANUAL,30.0,1.0,8.030000000000001
152.48,21.97,1,1,MANUAL,30.0,1.0,8.030000000000001
152.61,21.97,1,1,MANUAL,30.0,1.0,8.030000000000001
152.74,21.97,1,1,MANUAL,30.0,1.0,8.030000000000001
152.87,21.98,1,1,MANUAL,30.0,1.0,8.02
153.01,21.97,1,1,MANUAL,30.0,1.0,8.030000000000001
153.14,21.97,1,1,MANUAL,30.0,1.0,8.030000000000001
153.27,21.97,1,1,MANUAL,30.0,1.0,8.030000000000001
153.41,21.97,1,1,MANUAL,30.0,1.0,8.030000000000001
153.54,21.97,1,1,MANUAL,30.0,1.0,8.030000000000001
153.67,21.97,1,1,MANUAL,30.0,1.0,8.030000000000001
153.8,21.97,1,1,MANUAL,30.0,1.0,8.030000000000001
153.94,21.97,1,1,MANUAL,30.0,1.0,8.030000000000001
154.07,21.97,1,1,MANUAL,30.0,1.0,8.030000000000001
154.2,21.97,1,1,MANUAL,30.0,1.0,8.030000000000001
154.34,21.96,1,1,MANUAL,30.0,1.0,8.04
154.47,21.96,1,1,MANUAL,30.0,1.0,8.04
154.6,21.97,1,1,MANUAL,30.0,1.0,8.030000000000001
154.73,21.97,1,1,MANUAL,30.0,1.0,8.030000000000001
154.87,21.98,1,1,MANUAL,30.0,1.0,8.02
155.0,21.98,1,1,MANUAL,30.0,1.0,8.02
155.13,21.98,1,1,MANUAL,30.0,1.0,8.02
155.26,21.99,1,1,MANUAL,30.0,1.0,8.010000000000002
155.4,21.98,1,1,MANUAL,30.0,1.0,8.02
155.53,21.98,1,1,MANUAL,30.0,1.0,8.02
155.66,21.97,1,1,MANUAL,30.0,1.0,8.030000000000001
155.8,21.97,1,1,MANUAL,30.0,1.0,8.030000000000001
155.93,21.98,1,1,MANUAL,30.0,1.0,8.02
156.06,21.97,1,1,MANUAL,30.0,1.0,8.030000000000001
156.19,21.98,1,1,MANUAL,30.0,1.0,8.02
156.33,21.97,1,1,MANUAL,30.0,1.0,8.030000000000001
156.46,21.98,1,1,MANUAL,30.0,1.0,8.02
156.59,21.98,1,1,MANUAL,30.0,1.0,8.02
156.73,21.99,1,1,MANUAL,30.0,1.0,8.010000000000002
156.86,21.98,1,1,MANUAL,30.0,1.0,8.02
156.99,21.98,1,1,MANUAL,30.0,1.0,8.02
157.12,21.97,1,1,MANUAL,30.0,1.0,8.030000000000001
157.26,21.98,1,1,MANUAL,30.0,1.0,8.02
157.39,21.98,1,1,MANUAL,30.0,1.0,8.02
157.52,21.98,1,1,MANUAL,30.0,1.0,8.02
157.66,21.98,1,1,MANUAL,30.0,1.0,8.02
157.79,21.97,1,1,MANUAL,30.0,1.0,8.030000000000001
157.92,21.98,1,1,MANUAL,30.0,1.0,8.02
158.05,21.98,1,1,MANUAL,30.0,1.0,8.02
158.19,21.98,1,1,MANUAL,30.0,1.0,8.02
158.32,21.98,1,1,MANUAL,30.0,1.0,8.02
158.45,21.97,1,1,MANUAL,30.0,1.0,8.030000000000001
158.58,21.97,1,1,MANUAL,30.0,1.0,8.030000000000001
158.72,21.98,1,1,MANUAL,30.0,1.0,8.02
158.85,21.98,1,1,MANUAL,30.0,1.0,8.02
158.98,21.97,1,1,MANUAL,30.0,1.0,8.030000000000001
159.12,21.97,1,1,MANUAL,30.0,1.0,8.030000000000001
159.25,21.98,1,1,MANUAL,30.0,1.0,8.02
159.38,21.98,1,1,MANUAL,30.0,1.0,8.02
159.51,21.97,1,1,MANUAL,30.0,1.0,8.030000000000001
159.65,21.98,1,1,MANUAL,30.0,1.0,8.02
159.78,21.98,1,1,MANUAL,30.0,1.0,8.02
159.91,21.97,1,1,MANUAL,30.0,1.0,8.030000000000001
160.05,21.98,1,1,MANUAL,30.0,1.0,8.02
160.18,21.99,1,1,MANUAL,30.0,1.0,8.010000000000002
160.31,21.98,1,1,MANUAL,30.0,1.0,8.02
160.44,21.98,1,1,MANUAL,30.0,1.0,8.02
160.58,21.98,1,1,MANUAL,30.0,1.0,8.02
160.71,21.98,1,1,MANUAL,30.0,1.0,8.02
160.84,21.97,1,1,MANUAL,30.0,1.0,8.030000000000001
160.98,21.98,1,1,MANUAL,30.0,1.0,8.02
161.11,21.98,1,1,MANUAL,30.0,1.0,8.02
161.24,21.99,1,1,MANUAL,30.0,1.0,8.010000000000002
161.37,21.98,1,1,MANUAL,30.0,1.0,8.02
161.51,21.98,1,1,MANUAL,30.0,1.0,8.02
161.64,21.99,1,1,MANUAL,30.0,1.0,8.010000000000002
161.77,21.98,1,1,MANUAL,30.0,1.0,8.02
161.91,21.97,1,1,MANUAL,30.0,1.0,8.030000000000001
162.04,21.99,1,1,MANUAL,30.0,1.0,8.010000000000002
162.17,21.98,1,1,MANUAL,30.0,1.0,8.02
162.3,21.98,1,1,MANUAL,30.0,1.0,8.02
162.44,21.98,1,1,MANUAL,30.0,1.0,8.02
162.57,21.98,1,1,MANUAL,30.0,1.0,8.02
162.7,21.99,1,1,MANUAL,30.0,1.0,8.010000000000002
162.84,21.98,1,1,MANUAL,30.0,1.0,8.02
162.97,21.99,1,1,MANUAL,30.0,1.0,8.010000000000002
163.1,21.98,1,1,MANUAL,30.0,1.0,8.02
163.23,21.98,1,1,MANUAL,30.0,1.0,8.02
163.37,21.99,1,1,MANUAL,30.0,1.0,8.010000000000002
163.5,21.98,1,1,MANUAL,30.0,1.0,8.02
163.63,21.98,1,1,MANUAL,30.0,1.0,8.02
163.77,21.99,1,1,MANUAL,30.0,1.0,8.010000000000002
163.9,21.98,1,1,MANUAL,30.0,1.0,8.02
164.03,21.98,1,1,MANUAL,30.0,1.0,8.02
164.16,21.98,1,1,MANUAL,30.0,1.0,8.02
164.3,21.99,1,1,MANUAL,30.0,1.0,8.010000000000002
164.43,21.98,1,1,MANUAL,30.0,1.0,8.02
164.56,21.98,1,1,MANUAL,30.0,1.0,8.02
164.69,21.98,1,1,MANUAL,30.0,1.0,8.02
164.83,21.98,1,1,MANUAL,30.0,1.0,8.02
164.96,21.97,1,1,MANUAL,30.0,1.0,8.030000000000001
165.09,21.99,1,1,MANUAL,30.0,1.0,8.010000000000002
165.23,21.98,1,1,MANUAL,30.0,1.0,8.02
165.36,21.99,1,1,MANUAL,30.0,1.0,8.010000000000002
165.49,21.99,1,1,MANUAL,30.0,1.0,8.010000000000002
165.62,21.98,1,1,MANUAL,30.0,1.0,8.02
165.76,21.98,1,1,MANUAL,30.0,1.0,8.02
165.89,21.99,1,1,MANUAL,30.0,1.0,8.010000000000002
166.02,21.99,1,1,MANUAL,30.0,1.0,8.010000000000002
166.16,21.99,1,1,MANUAL,30.0,1.0,8.010000000000002
166.29,21.98,1,1,MANUAL,30.0,1.0,8.02
166.42,21.98,1,1,MANUAL,30.0,1.0,8.02
166.55,21.99,1,1,MANUAL,30.0,1.0,8.010000000000002
166.69,21.99,1,1,MANUAL,30.0,1.0,8.010000000000002
166.82,21.99,1,1,MANUAL,30.0,1.0,8.010000000000002
166.95,21.99,1,1,MANUAL,30.0,1.0,8.010000000000002
167.09,21.99,1,1,MANUAL,30.0,1.0,8.010000000000002
167.22,21.99,1,1,MANUAL,30.0,1.0,8.010000000000002
167.35,21.98,1,1,MANUAL,30.0,1.0,8.02
167.48,21.99,1,1,MANUAL,30.0,1.0,8.010000000000002
167.62,21.99,1,1,MANUAL,30.0,1.0,8.010000000000002
167.75,21.99,1,1,MANUAL,30.0,1.0,8.010000000000002
167.88,21.98,1,1,MANUAL,30.0,1.0,8.02
168.01,21.99,1,1,MANUAL,30.0,1.0,8.010000000000002
168.15,21.99,1,1,MANUAL,30.0,1.0,8.010000000000002
168.28,21.99,1,1,MANUAL,30.0,1.0,8.010000000000002
168.41,21.99,1,1,MANUAL,30.0,1.0,8.010000000000002
168.55,21.99,1,1,MANUAL,30.0,1.0,8.010000000000002
168.68,21.98,1,1,MANUAL,30.0,1.0,8.02
168.81,21.99,1,1,MANUAL,30.0,1.0,8.010000000000002
168.94,21.98,1,1,MANUAL,30.0,1.0,8.02
169.08,21.99,1,1,MANUAL,30.0,1.0,8.010000000000002
169.21,21.99,1,1,MANUAL,30.0,1.0,8.010000000000002
169.34,21.99,1,1,MANUAL,30.0,1.0,8.010000000000002
169.48,21.99,1,1,MANUAL,30.0,1.0,8.010000000000002
169.61,21.99,1,1,MANUAL,30.0,1.0,8.010000000000002
169.74,21.99,1,1,MANUAL,30.0,1.0,8.010000000000002
169.87,21.99,1,1,MANUAL,30.0,1.0,8.010000000000002
170.01,21.99,1,1,MANUAL,30.0,1.0,8.010000000000002
170.14,21.99,1,1,MANUAL,30.0,1.0,8.010000000000002
170.27,21.99,1,1,MANUAL,30.0,1.0,8.010000000000002
170.41,21.99,1,1,MANUAL,30.0,1.0,8.010000000000002
170.54,22.0,1,1,MANUAL,30.0,1.0,8.0
170.67,22.0,1,1,MANUAL,30.0,1.0,8.0
170.8,21.99,1,1,MANUAL,30.0,1.0,8.010000000000002
170.94,21.99,1,1,MANUAL,30.0,1.0,8.010000000000002
171.07,21.99,1,1,MANUAL,30.0,1.0,8.010000000000002
171.2,21.99,1,1,MANUAL,30.0,1.0,8.010000000000002
171.33,21.99,1,1,MANUAL,30.0,1.0,8.010000000000002
171.47,21.99,1,1,MANUAL,30.0,1.0,8.010000000000002
171.6,21.99,1,1,MANUAL,30.0,1.0,8.010000000000002
171.73,21.99,1,1,MANUAL,30.0,1.0,8.010000000000002
171.87,21.99,1,1,MANUAL,30.0,1.0,8.010000000000002
172.0,21.99,1,1,MANUAL,30.0,1.0,8.010000000000002
172.13,21.99,1,1,MANUAL,30.0,1.0,8.010000000000002
172.26,21.99,1,1,MANUAL,30.0,1.0,8.010000000000002
172.4,21.99,1,1,MANUAL,30.0,1.0,8.010000000000002
172.53,21.99,1,1,MANUAL,30.0,1.0,8.010000000000002
172.66,22.0,1,1,MANUAL,30.0,1.0,8.0
172.8,22.0,1,1,MANUAL,30.0,1.0,8.0
172.93,21.99,1,1,MANUAL,30.0,1.0,8.010000000000002
173.06,22.0,1,1,MANUAL,30.0,1.0,8.0
173.19,21.99,1,1,MANUAL,30.0,1.0,8.010000000000002
173.33,22.0,1,1,MANUAL,30.0,1.0,8.0
173.46,22.0,1,1,MANUAL,30.0,1.0,8.0
173.59,22.0,1,1,MANUAL,30.0,1.0,8.0
173.73,22.0,1,1,MANUAL,30.0,1.0,8.0
173.86,21.99,1,1,MANUAL,30.0,1.0,8.010000000000002
173.99,21.99,1,1,MANUAL,30.0,1.0,8.010000000000002
174.12,21.99,1,1,MANUAL,30.0,1.0,8.010000000000002
174.26,21.99,1,1,MANUAL,30.0,1.0,8.010000000000002
174.39,21.99,1,1,MANUAL,30.0,1.0,8.010000000000002
174.52,21.99,1,1,MANUAL,30.0,1.0,8.010000000000002
174.66,21.99,1,1,MANUAL,30.0,1.0,8.010000000000002
174.79,21.99,1,1,MANUAL,30.0,1.0,8.010000000000002
174.92,21.99,1,1,MANUAL,30.0,1.0,8.010000000000002
175.05,22.0,1,1,MANUAL,30.0,1.0,8.0
175.19,22.0,1,1,MANUAL,30.0,1.0,8.0
175.32,22.01,1,1,MANUAL,30.0,1.0,7.989999999999998
175.45,21.99,1,1,MANUAL,30.0,1.0,8.010000000000002
175.59,22.0,1,1,MANUAL,30.0,1.0,8.0
175.72,21.99,1,1,MANUAL,30.0,1.0,8.010000000000002
175.85,21.99,1,1,MANUAL,30.0,1.0,8.010000000000002
175.98,22.0,1,1,MANUAL,30.0,1.0,8.0
176.12,21.99,1,1,MANUAL,30.0,1.0,8.010000000000002
176.25,21.99,1,1,MANUAL,30.0,1.0,8.010000000000002
176.38,22.0,1,1,MANUAL,30.0,1.0,8.0
176.52,21.99,1,1,MANUAL,30.0,1.0,8.010000000000002
176.65,22.0,1,1,MANUAL,30.0,1.0,8.0
176.78,21.99,1,1,MANUAL,30.0,1.0,8.010000000000002
176.91,21.99,1,1,MANUAL,30.0,1.0,8.010000000000002
177.05,22.0,1,1,MANUAL,30.0,1.0,8.0
177.18,22.0,1,1,MANUAL,30.0,1.0,8.0
177.31,21.99,1,1,MANUAL,30.0,1.0,8.010000000000002
177.44,21.99,1,1,MANUAL,30.0,1.0,8.010000000000002
177.58,22.0,1,1,MANUAL,30.0,1.0,8.0
177.71,22.0,1,1,MANUAL,30.0,1.0,8.0
177.84,22.0,1,1,MANUAL,30.0,1.0,8.0
177.98,22.0,1,1,MANUAL,30.0,1.0,8.0
178.11,22.0,1,1,MANUAL,30.0,1.0,8.0
178.24,21.99,1,1,MANUAL,30.0,1.0,8.010000000000002
178.37,22.0,1,1,MANUAL,30.0,1.0,8.0
178.51,22.0,1,1,MANUAL,30.0,1.0,8.0
178.64,21.99,1,1,MANUAL,30.0,1.0,8.010000000000002
178.77,22.0,1,1,MANUAL,30.0,1.0,8.0
178.91,21.99,1,1,MANUAL,30.0,1.0,8.010000000000002
179.04,22.0,1,1,MANUAL,30.0,1.0,8.0
179.17,22.0,1,1,MANUAL,30.0,1.0,8.0
179.3,22.0,1,1,MANUAL,30.0,1.0,8.0
179.44,22.0,1,1,MANUAL,30.0,1.0,8.0
179.57,21.99,1,1,MANUAL,30.0,1.0,8.010000000000002
179.7,21.99,1,1,MANUAL,30.0,1.0,8.010000000000002
179.83,22.0,1,1,MANUAL,30.0,1.0,8.0
179.97,22.0,1,1,MANUAL,30.0,1.0,8.0
180.1,22.0,1,1,MANUAL,30.0,1.0,8.0
180.23,22.0,1,1,MANUAL,30.0,1.0,8.0
180.37,22.0,1,1,MANUAL,30.0,1.0,8.0
180.5,22.0,1,1,MANUAL,30.0,1.0,8.0
180.63,21.99,1,1,MANUAL,30.0,1.0,8.010000000000002
180.76,22.0,1,1,MANUAL,30.0,1.0,8.0
180.9,21.99,1,1,MANUAL,30.0,1.0,8.010000000000002
181.03,22.0,1,1,MANUAL,30.0,1.0,8.0
181.16,22.0,1,1,MANUAL,30.0,1.0,8.0
181.3,22.0,1,1,MANUAL,30.0,1.0,8.0
181.43,22.0,1,1,MANUAL,30.0,1.0,8.0
181.56,22.0,1,1,MANUAL,30.0,1.0,8.0
181.69,21.99,1,1,MANUAL,30.0,1.0,8.010000000000002
181.83,22.0,1,1,MANUAL,30.0,1.0,8.0
181.96,22.0,1,1,MANUAL,30.0,1.0,8.0
182.09,22.0,1,1,MANUAL,30.0,1.0,8.0
182.23,22.0,1,1,MANUAL,30.0,1.0,8.0
182.36,21.99,1,1,MANUAL,30.0,1.0,8.010000000000002
182.49,22.0,1,1,MANUAL,30.0,1.0,8.0
182.62,22.0,1,1,MANUAL,30.0,1.0,8.0
182.76,22.0,1,1,MANUAL,30.0,1.0,8.0
182.89,21.99,1,1,MANUAL,30.0,1.0,8.010000000000002
183.02,22.0,1,1,MANUAL,30.0,1.0,8.0
183.16,22.0,1,1,MANUAL,30.0,1.0,8.0
183.29,21.99,1,1,MANUAL,30.0,1.0,8.010000000000002
183.42,22.0,1,1,MANUAL,30.0,1.0,8.0
183.55,22.0,1,1,MANUAL,30.0,1.0,8.0
183.69,22.0,1,1,MANUAL,30.0,1.0,8.0
183.82,22.0,1,1,MANUAL,30.0,1.0,8.0
183.95,21.99,1,1,MANUAL,30.0,1.0,8.010000000000002
184.09,21.99,1,1,MANUAL,30.0,1.0,8.010000000000002
184.22,22.0,1,1,MANUAL,30.0,1.0,8.0
184.35,22.0,1,1,MANUAL,30.0,1.0,8.0
184.48,22.0,1,1,MANUAL,30.0,1.0,8.0
184.62,22.0,1,1,MANUAL,30.0,1.0,8.0
184.75,22.0,1,1,MANUAL,30.0,1.0,8.0
184.88,22.0,1,1,MANUAL,30.0,1.0,8.0
185.02,21.99,1,1,MANUAL,30.0,1.0,8.010000000000002
185.15,22.0,1,1,MANUAL,30.0,1.0,8.0
185.28,22.0,1,1,MANUAL,30.0,1.0,8.0
185.41,21.99,1,1,MANUAL,30.0,1.0,8.010000000000002
185.55,22.0,1,1,MANUAL,30.0,1.0,8.0
185.68,22.0,1,1,MANUAL,30.0,1.0,8.0
185.81,22.0,1,1,MANUAL,30.0,1.0,8.0
185.95,22.0,1,1,MANUAL,30.0,1.0,8.0
186.08,22.0,1,1,MANUAL,30.0,1.0,8.0
186.21,22.0,1,1,MANUAL,30.0,1.0,8.0
186.34,22.0,1,1,MANUAL,30.0,1.0,8.0
186.48,22.0,1,1,MANUAL,30.0,1.0,8.0
186.61,22.0,1,1,MANUAL,30.0,1.0,8.0
186.74,22.0,1,1,MANUAL,30.0,1.0,8.0
186.87,22.0,1,1,MANUAL,30.0,1.0,8.0
187.01,21.99,1,1,MANUAL,30.0,1.0,8.010000000000002
187.14,22.0,1,1,MANUAL,30.0,1.0,8.0
187.27,22.0,1,1,MANUAL,30.0,1.0,8.0
187.41,22.0,1,1,MANUAL,30.0,1.0,8.0
187.54,22.0,1,1,MANUAL,30.0,1.0,8.0
187.67,22.0,1,1,MANUAL,30.0,1.0,8.0
187.8,22.0,1,1,MANUAL,30.0,1.0,8.0
187.94,22.0,1,1,MANUAL,30.0,1.0,8.0
188.07,22.0,1,1,MANUAL,30.0,1.0,8.0
188.2,22.0,1,1,MANUAL,30.0,1.0,8.0
188.34,22.01,1,1,MANUAL,30.0,1.0,7.989999999999998
188.47,22.0,1,1,MANUAL,30.0,1.0,8.0
188.6,22.0,1,1,MANUAL,30.0,1.0,8.0
188.73,22.0,1,1,MANUAL,30.0,1.0,8.0
188.87,22.0,1,1,MANUAL,30.0,1.0,8.0
189.0,22.0,1,1,MANUAL,30.0,1.0,8.0
189.13,22.0,1,1,MANUAL,30.0,1.0,8.0
189.26,22.0,1,1,MANUAL,30.0,1.0,8.0
189.4,22.0,1,1,MANUAL,30.0,1.0,8.0
189.53,22.0,1,1,MANUAL,30.0,1.0,8.0
189.66,22.01,1,1,MANUAL,30.0,1.0,7.989999999999998
189.8,21.99,1,1,MANUAL,30.0,1.0,8.010000000000002
189.93,22.0,1,1,MANUAL,30.0,1.0,8.0
190.06,21.99,1,1,MANUAL,30.0,1.0,8.010000000000002
190.19,22.0,1,1,MANUAL,30.0,1.0,8.0
190.33,22.0,1,1,MANUAL,30.0,1.0,8.0
190.46,22.0,1,1,MANUAL,30.0,1.0,8.0
190.59,21.99,1,1,MANUAL,30.0,1.0,8.010000000000002
190.73,22.0,1,1,MANUAL,30.0,1.0,8.0
190.86,21.99,1,1,MANUAL,30.0,1.0,8.010000000000002
190.99,22.0,1,1,MANUAL,30.0,1.0,8.0
191.12,22.0,1,1,MANUAL,30.0,1.0,8.0
191.26,22.0,1,1,MANUAL,30.0,1.0,8.0
191.39,22.0,1,1,MANUAL,30.0,1.0,8.0
191.52,22.0,1,1,MANUAL,30.0,1.0,8.0
191.66,21.99,1,1,MANUAL,30.0,1.0,8.010000000000002
191.79,21.99,1,1,MANUAL,30.0,1.0,8.010000000000002
191.92,22.0,1,1,MANUAL,30.0,1.0,8.0
192.05,22.0,1,1,MANUAL,30.0,1.0,8.0
192.19,22.0,1,1,MANUAL,30.0,1.0,8.0
192.32,22.0,1,1,MANUAL,30.0,1.0,8.0
192.45,22.0,1,1,MANUAL,30.0,1.0,8.0
192.59,22.0,1,1,MANUAL,30.0,1.0,8.0
192.72,22.0,1,1,MANUAL,30.0,1.0,8.0
192.85,21.99,1,1,MANUAL,30.0,1.0,8.010000000000002
192.98,22.0,1,1,MANUAL,30.0,1.0,8.0
193.12,21.99,1,1,MANUAL,30.0,1.0,8.010000000000002
193.25,22.0,1,1,MANUAL,30.0,1.0,8.0
193.38,22.0,1,1,MANUAL,30.0,1.0,8.0
193.52,21.99,1,1,MANUAL,30.0,1.0,8.010000000000002
193.65,22.0,1,1,MANUAL,30.0,1.0,8.0
193.78,22.0,1,1,MANUAL,30.0,1.0,8.0
193.91,22.0,1,1,MANUAL,30.0,1.0,8.0
194.05,21.99,1,1,MANUAL,30.0,1.0,8.010000000000002
194.18,22.0,1,1,MANUAL,30.0,1.0,8.0
194.31,21.99,1,1,MANUAL,30.0,1.0,8.010000000000002
194.44,22.0,1,1,MANUAL,30.0,1.0,8.0
194.58,21.98,1,1,MANUAL,30.0,1.0,8.02
194.71,22.0,1,1,MANUAL,30.0,1.0,8.0
194.84,22.0,1,1,MANUAL,30.0,1.0,8.0
194.98,22.0,1,1,MANUAL,30.0,1.0,8.0
195.11,22.01,1,1,MANUAL,30.0,1.0,7.989999999999998
195.24,22.0,1,1,MANUAL,30.0,1.0,8.0
195.37,22.0,1,1,MANUAL,30.0,1.0,8.0
195.51,22.0,1,1,MANUAL,30.0,1.0,8.0
195.64,22.0,1,1,MANUAL,30.0,1.0,8.0
195.77,22.0,1,1,MANUAL,30.0,1.0,8.0
195.91,22.0,1,1,MANUAL,30.0,1.0,8.0
196.04,22.0,1,1,MANUAL,30.0,1.0,8.0
196.17,22.0,1,1,MANUAL,30.0,1.0,8.0
196.3,22.0,1,1,MANUAL,30.0,1.0,8.0
196.44,22.0,1,1,MANUAL,30.0,1.0,8.0
196.57,22.0,1,1,MANUAL,30.0,1.0,8.0
196.7,22.0,1,1,MANUAL,30.0,1.0,8.0
196.84,21.99,1,1,MANUAL,30.0,1.0,8.010000000000002
196.97,22.0,1,1,MANUAL,30.0,1.0,8.0
197.1,21.99,1,1,MANUAL,30.0,1.0,8.010000000000002
197.23,22.0,1,1,MANUAL,30.0,1.0,8.0
197.37,22.0,1,1,MANUAL,30.0,1.0,8.0
197.5,22.0,1,1,MANUAL,30.0,1.0,8.0
197.63,22.0,1,1,MANUAL,30.0,1.0,8.0
197.77,22.0,1,1,MANUAL,30.0,1.0,8.0
197.9,22.0,1,1,MANUAL,30.0,1.0,8.0
198.03,22.0,1,1,MANUAL,30.0,1.0,8.0
198.16,22.0,1,1,MANUAL,30.0,1.0,8.0
198.3,22.0,1,1,MANUAL,30.0,1.0,8.0
198.43,22.0,1,1,MANUAL,30.0,1.0,8.0
198.56,21.99,1,1,MANUAL,30.0,1.0,8.010000000000002
198.69,21.99,1,1,MANUAL,30.0,1.0,8.010000000000002
198.83,22.0,1,1,MANUAL,30.0,1.0,8.0
198.96,22.0,1,1,MANUAL,30.0,1.0,8.0
199.09,21.99,1,1,MANUAL,30.0,1.0,8.010000000000002
199.23,21.99,1,1,MANUAL,30.0,1.0,8.010000000000002
199.36,22.0,1,1,MANUAL,30.0,1.0,8.0
199.49,22.0,1,1,MANUAL,30.0,1.0,8.0
199.62,22.0,1,1,MANUAL,30.0,1.0,8.0
199.76,22.0,1,1,MANUAL,30.0,1.0,8.0
199.89,21.98,1,1,MANUAL,30.0,1.0,8.02
200.02,22.0,1,1,MANUAL,30.0,1.0,8.0
200.16,22.0,1,1,MANUAL,30.0,1.0,8.0
200.29,21.99,1,1,MANUAL,30.0,1.0,8.010000000000002
200.42,21.99,1,1,MANUAL,30.0,1.0,8.010000000000002
200.55,22.0,1,1,MANUAL,30.0,1.0,8.0
200.69,21.99,1,1,MANUAL,30.0,1.0,8.010000000000002
200.82,22.0,1,1,MANUAL,30.0,1.0,8.0
200.95,22.0,1,1,MANUAL,30.0,1.0,8.0
201.09,21.99,1,1,MANUAL,30.0,1.0,8.010000000000002
201.22,22.0,1,1,MANUAL,30.0,1.0,8.0
201.35,22.0,1,1,MANUAL,30.0,1.0,8.0
201.48,22.01,1,1,MANUAL,30.0,1.0,7.989999999999998
201.62,22.0,1,1,MANUAL,30.0,1.0,8.0
201.75,22.0,1,1,MANUAL,30.0,1.0,8.0
201.88,22.0,1,1,MANUAL,30.0,1.0,8.0
202.02,22.0,1,1,MANUAL,30.0,1.0,8.0
202.15,22.0,1,1,MANUAL,30.0,1.0,8.0
202.28,21.98,1,1,MANUAL,30.0,1.0,8.02
202.41,22.0,1,1,MANUAL,30.0,1.0,8.0
202.55,21.99,1,1,MANUAL,30.0,1.0,8.010000000000002
202.68,22.0,1,1,MANUAL,30.0,1.0,8.0
202.81,22.0,1,1,MANUAL,30.0,1.0,8.0
202.94,21.99,1,1,MANUAL,30.0,1.0,8.010000000000002
203.08,22.0,1,1,MANUAL,30.0,1.0,8.0
203.21,22.0,1,1,MANUAL,30.0,1.0,8.0
203.34,21.99,1,1,MANUAL,30.0,1.0,8.010000000000002
203.48,22.0,1,1,MANUAL,30.0,1.0,8.0
203.61,22.0,1,1,MANUAL,30.0,1.0,8.0
203.74,21.99,1,1,MANUAL,30.0,1.0,8.010000000000002
203.87,22.01,1,1,MANUAL,30.0,1.0,7.989999999999998
204.01,21.99,1,1,MANUAL,30.0,1.0,8.010000000000002
204.14,21.99,1,1,MANUAL,30.0,1.0,8.010000000000002
204.27,21.99,1,1,MANUAL,30.0,1.0,8.010000000000002
204.41,22.0,1,1,MANUAL,30.0,1.0,8.0
204.54,22.0,1,1,MANUAL,30.0,1.0,8.0
204.67,22.01,1,1,MANUAL,30.0,1.0,7.989999999999998
204.8,22.01,1,1,MANUAL,30.0,1.0,7.989999999999998
204.94,22.0,1,1,MANUAL,30.0,1.0,8.0
205.07,22.0,1,1,MANUAL,30.0,1.0,8.0
205.2,21.99,1,1,MANUAL,30.0,1.0,8.010000000000002
205.34,22.0,1,1,MANUAL,30.0,1.0,8.0
205.47,21.99,1,1,MANUAL,30.0,1.0,8.010000000000002
205.6,22.01,1,1,MANUAL,30.0,1.0,7.989999999999998
205.73,21.98,1,1,MANUAL,30.0,1.0,8.02
205.87,22.01,1,1,MANUAL,30.0,1.0,7.989999999999998
206.0,21.99,1,1,MANUAL,30.0,1.0,8.010000000000002
206.13,21.98,1,1,MANUAL,30.0,1.0,8.02
206.27,22.0,1,1,MANUAL,30.0,1.0,8.0
206.4,22.0,1,1,MANUAL,30.0,1.0,8.0
206.53,21.99,1,1,MANUAL,30.0,1.0,8.010000000000002
206.66,21.99,1,1,MANUAL,30.0,1.0,8.010000000000002
206.8,22.0,1,1,MANUAL,30.0,1.0,8.0
206.93,22.0,1,1,MANUAL,30.0,1.0,8.0
207.06,22.0,1,1,MANUAL,30.0,1.0,8.0
207.2,22.0,1,1,MANUAL,30.0,1.0,8.0
207.33,22.0,1,1,MANUAL,30.0,1.0,8.0
207.46,22.0,1,1,MANUAL,30.0,1.0,8.0
207.59,22.0,1,1,MANUAL,30.0,1.0,8.0
207.73,21.99,1,1,MANUAL,30.0,1.0,8.010000000000002
207.86,21.99,1,1,MANUAL,30.0,1.0,8.010000000000002
207.99,21.99,1,1,MANUAL,30.0,1.0,8.010000000000002
208.12,22.0,1,1,MANUAL,30.0,1.0,8.0
208.26,22.0,1,1,MANUAL,30.0,1.0,8.0
208.39,22.01,1,1,MANUAL,30.0,1.0,7.989999999999998
208.52,22.0,1,1,MANUAL,30.0,1.0,8.0
208.66,22.0,1,1,MANUAL,30.0,1.0,8.0
208.79,21.99,1,1,MANUAL,30.0,1.0,8.010000000000002
208.92,22.0,1,1,MANUAL,30.0,1.0,8.0
209.05,22.0,1,1,MANUAL,30.0,1.0,8.0
209.19,22.0,1,1,MANUAL,30.0,1.0,8.0
209.32,22.0,1,1,MANUAL,30.0,1.0,8.0
209.45,22.0,1,1,MANUAL,30.0,1.0,8.0
209.59,22.0,1,1,MANUAL,30.0,1.0,8.0
209.72,22.0,1,1,MANUAL,30.0,1.0,8.0
209.85,22.0,1,1,MANUAL,30.0,1.0,8.0
209.98,22.0,1,1,MANUAL,30.0,1.0,8.0
210.12,22.0,1,1,MANUAL,30.0,1.0,8.0
210.25,21.99,1,1,MANUAL,30.0,1.0,8.010000000000002
210.38,22.0,1,1,MANUAL,30.0,1.0,8.0
210.51,21.99,1,1,MANUAL,30.0,1.0,8.010000000000002
210.65,22.0,1,1,MANUAL,30.0,1.0,8.0
210.78,22.0,1,1,MANUAL,30.0,1.0,8.0
210.91,22.0,1,1,MANUAL,30.0,1.0,8.0
211.05,22.0,1,1,MANUAL,30.0,1.0,8.0
211.18,22.0,1,1,MANUAL,30.0,1.0,8.0
211.31,22.0,1,1,MANUAL,30.0,1.0,8.0
211.44,22.0,1,1,MANUAL,30.0,1.0,8.0
211.58,22.0,1,1,MANUAL,30.0,1.0,8.0
211.71,22.0,1,1,MANUAL,30.0,1.0,8.0
211.84,22.0,1,1,MANUAL,30.0,1.0,8.0
211.98,22.0,1,1,MANUAL,30.0,1.0,8.0
212.11,22.0,1,1,MANUAL,30.0,1.0,8.0
212.24,22.0,1,1,MANUAL,30.0,1.0,8.0
212.37,22.0,1,1,MANUAL,30.0,1.0,8.0
212.51,22.0,1,1,MANUAL,30.0,1.0,8.0
212.64,22.0,1,1,MANUAL,30.0,1.0,8.0
212.77,22.0,1,1,MANUAL,30.0,1.0,8.0
212.91,22.0,1,1,MANUAL,30.0,1.0,8.0
213.04,21.99,1,1,MANUAL,30.0,1.0,8.010000000000002
213.17,21.99,1,1,MANUAL,30.0,1.0,8.010000000000002
213.3,22.0,1,1,MANUAL,30.0,1.0,8.0
213.44,21.99,1,1,MANUAL,30.0,1.0,8.010000000000002
213.57,22.0,1,1,MANUAL,30.0,1.0,8.0
213.7,22.0,1,1,MANUAL,30.0,1.0,8.0
213.84,22.0,1,1,MANUAL,30.0,1.0,8.0
213.97,22.0,1,1,MANUAL,30.0,1.0,8.0
214.1,22.0,1,1,MANUAL,30.0,1.0,8.0
214.23,22.01,1,1,MANUAL,30.0,1.0,7.989999999999998
214.37,22.0,1,1,MANUAL,30.0,1.0,8.0
214.5,22.0,1,1,MANUAL,30.0,1.0,8.0
214.63,22.0,1,1,MANUAL,30.0,1.0,8.0
214.77,21.98,1,1,MANUAL,30.0,1.0,8.02
214.9,22.0,1,1,MANUAL,30.0,1.0,8.0
215.03,22.01,1,1,MANUAL,30.0,1.0,7.989999999999998
215.16,22.0,10,1,MANUAL,30.0,1.0,8.0
215.3,22.0,10,1,MANUAL,30.0,1.0,8.0
215.43,22.01,10,1,MANUAL,30.0,1.0,7.989999999999998
215.57,22.01,10,1,MANUAL,30.0,1.0,7.989999999999998
215.7,22.01,10,1,MANUAL,30.0,1.0,7.989999999999998
215.83,22.01,10,1,MANUAL,30.0,1.0,7.989999999999998
215.97,22.01,10,1,MANUAL,30.0,1.0,7.989999999999998
216.1,22.02,10,1,MANUAL,30.0,1.0,7.98
216.24,22.02,10,1,MANUAL,30.0,1.0,7.98
216.37,22.02,10,1,MANUAL,30.0,1.0,7.98
216.5,22.03,10,1,MANUAL,30.0,1.0,7.969999999999999
216.64,22.03,10,1,MANUAL,30.0,1.0,7.969999999999999
216.77,22.04,10,1,MANUAL,30.0,1.0,7.960000000000001
216.9,22.05,10,1,MANUAL,30.0,1.0,7.949999999999999
217.04,22.06,10,1,MANUAL,30.0,1.0,7.940000000000001
217.17,22.07,10,1,MANUAL,30.0,1.0,7.93
217.31,22.08,10,1,MANUAL,30.0,1.0,7.920000000000002
217.44,22.08,10,1,MANUAL,30.0,1.0,7.920000000000002
217.57,22.09,10,1,MANUAL,30.0,1.0,7.91
217.71,22.11,10,1,MANUAL,30.0,1.0,7.890000000000001
217.84,22.11,10,1,MANUAL,30.0,1.0,7.890000000000001
217.98,22.12,10,1,MANUAL,30.0,1.0,7.879999999999999
218.11,22.13,10,1,MANUAL,30.0,1.0,7.870000000000001
218.24,22.14,10,1,MANUAL,30.0,1.0,7.859999999999999
218.38,22.15,10,1,MANUAL,30.0,1.0,7.850000000000001
218.51,22.16,10,1,MANUAL,30.0,1.0,7.84
218.65,22.17,10,1,MANUAL,30.0,1.0,7.829999999999998
218.78,22.18,10,1,MANUAL,30.0,1.0,7.82
218.91,22.19,10,1,MANUAL,30.0,1.0,7.809999999999999
219.05,22.2,10,1,MANUAL,30.0,1.0,7.800000000000001
219.18,22.2,10,1,MANUAL,30.0,1.0,7.800000000000001
219.31,22.22,10,1,MANUAL,30.0,1.0,7.780000000000001
219.45,22.22,10,1,MANUAL,30.0,1.0,7.780000000000001
219.58,22.24,10,1,MANUAL,30.0,1.0,7.760000000000002
219.72,22.25,10,1,MANUAL,30.0,1.0,7.75
219.85,22.26,10,1,MANUAL,30.0,1.0,7.739999999999998
219.98,22.27,10,1,MANUAL,30.0,1.0,7.73
220.12,22.29,10,1,MANUAL,30.0,1.0,7.710000000000001
220.25,22.29,10,1,MANUAL,30.0,1.0,7.710000000000001
220.38,22.29,10,1,MANUAL,30.0,1.0,7.710000000000001
220.52,22.31,10,1,MANUAL,30.0,1.0,7.690000000000001
220.65,22.32,10,1,MANUAL,30.0,1.0,7.68
220.79,22.33,10,1,MANUAL,30.0,1.0,7.670000000000002
220.92,22.35,10,1,MANUAL,30.0,1.0,7.649999999999999
221.05,22.35,10,1,MANUAL,30.0,1.0,7.649999999999999
221.19,22.36,10,1,MANUAL,30.0,1.0,7.640000000000001
221.32,22.37,10,1,MANUAL,30.0,1.0,7.629999999999999
221.46,22.39,10,1,MANUAL,30.0,1.0,7.609999999999999
221.59,22.39,10,1,MANUAL,30.0,1.0,7.609999999999999
221.72,22.41,10,1,MANUAL,30.0,1.0,7.59
221.86,22.42,10,1,MANUAL,30.0,1.0,7.579999999999998
221.99,22.43,10,1,MANUAL,30.0,1.0,7.57
222.13,22.45,10,1,MANUAL,30.0,1.0,7.550000000000001
222.26,22.44,10,1,MANUAL,30.0,1.0,7.559999999999999
222.39,22.46,10,1,MANUAL,30.0,1.0,7.539999999999999
222.53,22.46,10,1,MANUAL,30.0,1.0,7.539999999999999
222.66,22.48,10,1,MANUAL,30.0,1.0,7.52
222.79,22.49,10,1,MANUAL,30.0,1.0,7.510000000000002
222.93,22.51,10,1,MANUAL,30.0,1.0,7.489999999999998
223.06,22.51,10,1,MANUAL,30.0,1.0,7.489999999999998
223.2,22.52,10,1,MANUAL,30.0,1.0,7.48
223.33,22.53,10,1,MANUAL,30.0,1.0,7.469999999999999
223.46,22.55,10,1,MANUAL,30.0,1.0,7.449999999999999
223.6,22.56,10,1,MANUAL,30.0,1.0,7.440000000000001
223.73,22.56,10,1,MANUAL,30.0,1.0,7.440000000000001
223.87,22.59,10,1,MANUAL,30.0,1.0,7.41
224.0,22.6,10,1,MANUAL,30.0,1.0,7.399999999999999
224.13,22.61,10,1,MANUAL,30.0,1.0,7.390000000000001
224.27,22.62,10,1,MANUAL,30.0,1.0,7.379999999999999
224.4,22.61,10,1,MANUAL,30.0,1.0,7.390000000000001
224.53,22.62,10,1,MANUAL,30.0,1.0,7.379999999999999
224.67,22.64,10,1,MANUAL,30.0,1.0,7.359999999999999
224.8,22.66,10,1,MANUAL,30.0,1.0,7.34
224.94,22.66,10,1,MANUAL,30.0,1.0,7.34
225.07,22.68,10,1,MANUAL,30.0,1.0,7.32
225.2,22.68,10,1,MANUAL,30.0,1.0,7.32
225.34,22.69,10,1,MANUAL,30.0,1.0,7.309999999999999
225.47,22.7,10,1,MANUAL,30.0,1.0,7.300000000000001
225.61,22.71,10,1,MANUAL,30.0,1.0,7.289999999999999
225.74,22.72,10,1,MANUAL,30.0,1.0,7.280000000000001
225.87,22.74,10,1,MANUAL,30.0,1.0,7.260000000000002
226.01,22.74,10,1,MANUAL,30.0,1.0,7.260000000000002
226.14,22.75,10,1,MANUAL,30.0,1.0,7.25
226.27,22.76,10,1,MANUAL,30.0,1.0,7.239999999999998
226.41,22.77,10,1,MANUAL,30.0,1.0,7.23
226.54,22.78,10,1,MANUAL,30.0,1.0,7.219999999999999
226.68,22.79,10,1,MANUAL,30.0,1.0,7.210000000000001
226.81,22.8,10,1,MANUAL,30.0,1.0,7.199999999999999
226.94,22.82,10,1,MANUAL,30.0,1.0,7.18
227.08,22.82,10,1,MANUAL,30.0,1.0,7.18
227.21,22.83,10,1,MANUAL,30.0,1.0,7.170000000000002
227.35,22.84,10,1,MANUAL,30.0,1.0,7.16
227.48,22.86,10,1,MANUAL,30.0,1.0,7.140000000000001
227.61,22.86,10,1,MANUAL,30.0,1.0,7.140000000000001
227.75,22.87,10,1,MANUAL,30.0,1.0,7.129999999999999
227.88,22.87,10,1,MANUAL,30.0,1.0,7.129999999999999
228.02,22.89,10,1,MANUAL,30.0,1.0,7.109999999999999
228.15,22.9,10,1,MANUAL,30.0,1.0,7.100000000000001
228.28,22.91,10,1,MANUAL,30.0,1.0,7.09
228.42,22.92,10,1,MANUAL,30.0,1.0,7.079999999999998
228.55,22.92,10,1,MANUAL,30.0,1.0,7.079999999999998
228.68,22.94,10,1,MANUAL,30.0,1.0,7.059999999999999
228.82,22.94,10,1,MANUAL,30.0,1.0,7.059999999999999
228.95,22.95,10,1,MANUAL,30.0,1.0,7.050000000000001
229.09,22.96,10,1,MANUAL,30.0,1.0,7.039999999999999
229.22,22.97,10,1,MANUAL,30.0,1.0,7.030000000000001
229.35,22.98,10,1,MANUAL,30.0,1.0,7.02
229.49,22.99,10,1,MANUAL,30.0,1.0,7.010000000000002
229.62,23.01,10,1,MANUAL,30.0,1.0,6.989999999999998
229.75,23.01,10,1,MANUAL,30.0,1.0,6.989999999999998
229.89,23.03,10,1,MANUAL,30.0,1.0,6.969999999999999
230.02,23.03,10,1,MANUAL,30.0,1.0,6.969999999999999
230.16,23.04,10,1,MANUAL,30.0,1.0,6.960000000000001
230.29,23.04,10,1,MANUAL,30.0,1.0,6.960000000000001
230.42,23.06,10,1,MANUAL,30.0,1.0,6.940000000000001
230.56,23.07,10,1,MANUAL,30.0,1.0,6.93
230.69,23.08,10,1,MANUAL,30.0,1.0,6.920000000000002
230.83,23.08,10,1,MANUAL,30.0,1.0,6.920000000000002
230.96,23.09,10,1,MANUAL,30.0,1.0,6.91
231.09,23.1,10,1,MANUAL,30.0,1.0,6.899999999999999
231.23,23.11,10,1,MANUAL,30.0,1.0,6.890000000000001
231.36,23.12,10,1,MANUAL,30.0,1.0,6.879999999999999
231.5,23.13,10,1,MANUAL,30.0,1.0,6.870000000000001
231.63,23.13,10,1,MANUAL,30.0,1.0,6.870000000000001
231.76,23.14,10,1,MANUAL,30.0,1.0,6.859999999999999
231.9,23.15,10,1,MANUAL,30.0,1.0,6.850000000000001
232.03,23.16,10,1,MANUAL,30.0,1.0,6.84
232.16,23.17,10,1,MANUAL,30.0,1.0,6.829999999999998
232.3,23.18,10,1,MANUAL,30.0,1.0,6.82
232.43,23.19,10,1,MANUAL,30.0,1.0,6.809999999999999
232.57,23.19,10,1,MANUAL,30.0,1.0,6.809999999999999
232.7,23.2,10,1,MANUAL,30.0,1.0,6.800000000000001
232.83,23.21,10,1,MANUAL,30.0,1.0,6.789999999999999
232.97,23.23,10,1,MANUAL,30.0,1.0,6.77
233.1,23.23,10,1,MANUAL,30.0,1.0,6.77
233.24,23.24,10,1,MANUAL,30.0,1.0,6.760000000000002
233.37,23.24,10,1,MANUAL,30.0,1.0,6.760000000000002
233.5,23.25,10,1,MANUAL,30.0,1.0,6.75
233.64,23.27,10,1,MANUAL,30.0,1.0,6.73
233.77,23.27,10,1,MANUAL,30.0,1.0,6.73
233.9,23.28,10,1,MANUAL,30.0,1.0,6.719999999999999
234.04,23.29,10,1,MANUAL,30.0,1.0,6.710000000000001
234.17,23.29,10,1,MANUAL,30.0,1.0,6.710000000000001
234.31,23.3,10,1,MANUAL,30.0,1.0,6.699999999999999
234.44,23.31,10,1,MANUAL,30.0,1.0,6.690000000000001
234.57,23.31,10,1,MANUAL,30.0,1.0,6.690000000000001
234.71,23.33,10,1,MANUAL,30.0,1.0,6.670000000000002
234.84,23.34,10,1,MANUAL,30.0,1.0,6.66
234.98,23.34,10,1,MANUAL,30.0,1.0,6.66
235.11,23.35,10,1,MANUAL,30.0,1.0,6.649999999999999
235.24,23.36,10,1,MANUAL,30.0,1.0,6.640000000000001
235.38,23.37,10,1,MANUAL,30.0,1.0,6.629999999999999
235.51,23.38,10,1,MANUAL,30.0,1.0,6.620000000000001
235.64,23.38,10,1,MANUAL,30.0,1.0,6.620000000000001
235.78,23.39,10,1,MANUAL,30.0,1.0,6.609999999999999
235.91,23.4,10,1,MANUAL,30.0,1.0,6.600000000000001
236.05,23.4,10,1,MANUAL,30.0,1.0,6.600000000000001
236.18,23.41,10,1,MANUAL,30.0,1.0,6.59
236.31,23.42,10,1,MANUAL,30.0,1.0,6.579999999999998
236.45,23.42,10,1,MANUAL,30.0,1.0,6.579999999999998
236.58,23.44,10,1,MANUAL,30.0,1.0,6.559999999999999
236.72,23.45,10,1,MANUAL,30.0,1.0,6.550000000000001
236.85,23.45,10,1,MANUAL,30.0,1.0,6.550000000000001
236.98,23.46,10,1,MANUAL,30.0,1.0,6.539999999999999
237.12,23.47,10,1,MANUAL,30.0,1.0,6.530000000000001
237.25,23.47,10,1,MANUAL,30.0,1.0,6.530000000000001
237.38,23.48,10,1,MANUAL,30.0,1.0,6.52
237.52,23.49,10,1,MANUAL,30.0,1.0,6.510000000000002
237.65,23.5,10,1,MANUAL,30.0,1.0,6.5
237.79,23.51,10,1,MANUAL,30.0,1.0,6.489999999999998
237.92,23.51,10,1,MANUAL,30.0,1.0,6.489999999999998
238.05,23.51,10,1,MANUAL,30.0,1.0,6.489999999999998
238.19,23.52,10,1,MANUAL,30.0,1.0,6.48
238.32,23.54,10,1,MANUAL,30.0,1.0,6.460000000000001
238.46,23.54,10,1,MANUAL,30.0,1.0,6.460000000000001
238.59,23.55,10,1,MANUAL,30.0,1.0,6.449999999999999
238.72,23.56,10,1,MANUAL,30.0,1.0,6.440000000000001
238.86,23.56,10,1,MANUAL,30.0,1.0,6.440000000000001
238.99,23.57,10,1,MANUAL,30.0,1.0,6.43
239.13,23.57,10,1,MANUAL,30.0,1.0,6.43
239.26,23.58,10,1,MANUAL,30.0,1.0,6.420000000000002
239.39,23.6,10,1,MANUAL,30.0,1.0,6.399999999999999
239.53,23.6,10,1,MANUAL,30.0,1.0,6.399999999999999
239.66,23.61,10,1,MANUAL,30.0,1.0,6.390000000000001
239.79,23.62,10,1,MANUAL,30.0,1.0,6.379999999999999
239.93,23.64,10,1,MANUAL,30.0,1.0,6.359999999999999
240.06,23.63,10,1,MANUAL,30.0,1.0,6.370000000000001
240.2,23.64,10,1,MANUAL,30.0,1.0,6.359999999999999
240.33,23.65,10,1,MANUAL,30.0,1.0,6.350000000000001
240.46,23.65,10,1,MANUAL,30.0,1.0,6.350000000000001
240.6,23.66,10,1,MANUAL,30.0,1.0,6.34
240.73,23.67,10,1,MANUAL,30.0,1.0,6.329999999999998
240.87,23.67,10,1,MANUAL,30.0,1.0,6.329999999999998
241.0,23.68,10,1,MANUAL,30.0,1.0,6.32
241.13,23.69,10,1,MANUAL,30.0,1.0,6.309999999999999
241.27,23.7,10,1,MANUAL,30.0,1.0,6.300000000000001
241.4,23.7,10,1,MANUAL,30.0,1.0,6.300000000000001
241.53,23.71,10,1,MANUAL,30.0,1.0,6.289999999999999
241.67,23.72,10,1,MANUAL,30.0,1.0,6.280000000000001
241.8,23.72,10,1,MANUAL,30.0,1.0,6.280000000000001
241.94,23.74,10,1,MANUAL,30.0,1.0,6.260000000000002
242.07,23.74,10,1,MANUAL,30.0,1.0,6.260000000000002
242.2,23.75,10,1,MANUAL,30.0,1.0,6.25
242.34,23.75,10,1,MANUAL,30.0,1.0,6.25
242.47,23.76,10,1,MANUAL,30.0,1.0,6.239999999999998
242.61,23.76,10,1,MANUAL,30.0,1.0,6.239999999999998
242.74,23.77,10,1,MANUAL,30.0,1.0,6.23
242.87,23.78,10,1,MANUAL,30.0,1.0,6.219999999999999
243.01,23.78,10,1,MANUAL,30.0,1.0,6.219999999999999
243.14,23.79,10,1,MANUAL,30.0,1.0,6.210000000000001
243.27,23.79,10,1,MANUAL,30.0,1.0,6.210000000000001
243.41,23.81,10,1,MANUAL,30.0,1.0,6.190000000000001
243.54,23.81,10,1,MANUAL,30.0,1.0,6.190000000000001
243.68,23.82,10,1,MANUAL,30.0,1.0,6.18
243.81,23.83,10,1,MANUAL,30.0,1.0,6.170000000000002
243.94,23.84,10,1,MANUAL,30.0,1.0,6.16
244.08,23.84,10,1,MANUAL,30.0,1.0,6.16
244.21,23.85,10,1,MANUAL,30.0,1.0,6.149999999999999
244.35,23.86,10,1,MANUAL,30.0,1.0,6.140000000000001
244.48,23.86,10,1,MANUAL,30.0,1.0,6.140000000000001
244.61,23.87,10,1,MANUAL,30.0,1.0,6.129999999999999
244.75,23.88,10,1,MANUAL,30.0,1.0,6.120000000000001
244.88,23.87,10,1,MANUAL,30.0,1.0,6.129999999999999
245.01,23.88,10,1,MANUAL,30.0,1.0,6.120000000000001
245.15,23.89,10,1,MANUAL,30.0,1.0,6.109999999999999
245.28,23.9,10,1,MANUAL,30.0,1.0,6.100000000000001
245.41,23.91,10,1,MANUAL,30.0,1.0,6.09
245.55,23.91,10,1,MANUAL,30.0,1.0,6.09
245.68,23.92,10,1,MANUAL,30.0,1.0,6.079999999999998
245.82,23.92,10,1,MANUAL,30.0,1.0,6.079999999999998
245.95,23.94,10,1,MANUAL,30.0,1.0,6.059999999999999
246.09,23.94,10,1,MANUAL,30.0,1.0,6.059999999999999
246.22,23.95,10,1,MANUAL,30.0,1.0,6.050000000000001
246.35,23.95,10,1,MANUAL,30.0,1.0,6.050000000000001
246.49,23.95,10,1,MANUAL,30.0,1.0,6.050000000000001
246.62,23.97,10,1,MANUAL,30.0,1.0,6.030000000000001
246.76,23.96,10,1,MANUAL,30.0,1.0,6.039999999999999
246.89,23.98,10,1,MANUAL,30.0,1.0,6.02
247.02,23.99,10,1,MANUAL,30.0,1.0,6.010000000000002
247.16,24.0,10,1,MANUAL,30.0,1.0,6.0
247.29,24.0,10,1,MANUAL,30.0,1.0,6.0
247.42,24.01,10,1,MANUAL,30.0,1.0,5.989999999999998
247.56,24.0,10,1,MANUAL,30.0,1.0,6.0
247.69,24.02,10,1,MANUAL,30.0,1.0,5.98
247.83,24.03,10,1,MANUAL,30.0,1.0,5.969999999999999
247.96,24.03,10,1,MANUAL,30.0,1.0,5.969999999999999
248.09,24.04,10,1,MANUAL,30.0,1.0,5.960000000000001
248.23,24.03,10,1,MANUAL,30.0,1.0,5.969999999999999
248.36,24.05,10,1,MANUAL,30.0,1.0,5.949999999999999
248.5,24.05,10,1,MANUAL,30.0,1.0,5.949999999999999
248.63,24.06,10,1,MANUAL,30.0,1.0,5.940000000000001
248.76,24.06,10,1,MANUAL,30.0,1.0,5.940000000000001
248.9,24.08,10,1,MANUAL,30.0,1.0,5.920000000000002
249.03,24.08,10,1,MANUAL,30.0,1.0,5.920000000000002
249.16,24.08,10,1,MANUAL,30.0,1.0,5.920000000000002
249.3,24.09,10,1,MANUAL,30.0,1.0,5.91
249.43,24.09,10,1,MANUAL,30.0,1.0,5.91
249.57,24.1,10,1,MANUAL,30.0,1.0,5.899999999999999
249.7,24.11,10,1,MANUAL,30.0,1.0,5.890000000000001
249.83,24.12,10,1,MANUAL,30.0,1.0,5.879999999999999
249.97,24.12,10,1,MANUAL,30.0,1.0,5.879999999999999
250.1,24.13,10,1,MANUAL,30.0,1.0,5.870000000000001
250.23,24.13,10,1,MANUAL,30.0,1.0,5.870000000000001
250.37,24.14,10,1,MANUAL,30.0,1.0,5.859999999999999
250.5,24.15,10,1,MANUAL,30.0,1.0,5.850000000000001
250.64,24.16,10,1,MANUAL,30.0,1.0,5.84
250.77,24.16,10,1,MANUAL,30.0,1.0,5.84
250.9,24.17,10,1,MANUAL,30.0,1.0,5.829999999999998
251.04,24.17,10,1,MANUAL,30.0,1.0,5.829999999999998
251.17,24.17,10,1,MANUAL,30.0,1.0,5.829999999999998
251.3,24.18,10,1,MANUAL,30.0,1.0,5.82
251.44,24.19,10,1,MANUAL,30.0,1.0,5.809999999999999
251.57,24.2,10,1,MANUAL,30.0,1.0,5.800000000000001
251.71,24.2,10,1,MANUAL,30.0,1.0,5.800000000000001
251.84,24.21,10,1,MANUAL,30.0,1.0,5.789999999999999
251.98,24.21,10,1,MANUAL,30.0,1.0,5.789999999999999
252.11,24.22,10,1,MANUAL,30.0,1.0,5.780000000000001
252.24,24.22,10,1,MANUAL,30.0,1.0,5.780000000000001
252.38,24.22,10,1,MANUAL,30.0,1.0,5.780000000000001
252.51,24.23,10,1,MANUAL,30.0,1.0,5.77
252.65,24.24,10,1,MANUAL,30.0,1.0,5.760000000000002
252.78,24.24,10,1,MANUAL,30.0,1.0,5.760000000000002
252.91,24.25,10,1,MANUAL,30.0,1.0,5.75
253.05,24.25,10,1,MANUAL,30.0,1.0,5.75
253.18,24.26,10,1,MANUAL,30.0,1.0,5.739999999999998
253.31,24.27,10,1,MANUAL,30.0,1.0,5.73
253.45,24.27,10,1,MANUAL,30.0,1.0,5.73
253.58,24.28,10,1,MANUAL,30.0,1.0,5.719999999999999
253.72,24.28,10,1,MANUAL,30.0,1.0,5.719999999999999
253.85,24.29,10,1,MANUAL,30.0,1.0,5.710000000000001
253.98,24.29,10,1,MANUAL,30.0,1.0,5.710000000000001
254.12,24.31,10,1,MANUAL,30.0,1.0,5.690000000000001
254.25,24.31,10,1,MANUAL,30.0,1.0,5.690000000000001
254.38,24.31,10,1,MANUAL,30.0,1.0,5.690000000000001
254.52,24.32,10,1,MANUAL,30.0,1.0,5.68
254.65,24.32,10,1,MANUAL,30.0,1.0,5.68
254.79,24.33,10,1,MANUAL,30.0,1.0,5.670000000000002
254.92,24.34,10,1,MANUAL,30.0,1.0,5.66
255.05,24.34,10,1,MANUAL,30.0,1.0,5.66
255.19,24.35,10,1,MANUAL,30.0,1.0,5.649999999999999
255.32,24.35,10,1,MANUAL,30.0,1.0,5.649999999999999
255.46,24.36,10,1,MANUAL,30.0,1.0,5.640000000000001
255.59,24.36,10,1,MANUAL,30.0,1.0,5.640000000000001
255.72,24.37,10,1,MANUAL,30.0,1.0,5.629999999999999
255.86,24.38,10,1,MANUAL,30.0,1.0,5.620000000000001
255.99,24.38,10,1,MANUAL,30.0,1.0,5.620000000000001
256.13,24.39,10,1,MANUAL,30.0,1.0,5.609999999999999
256.26,24.4,10,1,MANUAL,30.0,1.0,5.600000000000001
256.39,24.4,10,1,MANUAL,30.0,1.0,5.600000000000001
256.53,24.4,10,1,MANUAL,30.0,1.0,5.600000000000001
256.66,24.41,10,1,MANUAL,30.0,1.0,5.59
256.79,24.42,10,1,MANUAL,30.0,1.0,5.579999999999998
256.93,24.43,10,1,MANUAL,30.0,1.0,5.57
257.06,24.42,10,1,MANUAL,30.0,1.0,5.579999999999998
257.2,24.43,10,1,MANUAL,30.0,1.0,5.57
257.33,24.44,10,1,MANUAL,30.0,1.0,5.559999999999999
257.46,24.44,10,1,MANUAL,30.0,1.0,5.559999999999999
257.6,24.45,10,1,MANUAL,30.0,1.0,5.550000000000001
257.73,24.46,10,1,MANUAL,30.0,1.0,5.539999999999999
257.86,24.46,10,1,MANUAL,30.0,1.0,5.539999999999999
258.0,24.46,10,1,MANUAL,30.0,1.0,5.539999999999999
258.13,24.47,10,1,MANUAL,30.0,1.0,5.530000000000001
258.27,24.48,10,1,MANUAL,30.0,1.0,5.52
258.4,24.49,10,1,MANUAL,30.0,1.0,5.510000000000002
258.54,24.49,10,1,MANUAL,30.0,1.0,5.510000000000002
258.67,24.5,10,1,MANUAL,30.0,1.0,5.5
258.8,24.5,10,1,MANUAL,30.0,1.0,5.5
258.94,24.5,10,1,MANUAL,30.0,1.0,5.5
259.07,24.51,10,1,MANUAL,30.0,1.0,5.489999999999998
259.2,24.51,10,1,MANUAL,30.0,1.0,5.489999999999998
259.34,24.52,10,1,MANUAL,30.0,1.0,5.48
259.47,24.52,10,1,MANUAL,30.0,1.0,5.48
259.61,24.54,10,1,MANUAL,30.0,1.0,5.460000000000001
259.74,24.54,10,1,MANUAL,30.0,1.0,5.460000000000001
259.87,24.55,10,1,MANUAL,30.0,1.0,5.449999999999999
260.01,24.55,10,1,MANUAL,30.0,1.0,5.449999999999999
260.14,24.56,10,1,MANUAL,30.0,1.0,5.440000000000001
260.27,24.57,10,1,MANUAL,30.0,1.0,5.43
260.41,24.57,10,1,MANUAL,30.0,1.0,5.43
260.54,24.57,10,1,MANUAL,30.0,1.0,5.43
260.68,24.58,10,1,MANUAL,30.0,1.0,5.420000000000002
260.81,24.58,10,1,MANUAL,30.0,1.0,5.420000000000002
260.94,24.58,10,1,MANUAL,30.0,1.0,5.420000000000002
261.08,24.6,10,1,MANUAL,30.0,1.0,5.399999999999999
261.21,24.6,10,1,MANUAL,30.0,1.0,5.399999999999999
261.35,24.61,10,1,MANUAL,30.0,1.0,5.390000000000001
261.48,24.61,10,1,MANUAL,30.0,1.0,5.390000000000001
261.61,24.62,10,1,MANUAL,30.0,1.0,5.379999999999999
261.75,24.63,10,1,MANUAL,30.0,1.0,5.370000000000001
261.88,24.64,10,1,MANUAL,30.0,1.0,5.359999999999999
262.01,24.64,10,1,MANUAL,30.0,1.0,5.359999999999999
262.15,24.64,10,1,MANUAL,30.0,1.0,5.359999999999999
262.28,24.65,10,1,MANUAL,30.0,1.0,5.350000000000001
262.42,24.65,10,1,MANUAL,30.0,1.0,5.350000000000001
262.55,24.65,10,1,MANUAL,30.0,1.0,5.350000000000001
262.68,24.67,10,1,MANUAL,30.0,1.0,5.329999999999998
262.82,24.67,10,1,MANUAL,30.0,1.0,5.329999999999998
262.95,24.68,10,1,MANUAL,30.0,1.0,5.32
263.09,24.68,10,1,MANUAL,30.0,1.0,5.32
263.22,24.68,10,1,MANUAL,30.0,1.0,5.32
263.35,24.69,10,1,MANUAL,30.0,1.0,5.309999999999999
263.49,24.7,10,1,MANUAL,30.0,1.0,5.300000000000001
263.62,24.7,10,1,MANUAL,30.0,1.0,5.300000000000001
263.76,24.71,10,1,MANUAL,30.0,1.0,5.289999999999999
263.89,24.71,10,1,MANUAL,30.0,1.0,5.289999999999999
264.02,24.71,10,1,MANUAL,30.0,1.0,5.289999999999999
264.16,24.72,10,1,MANUAL,30.0,1.0,5.280000000000001
264.29,24.73,10,1,MANUAL,30.0,1.0,5.27
264.42,24.73,10,1,MANUAL,30.0,1.0,5.27
264.56,24.74,10,1,MANUAL,30.0,1.0,5.260000000000002
264.69,24.74,10,1,MANUAL,30.0,1.0,5.260000000000002
264.83,24.75,10,1,MANUAL,30.0,1.0,5.25
264.96,24.75,10,1,MANUAL,30.0,1.0,5.25
265.09,24.76,10,1,MANUAL,30.0,1.0,5.239999999999998
265.23,24.76,10,1,MANUAL,30.0,1.0,5.239999999999998
265.36,24.77,10,1,MANUAL,30.0,1.0,5.23
265.5,24.77,10,1,MANUAL,30.0,1.0,5.23
265.63,24.78,10,1,MANUAL,30.0,1.0,5.219999999999999
265.76,24.79,10,1,MANUAL,30.0,1.0,5.210000000000001
265.9,24.78,10,1,MANUAL,30.0,1.0,5.219999999999999
266.03,24.8,10,1,MANUAL,30.0,1.0,5.199999999999999
266.17,24.8,10,1,MANUAL,30.0,1.0,5.199999999999999
266.3,24.8,40,1,MANUAL,30.0,1.0,5.199999999999999
266.43,24.83,40,1,MANUAL,30.0,1.0,5.170000000000002
266.57,24.84,40,1,MANUAL,30.0,1.0,5.16
266.7,24.84,40,1,MANUAL,30.0,1.0,5.16
266.83,24.81,40,1,MANUAL,30.0,1.0,5.190000000000001
266.97,24.82,40,1,MANUAL,30.0,1.0,5.18
267.1,24.84,40,1,MANUAL,30.0,1.0,5.16
267.24,24.89,40,1,MANUAL,30.0,1.0,5.109999999999999
267.37,24.91,40,1,MANUAL,30.0,1.0,5.09
267.5,24.92,40,1,MANUAL,30.0,1.0,5.079999999999998
267.64,24.92,40,1,MANUAL,30.0,1.0,5.079999999999998
267.77,24.94,40,1,MANUAL,30.0,1.0,5.059999999999999
267.91,24.98,40,1,MANUAL,30.0,1.0,5.02
268.04,25.03,40,1,MANUAL,30.0,1.0,4.969999999999999
268.17,25.03,40,1,MANUAL,30.0,1.0,4.969999999999999
268.31,25.07,40,1,MANUAL,30.0,1.0,4.93
268.44,25.11,40,1,MANUAL,30.0,1.0,4.890000000000001
268.58,25.13,40,1,MANUAL,30.0,1.0,4.870000000000001
268.71,25.16,40,1,MANUAL,30.0,1.0,4.84
268.84,25.2,40,1,MANUAL,30.0,1.0,4.800000000000001
268.98,25.22,40,1,MANUAL,30.0,1.0,4.780000000000001
269.11,25.26,40,1,MANUAL,30.0,1.0,4.739999999999998
269.24,25.3,40,1,MANUAL,30.0,1.0,4.699999999999999
269.38,25.33,40,1,MANUAL,30.0,1.0,4.670000000000002
269.51,25.37,40,1,MANUAL,30.0,1.0,4.629999999999999
269.64,25.4,40,1,MANUAL,30.0,1.0,4.600000000000001
269.78,25.44,40,1,MANUAL,30.0,1.0,4.559999999999999
269.91,25.48,40,1,MANUAL,30.0,1.0,4.52
270.05,25.51,40,1,MANUAL,30.0,1.0,4.489999999999998
270.18,25.54,40,1,MANUAL,30.0,1.0,4.460000000000001
270.32,25.59,40,1,MANUAL,30.0,1.0,4.41
270.45,25.62,40,1,MANUAL,30.0,1.0,4.379999999999999
270.58,25.66,40,1,MANUAL,30.0,1.0,4.34
270.72,25.7,40,1,MANUAL,30.0,1.0,4.300000000000001
270.85,25.74,40,1,MANUAL,30.0,1.0,4.260000000000002
270.98,25.78,40,1,MANUAL,30.0,1.0,4.219999999999999
271.12,25.81,40,1,MANUAL,30.0,1.0,4.190000000000001
271.25,25.85,40,1,MANUAL,30.0,1.0,4.149999999999999
271.39,25.89,40,1,MANUAL,30.0,1.0,4.109999999999999
271.52,25.93,40,1,MANUAL,30.0,1.0,4.07
271.65,25.96,40,1,MANUAL,30.0,1.0,4.039999999999999
271.79,26.01,40,1,MANUAL,30.0,1.0,3.9899999999999984
271.92,26.04,40,1,MANUAL,30.0,1.0,3.960000000000001
272.06,26.08,40,1,MANUAL,30.0,1.0,3.9200000000000017
272.19,26.12,40,1,MANUAL,30.0,1.0,3.879999999999999
272.32,26.16,40,1,MANUAL,30.0,1.0,3.84
272.46,26.2,40,1,MANUAL,30.0,1.0,3.8000000000000007
272.59,26.23,40,1,MANUAL,30.0,1.0,3.7699999999999996
272.72,26.27,40,1,MANUAL,30.0,1.0,3.7300000000000004
272.86,26.31,40,1,MANUAL,30.0,1.0,3.6900000000000013
272.99,26.35,40,1,MANUAL,30.0,1.0,3.6499999999999986
273.13,26.39,40,1,MANUAL,30.0,1.0,3.6099999999999994
273.26,26.43,40,1,MANUAL,30.0,1.0,3.5700000000000003
273.39,26.47,40,1,MANUAL,30.0,1.0,3.530000000000001
273.53,26.5,40,1,MANUAL,30.0,1.0,3.5
273.66,26.55,40,1,MANUAL,30.0,1.0,3.4499999999999993
273.8,26.58,40,1,MANUAL,30.0,1.0,3.4200000000000017
273.93,26.62,40,1,MANUAL,30.0,1.0,3.379999999999999
274.06,26.66,40,1,MANUAL,30.0,1.0,3.34
274.2,26.7,40,1,MANUAL,30.0,1.0,3.3000000000000007
274.33,26.74,40,1,MANUAL,30.0,1.0,3.2600000000000016
274.47,26.78,40,1,MANUAL,30.0,1.0,3.219999999999999
274.6,26.81,40,1,MANUAL,30.0,1.0,3.1900000000000013
274.73,26.85,40,1,MANUAL,30.0,1.0,3.1499999999999986
274.87,26.89,40,1,MANUAL,30.0,1.0,3.1099999999999994
275.0,26.92,40,1,MANUAL,30.0,1.0,3.0799999999999983
275.14,26.97,40,1,MANUAL,30.0,1.0,3.030000000000001
275.27,27.0,40,1,MANUAL,30.0,1.0,3.0
275.4,27.04,40,1,MANUAL,30.0,1.0,2.960000000000001
275.54,27.08,40,1,MANUAL,30.0,1.0,2.9200000000000017
275.67,27.11,40,1,MANUAL,30.0,1.0,2.8900000000000006
275.8,27.15,40,1,MANUAL,30.0,1.0,2.8500000000000014
275.94,27.18,40,1,MANUAL,30.0,1.0,2.8200000000000003
276.07,27.23,40,1,MANUAL,30.0,1.0,2.7699999999999996
276.2,27.27,40,1,MANUAL,30.0,1.0,2.7300000000000004
276.34,27.3,40,1,MANUAL,30.0,1.0,2.6999999999999993
276.47,27.34,40,1,MANUAL,30.0,1.0,2.66
276.61,27.37,40,1,MANUAL,30.0,1.0,2.629999999999999
276.74,27.41,40,1,MANUAL,30.0,1.0,2.59
276.88,27.45,40,1,MANUAL,30.0,1.0,2.5500000000000007
277.01,27.48,40,1,MANUAL,30.0,1.0,2.5199999999999996
277.14,27.52,40,1,MANUAL,30.0,1.0,2.4800000000000004
277.28,27.55,40,1,MANUAL,30.0,1.0,2.4499999999999993
277.41,27.59,40,1,MANUAL,30.0,1.0,2.41
277.54,27.62,40,1,MANUAL,30.0,1.0,2.379999999999999
277.68,27.66,40,1,MANUAL,30.0,1.0,2.34
277.81,27.7,40,1,MANUAL,30.0,1.0,2.3000000000000007
277.95,27.74,40,1,MANUAL,30.0,1.0,2.2600000000000016
278.08,27.77,40,1,MANUAL,30.0,1.0,2.2300000000000004
278.21,27.8,40,1,MANUAL,30.0,1.0,2.1999999999999993
278.35,27.84,40,1,MANUAL,30.0,1.0,2.16
278.48,27.88,40,1,MANUAL,30.0,1.0,2.120000000000001
278.61,27.91,40,1,MANUAL,30.0,1.0,2.09
278.75,27.94,40,1,MANUAL,30.0,1.0,2.0599999999999987
278.88,27.98,40,1,MANUAL,30.0,1.0,2.0199999999999996
279.02,28.0,40,1,MANUAL,30.0,1.0,2.0
279.15,28.05,40,1,MANUAL,30.0,1.0,1.9499999999999993
279.28,28.08,40,1,MANUAL,30.0,1.0,1.9200000000000017
279.42,28.11,40,1,MANUAL,30.0,1.0,1.8900000000000006
279.55,28.15,40,1,MANUAL,30.0,1.0,1.8500000000000014
279.69,28.18,40,1,MANUAL,30.0,1.0,1.8200000000000003
279.82,28.22,40,1,MANUAL,30.0,1.0,1.7800000000000011
279.95,28.25,40,1,MANUAL,30.0,1.0,1.75
280.09,28.28,40,1,MANUAL,30.0,1.0,1.7199999999999989
280.22,28.32,40,1,MANUAL,30.0,1.0,1.6799999999999997
280.36,28.34,40,1,MANUAL,30.0,1.0,1.6600000000000001
280.49,28.38,40,1,MANUAL,30.0,1.0,1.620000000000001
280.62,28.42,40,1,MANUAL,30.0,1.0,1.5799999999999983
280.76,28.45,40,1,MANUAL,30.0,1.0,1.5500000000000007
280.89,28.49,40,1,MANUAL,30.0,1.0,1.5100000000000016
281.02,28.51,40,1,MANUAL,30.0,1.0,1.4899999999999984
281.16,28.56,40,1,MANUAL,30.0,1.0,1.4400000000000013
281.29,28.59,40,1,MANUAL,30.0,1.0,1.4100000000000001
281.42,28.61,40,1,MANUAL,30.0,1.0,1.3900000000000006
281.56,28.65,40,1,MANUAL,30.0,1.0,1.3500000000000014
281.69,28.68,40,1,MANUAL,30.0,1.0,1.3200000000000003
281.83,28.71,40,1,MANUAL,30.0,1.0,1.2899999999999991
281.96,28.75,40,1,MANUAL,30.0,1.0,1.25
282.1,28.77,40,1,MANUAL,30.0,1.0,1.2300000000000004
282.23,28.81,40,1,MANUAL,30.0,1.0,1.1900000000000013
282.36,28.85,40,1,MANUAL,30.0,1.0,1.1499999999999986
282.5,28.87,40,1,MANUAL,30.0,1.0,1.129999999999999
282.63,28.91,40,1,MANUAL,30.0,1.0,1.0899999999999999
282.77,28.94,40,1,MANUAL,30.0,1.0,1.0599999999999987
282.9,28.97,40,1,MANUAL,30.0,1.0,1.0300000000000011
283.03,28.99,40,1,MANUAL,30.0,1.0,1.0100000000000016
283.17,29.03,40,1,MANUAL,30.0,1.0,0.9699999999999989
283.3,29.06,40,1,MANUAL,30.0,1.0,0.9400000000000013
283.43,29.09,40,1,MANUAL,30.0,1.0,0.9100000000000001
283.57,29.12,40,1,MANUAL,30.0,1.0,0.879999999999999
283.7,29.14,40,1,MANUAL,30.0,1.0,0.8599999999999994
283.83,29.19,40,1,MANUAL,30.0,1.0,0.8099999999999987
283.97,29.22,40,1,MANUAL,30.0,1.0,0.7800000000000011
284.1,29.24,40,1,MANUAL,30.0,1.0,0.7600000000000016
284.24,29.27,40,1,MANUAL,30.0,1.0,0.7300000000000004
284.37,29.31,40,1,MANUAL,30.0,1.0,0.6900000000000013
284.51,29.34,40,1,MANUAL,30.0,1.0,0.6600000000000001
284.64,29.37,40,1,MANUAL,30.0,1.0,0.629999999999999
284.77,29.39,40,1,MANUAL,30.0,1.0,0.6099999999999994
284.91,29.42,40,1,MANUAL,30.0,1.0,0.5799999999999983
285.04,29.45,40,1,MANUAL,30.0,1.0,0.5500000000000007
285.17,29.48,40,1,MANUAL,30.0,1.0,0.5199999999999996
285.31,29.51,40,1,MANUAL,30.0,1.0,0.48999999999999844
285.44,29.54,40,1,MANUAL,30.0,1.0,0.46000000000000085
285.58,29.57,40,1,MANUAL,30.0,1.0,0.4299999999999997
285.71,29.6,40,1,MANUAL,30.0,1.0,0.3999999999999986
285.84,29.64,40,1,MANUAL,30.0,1.0,0.35999999999999943
285.98,29.66,40,1,MANUAL,30.0,1.0,0.33999999999999986
286.11,29.69,40,1,MANUAL,30.0,1.0,0.3099999999999987
286.24,29.71,40,1,MANUAL,30.0,1.0,0.28999999999999915
286.38,29.75,40,1,MANUAL,30.0,1.0,0.25
286.51,29.78,40,1,MANUAL,30.0,1.0,0.21999999999999886
286.65,29.81,40,1,MANUAL,30.0,1.0,0.19000000000000128
286.78,29.84,40,1,MANUAL,30.0,1.0,0.16000000000000014
286.91,29.87,40,1,MANUAL,30.0,1.0,0.129999999999999
287.05,29.9,40,1,MANUAL,30.0,1.0,0.10000000000000142
287.18,29.93,40,1,MANUAL,30.0,1.0,0.07000000000000028
287.32,29.95,40,1,MANUAL,30.0,1.0,0.05000000000000071
287.45,29.98,40,1,MANUAL,30.0,1.0,0.019999999999999574
287.58,30.02,40,1,MANUAL,30.0,1.0,-0.019999999999999574
287.72,30.04,40,1,MANUAL,30.0,1.0,-0.03999999999999915
287.85,30.06,40,1,MANUAL,30.0,1.0,-0.05999999999999872
287.98,30.09,40,1,MANUAL,30.0,1.0,-0.08999999999999986
288.12,30.12,40,1,MANUAL,30.0,1.0,-0.120000000000001
288.25,30.15,40,1,MANUAL,30.0,1.0,-0.14999999999999858
288.39,30.18,40,1,MANUAL,30.0,1.0,-0.17999999999999972
288.52,30.21,40,1,MANUAL,30.0,1.0,-0.21000000000000085
288.65,30.23,40,1,MANUAL,30.0,1.0,-0.23000000000000043
288.79,30.26,40,1,MANUAL,30.0,1.0,-0.26000000000000156
288.92,30.29,40,1,MANUAL,30.0,1.0,-0.28999999999999915
289.05,30.33,40,1,MANUAL,30.0,1.0,-0.3299999999999983
289.19,30.35,40,1,MANUAL,30.0,1.0,-0.3500000000000014
289.32,30.37,40,1,MANUAL,30.0,1.0,-0.370000000000001
289.46,30.41,40,1,MANUAL,30.0,1.0,-0.41000000000000014
289.59,30.42,40,1,MANUAL,30.0,1.0,-0.4200000000000017
289.73,30.46,40,1,MANUAL,30.0,1.0,-0.46000000000000085
289.86,30.48,40,1,MANUAL,30.0,1.0,-0.4800000000000004
289.99,30.51,40,1,MANUAL,30.0,1.0,-0.5100000000000016
290.13,30.54,40,1,MANUAL,30.0,1.0,-0.5399999999999991
290.26,30.57,40,1,MANUAL,30.0,1.0,-0.5700000000000003
290.39,30.6,40,1,MANUAL,30.0,1.0,-0.6000000000000014
290.53,30.62,40,1,MANUAL,30.0,1.0,-0.620000000000001
290.66,30.65,40,1,MANUAL,30.0,1.0,-0.6499999999999986
290.8,30.67,40,1,MANUAL,30.0,1.0,-0.6700000000000017
290.93,30.7,40,1,MANUAL,30.0,1.0,-0.6999999999999993
291.06,30.72,40,1,MANUAL,30.0,1.0,-0.7199999999999989
291.2,30.75,40,1,MANUAL,30.0,1.0,-0.75
291.33,30.78,40,1,MANUAL,30.0,1.0,-0.7800000000000011
291.47,30.8,40,1,MANUAL,30.0,1.0,-0.8000000000000007
291.6,30.83,40,1,MANUAL,30.0,1.0,-0.8299999999999983
291.73,30.86,40,1,MANUAL,30.0,1.0,-0.8599999999999994
291.87,30.88,40,1,MANUAL,30.0,1.0,-0.879999999999999
292.0,30.91,40,1,MANUAL,30.0,1.0,-0.9100000000000001
292.13,30.94,40,1,MANUAL,30.0,1.0,-0.9400000000000013
292.27,30.96,40,1,MANUAL,30.0,1.0,-0.9600000000000009
292.4,30.99,40,1,MANUAL,30.0,1.0,-0.9899999999999984
292.54,31.02,40,1,MANUAL,30.0,1.0,-1.0199999999999996
292.67,31.03,40,1,MANUAL,30.0,1.0,-1.0300000000000011
292.8,31.07,40,1,MANUAL,30.0,1.0,-1.0700000000000003
292.94,31.09,40,1,MANUAL,30.0,1.0,-1.0899999999999999
293.07,31.12,40,1,MANUAL,30.0,1.0,-1.120000000000001
293.21,31.14,40,1,MANUAL,30.0,1.0,-1.1400000000000006
293.34,31.17,40,1,MANUAL,30.0,1.0,-1.1700000000000017
293.47,31.2,40,1,MANUAL,30.0,1.0,-1.1999999999999993
293.61,31.22,40,1,MANUAL,30.0,1.0,-1.2199999999999989
293.74,31.25,40,1,MANUAL,30.0,1.0,-1.25
293.87,31.27,40,1,MANUAL,30.0,1.0,-1.2699999999999996
294.01,31.3,40,1,MANUAL,30.0,1.0,-1.3000000000000007
294.14,31.32,40,1,MANUAL,30.0,1.0,-1.3200000000000003
294.28,31.35,40,1,MANUAL,30.0,1.0,-1.3500000000000014
294.41,31.38,40,1,MANUAL,30.0,1.0,-1.379999999999999
294.54,31.4,40,1,MANUAL,30.0,1.0,-1.3999999999999986
294.68,31.43,40,1,MANUAL,30.0,1.0,-1.4299999999999997
294.81,31.45,40,1,MANUAL,30.0,1.0,-1.4499999999999993
294.95,31.47,40,1,MANUAL,30.0,1.0,-1.4699999999999989
295.08,31.51,40,1,MANUAL,30.0,1.0,-1.5100000000000016
295.21,31.53,40,1,MANUAL,30.0,1.0,-1.5300000000000011
295.35,31.55,40,1,MANUAL,30.0,1.0,-1.5500000000000007
295.48,31.57,40,1,MANUAL,30.0,1.0,-1.5700000000000003
295.61,31.6,40,1,MANUAL,30.0,1.0,-1.6000000000000014
295.75,31.62,40,1,MANUAL,30.0,1.0,-1.620000000000001
295.88,31.66,40,1,MANUAL,30.0,1.0,-1.6600000000000001
296.02,31.66,40,1,MANUAL,30.0,1.0,-1.6600000000000001
296.15,31.7,40,1,MANUAL,30.0,1.0,-1.6999999999999993
296.28,31.73,40,1,MANUAL,30.0,1.0,-1.7300000000000004
296.42,31.75,40,1,MANUAL,30.0,1.0,-1.75
296.55,31.77,40,1,MANUAL,30.0,1.0,-1.7699999999999996
296.69,31.8,40,1,MANUAL,30.0,1.0,-1.8000000000000007
296.82,31.82,40,1,MANUAL,30.0,1.0,-1.8200000000000003
296.95,31.84,40,1,MANUAL,30.0,1.0,-1.8399999999999999
297.09,31.87,40,1,MANUAL,30.0,1.0,-1.870000000000001
297.22,31.9,40,1,MANUAL,30.0,1.0,-1.8999999999999986
297.36,31.92,40,1,MANUAL,30.0,1.0,-1.9200000000000017
297.49,31.95,40,1,MANUAL,30.0,1.0,-1.9499999999999993
297.62,31.98,40,1,MANUAL,30.0,1.0,-1.9800000000000004
297.76,31.99,40,1,MANUAL,30.0,1.0,-1.9899999999999984
297.89,32.02,40,1,MANUAL,30.0,1.0,-2.020000000000003
298.02,32.04,40,1,MANUAL,30.0,1.0,-2.039999999999999
298.16,32.06,40,1,MANUAL,30.0,1.0,-2.0600000000000023
298.29,32.09,40,1,MANUAL,30.0,1.0,-2.0900000000000034
298.43,32.11,40,1,MANUAL,30.0,1.0,-2.1099999999999994
298.56,32.13,40,1,MANUAL,30.0,1.0,-2.1300000000000026
298.69,32.16,40,1,MANUAL,30.0,1.0,-2.1599999999999966
298.83,32.18,40,1,MANUAL,30.0,1.0,-2.1799999999999997
298.96,32.2,40,1,MANUAL,30.0,1.0,-2.200000000000003
299.1,32.24,40,1,MANUAL,30.0,1.0,-2.240000000000002
299.23,32.24,40,1,MANUAL,30.0,1.0,-2.240000000000002
299.36,32.28,40,1,MANUAL,30.0,1.0,-2.280000000000001
299.5,32.29,40,1,MANUAL,30.0,1.0,-2.289999999999999
299.63,32.3,40,1,MANUAL,30.0,1.0,-2.299999999999997
299.76,32.34,40,1,MANUAL,30.0,1.0,-2.3400000000000034
299.9,32.38,40,1,MANUAL,30.0,1.0,-2.3800000000000026
300.03,32.41,40,1,MANUAL,30.0,1.0,-2.4099999999999966
300.17,32.43,40,1,MANUAL,30.0,1.0,-2.4299999999999997
300.3,32.43,40,1,MANUAL,30.0,1.0,-2.4299999999999997
300.43,32.46,40,1,MANUAL,30.0,1.0,-2.460000000000001
300.57,32.48,40,1,MANUAL,30.0,1.0,-2.479999999999997
300.7,32.51,40,1,MANUAL,30.0,1.0,-2.509999999999998
300.83,32.52,40,1,MANUAL,30.0,1.0,-2.520000000000003
300.97,32.54,40,1,MANUAL,30.0,1.0,-2.539999999999999
301.1,32.58,40,1,MANUAL,30.0,1.0,-2.5799999999999983
301.24,32.6,40,1,MANUAL,30.0,1.0,-2.6000000000000014
301.37,32.62,40,1,MANUAL,30.0,1.0,-2.6199999999999974
301.5,32.64,40,1,MANUAL,30.0,1.0,-2.6400000000000006
301.64,32.66,40,1,MANUAL,30.0,1.0,-2.6599999999999966
301.77,32.68,40,1,MANUAL,30.0,1.0,-2.6799999999999997
301.91,32.71,40,1,MANUAL,30.0,1.0,-2.710000000000001
302.04,32.73,40,1,MANUAL,30.0,1.0,-2.729999999999997
302.17,32.75,40,1,MANUAL,30.0,1.0,-2.75
302.31,32.79,40,1,MANUAL,30.0,1.0,-2.789999999999999
302.44,32.8,40,1,MANUAL,30.0,1.0,-2.799999999999997
302.58,32.82,40,1,MANUAL,30.0,1.0,-2.8200000000000003
302.71,32.85,40,1,MANUAL,30.0,1.0,-2.8500000000000014
302.84,32.86,40,1,MANUAL,30.0,1.0,-2.8599999999999994
302.98,32.89,40,1,MANUAL,30.0,1.0,-2.8900000000000006
303.11,32.91,40,1,MANUAL,30.0,1.0,-2.9099999999999966
303.25,32.93,40,1,MANUAL,30.0,1.0,-2.9299999999999997
303.38,32.95,40,1,MANUAL,30.0,1.0,-2.950000000000003
303.51,32.98,40,1,MANUAL,30.0,1.0,-2.979999999999997
303.65,33.0,40,1,MANUAL,30.0,1.0,-3.0
303.78,33.02,40,1,MANUAL,30.0,1.0,-3.020000000000003
303.91,33.04,40,1,MANUAL,30.0,1.0,-3.039999999999999
304.05,33.07,40,1,MANUAL,30.0,1.0,-3.0700000000000003
304.18,33.08,40,1,MANUAL,30.0,1.0,-3.0799999999999983
304.32,33.11,40,1,MANUAL,30.0,1.0,-3.1099999999999994
304.45,33.12,40,1,MANUAL,30.0,1.0,-3.1199999999999974
304.58,33.14,40,1,MANUAL,30.0,1.0,-3.1400000000000006
304.72,33.17,40,1,MANUAL,30.0,1.0,-3.1700000000000017
304.85,33.19,40,1,MANUAL,30.0,1.0,-3.1899999999999977
304.98,33.22,40,1,MANUAL,30.0,1.0,-3.219999999999999
305.12,33.23,40,1,MANUAL,30.0,1.0,-3.229999999999997
305.25,33.26,40,1,MANUAL,30.0,1.0,-3.259999999999998
305.39,33.28,40,1,MANUAL,30.0,1.0,-3.280000000000001
305.52,33.3,40,1,MANUAL,30.0,1.0,-3.299999999999997
305.65,33.31,40,1,MANUAL,30.0,1.0,-3.3100000000000023
305.79,33.35,40,1,MANUAL,30.0,1.0,-3.3500000000000014
305.92,33.36,40,1,MANUAL,30.0,1.0,-3.3599999999999994
306.06,33.38,40,1,MANUAL,30.0,1.0,-3.3800000000000026
306.19,33.4,40,1,MANUAL,30.0,1.0,-3.3999999999999986
306.32,33.43,40,1,MANUAL,30.0,1.0,-3.4299999999999997
306.46,33.44,40,1,MANUAL,30.0,1.0,-3.4399999999999977
306.59,33.47,40,1,MANUAL,30.0,1.0,-3.469999999999999
306.73,33.49,40,1,MANUAL,30.0,1.0,-3.490000000000002
306.86,33.51,40,1,MANUAL,30.0,1.0,-3.509999999999998
306.99,33.52,40,1,MANUAL,30.0,1.0,-3.520000000000003
307.13,33.54,40,1,MANUAL,30.0,1.0,-3.539999999999999
307.26,33.58,40,1,MANUAL,30.0,1.0,-3.5799999999999983
307.39,33.58,40,1,MANUAL,30.0,1.0,-3.5799999999999983
307.53,33.61,40,1,MANUAL,30.0,1.0,-3.6099999999999994
307.66,33.62,40,1,MANUAL,30.0,1.0,-3.6199999999999974
307.8,33.64,40,1,MANUAL,30.0,1.0,-3.6400000000000006
307.93,33.68,40,1,MANUAL,30.0,1.0,-3.6799999999999997
308.06,33.68,40,1,MANUAL,30.0,1.0,-3.6799999999999997
308.2,33.7,0,1,MANUAL,30.0,1.0,-3.700000000000003
308.33,33.74,0,1,MANUAL,30.0,1.0,-3.740000000000002
308.46,33.76,0,1,MANUAL,30.0,1.0,-3.759999999999998
308.6,33.78,0,1,MANUAL,30.0,1.0,-3.780000000000001
308.73,33.79,0,1,MANUAL,30.0,1.0,-3.789999999999999
308.86,33.8,0,1,MANUAL,30.0,1.0,-3.799999999999997
309.0,33.81,0,1,MANUAL,30.0,1.0,-3.8100000000000023
309.13,33.81,0,1,MANUAL,30.0,1.0,-3.8100000000000023
309.26,33.81,0,1,MANUAL,30.0,1.0,-3.8100000000000023
309.39,33.81,0,1,MANUAL,30.0,1.0,-3.8100000000000023
309.53,33.81,0,1,MANUAL,30.0,1.0,-3.8100000000000023
309.66,33.8,0,1,MANUAL,30.0,1.0,-3.799999999999997
309.79,33.8,0,1,MANUAL,30.0,1.0,-3.799999999999997
309.92,33.79,0,1,MANUAL,30.0,1.0,-3.789999999999999
310.06,33.78,0,1,MANUAL,30.0,1.0,-3.780000000000001
310.19,33.77,0,1,MANUAL,30.0,1.0,-3.770000000000003
310.32,33.75,0,1,MANUAL,30.0,1.0,-3.75
310.46,33.74,0,1,MANUAL,30.0,1.0,-3.740000000000002
310.59,33.72,0,1,MANUAL,30.0,1.0,-3.719999999999999
310.72,33.71,0,1,MANUAL,30.0,1.0,-3.710000000000001
310.85,33.69,0,1,MANUAL,30.0,1.0,-3.6899999999999977
310.99,33.67,0,1,MANUAL,30.0,1.0,-3.6700000000000017
311.12,33.65,0,1,MANUAL,30.0,1.0,-3.6499999999999986
311.25,33.64,0,1,MANUAL,30.0,1.0,-3.6400000000000006
311.39,33.61,0,1,MANUAL,30.0,1.0,-3.6099999999999994
311.52,33.59,0,1,MANUAL,30.0,1.0,-3.5900000000000034
311.65,33.58,0,1,MANUAL,30.0,1.0,-3.5799999999999983
311.78,33.56,0,1,MANUAL,30.0,1.0,-3.5600000000000023
311.92,33.53,0,1,MANUAL,30.0,1.0,-3.530000000000001
312.05,33.51,0,1,MANUAL,30.0,1.0,-3.509999999999998
312.18,33.48,0,1,MANUAL,30.0,1.0,-3.479999999999997
312.32,33.46,0,1,MANUAL,30.0,1.0,-3.460000000000001
312.45,33.44,0,1,MANUAL,30.0,1.0,-3.4399999999999977
312.58,33.42,0,1,MANUAL,30.0,1.0,-3.4200000000000017
312.71,33.39,0,1,MANUAL,30.0,1.0,-3.3900000000000006
312.85,33.37,0,1,MANUAL,30.0,1.0,-3.3699999999999974
312.98,33.34,0,1,MANUAL,30.0,1.0,-3.3400000000000034
313.11,33.32,0,1,MANUAL,30.0,1.0,-3.3200000000000003
313.25,33.29,0,1,MANUAL,30.0,1.0,-3.289999999999999
313.38,33.27,0,1,MANUAL,30.0,1.0,-3.270000000000003
313.51,33.24,0,1,MANUAL,30.0,1.0,-3.240000000000002
313.64,33.22,0,1,MANUAL,30.0,1.0,-3.219999999999999
313.78,33.19,0,1,MANUAL,30.0,1.0,-3.1899999999999977
313.91,33.16,0,1,MANUAL,30.0,1.0,-3.1599999999999966
314.04,33.14,0,1,MANUAL,30.0,1.0,-3.1400000000000006
314.17,33.12,0,1,MANUAL,30.0,1.0,-3.1199999999999974
314.31,33.09,0,1,MANUAL,30.0,1.0,-3.0900000000000034
314.44,33.06,0,1,MANUAL,30.0,1.0,-3.0600000000000023
314.57,33.03,0,1,MANUAL,30.0,1.0,-3.030000000000001
314.71,33.01,0,1,MANUAL,30.0,1.0,-3.009999999999998
314.84,32.98,0,1,MANUAL,30.0,1.0,-2.979999999999997
314.97,32.95,0,1,MANUAL,30.0,1.0,-2.950000000000003
315.11,32.94,0,1,MANUAL,30.0,1.0,-2.9399999999999977
315.24,32.9,0,1,MANUAL,30.0,1.0,-2.8999999999999986
315.37,32.88,0,1,MANUAL,30.0,1.0,-2.8800000000000026
315.5,32.85,0,1,MANUAL,30.0,1.0,-2.8500000000000014
315.64,32.82,0,1,MANUAL,30.0,1.0,-2.8200000000000003
315.77,32.8,0,1,MANUAL,30.0,1.0,-2.799999999999997
315.9,32.77,0,1,MANUAL,30.0,1.0,-2.770000000000003
316.04,32.74,0,1,MANUAL,30.0,1.0,-2.740000000000002
316.17,32.72,0,1,MANUAL,30.0,1.0,-2.719999999999999
316.3,32.69,0,1,MANUAL,30.0,1.0,-2.6899999999999977
316.43,32.66,0,1,MANUAL,30.0,1.0,-2.6599999999999966
316.57,32.64,0,1,MANUAL,30.0,1.0,-2.6400000000000006
316.7,32.61,0,1,MANUAL,30.0,1.0,-2.6099999999999994
316.83,32.59,0,1,MANUAL,30.0,1.0,-2.5900000000000034
316.96,32.56,0,1,MANUAL,30.0,1.0,-2.5600000000000023
317.1,32.53,0,1,MANUAL,30.0,1.0,-2.530000000000001
317.23,32.5,0,1,MANUAL,30.0,1.0,-2.5
317.36,32.48,0,1,MANUAL,30.0,1.0,-2.479999999999997
317.5,32.45,0,1,MANUAL,30.0,1.0,-2.450000000000003
317.63,32.43,0,1,MANUAL,30.0,1.0,-2.4299999999999997
317.76,32.4,0,1,MANUAL,30.0,1.0,-2.3999999999999986
317.89,32.38,0,1,MANUAL,30.0,1.0,-2.3800000000000026
318.03,32.35,0,1,MANUAL,30.0,1.0,-2.3500000000000014
318.16,32.33,0,1,MANUAL,30.0,1.0,-2.3299999999999983
318.29,32.3,0,1,MANUAL,30.0,1.0,-2.299999999999997
318.42,32.28,0,1,MANUAL,30.0,1.0,-2.280000000000001
318.56,32.25,0,1,MANUAL,30.0,1.0,-2.25
318.69,32.23,0,1,MANUAL,30.0,1.0,-2.229999999999997
318.82,32.2,0,1,MANUAL,30.0,1.0,-2.200000000000003
318.96,32.18,0,1,MANUAL,30.0,1.0,-2.1799999999999997
319.09,32.16,0,1,MANUAL,30.0,1.0,-2.1599999999999966
319.22,32.13,0,1,MANUAL,30.0,1.0,-2.1300000000000026
319.35,32.11,0,1,MANUAL,30.0,1.0,-2.1099999999999994
319.49,32.08,0,1,MANUAL,30.0,1.0,-2.0799999999999983
319.62,32.06,0,1,MANUAL,30.0,1.0,-2.0600000000000023
319.75,32.04,0,1,MANUAL,30.0,1.0,-2.039999999999999
319.89,32.01,0,1,MANUAL,30.0,1.0,-2.009999999999998
320.02,31.99,0,1,MANUAL,30.0,1.0,-1.9899999999999984
320.15,31.96,0,1,MANUAL,30.0,1.0,-1.9600000000000009
320.28,31.94,0,1,MANUAL,30.0,1.0,-1.9400000000000013
320.42,31.92,0,1,MANUAL,30.0,1.0,-1.9200000000000017
320.55,31.89,0,1,MANUAL,30.0,1.0,-1.8900000000000006
320.68,31.87,0,1,MANUAL,30.0,1.0,-1.870000000000001
320.82,31.85,0,1,MANUAL,30.0,1.0,-1.8500000000000014
320.95,31.83,0,1,MANUAL,30.0,1.0,-1.8299999999999983
321.08,31.8,0,1,MANUAL,30.0,1.0,-1.8000000000000007
321.21,31.78,0,1,MANUAL,30.0,1.0,-1.7800000000000011
321.35,31.76,0,1,MANUAL,30.0,1.0,-1.7600000000000016
321.48,31.73,0,1,MANUAL,30.0,1.0,-1.7300000000000004
321.61,31.71,0,1,MANUAL,30.0,1.0,-1.7100000000000009
321.75,31.69,0,1,MANUAL,30.0,1.0,-1.6900000000000013
321.88,31.67,0,1,MANUAL,30.0,1.0,-1.6700000000000017
322.01,31.65,0,1,MANUAL,30.0,1.0,-1.6499999999999986
322.14,31.62,0,1,MANUAL,30.0,1.0,-1.620000000000001
322.28,31.6,0,1,MANUAL,30.0,1.0,-1.6000000000000014
322.41,31.58,0,1,MANUAL,30.0,1.0,-1.5799999999999983
322.54,31.56,0,1,MANUAL,30.0,1.0,-1.5599999999999987
322.67,31.54,0,1,MANUAL,30.0,1.0,-1.5399999999999991
322.81,31.52,0,1,MANUAL,30.0,1.0,-1.5199999999999996
322.94,31.49,0,1,MANUAL,30.0,1.0,-1.4899999999999984
323.07,31.47,0,1,MANUAL,30.0,1.0,-1.4699999999999989
323.21,31.45,0,1,MANUAL,30.0,1.0,-1.4499999999999993
323.34,31.43,0,1,MANUAL,30.0,1.0,-1.4299999999999997
323.47,31.41,0,1,MANUAL,30.0,1.0,-1.4100000000000001
323.61,31.39,0,1,MANUAL,30.0,1.0,-1.3900000000000006
323.74,31.36,0,1,MANUAL,30.0,1.0,-1.3599999999999994
323.87,31.34,0,1,MANUAL,30.0,1.0,-1.3399999999999999
324.0,31.33,0,1,MANUAL,30.0,1.0,-1.3299999999999983
324.14,31.3,0,1,MANUAL,30.0,1.0,-1.3000000000000007
324.27,31.28,0,1,MANUAL,30.0,1.0,-1.2800000000000011
324.4,31.27,0,1,MANUAL,30.0,1.0,-1.2699999999999996
324.54,31.24,0,1,MANUAL,30.0,1.0,-1.2399999999999984
324.67,31.22,0,1,MANUAL,30.0,1.0,-1.2199999999999989
324.8,31.2,0,1,MANUAL,30.0,1.0,-1.1999999999999993
324.93,31.18,0,1,MANUAL,30.0,1.0,-1.1799999999999997
325.07,31.16,0,1,MANUAL,30.0,1.0,-1.1600000000000001
325.2,31.14,0,1,MANUAL,30.0,1.0,-1.1400000000000006
325.33,31.12,0,1,MANUAL,30.0,1.0,-1.120000000000001
325.46,31.11,0,1,MANUAL,30.0,1.0,-1.1099999999999994
325.6,31.08,0,1,MANUAL,30.0,1.0,-1.0799999999999983
325.73,31.06,0,1,MANUAL,30.0,1.0,-1.0599999999999987
325.86,31.04,0,1,MANUAL,30.0,1.0,-1.0399999999999991
326.0,31.02,0,1,MANUAL,30.0,1.0,-1.0199999999999996
326.13,31.0,0,1,MANUAL,30.0,1.0,-1.0
326.26,30.99,0,1,MANUAL,30.0,1.0,-0.9899999999999984
326.39,30.97,0,1,MANUAL,30.0,1.0,-0.9699999999999989
326.53,30.95,0,1,MANUAL,30.0,1.0,-0.9499999999999993
326.66,30.93,0,1,MANUAL,30.0,1.0,-0.9299999999999997
326.79,30.91,0,1,MANUAL,30.0,1.0,-0.9100000000000001
326.92,30.89,0,1,MANUAL,30.0,1.0,-0.8900000000000006
327.06,30.87,0,1,MANUAL,30.0,1.0,-0.870000000000001
327.19,30.85,0,1,MANUAL,30.0,1.0,-0.8500000000000014
327.32,30.84,0,1,MANUAL,30.0,1.0,-0.8399999999999999
327.46,30.81,0,1,MANUAL,30.0,1.0,-0.8099999999999987
327.59,30.8,0,1,MANUAL,30.0,1.0,-0.8000000000000007
327.72,30.78,0,1,MANUAL,30.0,1.0,-0.7800000000000011
327.86,30.76,0,1,MANUAL,30.0,1.0,-0.7600000000000016
327.99,30.74,0,1,MANUAL,30.0,1.0,-0.7399999999999984
328.12,30.72,0,1,MANUAL,30.0,1.0,-0.7199999999999989
328.25,30.71,0,1,MANUAL,30.0,1.0,-0.7100000000000009
328.39,30.69,0,1,MANUAL,30.0,1.0,-0.6900000000000013
328.52,30.68,0,1,MANUAL,30.0,1.0,-0.6799999999999997
328.65,30.65,0,1,MANUAL,30.0,1.0,-0.6499999999999986
328.78,30.64,0,1,MANUAL,30.0,1.0,-0.6400000000000006
328.92,30.62,0,1,MANUAL,30.0,1.0,-0.620000000000001
329.05,30.6,0,1,MANUAL,30.0,1.0,-0.6000000000000014
329.18,30.58,0,1,MANUAL,30.0,1.0,-0.5799999999999983
329.32,30.57,0,1,MANUAL,30.0,1.0,-0.5700000000000003
329.45,30.55,0,1,MANUAL,30.0,1.0,-0.5500000000000007
329.58,30.53,0,1,MANUAL,30.0,1.0,-0.5300000000000011
329.71,30.51,0,1,MANUAL,30.0,1.0,-0.5100000000000016
329.85,30.5,0,1,MANUAL,30.0,1.0,-0.5
329.98,30.48,0,1,MANUAL,30.0,1.0,-0.4800000000000004
330.11,30.46,0,1,MANUAL,30.0,1.0,-0.46000000000000085
330.25,30.44,0,1,MANUAL,30.0,1.0,-0.4400000000000013
330.38,30.43,0,1,MANUAL,30.0,1.0,-0.4299999999999997
330.51,30.41,0,1,MANUAL,30.0,1.0,-0.41000000000000014
330.64,30.39,0,1,MANUAL,30.0,1.0,-0.39000000000000057
330.78,30.37,0,1,MANUAL,30.0,1.0,-0.370000000000001
330.91,30.36,0,1,MANUAL,30.0,1.0,-0.35999999999999943
331.04,30.34,0,1,MANUAL,30.0,1.0,-0.33999999999999986
331.17,30.32,0,1,MANUAL,30.0,1.0,-0.3200000000000003
331.31,30.31,0,1,MANUAL,30.0,1.0,-0.3099999999999987
331.44,30.29,0,1,MANUAL,30.0,1.0,-0.28999999999999915
331.57,30.27,0,1,MANUAL,30.0,1.0,-0.2699999999999996
331.71,30.26,0,1,MANUAL,30.0,1.0,-0.26000000000000156
331.84,30.24,0,1,MANUAL,30.0,1.0,-0.23999999999999844
331.97,30.22,0,1,MANUAL,30.0,1.0,-0.21999999999999886
332.11,30.21,0,1,MANUAL,30.0,1.0,-0.21000000000000085
332.24,30.19,0,1,MANUAL,30.0,1.0,-0.19000000000000128
332.37,30.17,0,1,MANUAL,30.0,1.0,-0.1700000000000017
332.5,30.16,0,1,MANUAL,30.0,1.0,-0.16000000000000014
332.64,30.14,0,1,MANUAL,30.0,1.0,-0.14000000000000057
332.77,30.13,0,1,MANUAL,30.0,1.0,-0.129999999999999
332.9,30.11,0,1,MANUAL,30.0,1.0,-0.10999999999999943
333.04,30.09,0,1,MANUAL,30.0,1.0,-0.08999999999999986
333.17,30.08,0,1,MANUAL,30.0,1.0,-0.0799999999999983
333.3,30.06,0,1,MANUAL,30.0,1.0,-0.05999999999999872
333.43,30.04,0,1,MANUAL,30.0,1.0,-0.03999999999999915
333.57,30.03,0,1,MANUAL,30.0,1.0,-0.030000000000001137
333.7,30.0,0,1,MANUAL,30.0,1.0,0.0
333.83,29.99,0,1,MANUAL,30.0,1.0,0.010000000000001563
333.97,29.98,0,1,MANUAL,30.0,1.0,0.019999999999999574
334.1,29.97,0,1,MANUAL,30.0,1.0,0.030000000000001137
334.23,29.96,0,1,MANUAL,30.0,1.0,0.03999999999999915
334.36,29.93,0,1,MANUAL,30.0,1.0,0.07000000000000028
334.5,29.91,0,1,MANUAL,30.0,1.0,0.08999999999999986
334.63,29.89,0,1,MANUAL,30.0,1.0,0.10999999999999943
334.76,29.89,0,1,MANUAL,30.0,1.0,0.10999999999999943
334.89,29.88,0,1,MANUAL,30.0,1.0,0.120000000000001
335.03,29.87,0,1,MANUAL,30.0,1.0,0.129999999999999
335.16,29.86,0,1,MANUAL,30.0,1.0,0.14000000000000057
335.29,29.83,0,1,MANUAL,30.0,1.0,0.1700000000000017
335.43,29.81,0,1,MANUAL,30.0,1.0,0.19000000000000128
335.56,29.81,0,1,MANUAL,30.0,1.0,0.19000000000000128
335.69,29.8,0,1,MANUAL,30.0,1.0,0.1999999999999993
335.82,29.79,0,1,MANUAL,30.0,1.0,0.21000000000000085
335.96,29.78,0,1,MANUAL,30.0,1.0,0.21999999999999886
336.09,29.77,0,1,MANUAL,30.0,1.0,0.23000000000000043
336.22,29.76,0,1,MANUAL,30.0,1.0,0.23999999999999844
336.36,29.74,0,1,MANUAL,30.0,1.0,0.26000000000000156
336.49,29.72,0,1,MANUAL,30.0,1.0,0.28000000000000114
336.62,29.71,0,1,MANUAL,30.0,1.0,0.28999999999999915
336.75,29.71,0,1,MANUAL,30.0,1.0,0.28999999999999915
336.89,29.7,0,1,MANUAL,30.0,1.0,0.3000000000000007
337.02,29.69,0,1,MANUAL,30.0,1.0,0.3099999999999987
337.15,29.68,0,1,MANUAL,30.0,1.0,0.3200000000000003
337.29,29.67,0,1,MANUAL,30.0,1.0,0.3299999999999983
337.42,29.64,0,1,MANUAL,30.0,1.0,0.35999999999999943
337.55,29.63,0,1,MANUAL,30.0,1.0,0.370000000000001
337.68,29.62,0,1,MANUAL,30.0,1.0,0.379999999999999
337.82,29.62,0,1,MANUAL,30.0,1.0,0.379999999999999
337.95,29.62,0,1,MANUAL,30.0,1.0,0.379999999999999
338.08,29.61,0,1,MANUAL,30.0,1.0,0.39000000000000057
338.22,29.6,0,1,MANUAL,30.0,1.0,0.3999999999999986
338.35,29.6,0,1,MANUAL,30.0,1.0,0.3999999999999986
338.48,29.59,0,1,MANUAL,30.0,1.0,0.41000000000000014
338.61,29.57,0,1,MANUAL,30.0,1.0,0.4299999999999997
338.75,29.54,0,1,MANUAL,30.0,1.0,0.46000000000000085
338.88,29.53,0,1,MANUAL,30.0,1.0,0.46999999999999886
339.01,29.53,0,1,MANUAL,30.0,1.0,0.46999999999999886
339.14,29.52,0,1,MANUAL,30.0,1.0,0.4800000000000004
339.28,29.52,0,1,MANUAL,30.0,1.0,0.4800000000000004
339.41,29.51,0,1,MANUAL,30.0,1.0,0.48999999999999844
339.54,29.5,0,1,MANUAL,30.0,1.0,0.5
339.68,29.5,0,1,MANUAL,30.0,1.0,0.5
339.81,29.47,0,1,MANUAL,30.0,1.0,0.5300000000000011
339.94,29.45,0,1,MANUAL,30.0,1.0,0.5500000000000007
340.07,29.44,0,1,MANUAL,30.0,1.0,0.5599999999999987
340.21,29.44,0,1,MANUAL,30.0,1.0,0.5599999999999987
340.34,29.44,0,1,MANUAL,30.0,1.0,0.5599999999999987
340.47,29.43,0,1,MANUAL,30.0,1.0,0.5700000000000003
340.61,29.43,0,1,MANUAL,30.0,1.0,0.5700000000000003
340.74,29.42,0,1,MANUAL,30.0,1.0,0.5799999999999983
340.87,29.42,0,1,MANUAL,30.0,1.0,0.5799999999999983
341.0,29.41,0,1,MANUAL,30.0,1.0,0.5899999999999999
341.14,29.4,0,1,MANUAL,30.0,1.0,0.6000000000000014
341.27,29.38,0,1,MANUAL,30.0,1.0,0.620000000000001
341.4,29.36,0,1,MANUAL,30.0,1.0,0.6400000000000006
341.54,29.35,0,1,MANUAL,30.0,1.0,0.6499999999999986
341.67,29.35,0,1,MANUAL,30.0,1.0,0.6499999999999986
341.8,29.34,0,1,MANUAL,30.0,1.0,0.6600000000000001
341.93,29.34,0,1,MANUAL,30.0,1.0,0.6600000000000001
342.07,29.33,0,1,MANUAL,30.0,1.0,0.6700000000000017
342.2,29.33,0,1,MANUAL,30.0,1.0,0.6700000000000017
342.33,29.32,0,1,MANUAL,30.0,1.0,0.6799999999999997
342.47,29.32,0,1,MANUAL,30.0,1.0,0.6799999999999997
342.6,29.31,0,1,MANUAL,30.0,1.0,0.6900000000000013
342.73,29.29,0,1,MANUAL,30.0,1.0,0.7100000000000009
342.86,29.27,0,1,MANUAL,30.0,1.0,0.7300000000000004
343.0,29.26,0,1,MANUAL,30.0,1.0,0.7399999999999984
343.13,29.26,0,1,MANUAL,30.0,1.0,0.7399999999999984
343.26,29.25,0,1,MANUAL,30.0,1.0,0.75
