time_s,temperature_C,pwm,heat_cool
0.11,14.72,0,0
0.24,14.74,0,0
0.37,14.76,0,0
0.5,14.78,0,0
0.63,14.79,0,0
0.76,14.83,0,0
0.9,14.85,0,0
1.03,14.87,0,0
1.16,14.89,0,0
1.29,14.91,0,0
1.42,14.94,0,0
1.55,14.96,0,0
1.68,14.99,0,0
1.81,15.02,0,0
1.94,15.03,0,0
2.07,15.06,0,0
2.2,15.09,0,0
2.33,15.12,0,0
2.47,15.15,0,0
2.6,15.16,0,0
2.73,15.2,0,0
2.86,15.22,0,0
2.99,15.24,0,0
3.12,15.27,0,0
3.25,15.3,0,0
3.38,15.31,0,0
3.51,15.34,0,0
3.64,15.37,0,0
3.77,15.39,0,0
3.9,15.42,0,0
4.03,15.42,0,0
4.17,15.48,0,0
4.3,15.48,0,0
4.43,15.52,0,0
4.56,15.54,0,0
4.69,15.56,0,0
4.82,15.59,0,0
4.95,15.64,0,0
5.08,15.63,0,0
5.21,15.66,100,0
5.34,15.67,100,0
5.48,15.71,100,0
5.61,15.72,100,0
5.74,15.73,100,0
5.88,15.73,100,0
6.01,15.74,100,0
6.14,15.74,100,0
6.27,15.75,100,0
6.41,15.74,100,0
6.54,15.73,100,0
6.67,15.68,100,0
6.8,15.68,100,0
6.94,15.68,100,0
7.07,15.64,100,0
7.2,15.63,100,0
7.34,15.62,100,0
7.47,15.58,100,0
7.6,15.55,100,0
7.74,15.52,100,0
7.87,15.49,100,0
8.0,15.49,100,0
8.13,15.44,100,0
8.27,15.41,100,0
8.4,15.4,100,0
8.53,15.35,100,0
8.67,15.32,100,0
8.8,15.31,100,0
8.93,15.27,100,0
9.06,15.24,100,0
9.2,15.23,100,0
9.33,15.19,100,0
9.46,15.17,100,0
9.59,15.15,100,0
9.73,15.11,100,0
9.86,15.08,100,0
9.99,15.06,100,0
10.13,15.01,100,0
10.26,15.01,100,0
10.39,14.97,100,0
10.53,14.94,100,0
10.66,14.91,100,0
10.8,14.89,100,0
10.93,14.85,100,0
11.06,14.85,100,0
11.2,14.84,100,0
11.33,14.8,100,0
11.46,14.77,100,0
11.6,14.76,100,0
11.73,14.73,100,0
11.87,14.72,100,0
12.0,14.69,100,0
12.13,14.68,100,0
12.27,14.67,100,0
12.4,14.65,100,0
12.53,14.61,100,0
12.67,14.59,100,0
12.8,14.57,100,0
12.94,14.55,100,0
13.07,14.54,100,0
13.2,14.52,100,0
13.34,14.51,100,0
13.47,14.48,100,0
13.6,14.47,100,0
13.74,14.45,100,0
13.87,14.43,100,0
14.01,14.43,100,0
14.14,14.42,100,0
14.27,14.41,100,0
14.41,14.37,100,0
14.54,14.37,100,0
14.68,14.35,100,0
14.81,14.32,100,0
14.94,14.32,100,0
15.08,14.32,100,0
15.21,14.3,100,0
15.35,14.3,100,0
15.48,14.28,100,0
15.61,14.26,100,0
15.75,14.24,100,0
15.88,14.22,100,0
16.01,14.2,100,0
16.15,14.24,100,0
16.28,14.21,100,0
16.42,14.21,100,0
16.55,14.18,100,0
16.68,14.18,100,0
16.82,14.16,100,0
16.95,14.15,100,0
17.09,14.15,100,0
17.22,14.1,100,0
17.35,14.12,100,0
17.49,14.14,100,0
17.62,14.11,100,0
17.76,14.1,100,0
17.89,14.09,100,0
18.02,14.09,100,0
18.16,14.05,100,0
18.29,14.07,100,0
18.42,14.06,100,0
18.56,14.03,100,0
18.69,14.03,100,0
18.83,14.03,100,0
18.96,14.02,100,0
19.09,14.03,100,0
19.23,14.0,100,0
19.36,14.0,100,0
19.5,13.99,100,0
19.63,13.98,100,0
19.76,13.98,100,0
19.9,13.97,100,0
20.03,13.95,100,0
20.16,13.97,100,0
20.3,13.94,100,0
20.43,13.94,100,0
20.57,13.93,100,0
20.7,13.93,100,0
20.83,13.93,100,0
20.97,13.92,100,0
21.1,13.92,100,0
21.23,13.9,100,0
21.37,13.9,100,0
21.5,13.89,100,0
21.64,13.9,100,0
21.77,13.86,100,0
21.9,13.87,100,0
22.04,13.87,100,0
22.17,13.87,100,0
22.31,13.84,100,0
22.44,13.83,100,0
22.57,13.84,100,0
22.71,13.83,100,0
22.84,13.82,100,0
22.97,13.81,100,0
23.11,13.82,100,0
23.24,13.81,100,0
23.38,13.8,100,0
23.51,13.81,100,0
23.64,13.8,100,0
23.78,13.78,100,0
23.91,13.8,100,0
24.05,13.76,100,0
24.18,13.8,100,0
24.31,13.8,100,0
24.45,13.79,100,0
24.58,13.77,100,0
24.72,13.74,100,0
24.85,13.78,100,0
24.98,13.75,100,0
25.12,13.76,100,0
25.25,13.74,100,0
25.38,13.77,100,0
25.52,13.75,100,0
25.65,13.72,100,0
25.79,13.74,100,0
25.92,13.73,100,0
26.05,13.72,100,0
26.19,13.71,100,0
26.32,13.71,100,0
26.46,13.72,100,0
26.59,13.71,100,0
26.72,13.69,100,0
26.86,13.69,100,0
26.99,13.69,100,0
27.12,13.68,100,0
27.26,13.69,100,0
27.39,13.67,100,0
27.53,13.67,100,0
27.66,13.66,100,0
27.79,13.66,100,0
27.93,13.66,100,0
28.06,13.65,100,0
28.19,13.65,100,0
28.33,13.65,100,0
28.46,13.62,100,0
28.6,13.63,100,0
28.73,13.65,100,0
28.86,13.63,100,0
29.0,13.63,100,0
29.13,13.64,100,0
29.27,13.62,100,0
29.4,13.63,100,0
29.53,13.61,100,0
29.67,13.61,100,0
29.8,13.61,100,0
29.93,13.6,100,0
30.07,13.59,100,0
30.2,13.61,100,0
30.34,13.6,100,0
30.47,13.59,100,0
30.6,13.59,100,0
30.74,13.57,100,0
30.87,13.59,100,0
31.01,13.58,100,0
31.14,13.58,100,0
31.27,13.58,100,0
31.41,13.55,100,0
31.54,13.54,100,0
31.68,13.57,100,0
31.81,13.55,100,0
31.94,13.56,100,0
32.08,13.57,100,0
32.21,13.57,100,0
32.35,13.54,100,0
32.48,13.53,100,0
32.61,13.54,100,0
32.75,13.52,100,0
32.88,13.53,100,0
33.01,13.5,100,0
33.15,13.55,100,0
33.28,13.54,100,0
33.42,13.53,100,0
33.55,13.52,100,0
33.68,13.5,100,0
33.82,13.5,100,0
33.95,13.51,100,0
34.09,13.51,100,0
34.22,13.5,100,0
34.35,13.5,100,0
34.49,13.52,100,0
34.62,13.5,100,0
34.75,13.49,100,0
34.89,13.49,100,0
35.02,13.47,100,0
35.15,13.49,100,0
35.29,13.49,100,0
35.42,13.49,100,0
35.56,13.47,100,0
35.69,13.48,100,0
35.83,13.5,100,0
35.96,13.46,100,0
36.09,13.47,100,0
36.23,13.47,100,0
36.36,13.46,100,0
36.49,13.46,100,0
36.63,13.46,100,0
36.76,13.46,100,0
36.9,13.43,100,0
37.03,13.45,100,0
37.16,13.46,100,0
37.3,13.44,100,0
37.43,13.44,100,0
37.56,13.44,100,0
37.7,13.43,100,0
37.83,13.43,100,0
37.97,13.44,100,0
38.1,13.43,100,0
38.24,13.42,100,0
38.37,13.42,100,0
38.5,13.42,100,0
38.64,13.41,100,0
38.77,13.41,100,0
38.9,13.41,100,0
39.04,13.42,100,0
39.17,13.42,100,0
39.31,13.4,100,0
39.44,13.4,100,0
39.57,13.4,100,0
39.71,13.41,100,0
39.84,13.42,100,0
39.97,13.41,100,0
40.11,13.4,100,0
40.24,13.39,100,0
40.38,13.36,100,0
40.51,13.38,100,0
40.64,13.36,100,0
40.78,13.37,100,0
40.91,13.39,100,0
41.05,13.36,100,0
41.18,13.38,100,0
41.31,13.38,100,0
41.45,13.36,100,0
41.58,13.35,100,0
41.71,13.36,100,0
41.85,13.36,100,0
41.98,13.35,100,0
42.12,13.36,100,0
42.25,13.33,100,0
42.38,13.34,100,0
42.52,13.36,100,0
42.65,13.33,100,0
42.79,13.33,100,0
42.92,13.34,100,0
43.05,13.31,100,0
43.19,13.32,100,0
43.32,13.33,100,0
43.46,13.32,100,0
43.59,13.34,100,0
43.72,13.33,100,0
43.86,13.29,100,0
43.99,13.32,100,0
44.12,13.31,100,0
44.26,13.32,100,0
44.39,13.31,100,0
44.53,13.31,100,0
44.66,13.3,100,0
44.79,13.31,100,0
44.93,13.29,100,0
45.06,13.32,100,0
45.2,13.3,100,0
45.33,13.3,100,0
45.46,13.31,100,0
45.6,13.3,100,0
45.73,13.3,100,0
45.86,13.29,100,0
46.0,13.29,100,0
46.13,13.26,100,0
46.27,13.27,100,0
46.4,13.28,100,0
46.53,13.27,100,0
46.67,13.27,100,0
46.8,13.27,100,0
46.94,13.27,100,0
47.07,13.26,100,0
47.2,13.27,100,0
47.34,13.27,100,0
47.47,13.26,100,0
47.6,13.26,100,0
47.74,13.27,100,0
47.87,13.23,100,0
48.01,13.24,100,0
48.14,13.27,100,0
48.27,13.26,100,0
48.41,13.24,100,0
48.54,13.25,100,0
48.68,13.26,100,0
48.81,13.24,100,0
48.94,13.24,100,0
49.08,13.24,100,0
49.21,13.23,100,0
49.34,13.22,100,0
49.48,13.23,100,0
49.61,13.23,100,0
49.75,13.23,100,0
49.88,13.25,100,0
50.01,13.23,100,0
50.15,13.21,100,0
50.28,13.22,100,0
50.42,13.23,100,0
50.55,13.21,100,0
50.68,13.21,100,0
50.82,13.22,100,0
50.95,13.19,100,0
51.08,13.19,100,0
51.22,13.2,100,0
51.35,13.2,100,0
51.49,13.2,100,0
51.62,13.18,100,0
51.75,13.19,100,0
51.89,13.2,100,0
52.02,13.2,100,0
52.15,13.18,100,0
52.29,13.18,100,0
52.42,13.18,100,0
52.56,13.19,100,0
52.69,13.18,100,0
52.83,13.16,100,0
52.96,13.18,100,0
53.09,13.18,100,0
53.23,13.17,100,0
53.36,13.18,100,0
53.49,13.2,100,0
53.63,13.14,100,0
53.76,13.15,100,0
53.9,13.15,100,0
54.03,13.17,100,0
54.16,13.15,100,0
54.3,13.15,100,0
54.43,13.16,100,0
54.56,13.16,100,0
54.7,13.17,100,0
54.83,13.16,100,0
54.97,13.12,100,0
55.1,13.14,100,0
55.23,13.15,100,0
55.37,13.14,100,0
55.5,13.12,100,0
55.63,13.14,100,0
55.77,13.11,100,0
55.9,13.13,100,0
56.04,13.13,100,0
56.17,13.13,100,0
56.3,13.13,100,0
56.44,13.12,100,0
56.57,13.1,100,0
56.71,13.13,100,0
56.84,13.12,100,0
56.97,13.12,100,0
57.11,13.1,100,0
57.24,13.13,100,0
57.38,13.11,100,0
57.51,13.12,100,0
57.64,13.1,100,0
57.78,13.13,100,0
57.91,13.12,100,0
58.04,13.11,100,0
58.18,13.1,100,0
58.31,13.1,100,0
58.45,13.08,100,0
58.58,13.1,100,0
58.71,13.11,100,0
58.85,13.1,100,0
58.98,13.1,100,0
59.12,13.1,100,0
59.25,13.09,100,0
59.38,13.09,100,0
59.52,13.09,100,0
59.65,13.09,100,0
59.79,13.08,100,0
59.92,13.07,100,0
60.05,13.07,100,0
60.19,13.06,100,0
60.32,13.1,100,0
60.45,13.06,100,0
60.59,13.08,100,0
60.72,13.06,100,0
60.86,13.09,100,0
60.99,13.07,100,0
61.12,13.08,100,0
61.26,13.06,100,0
61.39,13.07,100,0
61.52,13.06,100,0
61.66,13.05,100,0
61.79,13.05,100,0
61.93,13.06,100,0
62.06,13.06,100,0
62.19,13.07,100,0
62.33,13.08,100,0
62.46,13.04,100,0
62.6,13.04,100,0
62.73,13.05,100,0
62.86,13.05,100,0
63.0,13.07,100,0
63.13,13.05,100,0
63.26,13.04,100,0
63.4,13.01,100,0
63.53,13.04,100,0
63.67,13.04,100,0
63.8,13.04,100,0
63.93,13.03,100,0
64.07,13.01,100,0
64.2,13.03,100,0
64.33,13.04,100,0
64.47,13.02,100,0
64.6,13.04,100,0
64.74,13.02,100,0
64.87,13.02,100,0
65.0,13.02,100,0
65.14,13.02,100,0
65.27,13.02,100,0
65.41,13.03,100,0
65.54,13.0,100,0
65.67,13.0,100,0
65.81,13.01,100,0
65.94,13.0,100,0
66.07,13.01,100,0
66.21,13.01,100,0
66.34,13.01,100,0
66.48,13.0,100,0
66.61,13.0,100,0
66.75,13.01,100,0
66.88,12.99,100,0
67.01,12.99,100,0
67.15,13.0,100,0
67.28,12.98,100,0
67.41,13.0,100,0
67.55,13.02,100,0
67.68,13.0,100,0
67.82,12.99,100,0
67.95,12.98,100,0
68.08,12.99,100,0
68.22,12.99,100,0
68.35,12.99,100,0
68.48,12.97,100,0
68.62,12.96,100,0
68.75,12.99,100,0
68.89,12.99,100,0
69.02,12.96,100,0
69.15,12.97,100,0
69.29,12.98,100,0
69.42,12.97,100,0
69.56,12.98,100,0
69.69,12.99,100,0
69.82,12.99,100,0
69.96,12.96,100,0
70.09,12.96,100,0
70.22,12.95,100,0
70.36,12.97,100,0
70.49,12.98,100,0
70.63,12.96,100,0
70.76,12.96,100,0
70.89,12.97,100,0
71.03,12.95,100,0
71.16,12.98,100,0
71.3,12.96,100,0
71.43,12.95,100,0
71.56,12.93,100,0
71.7,12.97,100,0
71.83,12.94,100,0
71.96,12.96,100,0
72.1,12.96,100,0
72.23,12.95,100,0
72.37,12.94,100,0
72.5,12.94,100,0
72.63,12.96,100,0
72.77,12.95,100,0
72.9,12.93,100,0
73.04,12.94,100,0
73.17,12.96,100,0
73.3,12.93,100,0
73.44,12.95,100,0
73.57,12.93,100,0
73.7,12.95,100,0
73.84,12.95,100,0
73.97,12.92,100,0
74.11,12.93,100,0
74.24,12.92,100,0
74.37,12.91,100,0
74.51,12.93,100,0
74.64,12.93,100,0
74.78,12.91,100,0
74.91,12.95,100,0
75.04,12.93,100,0
75.18,12.94,100,0
75.31,12.93,100,0
75.45,12.92,100,0
75.58,12.9,100,0
75.71,12.93,100,0
75.85,12.91,100,0
75.98,12.91,100,0
76.11,12.92,100,0
76.25,12.93,100,0
76.38,12.9,100,0
76.52,12.91,100,0
76.65,12.9,100,0
76.78,12.91,100,0
76.92,12.91,100,0
77.05,12.89,100,0
77.19,12.92,100,0
77.32,12.91,100,0
77.45,12.89,100,0
77.59,12.92,100,0
77.72,12.9,100,0
77.86,12.89,100,0
77.99,12.89,100,0
78.12,12.9,100,0
78.26,12.89,100,0
78.39,12.89,100,0
78.52,12.88,100,0
78.66,12.89,100,0
78.79,12.89,100,0
78.93,12.88,100,0
79.06,12.91,100,0
79.19,12.88,100,0
79.33,12.87,100,0
79.46,12.9,100,0
79.59,12.89,100,0
79.73,12.86,100,0
79.86,12.86,100,0
80.0,12.87,100,0
80.13,12.88,100,0
80.26,12.88,100,0
80.4,12.87,100,0
80.53,12.89,100,0
80.67,12.88,100,0
80.8,12.89,100,0
80.93,12.87,100,0
81.07,12.87,100,0
81.2,12.87,100,0
81.34,12.86,100,0
81.47,12.88,100,0
81.6,12.84,100,0
81.74,12.87,100,0
81.87,12.86,100,0
82.0,12.87,100,0
82.14,12.87,100,0
82.27,12.86,100,0
82.41,12.87,100,0
82.54,12.84,100,0
82.67,12.85,100,0
82.81,12.85,100,0
82.94,12.83,100,0
83.08,12.87,100,0
83.21,12.85,100,0
83.34,12.85,100,0
83.48,12.84,100,0
83.61,12.86,100,0
83.75,12.86,100,0
83.88,12.86,100,0
84.01,12.86,100,0
84.15,12.85,100,0
84.28,12.84,100,0
84.41,12.85,100,0
84.55,12.85,100,0
84.68,12.85,100,0
84.82,12.84,100,0
84.95,12.84,100,0
85.08,12.82,100,0
85.22,12.82,100,0
85.35,12.83,100,0
85.48,12.84,100,0
85.62,12.83,100,0
85.75,12.84,100,0
85.89,12.83,100,0
86.02,12.83,100,0
86.15,12.83,100,0
86.29,12.83,100,0
86.42,12.83,100,0
86.56,12.82,100,0
86.69,12.83,100,0
86.82,12.83,100,0
86.96,12.83,100,0
87.09,12.81,100,0
87.23,12.81,100,0
87.36,12.82,100,0
87.49,12.82,100,0
87.63,12.81,100,0
87.76,12.81,100,0
87.89,12.79,100,0
88.03,12.82,100,0
88.16,12.81,100,0
88.3,12.81,100,0
88.43,12.83,100,0
88.56,12.81,100,0
88.7,12.79,100,0
88.83,12.79,100,0
88.97,12.8,100,0
89.1,12.8,100,0
89.23,12.81,100,0
89.37,12.81,100,0
89.5,12.81,100,0
89.63,12.8,100,0
89.77,12.79,100,0
89.9,12.8,100,0
90.04,12.78,100,0
90.17,12.8,100,0
90.3,12.8,100,0
90.44,12.78,100,0
90.57,12.82,100,0
90.71,12.79,100,0
90.84,12.79,100,0
90.97,12.78,100,0
91.11,12.8,100,0
91.24,12.79,100,0
91.38,12.77,100,0
91.51,12.8,100,0
91.64,12.78,100,0
91.78,12.81,100,0
91.91,12.8,100,0
92.04,12.78,100,0
92.18,12.78,100,0
92.31,12.77,100,0
92.45,12.76,100,0
92.58,12.76,100,0
92.71,12.75,100,0
92.85,12.77,100,0
92.98,12.77,100,0
93.12,12.77,100,0
93.25,12.78,100,0
93.38,12.77,100,0
93.52,12.78,100,0
93.65,12.77,100,0
93.79,12.8,100,0
93.92,12.76,100,0
94.05,12.77,100,0
94.19,12.77,100,0
94.32,12.78,100,0
94.45,12.77,100,0
94.59,12.77,100,0
94.72,12.75,100,0
94.86,12.76,100,0
94.99,12.73,100,0
95.12,12.76,100,0
95.26,12.76,100,0
95.39,12.76,100,0
95.52,12.77,100,0
95.66,12.77,100,0
95.79,12.76,100,0
95.93,12.78,100,0
96.06,12.74,100,0
96.19,12.76,100,0
96.33,12.75,100,0
96.46,12.76,100,0
96.6,12.75,100,0
96.73,12.76,100,0
96.86,12.74,100,0
97.0,12.75,100,0
97.13,12.76,100,0
97.26,12.77,100,0
97.4,12.75,100,0
97.53,12.74,100,0
97.67,12.75,100,0
97.8,12.75,100,0
97.93,12.73,100,0
98.07,12.76,100,0
98.2,12.73,100,0
98.34,12.76,100,0
98.47,12.74,100,0
98.61,12.74,100,0
98.74,12.77,100,0
98.87,12.75,100,0
99.01,12.73,100,0
99.14,12.72,100,0
99.27,12.73,100,0
99.41,12.74,100,0
99.54,12.72,100,0
99.68,12.72,100,0
99.81,12.72,100,0
99.94,12.71,100,0
100.08,12.72,100,0
100.21,12.73,100,0
100.35,12.74,100,0
100.48,12.73,100,0
100.62,12.73,100,0
100.75,12.73,100,0
100.89,12.72,100,0
101.02,12.7,100,0
101.16,12.72,100,0
101.29,12.71,100,0
101.43,12.73,100,0
101.56,12.7,100,0
101.7,12.73,100,0
101.83,12.71,100,0
101.96,12.73,100,0
102.1,12.72,100,0
102.24,12.72,100,0
102.37,12.7,100,0
102.5,12.71,100,0
102.64,12.72,100,0
102.77,12.71,100,0
102.91,12.74,100,0
103.04,12.71,100,0
103.18,12.69,100,0
103.31,12.72,100,0
103.45,12.69,100,0
103.58,12.71,100,0
103.72,12.69,100,0
103.85,12.7,100,0
103.99,12.7,100,0
104.12,12.7,100,0
104.26,12.7,100,0
104.39,12.69,100,0
104.53,12.7,100,0
104.66,12.68,100,0
104.8,12.7,100,0
104.93,12.69,100,0
105.07,12.72,100,0
105.2,12.69,100,0
105.34,12.68,100,0
105.47,12.68,100,0
105.61,12.73,100,0
105.74,12.68,100,0
105.88,12.68,100,0
106.01,12.69,100,0
106.15,12.67,100,0
106.28,12.68,100,0
106.42,12.68,100,0
106.55,12.67,100,0
106.69,12.68,100,0
106.82,12.68,100,0
106.96,12.66,100,0
107.09,12.68,100,0
107.23,12.66,100,0
107.36,12.67,100,0
107.5,12.68,100,0
107.63,12.67,100,0
107.77,12.67,100,0
107.9,12.69,100,0
108.04,12.67,100,0
108.17,12.67,100,0
108.31,12.67,100,0
108.44,12.66,100,0
108.57,12.68,100,0
108.71,12.66,100,0
108.85,12.67,100,0
108.98,12.66,100,0
109.11,12.67,100,0
109.25,12.66,100,0
109.38,12.66,100,0
109.52,12.66,100,0
109.65,12.66,100,0
109.79,12.64,100,0
109.93,12.66,100,0
110.06,12.67,100,0
110.19,12.66,100,0
110.33,12.68,100,0
110.46,12.67,100,0
110.6,12.65,100,0
110.73,12.64,100,0
110.87,12.66,100,0
111.0,12.65,100,0
111.14,12.65,100,0
111.27,12.63,100,0
111.41,12.66,100,0
111.54,12.65,100,0
111.68,12.64,100,0
111.81,12.65,100,0
111.95,12.65,100,0
112.08,12.64,100,0
112.22,12.65,100,0
112.35,12.64,100,0
112.49,12.63,100,0
112.62,12.65,100,0
112.76,12.64,100,0
112.89,12.64,100,0
113.03,12.64,100,0
113.16,12.64,100,0
113.3,12.63,100,0
113.43,12.64,100,0
113.57,12.64,100,0
113.7,12.63,100,0
113.84,12.63,100,0
113.97,12.63,100,0
114.11,12.63,100,0
114.24,12.63,100,0
114.38,12.64,100,0
114.51,12.63,100,0
114.65,12.63,100,0
114.78,12.63,100,0
114.92,12.62,100,0
115.05,12.6,100,0
115.18,12.63,100,0
115.32,12.62,100,0
115.46,12.63,100,0
115.59,12.63,100,0
115.72,12.63,100,0
115.86,12.62,100,0
116.0,12.63,100,0
116.13,12.62,100,0
116.26,12.62,100,0
116.4,12.61,100,0
116.54,12.61,100,0
116.67,12.63,100,0
116.8,12.62,100,0
116.94,12.62,100,0
117.07,12.62,100,0
117.21,12.62,100,0
117.34,12.61,100,0
117.48,12.61,100,0
117.61,12.63,100,0
117.75,12.61,100,0
117.88,12.62,100,0
118.02,12.61,100,0
118.15,12.61,100,0
118.29,12.61,100,0
118.42,12.61,100,0
118.56,12.61,100,0
118.69,12.62,100,0
118.83,12.62,100,0
118.96,12.6,100,0
119.1,12.61,100,0
119.23,12.61,100,0
119.37,12.61,100,0
119.5,12.6,100,0
119.64,12.6,100,0
119.77,12.6,100,0
119.91,12.63,100,0
120.04,12.61,100,0
120.18,12.58,100,0
120.31,12.6,100,0
120.45,12.6,100,0
120.58,12.6,100,0
120.72,12.61,100,0
120.85,12.61,100,0
120.99,12.59,100,0
121.12,12.61,100,0
121.26,12.6,100,0
121.39,12.62,100,0
121.53,12.6,100,0
121.66,12.59,100,0
121.8,12.6,100,0
121.93,12.6,100,0
122.06,12.59,100,0
122.2,12.59,100,0
122.34,12.59,100,0
122.47,12.58,100,0
122.61,12.6,100,0
122.74,12.59,100,0
122.87,12.57,100,0
123.01,12.58,100,0
123.14,12.59,100,0
123.28,12.58,100,0
123.41,12.61,100,0
123.55,12.59,100,0
123.68,12.58,100,0
123.82,12.58,100,0
123.95,12.58,100,0
124.09,12.57,100,0
124.22,12.58,100,0
124.36,12.58,100,0
124.49,12.6,100,0
124.63,12.59,100,0
124.76,12.58,100,0
124.9,12.56,100,0
125.03,12.57,100,0
125.17,12.58,100,0
125.3,12.58,100,0
125.44,12.57,100,0
125.57,12.58,100,0
125.71,12.58,100,0
125.84,12.56,100,0
125.98,12.57,100,0
126.11,12.58,100,0
126.25,12.59,100,0
126.38,12.58,100,0
126.52,12.58,100,0
126.65,12.58,100,0
126.79,12.58,100,0
126.92,12.57,100,0
127.06,12.56,100,0
127.19,12.57,100,0
127.33,12.57,100,0
127.46,12.57,100,0
127.6,12.57,100,0
127.73,12.56,100,0
127.87,12.57,100,0
128.0,12.57,100,0
128.14,12.57,100,0
128.27,12.57,100,0
128.41,12.57,100,0
128.54,12.56,100,0
128.68,12.57,100,0
128.81,12.55,100,0
128.95,12.57,100,0
129.08,12.59,100,0
129.22,12.56,100,0
129.35,12.56,100,0
129.49,12.56,100,0
129.62,12.56,100,0
129.76,12.56,100,0
129.89,12.55,100,0
130.02,12.58,100,0
130.16,12.56,100,0
130.29,12.57,100,0
130.43,12.56,100,0
130.57,12.55,100,0
130.7,12.55,100,0
130.83,12.55,100,0
130.97,12.56,100,0
131.1,12.53,100,0
131.24,12.55,100,0
131.37,12.54,100,0
131.51,12.54,100,0
131.64,12.53,100,0
131.78,12.55,100,0
131.91,12.54,100,0
132.05,12.55,100,0
132.18,12.56,100,0
132.32,12.54,100,0
132.45,12.56,100,0
132.59,12.55,100,0
132.72,12.55,100,0
132.86,12.55,100,0
132.99,12.55,100,0
133.13,12.53,100,0
133.26,12.55,100,0
133.4,12.54,100,0
133.53,12.56,100,0
133.67,12.54,100,0
133.8,12.54,100,0
133.94,12.54,100,0
134.07,12.54,100,0
134.21,12.54,100,0
134.34,12.52,100,0
134.48,12.54,100,0
134.61,12.54,100,0
134.75,12.55,100,0
134.88,12.53,100,0
135.02,12.53,100,0
135.15,12.53,100,0
135.29,12.53,100,0
135.42,12.53,100,0
135.56,12.53,100,0
135.69,12.53,100,0
135.83,12.53,100,0
135.96,12.55,100,0
136.1,12.52,100,0
136.24,12.54,100,0
136.37,12.52,100,0
136.51,12.54,100,0
136.64,12.53,100,0
136.77,12.53,100,0
136.91,12.52,100,0
137.04,12.55,100,0
137.18,12.53,100,0
137.31,12.54,100,0
137.45,12.54,100,0
137.58,12.53,100,0
137.72,12.54,100,0
137.85,12.53,100,0
137.99,12.53,100,0
138.12,12.53,100,0
138.26,12.52,100,0
138.39,12.53,100,0
138.53,12.52,100,0
138.66,12.52,100,0
138.8,12.54,100,0
138.93,12.53,100,0
139.07,12.53,100,0
139.2,12.53,100,0
139.34,12.53,100,0
139.47,12.52,100,0
139.61,12.52,100,0
139.74,12.52,100,0
139.88,12.52,100,0
140.01,12.52,100,0
140.15,12.52,100,0
140.28,12.5,100,0
140.42,12.52,100,0
140.55,12.52,100,0
140.69,12.53,100,0
140.82,12.52,100,0
140.96,12.52,100,0
141.09,12.5,100,0
141.23,12.53,100,0
141.36,12.52,100,0
141.5,12.52,100,0
141.63,12.52,100,0
141.77,12.49,100,0
141.9,12.53,100,0
142.04,12.52,100,0
142.17,12.52,100,0
142.31,12.53,100,0
142.44,12.54,100,0
142.58,12.52,100,0
142.71,12.53,100,0
142.85,12.52,100,0
142.98,12.53,100,0
143.12,12.52,100,0
143.25,12.53,100,0
143.38,12.53,100,0
143.52,12.53,100,0
143.65,12.53,100,0
143.79,12.53,100,0
143.93,12.53,100,0
144.06,12.53,100,0
144.19,12.53,100,0
144.33,12.52,100,0
144.46,12.53,100,0
144.6,12.55,100,0
144.73,12.53,100,0
144.87,12.53,100,0
145.0,12.53,100,0
145.14,12.54,100,0
145.27,12.52,100,0
145.41,12.53,100,0
145.54,12.53,100,0
145.68,12.52,100,0
145.81,12.53,100,0
145.95,12.53,100,0
146.08,12.52,100,0
146.22,12.52,100,0
146.35,12.53,100,0
146.49,12.52,100,0
146.62,12.51,100,0
146.76,12.52,100,0
146.89,12.51,100,0
147.03,12.52,100,0
147.16,12.51,100,0
147.3,12.5,100,0
147.43,12.52,100,0
147.57,12.5,100,0
147.7,12.51,100,0
147.84,12.52,100,0
147.97,12.51,100,0
148.11,12.53,100,0
148.24,12.51,100,0
148.38,12.51,100,0
148.51,12.5,100,0
148.65,12.5,100,0
148.78,12.49,100,0
148.92,12.5,100,0
149.05,12.48,100,0
149.19,12.49,100,0
149.32,12.49,100,0
149.46,12.48,100,0
149.59,12.48,100,0
149.73,12.48,100,0
149.86,12.45,100,0
150.0,12.49,100,0
150.13,12.48,100,0
150.27,12.48,100,0
150.4,12.48,100,0
150.54,12.48,100,0
150.67,12.47,100,0
150.8,12.49,100,0
150.94,12.46,100,0
151.07,12.49,100,0
151.21,12.48,100,0
151.35,12.47,100,0
151.48,12.47,100,0
151.61,12.47,100,0
151.75,12.48,100,0
151.88,12.48,100,0
152.02,12.48,100,0
152.15,12.47,100,0
152.29,12.47,100,0
152.42,12.47,100,0
152.56,12.47,100,0
152.69,12.47,100,0
152.83,12.47,100,0
152.96,12.48,100,0
153.1,12.47,100,0
153.23,12.47,100,0
153.37,12.47,100,0
153.5,12.47,100,0
153.64,12.47,100,0
153.77,12.48,100,0
153.91,12.47,100,0
154.04,12.47,100,0
154.18,12.47,100,0
154.31,12.44,100,0
154.45,12.47,100,0
154.58,12.48,100,0
154.72,12.45,100,0
154.85,12.47,100,0
154.99,12.46,100,0
155.12,12.46,100,0
155.26,12.47,100,0
155.39,12.49,100,0
155.53,12.46,100,0
155.66,12.47,100,0
155.8,12.45,100,0
155.93,12.46,100,0
156.07,12.45,100,0
156.2,12.45,100,0
156.34,12.46,100,0
156.47,12.46,100,0
156.61,12.46,100,0
156.74,12.45,100,0
156.88,12.46,100,0
157.01,12.46,100,0
157.15,12.46,100,0
157.28,12.46,100,0
157.41,12.46,100,0
157.55,12.46,100,0
157.69,12.46,100,0
157.82,12.46,100,0
157.96,12.47,100,0
158.09,12.45,100,0
158.23,12.46,100,0
158.36,12.45,100,0
158.49,12.45,100,0
158.63,12.45,100,0
158.77,12.45,100,0
158.9,12.45,100,0
159.03,12.45,100,0
159.17,12.46,100,0
159.3,12.45,100,0
159.44,12.45,100,0
159.57,12.44,100,0
159.71,12.44,100,0
159.84,12.45,100,0
159.98,12.45,100,0
160.11,12.46,100,0
160.25,12.45,100,0
160.38,12.45,100,0
160.52,12.46,100,0
160.65,12.45,100,0
160.79,12.45,100,0
160.92,12.45,100,0
161.06,12.46,100,0
161.19,12.45,100,0
161.33,12.45,100,0
161.46,12.44,100,0
161.6,12.45,100,0
161.73,12.43,100,0
161.87,12.47,100,0
162.0,12.43,100,0
162.14,12.43,100,0
162.27,12.44,100,0
162.41,12.43,100,0
162.54,12.43,100,0
162.68,12.45,100,0
162.81,12.43,100,0
162.95,12.49,100,0
163.08,12.45,100,0
163.22,12.45,100,0
163.35,12.45,100,0
163.49,12.45,100,0
163.62,12.44,100,0
163.76,12.43,100,0
163.89,12.46,100,0
164.02,12.44,100,0
164.16,12.44,100,0
164.3,12.45,100,0
164.43,12.45,100,0
164.56,12.44,100,0
164.7,12.46,100,0
164.84,12.44,100,0
164.97,12.46,100,0
165.1,12.42,100,0
165.24,12.43,100,0
165.37,12.43,100,0
165.51,12.42,100,0
165.65,12.44,100,0
165.78,12.44,100,0
165.91,12.44,100,0
166.05,12.45,100,0
166.18,12.43,100,0
166.32,12.43,100,0
166.45,12.44,100,0
166.59,12.46,100,0
166.72,12.44,100,0
166.86,12.47,100,0
166.99,12.45,100,0
167.13,12.45,100,0
167.26,12.4,100,0
167.4,12.41,100,0
167.53,12.42,100,0
167.67,12.41,100,0
167.8,12.41,100,0
167.94,12.42,100,0
168.07,12.41,100,0
168.21,12.41,100,0
168.34,12.42,100,0
168.48,12.4,100,0
168.61,12.43,100,0
168.75,12.44,100,0
168.88,12.44,100,0
169.02,12.43,100,0
169.15,12.45,100,0
169.29,12.44,100,0
169.42,12.43,100,0
169.56,12.44,100,0
169.69,12.45,100,0
169.83,12.44,100,0
169.96,12.42,100,0
170.1,12.4,100,0
170.23,12.41,100,0
170.37,12.42,100,0
170.5,12.43,100,0
170.64,12.44,100,0
170.77,12.45,100,0
170.91,12.42,100,0
171.04,12.41,100,0
171.18,12.41,100,0
171.31,12.43,100,0
171.45,12.43,100,0
171.58,12.42,100,0
171.72,12.42,100,0
171.85,12.41,100,0
171.98,12.41,100,0
172.12,12.43,100,0
172.26,12.41,100,0
172.39,12.43,100,0
172.52,12.45,100,0
172.66,12.44,100,0
172.79,12.41,100,0
172.93,12.43,100,0
173.07,12.42,100,0
173.2,12.43,100,0
173.33,12.4,100,0
173.47,12.42,100,0
173.6,12.43,100,0
173.74,12.41,100,0
173.87,12.44,100,0
174.01,12.44,100,0
174.14,12.42,100,0
174.28,12.42,100,0
174.41,12.42,100,0
174.55,12.42,100,0
174.68,12.43,100,0
174.82,12.44,100,0
174.95,12.43,100,0
175.09,12.42,100,0
175.22,12.46,100,0
175.36,12.43,100,0
175.49,12.43,100,0
175.63,12.44,100,0
175.76,12.45,100,0
175.9,12.43,100,0
176.03,12.44,100,0
176.17,12.43,100,0
176.3,12.43,100,0
176.44,12.42,100,0
176.57,12.43,100,0
176.71,12.42,100,0
176.84,12.44,100,0
176.98,12.43,100,0
177.11,12.42,100,0
177.25,12.42,100,0
177.38,12.42,100,0
177.52,12.43,100,0
177.65,12.42,100,0
177.79,12.42,100,0
177.92,12.41,100,0
178.06,12.4,100,0
178.19,12.43,100,0
178.33,12.42,100,0
178.46,12.41,100,0
178.6,12.42,100,0
178.73,12.42,100,0
178.87,12.42,100,0
179.0,12.42,100,0
179.13,12.41,100,0
179.27,12.41,100,0
179.41,12.43,100,0
179.54,12.41,100,0
179.68,12.42,100,0
179.81,12.43,100,0
179.95,12.39,100,0
180.08,12.41,100,0
180.21,12.42,100,0
180.35,12.4,100,0
180.49,12.42,100,0
180.62,12.41,100,0
180.75,12.42,100,0
180.89,12.41,100,0
181.02,12.43,100,0
181.16,12.41,100,0
181.29,12.41,100,0
181.43,12.43,100,0
181.56,12.41,100,0
181.7,12.42,100,0
181.83,12.42,100,0
181.97,12.41,100,0
182.1,12.41,100,0
182.24,12.42,100,0
182.37,12.42,100,0
182.51,12.42,100,0
182.64,12.42,100,0
182.78,12.42,100,0
182.91,12.42,100,0
183.05,12.42,100,0
183.18,12.42,100,0
183.32,12.42,100,0
183.45,12.42,100,0
183.59,12.4,100,0
183.72,12.42,100,0
183.86,12.43,100,0
183.99,12.41,100,0
184.13,12.43,100,0
184.26,12.4,100,0
184.4,12.42,100,0
184.53,12.42,100,0
184.67,12.42,100,0
184.8,12.43,100,0
184.94,12.42,100,0
185.07,12.41,100,0
185.21,12.42,100,0
185.34,12.41,100,0
185.48,12.4,100,0
185.61,12.42,100,0
185.75,12.4,100,0
185.88,12.42,100,0
186.02,12.41,100,0
186.15,12.42,100,0
186.29,12.43,100,1
186.42,12.4,100,1
186.56,12.41,100,1
186.69,12.41,100,1
186.83,12.44,100,1
186.96,12.46,100,1
187.1,12.52,100,1
187.23,12.58,100,1
187.37,12.67,100,1
187.5,12.77,100,1
187.63,12.88,100,1
187.77,12.99,100,1
187.91,13.12,100,1
188.04,13.26,100,1
188.18,13.41,100,1
188.31,13.55,100,1
188.44,13.71,100,1
188.58,13.87,100,1
188.72,14.03,100,1
188.85,14.19,100,1
188.98,14.34,100,1
189.12,14.53,100,1
189.25,14.69,100,1
189.39,14.89,100,1
189.52,15.04,100,1
189.66,15.21,100,1
189.79,15.4,100,1
189.93,15.56,100,1
190.06,15.73,100,1
190.2,15.91,100,1
190.33,16.09,100,1
190.47,16.22,100,1
190.6,16.42,100,1
190.74,16.59,100,1
190.87,16.76,100,1
191.01,16.92,100,1
191.14,17.11,100,1
191.28,17.29,100,1
191.41,17.45,100,1
191.55,17.61,100,1
191.68,17.78,100,1
191.82,17.95,100,1
191.95,18.1,100,1
192.09,18.26,100,1
192.22,18.42,100,1
192.36,18.59,100,1
192.49,18.77,100,1
192.63,18.91,100,1
192.76,19.04,100,1
192.9,19.2,100,1
193.03,19.35,100,1
193.17,19.52,100,1
193.3,19.65,100,1
193.44,19.8,100,1
193.57,19.96,100,1
193.71,20.11,100,1
193.84,20.26,100,1
193.98,20.39,100,1
194.11,20.55,100,1
194.25,20.68,100,1
194.38,20.82,100,1
194.51,20.95,100,1
194.65,21.09,100,1
194.79,21.21,100,1
194.92,21.36,100,1
195.05,21.51,100,1
195.19,21.62,100,1
195.32,21.75,100,1
195.46,21.89,100,1
195.59,22.02,100,1
195.73,22.14,100,1
195.86,22.27,100,1
196.0,22.4,100,1
196.13,22.54,100,1
196.27,22.67,100,1
196.4,22.77,100,1
196.54,22.91,100,1
196.67,23.03,100,1
196.81,23.15,100,1
196.94,23.28,100,1
197.08,23.38,100,1
197.21,23.51,100,1
197.35,23.65,100,1
197.48,23.77,100,1
197.62,23.89,100,1
197.75,24.01,100,1
197.89,24.11,100,1
198.02,24.24,100,1
198.16,24.35,100,1
198.29,24.47,100,1
198.43,24.58,100,1
198.56,24.7,100,1
198.7,24.8,100,1
198.83,24.96,100,1
198.97,25.05,100,1
199.1,25.17,100,1
199.24,25.27,100,1
199.37,25.41,100,1
199.51,25.51,100,1
199.64,25.63,100,1
199.78,25.75,100,1
199.91,25.86,100,1
200.05,25.96,100,1
200.18,26.08,100,1
200.32,26.19,100,1
200.45,26.29,100,1
200.59,26.41,100,1
200.72,26.52,100,1
200.86,26.62,100,1
200.99,26.7,100,1
201.12,26.84,100,1
201.26,26.94,100,1
201.4,27.05,100,1
201.53,27.12,100,1
201.66,27.23,100,1
201.8,27.35,100,1
201.93,27.41,100,1
202.07,27.55,100,1
202.2,27.66,100,1
202.34,27.76,100,1
202.47,27.86,100,1
202.61,27.95,100,1
202.74,28.06,100,1
202.88,28.16,100,1
203.01,28.25,100,1
203.15,28.35,100,1
203.28,28.45,100,1
203.42,28.57,100,1
203.55,28.65,100,1
203.69,28.74,100,1
203.82,28.85,100,1
203.96,28.93,100,1
204.09,29.01,100,1
204.23,29.12,100,1
204.36,29.22,100,1
204.5,29.32,100,1
204.63,29.43,100,1
204.77,29.5,100,1
204.9,29.59,100,1
205.04,29.68,100,1
205.17,29.77,100,1
205.31,29.86,100,1
205.44,29.96,100,1
205.58,30.06,100,1
205.71,30.15,100,1
205.85,30.24,100,1
205.98,30.33,100,1
206.12,30.43,100,1
206.25,30.5,100,1
206.39,30.63,100,1
206.52,30.7,100,1
206.66,30.77,100,1
206.79,30.86,100,1
206.93,30.97,100,1
207.06,31.05,100,1
207.2,31.15,100,1
207.33,31.22,100,1
207.47,31.32,100,1
207.6,31.4,100,1
207.73,31.47,100,1
207.87,31.58,100,1
208.01,31.66,100,1
208.14,31.75,100,1
208.27,31.82,100,1
208.41,31.91,100,1
208.54,32.02,100,1
208.68,32.09,100,1
208.81,32.17,100,1
208.95,32.26,100,1
209.08,32.35,100,1
209.22,32.43,100,1
209.35,32.51,100,1
209.49,32.59,100,1
209.62,32.68,100,1
209.76,32.75,100,1
209.89,32.86,100,1
210.03,32.92,100,1
210.16,33.01,100,1
210.3,33.08,100,1
210.43,33.16,100,1
210.57,33.26,100,1
210.7,33.35,100,1
210.84,33.43,100,1
210.97,33.49,100,1
211.11,33.57,100,1
211.24,33.66,100,1
211.38,33.75,100,1
211.51,33.83,100,1
211.65,33.89,100,1
211.78,33.99,100,1
211.92,34.08,100,1
212.05,34.14,100,1
212.19,34.23,100,1
212.32,34.28,100,1
212.46,34.37,100,1
212.59,34.43,100,1
212.73,34.53,100,1
212.86,34.61,100,1
213.0,34.67,100,1
213.13,34.77,100,1
213.27,34.83,100,1
213.4,34.92,100,1
213.54,35.03,100,1
213.67,35.07,100,1
213.8,35.17,100,1
213.94,35.2,100,1
214.08,35.3,100,1
214.21,35.38,100,1
214.34,35.46,100,1
214.48,35.54,100,1
214.62,35.62,100,1
214.75,35.7,100,1
214.88,35.75,100,1
215.02,35.85,100,1
215.15,35.93,100,1
215.29,35.97,100,1
215.42,36.07,100,1
215.56,36.14,100,1
215.69,36.21,100,1
215.83,36.27,100,1
215.96,36.36,100,1
216.1,36.45,100,1
216.23,36.49,100,1
216.37,36.6,100,1
216.5,36.66,100,1
216.64,36.75,100,1
216.77,36.8,100,1
216.91,36.88,100,1
217.04,36.95,100,1
217.18,37.04,100,1
217.31,37.11,100,1
217.45,37.16,100,1
217.58,37.26,100,1
217.72,37.31,100,1
217.85,37.37,100,1
217.99,37.45,100,1
218.12,37.53,100,1
218.26,37.59,100,1
218.39,37.65,100,1
218.53,37.72,100,1
218.66,37.74,100,1
218.8,37.84,100,1
218.93,37.94,100,1
219.07,38.01,100,1
219.2,38.05,100,1
219.34,38.16,100,1
219.47,38.23,100,1
219.61,38.27,100,1
219.74,38.35,100,1
219.88,38.41,100,1
220.01,38.5,100,1
220.15,38.6,100,1
220.28,38.63,100,1
220.42,38.69,100,1
220.55,38.76,100,1
220.69,38.84,100,1
220.82,38.89,100,1
220.96,38.98,100,1
221.09,39.03,100,1
221.22,39.11,100,1
221.36,39.17,100,1
221.5,39.22,100,1
221.63,39.3,100,1
221.76,39.39,100,1
221.9,39.44,100,1
222.03,39.52,100,1
222.17,39.58,100,1
222.3,39.63,100,1
222.44,39.68,100,1
222.57,39.76,100,1
222.71,39.84,100,1
222.84,39.89,100,1
222.98,39.95,100,1
223.11,40.05,100,1
223.25,40.08,100,1
223.38,40.16,100,1
223.52,40.22,100,1
223.65,40.27,100,1
223.79,40.37,100,1
223.92,40.4,100,1
224.06,40.47,100,1
224.19,40.53,100,1
224.33,40.61,100,1
224.46,40.65,100,1
224.6,40.73,100,1
224.73,40.79,100,1
224.87,40.86,100,1
225.0,40.91,100,1
225.14,41.0,100,1
225.27,41.03,100,1
225.41,41.13,100,1
225.54,41.17,100,1
225.68,41.23,100,1
225.81,41.31,100,1
225.95,41.35,100,1
226.08,41.43,100,1
226.22,41.48,100,1
226.35,41.58,100,1
226.49,41.61,100,1
226.62,41.66,100,1
226.76,41.74,100,1
226.89,41.86,100,1
227.02,41.85,100,1
227.16,41.91,100,1
227.3,41.96,100,1
227.43,42.05,100,1
227.57,42.09,100,1
227.7,42.17,100,1
227.84,42.22,100,1
227.97,42.28,100,1
228.11,42.34,100,1
228.24,42.39,100,1
228.38,42.47,100,1
228.51,42.5,100,1
228.64,42.59,100,1
228.78,42.63,100,1
228.91,42.72,100,1
229.05,42.76,100,1
229.18,42.85,100,1
229.32,42.88,100,1
229.45,42.94,100,1
229.59,43.0,100,1
229.72,43.05,100,1
229.86,43.12,100,1
229.99,43.19,100,1
230.13,43.24,100,1
230.26,43.3,100,1
230.4,43.35,100,1
230.53,43.42,100,1
230.67,43.47,100,1
230.8,43.55,100,1
230.94,43.62,100,1
231.07,43.66,100,1
231.21,43.69,100,1
231.34,43.8,100,1
231.48,43.84,100,1
231.61,43.89,100,1
231.75,43.95,100,1
231.88,44.0,100,1
232.02,44.08,100,1
232.15,44.12,100,1
232.29,44.2,100,1
232.42,44.23,100,1
232.56,44.31,100,1
232.69,44.38,100,1
232.83,44.42,100,1
232.96,44.49,100,1
233.1,44.54,100,1
233.23,44.59,100,1
233.37,44.66,100,1
233.5,44.74,100,1
233.64,44.77,100,1
233.77,44.83,100,1
233.91,44.89,100,1
234.04,44.94,100,1
234.18,45.0,100,1
234.31,45.08,100,1
234.45,45.11,100,1
234.58,45.16,100,1
234.72,45.22,100,1
234.85,45.28,100,1
234.99,45.34,100,1
235.12,45.37,100,1
235.25,45.43,100,1
235.39,45.49,100,1
235.52,45.53,100,1
235.66,45.59,100,1
235.79,45.65,100,1
235.93,45.69,100,1
236.06,45.74,100,1
236.2,45.81,100,1
236.33,45.86,100,1
236.47,45.91,100,1
236.6,45.95,100,1
236.74,46.02,100,1
236.87,46.06,100,1
237.01,46.1,100,1
237.14,46.14,100,1
237.28,46.21,100,1
237.41,46.28,100,1
237.55,46.32,100,1
237.68,46.36,100,1
237.82,46.4,100,1
237.95,46.46,100,1
238.09,46.52,100,1
238.22,46.56,100,1
238.36,46.63,100,1
238.49,46.66,100,1
238.63,46.72,100,1
238.76,46.77,100,1
238.9,46.82,100,1
239.03,46.85,100,1
239.17,46.93,100,1
239.3,46.98,100,1
239.44,47.02,100,1
239.57,47.08,100,1
239.71,47.13,100,1
239.84,47.18,100,1
239.98,47.23,100,1
240.11,47.27,100,1
240.25,47.36,100,1
240.38,47.42,100,1
240.52,47.44,100,1
240.65,47.47,100,1
240.79,47.53,100,1
240.92,47.6,100,1
241.05,47.63,100,1
241.19,47.72,100,1
241.33,47.71,100,1
241.46,47.75,100,1
241.6,47.82,100,1
241.73,47.87,100,1
241.86,47.92,100,1
242.0,47.97,100,1
242.13,48.02,100,1
242.27,48.07,100,1
242.4,48.12,100,1
242.54,48.2,100,1
242.67,48.25,100,1
242.81,48.28,100,1
242.94,48.32,100,1
243.08,48.38,100,1
243.21,48.45,100,1
243.35,48.52,100,1
243.48,48.51,100,1
243.62,48.57,100,1
243.75,48.61,100,1
243.89,48.65,100,1
244.02,48.71,100,1
244.16,48.76,100,1
244.29,48.82,100,1
244.43,48.85,100,1
244.56,48.89,100,1
244.7,48.97,100,1
244.83,49.02,100,1
244.97,49.08,100,1
245.1,49.11,100,1
245.24,49.14,100,1
245.37,49.19,100,1
245.51,49.19,100,1
245.64,49.28,100,1
245.78,49.47,100,1
245.91,49.35,100,1
246.05,49.35,100,1
246.18,49.4,100,1
246.32,49.55,100,1
246.45,49.54,100,1
246.59,49.56,100,1
246.72,49.63,100,1
246.86,49.61,100,1
246.99,49.65,100,1
247.13,49.69,100,1
247.26,49.74,100,1
247.4,49.8,100,1
247.53,49.83,100,1
247.66,49.87,100,1
247.8,49.93,100,1
247.93,49.98,100,1
248.07,50.06,100,1
248.21,50.1,100,1
248.34,50.17,100,1
248.47,50.16,100,1
248.61,50.2,100,1
248.74,50.24,100,1
248.88,50.31,100,1
249.01,50.3,100,1
249.15,50.34,100,1
249.28,50.41,100,1
249.42,50.43,100,1
249.55,50.53,100,1
249.69,50.53,100,1
249.82,50.57,100,1
249.96,50.61,100,1
250.09,50.67,100,1
250.23,50.7,100,1
250.36,50.73,100,1
250.5,50.79,100,1
250.63,50.84,100,1
250.77,50.89,100,1
250.9,50.93,100,1
251.04,50.99,100,1
251.17,51.03,100,1
251.31,51.05,100,1
251.44,51.06,100,1
251.58,51.13,100,1
251.71,51.17,100,1
251.85,51.21,100,1
251.98,51.25,100,1
252.12,51.28,100,1
252.25,51.35,100,1
252.39,51.36,100,1
252.52,51.42,100,1
252.66,51.46,100,1
252.79,51.46,100,1
252.93,51.53,100,1
253.06,51.58,100,1
253.2,51.62,100,1
253.33,51.65,100,1
253.47,51.68,100,1
253.6,51.72,100,1
253.74,51.76,100,1
253.87,51.81,100,1
254.01,51.82,100,1
254.14,51.86,100,1
254.27,51.88,100,1
254.41,51.94,100,1
254.54,52.01,100,1
254.68,52.07,100,1
254.81,52.09,100,1
254.95,52.12,100,1
255.08,52.15,100,1
255.22,52.14,100,1
255.35,52.22,100,1
255.49,52.26,100,1
255.62,52.3,100,1
255.76,52.35,100,1
255.89,52.43,100,1
256.03,52.37,100,1
256.16,52.49,100,1
256.3,52.5,100,1
256.43,52.54,100,1
256.57,52.57,100,1
256.7,52.6,100,1
256.84,52.63,100,1
256.97,52.69,100,1
257.11,52.73,100,1
257.24,52.73,100,1
257.38,52.8,100,1
257.51,52.85,100,1
257.65,52.84,100,1
257.78,52.88,100,1
257.92,52.94,100,1
258.05,53.0,100,1
258.19,53.03,100,1
258.32,53.03,100,1
258.46,53.07,100,1
258.59,53.13,100,1
258.73,53.16,100,1
258.86,53.2,100,1
259.0,53.23,100,1
259.13,53.26,100,1
259.27,53.28,100,1
259.4,53.33,100,1
259.54,53.37,100,1
259.67,53.41,100,1
259.81,53.43,100,1
259.94,53.46,100,1
260.08,53.49,100,1
260.21,53.47,100,1
260.35,53.6,100,1
260.48,53.61,100,1
260.61,53.63,100,1
260.75,53.63,100,1
260.89,53.72,100,1
261.02,53.79,100,1
261.15,53.71,100,1
261.29,53.83,100,1
261.42,53.79,100,1
261.56,53.87,100,1
261.69,53.94,100,1
261.83,53.94,100,1
261.96,53.95,100,1
262.1,54.03,100,1
262.23,54.07,100,1
262.37,54.08,100,1
262.5,54.11,100,1
262.64,54.16,100,1
262.77,54.19,100,1
262.91,54.25,100,1
263.04,54.26,100,1
263.18,54.28,100,1
263.31,54.33,100,1
263.45,54.35,100,1
263.58,54.36,100,1
263.72,54.45,100,1
263.85,54.46,100,1
263.99,54.52,100,1
264.12,54.54,100,1
264.26,54.56,100,1
264.39,54.62,100,1
264.53,54.62,100,1
264.66,54.64,100,1
264.8,54.74,100,1
264.93,54.72,100,1
265.07,54.75,100,1
265.2,54.81,100,1
265.34,54.82,100,1
265.47,54.87,100,1
265.61,54.91,100,1
265.74,54.91,100,1
265.88,55.01,100,1
266.01,55.01,100,1
266.15,55.04,100,1
266.28,55.09,100,1
266.42,55.08,100,1
266.55,55.14,100,1
266.69,55.1,100,1
266.82,55.16,100,1
266.95,55.2,100,1
267.09,55.24,100,1
267.23,55.3,100,1
267.36,55.32,100,1
267.5,55.35,100,1
267.63,55.36,100,1
267.76,55.41,100,1
267.9,55.45,100,1
268.04,55.44,100,1
268.17,55.46,100,1
268.3,55.51,100,1
268.44,55.57,100,1
268.57,55.58,100,1
268.71,55.62,100,1
268.85,55.63,100,1
268.98,55.69,100,1
269.11,55.7,100,1
269.25,55.72,100,1
269.38,55.77,100,1
269.52,55.78,100,1
269.65,55.84,100,1
269.79,55.85,100,1
269.92,55.87,100,1
270.06,55.92,100,1
270.19,55.94,100,1
270.33,56.0,100,1
270.46,56.01,100,1
270.6,56.06,100,1
270.73,56.08,100,1
270.87,56.05,100,1
271.0,56.09,100,1
271.14,56.18,100,1
271.27,56.18,100,1
271.41,56.24,100,1
271.54,56.23,100,1
271.68,56.26,100,1
271.81,56.28,100,1
271.95,56.33,100,1
272.08,56.34,100,1
272.22,56.38,100,1
272.35,56.42,100,1
272.49,56.43,100,1
272.62,56.49,100,1
272.76,56.48,100,1
272.89,56.52,100,1
273.03,56.58,100,1
273.16,56.6,100,1
273.3,56.61,100,1
273.43,56.62,100,1
273.57,56.68,100,1
273.7,56.67,100,1
273.84,56.72,100,1
273.97,56.79,100,1
274.11,56.83,100,1
274.24,56.84,100,1
274.38,56.83,100,1
274.51,56.95,100,1
274.64,56.95,100,1
274.78,56.89,100,1
274.92,57.03,100,1
275.05,56.96,100,1
275.19,57.02,100,1
275.32,57.06,100,1
275.45,57.06,100,1
275.59,57.13,100,1
275.73,57.11,100,1
275.86,57.14,100,1
275.99,57.18,100,1
276.13,57.21,100,1
276.26,57.26,100,1
276.4,57.32,100,1
276.53,57.32,100,1
276.67,57.31,100,1
276.8,57.37,100,1
276.94,57.39,100,1
277.07,57.39,100,1
277.21,57.44,100,1
277.34,57.48,100,1
277.48,57.48,100,1
277.61,57.53,100,1
277.75,57.59,100,1
277.88,57.57,100,1
278.02,57.6,100,1
278.15,57.61,100,1
278.29,57.68,100,1
278.42,57.7,100,1
278.56,57.72,100,1
278.69,57.73,100,1
278.83,57.83,100,1
278.96,57.79,100,1
279.1,57.85,100,1
279.23,57.86,100,1
279.37,57.88,100,1
279.5,57.92,100,1
279.64,57.93,100,1
279.77,57.96,100,1
279.91,57.98,100,1
280.04,58.03,100,1
280.18,58.05,100,1
280.31,58.06,100,1
280.45,58.1,100,1
280.58,58.16,100,1
280.72,58.13,100,1
280.85,58.16,100,1
280.98,58.18,100,1
281.12,58.21,100,1
281.26,58.27,100,1
281.39,58.26,100,1
281.52,58.31,100,1
281.66,58.36,100,1
281.8,58.39,100,1
281.93,58.41,100,1
282.06,58.38,100,1
282.2,58.46,100,1
282.33,58.49,100,1
282.47,58.49,100,1
282.6,58.52,100,1
282.74,58.55,100,1
282.87,58.62,100,1
283.01,58.57,100,1
283.14,58.64,100,1
283.28,58.66,100,1
283.41,58.69,100,1
283.55,58.74,100,1
283.68,58.71,100,1
283.82,58.75,100,1
283.95,58.77,100,1
284.09,58.79,100,1
284.22,58.84,100,1
284.36,58.86,100,1
284.49,58.87,100,1
284.63,58.9,100,1
284.76,58.91,100,1
284.9,58.97,100,1
285.03,58.94,100,1
285.17,59.03,100,0
285.3,59.03,100,0
285.44,59.05,100,0
285.57,59.09,100,0
285.71,59.06,100,0
285.84,59.09,100,0
285.98,59.08,100,0
286.11,59.08,100,0
286.25,59.03,100,0
286.38,58.96,100,0
286.52,58.9,100,0
286.65,58.84,100,0
286.79,58.77,100,0
286.92,58.69,100,0
287.06,58.59,100,0
287.19,58.51,100,0
287.33,58.34,100,0
287.46,58.28,100,0
287.6,58.16,100,0
287.73,58.02,100,0
287.87,57.96,100,0
288.0,57.84,100,0
288.14,57.72,100,0
288.27,57.64,100,0
288.41,57.49,100,0
288.54,57.36,100,0
288.68,57.2,100,0
288.81,57.12,100,0
288.95,57.01,100,0
289.08,56.85,100,0
289.22,56.72,100,0
289.35,56.64,100,0
289.48,56.47,100,0
289.62,56.37,100,0
289.76,56.27,100,0
289.89,56.12,100,0
290.02,56.03,100,0
290.16,55.9,100,0
290.29,55.78,100,0
290.43,55.65,100,0
290.57,55.52,100,0
290.7,55.43,100,0
290.83,55.32,100,0
290.97,55.16,100,0
291.1,55.08,100,0
291.24,54.96,100,0
291.37,54.83,100,0
291.51,54.71,100,0
291.64,54.63,100,0
291.78,54.53,100,0
291.91,54.42,100,0
292.05,54.33,100,0
292.18,54.16,100,0
292.32,54.05,100,0
292.45,53.98,100,0
292.59,53.82,100,0
292.72,53.76,100,0
292.86,53.66,100,0
292.99,53.52,100,0
293.13,53.46,100,0
293.26,53.37,100,0
293.4,53.25,100,0
293.53,53.12,100,0
293.67,53.09,100,0
293.8,52.94,100,0
293.94,52.86,100,0
294.07,52.75,100,0
294.21,52.66,100,0
294.34,52.56,100,0
294.48,52.48,100,0
294.61,52.39,100,0
294.75,52.28,100,0
294.88,52.17,100,0
295.02,52.11,100,0
295.15,51.98,100,0
295.29,51.92,100,0
295.42,51.81,100,0
295.56,51.75,100,0
295.69,51.64,100,0
295.83,51.56,100,0
295.96,51.46,100,0
296.1,51.38,100,0
296.23,51.35,100,0
296.37,51.22,100,0
296.5,51.16,100,0
296.64,51.07,100,0
296.77,50.97,100,0
296.9,50.88,100,0
297.04,50.81,100,0
297.17,50.72,100,0
297.31,50.65,100,0
297.44,50.58,100,0
297.58,50.47,100,0
297.71,50.38,100,0
297.85,50.33,100,0
297.98,50.26,100,0
298.12,50.2,100,0
298.25,50.11,100,0
298.39,50.07,100,0
298.52,49.97,100,0
298.66,49.87,100,0
298.79,49.81,100,0
298.93,49.72,100,0
299.06,49.65,100,0
299.2,49.58,100,0
299.33,49.52,100,0
299.47,49.43,100,0
299.6,49.32,100,0
299.74,49.25,100,0
299.87,49.27,100,0
300.01,49.15,100,0
300.14,49.08,100,0
300.28,49.02,100,0
300.41,48.98,100,0
300.55,48.91,100,0
300.68,48.7,100,0
300.82,48.58,100,0
300.95,48.48,100,0
301.09,48.36,100,0
301.22,48.32,100,0
301.36,48.26,100,0
301.49,48.24,100,0
301.63,48.15,100,0
301.76,48.1,100,0
301.89,48.04,100,0
302.03,47.98,100,0
302.17,47.91,100,0
302.3,47.88,100,0
302.44,47.82,100,0
302.57,47.79,100,0
302.7,47.72,100,0
302.84,47.62,100,0
302.97,47.6,100,0
303.11,47.47,100,0
303.25,47.39,100,0
303.38,47.34,100,0
303.51,47.31,100,0
303.65,47.28,100,0
303.78,47.18,100,0
303.92,47.16,100,0
304.05,47.08,100,0
304.19,47.01,100,0
304.32,46.93,100,0
304.46,46.86,100,0
304.59,46.81,100,0
304.73,46.74,100,0
304.86,46.75,100,0
305.0,46.67,100,0
305.13,46.6,100,0
305.27,46.55,100,0
305.4,46.47,100,0
305.54,46.42,100,0
305.67,46.36,100,0
305.81,46.28,100,0
305.94,46.21,100,0
306.08,46.18,100,0
306.21,46.14,100,0
306.35,46.07,100,0
306.48,45.99,100,0
306.62,45.96,100,0
306.75,45.89,100,0
306.89,45.83,100,0
307.02,45.76,100,0
307.16,45.7,100,0
307.29,45.64,100,0
307.43,45.63,100,0
307.56,45.55,100,0
307.7,45.51,100,0
307.83,45.43,100,0
307.97,45.36,100,0
308.1,45.33,100,0
308.24,45.28,100,0
308.37,45.19,100,0
308.51,45.13,100,0
308.64,45.04,100,0
308.77,45.01,100,0
308.91,44.96,100,0
309.05,44.94,100,0
309.18,44.83,100,0
309.32,44.8,100,0
309.45,44.75,100,0
309.58,44.67,100,0
309.72,44.59,100,0
309.86,44.55,100,0
309.99,44.48,100,0
310.12,44.43,100,0
310.26,44.38,100,0
310.39,44.34,100,0
310.53,44.24,100,0
310.66,44.22,100,0
310.8,44.1,100,0
310.93,44.08,100,0
311.07,44.07,100,0
311.2,43.98,100,0
311.34,43.91,100,0
311.47,43.91,100,0
311.61,43.83,100,0
311.74,43.8,100,0
311.88,43.73,100,0
312.01,43.69,100,0
312.15,43.64,100,0
312.28,43.58,100,0
312.42,43.53,100,0
312.55,43.5,100,0
312.69,43.45,100,0
312.82,43.37,100,0
312.96,43.33,100,0
313.09,43.3,100,0
313.23,43.2,100,0
313.36,43.2,100,0
313.5,43.09,100,0
313.63,43.12,100,0
313.77,43.05,100,0
313.9,42.96,100,0
314.04,42.96,100,0
314.17,42.89,100,0
314.31,42.87,100,0
314.44,42.81,100,0
314.58,42.84,100,0
314.71,42.78,100,0
314.85,42.73,100,0
314.98,42.64,100,0
315.12,42.64,100,0
315.25,42.53,100,0
315.39,42.44,100,0
315.52,42.39,100,0
315.66,42.4,100,0
315.79,42.36,100,0
315.93,42.28,100,0
316.06,42.23,100,0
316.2,42.2,100,0
316.33,42.14,100,0
316.47,42.06,100,0
316.6,42.06,100,0
316.73,42.01,100,0
316.87,41.91,100,0
317.0,41.9,100,0
317.14,41.89,100,0
317.27,41.81,100,0
317.41,41.78,100,0
317.54,41.7,100,0
317.68,41.64,100,0
317.81,41.59,100,0
317.95,41.6,100,0
318.08,41.51,100,0
318.22,41.43,100,0
318.35,41.38,100,0
318.49,41.34,100,0
318.62,41.26,100,0
318.76,41.22,100,0
318.89,41.18,100,0
319.03,41.12,100,0
319.16,41.06,100,0
319.3,41.01,100,0
319.43,41.03,100,0
319.57,40.95,100,0
319.7,40.93,100,0
319.84,40.85,100,0
319.97,40.79,100,0
320.11,40.72,100,0
320.24,40.7,100,0
320.38,40.65,100,0
320.51,40.61,100,0
320.65,40.59,100,0
320.78,40.52,100,0
320.92,40.49,100,0
321.05,40.46,100,0
321.19,40.43,100,0
321.32,40.39,100,0
321.46,40.34,100,0
321.59,40.28,100,0
321.73,40.23,100,0
321.86,40.21,100,0
322.0,40.13,100,0
322.13,40.09,100,0
322.27,40.05,100,0
322.4,40.02,100,0
322.54,39.96,100,0
322.67,39.91,100,0
322.81,39.88,100,0
322.94,39.84,100,0
323.08,39.77,100,0
323.21,39.74,100,0
323.35,39.67,100,0
323.48,39.66,100,0
323.61,39.57,100,0
323.75,39.53,100,0
323.89,39.51,100,0
324.02,39.47,100,0
324.16,39.42,100,0
324.29,39.4,100,0
324.42,39.31,100,0
324.56,39.28,100,0
324.7,39.24,100,0
324.83,39.19,100,0
324.97,39.13,100,0
325.1,39.1,100,0
325.23,39.06,100,0
325.37,39.0,100,0
325.51,38.97,100,0
325.64,38.93,100,0
325.77,38.88,100,0
325.91,38.82,100,0
326.04,38.8,100,0
326.18,38.73,100,0
326.31,38.71,100,0
326.45,38.67,100,0
326.58,38.62,100,0
326.72,38.58,100,0
326.85,38.53,100,0
326.99,38.51,100,0
327.12,38.46,100,0
327.26,38.42,100,0
327.39,38.35,100,0
327.53,38.32,100,0
327.66,38.28,100,0
327.8,38.24,100,0
327.93,38.19,100,0
328.07,38.16,100,0
328.2,38.12,100,0
328.34,38.06,100,0
328.47,38.06,100,0
328.61,37.97,100,0
328.74,37.93,100,0
328.88,37.91,100,0
329.01,37.87,100,0
329.15,37.82,100,0
329.28,37.79,100,0
329.42,37.76,100,0
329.55,37.7,100,0
329.69,37.65,100,0
329.82,37.63,100,0
329.96,37.56,100,0
330.09,37.52,100,0
330.23,37.49,100,0
330.36,37.42,100,0
330.5,37.41,100,0
330.63,37.36,100,0
330.77,37.31,100,0
330.9,37.26,100,0
331.04,37.23,100,0
331.17,37.18,100,0
331.3,37.15,100,0
331.44,37.12,100,0
331.58,37.07,100,0
331.71,37.03,100,0
331.85,36.99,100,0
331.98,36.95,100,0
332.11,36.93,100,0
332.25,36.87,100,0
332.39,36.85,100,0
332.52,36.8,100,0
332.65,36.76,100,0
332.79,36.71,100,0
332.92,36.67,100,0
333.06,36.63,100,0
333.19,36.58,100,0
333.33,36.55,100,0
333.46,36.5,100,0
333.6,36.47,100,0
333.73,36.43,100,0
333.87,36.39,100,0
334.0,36.36,100,0
334.14,36.31,100,0
334.27,36.26,100,0
334.41,36.25,100,0
334.54,36.2,100,0
334.68,36.18,100,0
334.81,36.13,100,0
334.95,36.1,100,0
335.08,36.05,100,0
335.22,36.0,100,0
335.35,36.0,100,0
335.49,35.95,100,0
335.62,35.89,100,0
335.76,35.86,100,0
335.89,35.8,100,0
336.03,35.77,100,0
336.16,35.75,100,0
336.3,35.7,100,0
336.43,35.67,100,0
336.57,35.64,100,0
336.7,35.59,100,0
336.84,35.56,100,0
336.97,35.51,100,0
337.11,35.47,100,0
337.24,35.45,100,0
337.38,35.4,100,0
337.51,35.37,100,0
337.64,35.34,100,0
337.78,35.28,100,0
337.92,35.27,100,0
338.05,35.25,100,0
338.19,35.2,100,0
338.32,35.15,100,0
338.45,35.14,100,0
338.59,35.1,100,0
338.72,35.01,100,0
338.86,35.05,100,0
339.0,34.99,100,0
339.13,34.94,100,0
339.26,34.92,100,0
339.4,34.88,100,0
339.53,34.83,100,0
339.67,34.82,100,0
339.8,34.78,100,0
339.94,34.73,100,0
340.07,34.69,100,0
340.21,34.65,100,0
340.34,34.65,100,0
340.48,34.6,100,0
340.61,34.55,100,0
340.75,34.52,100,0
340.88,34.49,100,0
341.02,34.45,100,0
341.15,34.4,100,0
341.29,34.39,100,0
341.42,34.35,100,0
341.56,34.31,100,0
341.69,34.29,100,0
341.83,34.22,100,0
341.96,34.21,100,0
342.1,34.18,100,0
342.23,34.13,100,0
342.37,34.11,100,0
342.5,34.08,100,0
342.64,34.02,100,0
342.77,34.02,100,0
342.91,33.95,100,0
343.04,33.93,100,0
343.18,33.89,100,0
343.31,33.87,100,0
343.45,33.84,100,0
343.58,33.78,100,0
343.72,33.76,100,0
343.85,33.73,100,0
343.99,33.7,100,0
344.12,33.66,100,0
344.26,33.62,100,0
344.39,33.61,100,0
344.52,33.56,100,0
344.66,33.53,100,0
344.8,33.49,100,0
344.93,33.46,100,0
345.07,33.42,100,0
345.2,33.39,100,0
345.33,33.36,100,0
345.47,33.35,100,0
345.6,33.3,100,0
345.74,33.25,100,0
345.87,33.19,100,0
346.01,33.18,100,0
346.14,33.14,100,0
346.28,33.11,100,0
346.41,33.1,100,0
346.55,33.05,100,0
346.68,32.99,100,0
346.82,32.98,100,0
346.95,32.94,100,0
347.09,32.93,100,0
347.22,32.88,100,0
347.36,32.85,100,0
347.49,32.82,100,0
347.63,32.79,100,0
347.76,32.76,100,0
347.9,32.73,100,0
348.03,32.68,100,0
348.17,32.64,100,0
348.3,32.64,100,0
348.44,32.6,100,0
348.57,32.55,100,0
348.71,32.52,100,0
348.84,32.5,100,0
348.98,32.46,100,0
349.11,32.44,100,0
349.25,32.41,100,0
349.38,32.38,100,0
349.52,32.35,100,0
349.65,32.31,100,0
349.79,32.27,100,0
349.92,32.22,100,0
350.06,32.22,100,0
350.19,32.19,100,0
350.33,32.13,100,0
350.46,32.1,100,0
350.6,32.08,100,0
350.73,32.07,100,0
350.86,32.01,100,0
351.0,32.0,100,0
351.14,31.97,100,0
351.27,31.96,100,0
351.41,31.89,100,0
351.54,31.87,100,0
351.67,31.81,100,0
351.81,31.8,100,0
351.94,31.76,100,0
352.08,31.74,100,0
352.21,31.72,100,0
352.35,31.69,100,0
352.48,31.63,100,0
352.62,31.62,100,0
352.75,31.59,100,0
352.89,31.58,100,0
353.02,31.53,100,0
353.16,31.49,100,0
353.29,31.47,100,0
353.43,31.44,100,0
353.56,31.4,100,0
353.7,31.37,100,0
353.83,31.32,100,0
353.97,31.32,100,0
354.1,31.28,100,0
354.24,31.27,100,0
354.37,31.22,100,0
354.51,31.21,100,0
354.64,31.17,100,0
354.78,31.13,100,0
354.91,31.1,100,0
355.05,31.08,100,0
355.18,31.05,100,0
355.32,31.02,100,0
355.45,31.02,100,0
355.59,30.97,100,0
355.72,30.93,100,0
355.86,30.92,100,0
355.99,30.88,100,0
356.13,30.85,100,0
356.26,30.82,100,0
356.4,30.78,100,0
356.53,30.78,100,0
356.67,30.74,100,0
356.8,30.72,100,0
356.94,30.68,100,0
357.07,30.65,100,0
357.2,30.64,100,0
357.34,30.6,100,0
357.48,30.57,100,0
357.61,30.54,100,0
357.74,30.52,100,0
357.88,30.49,100,0
358.01,30.46,100,0
358.15,30.42,100,0
358.28,30.4,100,0
358.42,30.37,100,0
358.55,30.33,100,0
358.69,30.31,100,0
358.82,30.28,100,0
358.96,30.26,100,0
359.09,30.22,100,0
359.23,30.2,100,0
359.36,30.14,100,0
359.5,30.15,100,0
359.63,30.11,100,0
359.77,30.09,100,0
359.9,30.07,100,0
360.04,30.04,100,0
360.17,30.02,100,0
360.31,29.98,100,0
360.44,29.95,100,0
360.58,29.93,100,0
360.71,29.9,100,0
360.85,29.86,100,0
360.98,29.83,100,0
361.12,29.81,100,0
361.25,29.78,100,0
361.39,29.76,100,0
361.52,29.73,100,0
361.66,29.7,100,0
361.79,29.67,100,0
361.93,29.64,100,0
362.06,29.6,100,0
362.2,29.58,100,0
362.33,29.56,100,0
362.47,29.53,100,0
362.6,29.51,100,0
362.73,29.48,100,0
362.87,29.46,100,0
363.01,29.42,100,0
363.14,29.39,100,0
363.27,29.37,100,0
363.41,29.35,100,0
363.55,29.32,100,0
363.68,29.28,100,0
363.81,29.28,100,0
363.95,29.25,100,0
364.08,29.25,100,0
364.22,29.17,100,0
364.35,29.17,100,0
364.49,29.16,100,0
364.62,29.14,100,0
364.76,29.09,100,0
364.89,29.06,100,0
365.03,29.04,100,0
365.16,29.01,100,0
365.3,28.97,100,0
365.43,28.96,100,0
365.57,28.91,100,0
365.7,28.89,100,0
365.84,28.86,100,0
365.97,28.85,100,0
366.11,28.81,100,0
366.24,28.78,100,0
366.38,28.77,100,0
366.51,28.73,100,0
366.65,28.71,100,0
366.78,28.68,100,0
366.92,28.66,100,0
367.05,28.62,100,0
367.19,28.61,100,0
367.32,28.58,100,0
367.46,28.54,100,0
367.59,28.53,100,0
367.73,28.49,100,0
367.86,28.47,100,0
368.0,28.45,100,0
368.13,28.43,100,0
368.27,28.41,100,0
368.4,28.41,100,0
368.54,28.38,100,0
368.67,28.35,100,0
368.8,28.34,100,0
368.94,28.3,100,0
369.08,28.29,100,0
369.21,28.24,100,0
369.35,28.24,100,0
369.48,28.21,100,0
369.61,28.18,100,0
369.75,28.15,100,0
369.89,28.13,100,0
370.02,28.11,100,0
370.16,28.09,100,0
370.29,28.06,100,0
370.42,28.05,100,0
370.56,28.01,100,0
370.7,28.0,100,0
370.83,27.98,100,0
370.96,27.95,100,0
371.1,27.93,100,0
371.23,27.91,100,0
371.37,27.9,100,0
371.5,27.86,100,0
371.64,27.83,100,0
371.77,27.82,100,0
371.91,27.8,100,0
372.04,27.75,100,0
372.18,27.74,100,0
372.31,27.73,100,0
372.45,27.7,100,0
372.58,27.67,100,0
372.72,27.64,100,0
372.85,27.63,100,0
372.99,27.61,100,0
373.12,27.58,100,0
373.26,27.56,100,0
373.39,27.53,100,0
373.53,27.49,100,0
373.66,27.48,100,0
373.8,27.45,100,0
373.93,27.43,100,0
374.07,27.41,100,0
374.2,27.39,100,0
374.34,27.36,100,0
374.47,27.34,100,0
374.61,27.32,100,0
374.74,27.29,100,0
374.88,27.27,100,0
375.01,27.26,100,0
375.15,27.18,100,0
375.28,27.17,100,0
375.42,27.15,100,0
375.55,27.13,100,0
375.69,27.11,100,0
375.82,27.07,100,0
375.95,27.07,100,0
376.09,27.03,100,0
376.23,27.0,100,0
376.36,27.0,100,0
376.5,26.93,100,0
376.63,26.94,100,0
376.77,26.94,100,0
376.9,26.91,100,0
377.03,26.87,100,0
377.17,26.86,100,0
377.3,26.82,100,0
377.44,26.81,100,0
377.57,26.79,100,0
377.71,26.77,100,0
377.84,26.74,100,0
377.98,26.72,100,0
378.11,26.69,100,0
378.25,26.68,100,0
378.38,26.67,100,0
378.52,26.64,100,0
378.65,26.6,100,0
378.79,26.58,100,0
378.92,26.57,100,0
379.06,26.56,100,0
379.19,26.51,100,0
379.33,26.5,100,0
379.46,26.48,100,0
379.6,26.47,100,0
379.73,26.42,100,0
379.87,26.42,100,0
380.0,26.39,100,0
380.14,26.36,100,0
380.27,26.36,100,0
380.41,26.34,100,0
380.54,26.31,100,0
380.68,26.27,100,0
380.81,26.27,100,0
380.95,26.26,100,0
381.08,26.23,100,0
381.22,26.19,100,0
381.35,26.17,100,0
381.49,26.17,100,0
381.62,26.13,100,0
381.76,26.11,100,0
381.89,26.09,100,0
382.03,26.09,100,0
382.16,26.03,100,0
382.3,26.03,100,0
382.43,26.02,100,0
382.57,25.99,100,0
382.7,25.97,100,0
382.83,25.95,100,0
382.97,25.93,100,0
383.11,25.91,100,0
383.24,25.88,100,0
383.38,25.87,100,0
383.51,25.85,100,0
383.64,25.84,100,0
383.78,25.8,100,0
383.92,25.78,100,0
384.05,25.76,100,0
384.19,25.74,100,0
384.32,25.7,100,0
384.45,25.7,100,0
384.59,25.68,100,0
384.72,25.65,100,0
384.86,25.65,100,0
384.99,25.63,100,0
385.13,25.59,100,0
385.26,25.59,100,0
385.4,25.57,100,0
385.53,25.54,100,0
385.67,25.52,100,0
385.8,25.49,100,0
385.94,25.48,100,0
386.07,25.46,100,0
386.21,25.42,100,0
386.34,25.4,100,0
386.48,25.39,100,0
386.61,25.38,100,0
386.75,25.35,100,0
386.88,25.34,100,0
387.02,25.32,100,0
387.15,25.3,100,0
387.29,25.27,100,0
387.42,25.26,100,0
387.56,25.22,100,0
387.69,25.22,100,0
387.83,25.21,100,0
387.96,25.18,100,0
388.1,25.16,100,0
388.23,25.14,100,0
388.37,25.11,100,0
388.5,25.08,100,0
388.64,25.09,100,0
388.77,25.05,100,0
388.91,25.06,100,0
389.04,25.04,100,0
389.18,24.99,100,0
389.31,24.99,100,0
389.45,24.96,100,0
389.58,24.95,100,0
389.72,24.92,100,0
389.85,24.91,100,0
389.99,24.89,100,0
390.12,24.85,100,0
390.26,24.85,100,0
390.39,24.84,100,0
390.52,24.82,100,0
390.66,24.78,100,0
390.8,24.78,100,0
390.93,24.75,100,0
391.06,24.74,100,0
391.2,24.71,100,0
391.33,24.7,100,0
391.47,24.72,100,0
391.6,24.65,100,0
391.74,24.64,100,0
391.87,24.64,100,0
392.01,24.61,100,0
392.14,24.58,100,0
392.28,24.58,100,0
392.41,24.55,100,0
392.55,24.54,100,0
392.68,24.51,100,0
392.82,24.52,100,0
392.95,24.48,100,0
393.09,24.45,100,0
393.22,24.45,100,0
393.36,24.42,100,0
393.49,24.4,100,0
393.63,24.39,100,0
393.76,24.37,100,0
393.9,24.37,100,0
394.03,24.34,100,0
394.17,24.31,100,0
394.3,24.31,100,0
394.44,24.28,100,0
394.57,24.26,100,0
394.71,24.24,100,0
394.84,24.22,100,0
394.98,24.22,100,0
395.11,24.19,100,0
395.25,24.18,100,0
395.38,24.16,100,0
395.52,24.16,100,0
395.65,24.13,100,0
395.79,24.09,100,0
395.92,24.08,100,0
396.06,24.07,100,0
396.19,24.05,100,0
396.33,24.04,100,0
396.46,24.02,100,0
396.6,24.02,100,0
396.73,24.0,100,0
396.86,24.0,100,0
397.0,23.96,100,0
397.14,23.95,100,0
397.27,23.92,100,0
397.41,23.91,100,0
397.54,23.89,100,0
397.67,23.88,100,0
397.81,23.86,100,0
397.94,23.83,100,0
398.08,23.82,100,0
398.22,23.81,100,0
398.35,23.79,100,0
398.48,23.79,100,0
398.62,23.77,100,0
398.75,23.73,100,0
398.89,23.71,100,0
399.02,23.7,100,0
399.16,23.68,100,0
399.29,23.69,100,0
399.43,23.67,100,0
399.56,23.65,100,0
399.7,23.65,100,0
399.83,23.63,100,0
399.97,23.61,100,0
400.1,23.6,100,0
400.24,23.58,100,0
400.37,23.55,100,0
400.51,23.57,100,0
400.64,23.53,100,0
400.78,23.51,100,0
400.91,23.5,100,0
401.05,23.48,100,0
401.18,23.44,100,0
401.32,23.43,100,0
401.45,23.42,100,0
401.59,23.43,100,0
401.72,23.4,100,0
401.86,23.37,100,0
401.99,23.39,100,0
402.13,23.35,100,0
402.26,23.32,100,0
402.4,23.31,100,0
402.53,23.28,100,0
402.67,23.29,100,0
402.8,23.28,100,0
402.94,23.27,100,0
403.07,23.26,100,0
403.21,23.23,100,0
403.34,23.22,100,0
403.48,23.24,100,0
403.61,23.18,100,0
403.75,23.15,100,0
403.88,23.15,100,0
404.02,23.11,100,0
404.15,23.12,100,0
404.29,23.08,100,0
404.42,23.07,100,0
404.55,23.05,100,0
404.69,23.08,100,0
404.83,23.05,100,0
404.96,23.04,100,0
405.09,23.01,100,0
405.23,22.94,100,0
405.36,22.96,100,0
405.5,22.91,100,0
405.63,22.93,100,0
405.77,22.88,100,0
405.9,22.86,100,0
406.04,22.87,100,0
406.17,22.84,100,0
406.31,22.81,100,0
406.44,22.82,100,0
406.58,22.81,100,0
406.71,22.79,100,0
406.85,22.75,100,0
406.98,22.73,100,0
407.12,22.73,100,0
407.25,22.72,100,0
407.39,22.71,100,0
407.52,22.7,100,0
407.66,22.66,100,0
407.79,22.64,100,0
407.93,22.65,100,0
408.06,22.62,100,0
408.2,22.6,100,0
408.33,22.61,100,0
408.47,22.59,100,0
408.6,22.56,100,0
408.74,22.54,100,0
408.87,22.51,100,0
409.01,22.5,100,0
409.14,22.51,100,0
409.28,22.48,100,0
409.41,22.46,100,0
409.55,22.47,100,0
409.68,22.45,100,0
409.82,22.43,100,0
409.95,22.42,100,0
410.08,22.38,100,0
410.22,22.38,100,0
410.36,22.36,100,0
410.49,22.37,100,0
410.63,22.34,100,0
410.76,22.31,100,0
410.89,22.34,100,0
411.03,22.31,100,0
411.16,22.31,100,0
411.3,22.25,100,0
411.43,22.27,100,0
411.57,22.23,100,0
411.7,22.25,100,0
411.84,22.2,100,0
411.97,22.19,100,0
412.11,22.23,100,0
412.24,22.21,100,0
412.38,22.17,100,0
412.51,22.15,100,0
412.65,22.13,100,0
412.78,22.12,100,0
412.92,22.11,100,0
413.05,22.12,100,0
413.19,22.07,100,0
413.32,22.07,100,0
413.46,22.07,100,0
413.59,22.06,100,0
413.73,22.04,100,0
413.86,22.08,100,0
414.0,21.95,100,0
414.13,21.98,100,0
414.27,22.01,100,0
414.4,22.01,100,0
414.54,22.01,100,0
414.67,21.98,100,0
414.81,21.91,100,0
414.94,21.92,100,0
415.08,21.91,100,0
415.21,21.96,100,0
415.35,21.94,100,0
415.48,21.92,100,0
415.62,21.91,100,0
415.75,21.87,100,0
415.89,21.94,100,0
416.02,21.86,100,0
416.16,21.86,100,0
416.29,21.86,100,0
416.42,21.88,100,0
416.56,21.85,100,0
416.7,21.83,100,0
416.83,21.81,100,0
416.96,21.78,100,0
417.1,21.79,100,0
417.23,21.77,100,0
417.37,21.75,100,0
417.5,21.73,100,0
417.64,21.72,100,0
417.77,21.69,100,0
417.91,21.68,100,0
418.04,21.67,100,0
418.18,21.66,100,0
418.31,21.64,100,0
418.45,21.64,100,0
418.58,21.62,100,0
418.72,21.61,100,0
418.85,21.59,100,0
418.99,21.57,100,0
419.12,21.57,100,0
419.26,21.55,100,0
419.39,21.54,100,0
419.53,21.53,100,0
419.66,21.51,100,0
419.8,21.5,100,0
419.93,21.44,100,0
420.07,21.41,100,0
420.2,21.41,100,0
420.34,21.41,100,0
420.47,21.39,100,0
420.61,21.4,100,0
420.74,21.41,100,0
420.88,21.38,100,0
421.01,21.35,100,0
421.15,21.34,100,0
421.28,21.31,100,0
421.42,21.33,100,0
421.55,21.3,100,0
421.69,21.3,100,0
421.82,21.29,100,0
421.96,21.28,100,0
422.09,21.26,100,0
422.23,21.25,100,0
422.36,21.26,100,0
422.5,21.23,100,0
422.63,21.21,100,0
422.77,21.19,100,0
422.9,21.18,100,0
423.03,21.16,100,0
423.17,21.16,100,0
423.3,21.15,100,0
423.44,21.14,100,0
423.57,21.13,100,0
423.71,21.14,100,0
423.84,21.08,100,0
423.98,21.08,100,0
424.11,21.07,100,0
424.25,21.06,100,0
424.38,21.04,100,0
424.52,21.03,100,0
424.65,21.02,100,0
424.79,21.01,100,0
424.92,21.0,100,0
425.06,21.0,100,0
425.19,20.98,100,0
425.33,20.97,100,0
425.46,20.94,100,0
425.6,20.93,100,0
425.73,20.94,100,0
425.87,20.92,100,0
426.0,20.91,100,0
426.14,20.89,100,0
426.27,20.88,100,0
426.41,20.88,100,0
426.54,20.85,100,0
426.68,20.85,100,0
426.81,20.85,100,0
426.95,20.84,100,0
427.08,20.81,100,0
427.22,20.81,100,0
427.35,20.79,100,0
427.49,20.76,100,0
427.62,20.77,100,0
427.76,20.75,100,0
427.89,20.74,100,0
428.02,20.72,100,0
428.16,20.72,100,0
428.3,20.71,100,0
428.43,20.7,100,0
428.57,20.69,100,0
428.7,20.68,100,0
428.83,20.64,100,0
428.97,20.66,100,0
429.11,20.64,100,0
429.24,20.64,100,0
429.38,20.63,100,0
429.51,20.61,100,0
429.64,20.59,100,0
429.78,20.57,100,0
429.92,20.58,100,0
430.05,20.56,100,0
430.18,20.55,100,0
430.32,20.57,100,0
430.45,20.54,100,0
430.59,20.52,100,0
430.72,20.52,100,0
430.86,20.52,100,0
430.99,20.49,100,0
431.13,20.48,100,0
431.26,20.47,100,0
431.4,20.45,100,0
431.53,20.45,100,0
431.67,20.43,100,0
431.8,20.43,100,0
431.94,20.44,100,0
432.07,20.41,100,0
432.21,20.4,100,0
432.34,20.38,100,0
432.48,20.38,100,0
432.61,20.37,100,0
432.75,20.33,100,0
432.88,20.34,100,0
433.02,20.33,100,0
433.15,20.31,100,0
433.29,20.3,100,0
433.42,20.3,100,0
433.56,20.28,100,0
433.69,20.27,100,0
433.83,20.25,100,0
433.96,20.25,100,0
434.1,20.24,100,0
434.23,20.22,100,0
434.37,20.21,100,0
434.5,20.21,100,0
434.64,20.19,100,0
434.77,20.17,100,0
434.91,20.17,100,0
435.04,20.16,100,0
435.17,20.16,100,0
435.31,20.13,100,0
435.44,20.13,100,0
435.58,20.12,100,0
435.72,20.1,100,0
435.85,20.11,100,0
435.98,20.08,100,0
436.12,20.07,100,0
436.25,20.08,100,0
436.39,20.07,100,0
436.52,20.05,100,0
436.66,20.03,100,0
436.79,20.03,100,0
436.93,20.01,100,0
437.06,20.03,100,0
437.2,19.99,100,0
437.33,19.98,100,0
437.47,19.98,100,0
437.6,19.97,100,0
437.74,19.97,100,0
437.87,19.96,100,0
438.01,19.96,100,0
438.14,19.94,100,0
438.28,19.92,100,0
438.41,19.94,100,0
438.55,19.93,100,0
438.68,19.91,100,0
438.82,19.91,100,0
438.95,19.88,100,0
439.09,19.89,100,0
439.22,19.87,100,0
439.36,19.86,100,0
439.49,19.83,100,0
439.63,19.83,100,0
439.76,19.84,100,0
439.9,19.82,100,0
440.03,19.81,100,0
440.17,19.83,100,0
440.3,19.8,100,0
440.44,19.8,100,0
440.57,19.77,100,0
440.71,19.76,100,0
440.84,19.72,100,0
440.98,19.77,100,0
441.11,19.71,100,0
441.25,19.74,100,0
441.38,19.73,100,0
441.52,19.72,100,0
441.65,19.71,100,0
441.79,19.75,100,0
441.92,19.8,100,0
442.05,19.67,100,0
442.19,19.66,100,0
442.32,19.63,100,0
442.46,19.65,100,0
442.59,19.64,100,0
442.73,19.62,100,0
442.86,19.63,100,0
443.0,19.61,100,0
443.13,19.62,100,0
443.27,19.6,100,0
443.4,19.63,100,0
443.54,19.6,100,0
443.67,19.57,100,0
443.81,19.56,100,0
443.94,19.55,100,0
444.08,19.52,100,0
444.21,19.52,100,0
444.35,19.51,100,0
444.48,19.49,100,0
444.62,19.49,100,0
444.75,19.47,100,0
444.89,19.47,100,0
445.02,19.44,100,0
445.16,19.45,100,0
445.29,19.44,100,0
445.43,19.44,100,0
445.56,19.41,100,0
445.7,19.4,100,0
445.83,19.4,100,0
445.97,19.38,100,0
446.1,19.37,100,0
446.24,19.37,100,0
446.37,19.37,100,0
446.51,19.34,100,0
446.64,19.35,100,0
446.78,19.35,100,0
446.91,19.32,100,0
447.05,19.3,100,0
447.18,19.29,100,0
447.32,19.28,100,0
447.45,19.29,100,0
447.58,19.27,100,0
447.72,19.27,100,0
447.86,19.26,100,0
447.99,19.24,100,0
448.12,19.21,100,0
448.26,19.22,100,0
448.39,19.21,100,0
448.53,19.21,100,0
448.66,19.2,100,0
448.8,19.22,100,0
448.93,19.18,100,0
449.07,19.16,100,0
449.2,19.15,100,0
449.34,19.16,100,0
449.47,19.14,100,0
449.61,19.14,100,0
449.74,19.14,100,0
449.88,19.13,100,0
450.01,19.12,100,0
450.15,19.11,100,0
450.28,19.08,100,0
450.42,19.09,100,0
450.55,19.08,100,0
450.69,19.07,100,0
450.82,19.07,100,0
450.96,19.06,100,0
451.09,19.04,100,0
451.23,19.03,100,0
451.36,19.06,100,0
451.5,19.04,100,0
451.63,19.03,100,0
451.77,19.02,100,0
451.9,19.02,100,0
452.04,18.99,100,0
452.17,18.97,100,0
452.31,18.95,100,0
452.44,18.93,100,0
452.58,18.94,100,0
452.71,18.91,100,0
452.85,18.9,100,0
452.98,18.88,100,0
453.11,18.88,100,0
453.25,18.9,100,0
453.39,18.9,100,0
453.52,18.88,100,0
453.66,18.87,100,0
453.79,18.84,100,0
453.92,18.83,100,0
454.06,18.85,100,0
454.2,18.84,100,0
454.33,18.82,100,0
454.46,18.8,100,0
454.6,18.79,100,0
454.73,18.78,100,0
454.87,18.78,100,0
455.0,18.79,100,0
455.14,18.75,100,0
455.27,18.75,100,0
455.41,18.76,100,0
455.54,18.76,100,0
455.68,18.75,100,0
455.81,18.74,100,0
455.95,18.71,100,0
456.08,18.72,100,0
456.22,18.71,100,0
456.35,18.69,100,0
456.49,18.69,100,0
456.62,18.68,100,0
456.76,18.67,100,0
456.89,18.68,100,0
457.03,18.67,100,0
457.16,18.63,100,0
457.3,18.63,100,0
457.43,18.65,100,0
457.57,18.63,100,0
457.7,18.6,100,0
457.84,18.63,100,0
457.97,18.59,100,0
458.11,18.6,100,0
458.24,18.59,100,0
458.38,18.58,100,0
458.51,18.61,100,0
458.65,18.57,100,0
458.78,18.56,100,0
458.92,18.53,100,0
459.05,18.56,100,0
459.19,18.54,100,0
459.32,18.54,100,0
459.45,18.54,100,0
459.59,18.53,100,0
459.73,18.52,100,0
459.86,18.48,100,0
460.0,18.51,100,0
460.13,18.5,100,0
460.27,18.48,100,0
460.4,18.49,100,0
460.53,18.47,100,0
460.67,18.49,100,0
460.8,18.46,100,0
460.94,18.47,100,0
461.07,18.46,100,0
461.21,18.46,100,0
461.34,18.45,100,0
461.48,18.44,100,0
461.61,18.44,100,0
461.75,18.42,100,0
461.88,18.42,100,0
462.02,18.43,100,0
462.15,18.43,100,0
462.29,18.48,100,0
462.42,18.45,100,0
462.56,18.41,100,0
462.69,18.39,100,0
462.83,18.36,100,0
462.96,18.35,100,0
463.1,18.35,100,0
463.23,18.34,100,0
463.37,18.36,100,0
463.5,18.33,100,0
463.64,18.31,100,0
463.77,18.29,100,0
463.91,18.31,100,0
464.04,18.28,100,0
464.18,18.28,100,0
464.31,18.28,100,0
464.45,18.29,100,0
464.58,18.26,100,0
464.72,18.25,100,0
464.85,18.25,100,0
464.99,18.24,100,0
465.12,18.24,100,0
465.26,18.21,100,0
465.39,18.22,100,0
465.52,18.19,100,0
465.66,18.19,100,0
465.8,18.19,100,0
465.93,18.18,100,0
466.07,18.15,100,0
466.2,18.18,100,0
466.33,18.17,100,0
466.47,18.16,100,0
466.61,18.15,100,0
466.74,18.15,100,0
466.88,18.1,100,0
467.01,18.13,100,0
467.14,18.12,100,0
467.28,18.14,100,0
467.42,18.11,100,0
467.55,18.11,100,0
467.68,18.1,100,0
467.82,18.09,100,0
467.95,18.07,100,0
468.09,18.06,100,0
468.22,18.05,100,0
468.36,18.05,100,0
468.49,18.05,100,0
468.63,18.04,100,0
468.76,18.0,100,0
468.9,18.05,100,0
469.03,18.02,100,0
469.17,18.03,100,0
469.3,18.02,100,0
469.44,18.0,100,0
469.57,18.0,100,0
469.71,17.96,100,0
469.84,17.99,100,0
469.98,17.98,100,0
470.11,17.97,100,0
470.25,17.97,100,0
470.38,17.97,100,0
470.52,17.95,100,0
470.65,17.94,100,0
470.79,17.94,100,0
470.92,17.95,100,0
471.06,17.92,100,0
471.19,17.91,100,0
471.33,17.9,100,0
471.46,17.9,100,0
471.6,17.91,100,0
471.73,17.89,100,0
471.87,17.88,100,0
472.0,17.86,100,0
472.14,17.85,100,0
472.27,17.85,100,0
472.41,17.85,100,0
472.54,17.85,100,0
472.67,17.84,100,0
472.81,17.83,100,0
472.95,17.82,100,0
473.08,17.82,100,0
473.21,17.81,100,0
473.35,17.8,100,0
473.48,17.79,100,0
473.62,17.77,100,0
473.75,17.79,100,0
473.89,17.78,100,0
474.02,17.75,100,0
474.16,17.77,100,0
474.29,17.74,100,0
474.43,17.74,100,0
474.56,17.75,100,0
474.7,17.75,100,0
474.83,17.73,100,0
474.97,17.73,100,0
475.1,17.72,100,0
475.24,17.7,100,0
475.37,17.7,100,0
475.51,17.7,100,0
475.64,17.69,100,0
475.78,17.68,100,0
475.91,17.66,100,0
476.05,17.66,100,0
476.18,17.66,100,0
476.32,17.65,100,0
476.45,17.65,100,0
476.59,17.64,100,0
476.72,17.63,98,0
476.86,17.61,95,0
476.99,17.62,90,0
477.13,17.59,34,0
478.26,17.63,34,0
478.39,17.64,34,0
478.53,17.67,34,0
478.66,17.69,34,0
478.8,17.72,34,0
478.93,17.74,34,0
479.06,17.76,34,0
479.2,17.78,34,0
479.33,17.81,34,0
479.47,17.85,34,0
479.6,17.87,34,0
479.73,17.9,0,0
479.87,17.93,0,0
480.0,17.95,0,0
480.13,17.98,0,0
480.27,18.02,0,0
480.4,18.04,0,0
480.53,18.08,0,0
480.66,18.12,0,0
480.8,18.15,0,0
480.93,18.19,0,0
481.06,18.22,0,0
481.2,18.27,0,0
481.33,18.31,0,0
481.46,18.35,0,0
481.59,18.39,0,0
481.73,18.43,0,0
481.86,18.47,0,0
481.99,18.51,0,0
482.12,18.55,0,0
482.26,18.58,0,0
482.39,18.63,0,0
482.52,18.67,0,0
482.66,18.72,0,0
482.79,18.75,0,0
482.92,18.79,0,0
483.05,18.83,0,0
483.19,18.87,0,0
483.32,18.9,0,0
483.45,18.95,50,0
483.59,18.96,50,0
483.72,19.01,50,0
483.86,19.05,50,0
483.99,19.08,50,0
484.12,19.1,50,0
484.26,19.13,50,0
484.39,19.15,50,0
484.52,19.18,50,0
484.66,19.16,50,0
484.79,19.2,50,0
484.92,19.21,50,0
485.06,19.22,50,0
485.19,19.22,50,0
485.33,19.23,50,0
485.46,19.24,50,0
485.6,19.24,50,0
485.73,19.24,50,0
485.86,19.24,50,0
486.0,19.26,50,0
486.13,19.25,50,0
486.26,19.25,50,0
486.4,19.25,50,0
486.53,19.26,50,0
486.67,19.26,50,0
486.8,19.25,50,0
486.93,19.26,50,0
487.07,19.26,50,0
487.2,19.26,50,0
487.33,19.25,50,0
487.47,19.25,50,0
487.6,19.25,50,0
487.74,19.25,50,1
487.87,19.26,50,1
488.0,19.24,50,1
488.14,19.25,50,1
488.27,19.26,50,1
488.41,19.27,50,1
488.54,19.27,50,1
488.67,19.33,50,1
488.81,19.37,50,1
488.94,19.42,50,1
489.08,19.46,50,1
489.21,19.53,50,1
489.34,19.56,50,1
489.48,19.66,50,1
489.61,19.73,50,1
489.75,19.81,50,1
489.88,19.89,50,1
490.01,19.96,50,1
490.15,20.04,50,1
490.28,20.13,50,1
490.41,20.19,50,1
490.55,20.31,50,1
490.68,20.37,50,1
490.82,20.47,50,1
490.95,20.57,50,1
491.08,20.64,50,1
491.22,20.73,50,1
491.35,20.81,50,1
491.48,20.9,50,1
491.62,20.99,50,1
491.75,21.08,50,1
491.89,21.17,50,1
492.02,21.25,50,1
492.15,21.34,50,1
492.29,21.42,50,1
492.42,21.51,50,1
492.56,21.59,50,1
492.69,21.68,50,1
492.82,21.76,50,1
492.96,21.85,50,1
493.09,21.93,50,1
493.23,22.01,50,1
493.36,22.1,50,1
493.49,22.17,50,1
493.63,22.26,50,1
493.76,22.35,50,1
493.89,22.42,50,1
494.03,22.5,50,1
494.16,22.56,50,1
494.3,22.65,50,1
494.43,22.73,50,1
494.56,22.8,50,1
494.7,22.88,50,1
494.83,22.97,50,1
494.97,23.03,50,1
495.1,23.12,50,1
495.23,23.19,50,1
495.37,23.25,50,1
495.5,23.33,50,1
495.64,23.4,50,1
495.77,23.47,50,1
495.9,23.54,50,1
496.04,23.61,50,1
496.17,23.67,50,1
496.3,23.75,50,1
496.44,23.82,50,1
496.57,23.89,50,1
496.7,23.97,50,1
496.84,24.03,50,1
496.97,24.1,50,1
497.11,24.16,50,1
497.24,24.21,50,1
497.38,24.31,50,1
497.51,24.36,50,1
497.64,24.43,50,1
497.78,24.49,50,1
497.91,24.55,50,1
498.04,24.62,50,1
498.18,24.69,50,1
498.31,24.76,50,1
498.45,24.83,50,1
498.58,24.89,50,1
498.71,24.95,50,1
498.85,25.01,50,1
498.98,25.06,50,1
499.12,25.13,50,1
499.25,25.2,50,1
499.38,25.25,50,1
499.52,25.31,50,1
499.65,25.37,50,1
499.78,25.44,50,1
499.92,25.5,50,1
500.05,25.56,50,1
500.19,25.62,50,1
500.32,25.68,50,1
500.45,25.73,50,1
500.59,25.78,50,1
500.72,25.85,50,1
500.86,25.9,50,1
500.99,25.97,50,1
501.12,26.02,50,1
501.26,26.08,50,1
501.39,26.13,50,1
501.52,26.18,50,1
501.66,26.24,50,1
501.79,26.29,50,1
501.93,26.36,50,1
502.06,26.41,50,1
502.19,26.46,50,1
502.33,26.51,50,1
502.46,26.59,50,1
502.6,26.64,50,1
502.73,26.67,50,1
502.86,26.74,50,1
503.0,26.81,50,1
503.13,26.84,50,1
503.27,26.9,50,1
503.4,26.95,50,1
503.53,27.0,50,1
503.67,27.05,50,1
503.8,27.1,50,1
503.93,27.15,50,1
504.07,27.19,50,1
504.2,27.26,50,1
504.34,27.3,50,1
504.47,27.36,50,1
504.6,27.4,50,1
504.74,27.46,50,1
504.87,27.5,50,1
505.01,27.54,50,1
505.14,27.61,50,1
505.27,27.66,50,1
505.41,27.7,50,1
505.54,27.76,50,1
505.67,27.81,50,1
505.81,27.85,50,1
505.94,27.91,50,1
506.08,27.95,50,1
506.21,28.0,50,1
506.34,28.05,50,1
506.48,28.1,50,1
506.61,28.15,50,1
506.75,28.2,50,1
506.88,28.25,50,1
507.01,28.29,50,1
507.15,28.33,50,1
507.28,28.38,50,1
507.41,28.41,50,1
507.55,28.48,50,1
507.68,28.52,50,1
507.82,28.57,50,1
507.95,28.62,50,1
508.08,28.65,50,1
508.22,28.7,50,1
508.35,28.76,50,1
508.48,28.8,50,1
508.62,28.83,50,1
508.75,28.9,50,1
508.89,28.93,50,1
509.02,28.98,50,1
509.16,29.05,50,1
509.29,29.08,50,1
509.42,29.11,50,1
509.56,29.18,50,1
509.69,29.21,50,1
509.82,29.25,50,1
509.96,29.3,50,1
510.09,29.35,50,1
510.23,29.39,50,1
510.36,29.43,50,1
510.49,29.47,50,1
510.63,29.53,50,1
510.76,29.57,50,1
510.89,29.61,50,1
511.03,29.63,50,1
511.16,29.68,50,1
511.3,29.73,50,1
511.43,29.78,50,1
511.56,29.83,50,1
511.7,29.86,50,1
511.83,29.91,50,1
511.97,29.94,50,1
512.1,29.99,50,1
512.23,30.04,50,1
512.37,30.07,50,1
512.5,30.13,50,1
512.63,30.16,50,1
512.77,30.21,50,1
512.9,30.24,50,1
513.04,30.28,50,1
513.17,30.33,50,1
513.3,30.39,50,1
513.44,30.42,50,1
513.57,30.47,50,1
513.71,30.51,50,1
513.84,30.54,50,1
513.97,30.58,50,1
514.11,30.63,50,1
514.24,30.67,50,1
514.38,30.71,50,1
514.51,30.75,50,1
514.64,30.78,50,1
514.78,30.84,50,1
514.91,30.87,50,1
515.04,30.91,50,1
515.18,30.95,50,1
515.31,31.0,50,1
515.45,31.04,50,1
515.58,31.07,50,1
515.71,31.14,50,1
515.85,31.16,50,1
515.98,31.19,50,1
516.11,31.24,50,1
516.25,31.28,50,1
516.38,31.31,50,1
516.52,31.37,50,1
516.65,31.41,50,1
516.78,31.44,50,1
516.92,31.48,50,1
517.05,31.5,50,1
517.19,31.55,50,1
517.32,31.6,50,1
517.45,31.63,50,1
517.59,31.68,50,1
517.72,31.72,50,1
517.85,31.73,50,1
517.99,31.79,50,1
518.12,31.84,50,1
518.26,31.88,50,1
518.39,31.9,50,1
518.52,31.93,50,1
518.66,31.98,50,1
518.79,32.02,50,1
518.93,32.06,50,1
519.06,32.1,50,1
519.19,32.13,50,1
519.33,32.17,50,1
519.46,32.2,50,1
519.6,32.22,50,1
519.73,32.28,50,1
519.86,32.33,50,1
520.0,32.36,50,1
520.13,32.4,50,1
520.26,32.43,50,1
520.4,32.47,50,1
520.53,32.5,50,1
520.67,32.54,50,1
520.8,32.57,50,1
520.93,32.6,50,1
521.07,32.65,50,1
521.2,32.69,50,1
521.34,32.72,50,1
521.47,32.75,50,1
521.6,32.79,50,1
521.74,32.84,50,1
521.87,32.88,50,1
522.01,32.91,50,1
522.14,32.94,50,1
522.27,32.97,50,1
522.41,33.0,50,1
522.54,33.04,50,1
522.67,33.08,50,1
522.81,33.11,50,1
522.94,33.15,50,1
523.08,33.19,50,1
523.21,33.22,50,1
523.34,33.29,50,1
523.48,33.3,50,1
523.61,33.33,50,1
523.75,33.37,50,1
523.88,33.4,50,1
524.01,33.46,50,1
524.15,33.49,50,1
524.28,33.51,50,1
524.41,33.53,50,1
524.55,33.57,50,1
524.68,33.62,50,1
524.82,33.66,50,1
524.95,33.7,50,1
525.08,33.72,50,1
525.22,33.77,50,1
525.35,33.79,50,1
525.48,33.82,50,1
525.62,33.86,50,1
525.75,33.89,50,1
525.89,33.93,50,1
526.02,33.95,50,1
526.15,33.99,50,1
526.29,34.02,50,1
526.42,34.06,50,1
526.56,34.09,50,1
526.69,34.12,50,1
526.82,34.16,50,1
526.96,34.2,50,1
527.09,34.22,50,1
527.22,34.26,50,1
527.36,34.29,50,1
527.49,34.31,50,1
527.63,34.36,50,1
527.76,34.37,50,1
527.89,34.41,50,1
528.03,34.46,50,1
528.16,34.49,50,1
528.29,34.53,50,1
528.43,34.55,50,1
528.56,34.58,50,1
528.7,34.63,50,1
528.83,34.64,50,1
528.97,34.69,50,1
529.1,34.72,50,1
529.23,34.76,50,1
529.37,34.79,50,1
529.5,34.81,50,1
529.63,34.84,50,1
529.77,34.87,50,1
529.9,34.91,50,1
530.04,34.92,50,1
530.17,34.99,50,1
530.3,35.01,50,1
530.44,35.04,50,1
530.57,35.08,50,1
530.71,35.1,50,1
530.84,35.15,50,1
530.97,35.17,50,1
531.11,35.22,50,1
531.24,35.24,50,1
531.38,35.28,50,1
531.51,35.3,50,1
531.64,35.33,50,1
531.78,35.37,50,1
531.91,35.4,50,1
532.04,35.42,50,1
532.18,35.45,50,1
532.31,35.5,50,1
532.45,35.51,50,1
532.58,35.53,50,1
532.71,35.58,50,1
532.85,35.59,50,1
532.98,35.62,50,1
533.11,35.67,50,1
533.25,35.71,50,1
533.38,35.75,50,1
533.52,35.77,50,1
533.65,35.78,50,1
533.78,35.82,50,1
533.92,35.87,50,1
534.05,35.89,50,1
534.19,35.92,50,1
534.32,35.96,50,1
534.45,35.97,50,1
534.59,36.0,50,1
534.72,36.02,50,1
534.85,36.05,50,1
534.99,36.1,50,1
535.12,36.12,50,1
535.26,36.14,50,1
535.39,36.18,50,1
535.52,36.21,50,1
535.66,36.25,50,1
535.79,36.26,50,1
535.93,36.3,50,1
536.06,36.34,50,1
536.19,36.37,50,1
536.33,36.4,50,1
536.46,36.42,50,1
536.59,36.46,50,1
536.73,36.47,50,1
536.86,36.51,50,1
537.0,36.54,50,1
537.13,36.58,50,1
537.27,36.6,50,1
537.4,36.6,50,1
537.53,36.63,50,1
537.67,36.69,50,1
537.8,36.71,50,1
537.93,36.75,50,1
538.07,36.76,50,1
538.2,36.79,50,1
538.34,36.83,50,1
538.47,36.86,50,1
538.6,36.89,50,1
538.74,36.9,50,1
538.87,36.92,50,1
539.0,36.97,50,1
539.14,36.99,50,1
539.27,37.02,50,1
539.41,37.07,50,1
539.54,37.1,50,1
539.67,37.11,50,1
539.81,37.14,50,1
539.94,37.16,50,1
540.08,37.2,50,1
540.21,37.22,50,1
540.34,37.23,50,1
540.48,37.28,50,1
540.61,37.29,50,1
540.75,37.33,50,1
540.88,37.35,50,1
541.01,37.38,50,1
541.15,37.41,50,1
541.28,37.43,50,1
541.41,37.46,50,1
541.55,37.48,50,1
541.68,37.5,50,1
541.82,37.54,50,1
541.95,37.55,50,1
542.08,37.6,50,1
542.22,37.63,50,1
542.35,37.66,50,1
542.48,37.69,50,1
542.62,37.71,50,1
542.75,37.74,50,1
542.89,37.75,50,1
543.02,37.77,50,1
543.16,37.81,50,1
543.29,37.84,50,1
543.42,37.87,50,1
543.56,37.9,50,1
543.69,37.92,50,1
543.82,37.94,50,1
543.96,37.96,50,1
544.09,38.0,50,1
544.23,38.02,50,1
544.36,38.05,50,1
544.49,38.1,50,1
544.63,38.1,50,1
544.76,38.11,50,1
544.89,38.14,50,1
545.03,38.18,50,1
545.16,38.22,50,1
545.3,38.23,50,1
545.43,38.25,50,1
545.56,38.27,50,1
545.7,38.3,50,1
545.83,38.3,50,1
545.97,38.35,50,1
546.1,38.38,50,1
546.23,38.4,50,1
546.37,38.43,50,1
546.5,38.46,50,1
546.64,38.48,50,1
546.77,38.5,50,1
546.9,38.53,50,1
547.04,38.55,50,1
547.17,38.58,50,1
547.3,38.6,50,1
547.44,38.62,50,1
547.57,38.67,50,1
547.71,38.67,50,1
547.84,38.69,50,1
547.97,38.73,50,1
548.11,38.75,50,1
548.24,38.8,50,1
548.38,38.8,50,1
548.51,38.83,50,1
548.64,38.83,50,1
548.78,38.87,50,1
548.91,38.89,50,1
549.04,38.9,50,1
549.18,38.92,50,1
549.31,38.97,50,1
549.45,38.98,50,1
549.58,39.01,50,1
549.71,39.05,50,1
549.85,39.07,50,1
549.98,39.08,50,1
550.12,39.12,50,1
550.25,39.13,50,1
550.38,39.17,50,1
550.52,39.19,50,1
550.65,39.22,50,1
550.78,39.23,50,1
550.92,39.25,50,1
551.05,39.28,50,1
551.19,39.3,50,1
551.32,39.32,50,1
551.45,39.35,50,1
551.59,39.37,50,1
551.72,39.4,50,1
551.86,39.43,50,1
551.99,39.44,50,1
552.12,39.47,50,1
552.26,39.5,50,1
552.39,39.52,50,1
552.52,39.54,50,1
552.66,39.55,50,1
552.79,39.59,50,1
552.93,39.61,50,1
553.06,39.63,50,1
553.19,39.64,50,1
553.33,39.69,50,1
553.46,39.68,50,1
553.59,39.72,50,1
553.73,39.74,50,1
553.86,39.76,50,1
554.0,39.77,50,1
554.13,39.81,50,1
554.27,39.81,50,1
554.4,39.85,50,1
554.53,39.89,50,1
554.67,39.9,50,1
554.8,39.92,50,1
554.94,39.94,50,1
555.07,39.98,50,1
555.2,39.98,50,1
555.34,40.01,50,1
555.47,40.01,50,1
555.6,40.05,50,1
555.74,40.08,50,1
555.87,40.09,50,1
556.01,40.11,50,1
556.14,40.14,50,1
556.27,40.15,50,1
556.41,40.18,50,1
556.54,40.2,50,1
556.67,40.21,50,1
556.81,40.24,50,1
556.94,40.26,50,1
557.08,40.29,50,1
557.21,40.3,50,1
557.34,40.33,50,1
557.48,40.35,50,1
557.61,40.34,50,1
557.75,40.39,50,1
557.88,40.42,50,1
558.01,40.44,50,1
558.15,40.45,50,1
558.28,40.51,50,1
558.41,40.49,50,1
558.55,40.51,50,1
558.68,40.54,50,1
558.82,40.53,50,1
558.95,40.58,50,1
559.09,40.59,50,1
559.22,40.62,50,1
559.35,40.66,50,1
559.49,40.66,50,1
559.62,40.68,50,1
559.75,40.7,50,1
559.89,40.72,50,1
560.02,40.74,50,1
560.16,40.76,50,1
560.29,40.78,50,1
560.42,40.8,50,1
560.56,40.81,50,1
560.69,40.85,50,1
560.83,40.86,50,1
560.96,40.87,50,1
561.09,40.91,50,1
561.23,40.93,50,1
561.36,40.95,50,1
561.5,40.96,50,1
561.63,40.99,50,1
561.76,41.0,50,1
561.9,41.02,50,1
562.03,41.02,50,1
562.16,41.06,50,1
562.3,41.08,50,1
562.43,41.1,50,1
562.57,41.11,50,1
562.7,41.15,50,1
562.83,41.15,50,1
562.97,41.17,50,1
563.1,41.2,50,1
563.23,41.2,50,1
563.37,41.21,50,1
563.5,41.26,50,1
563.64,41.26,50,1
563.77,41.29,50,1
563.9,41.32,50,1
564.04,41.33,50,1
564.17,41.35,50,1
564.3,41.36,50,1
564.44,41.38,50,1
564.57,41.41,50,1
564.71,41.41,50,1
564.84,41.4,50,1
564.97,41.45,50,1
565.11,41.47,50,1
565.24,41.5,50,1
565.38,41.52,50,1
565.51,41.53,50,1
565.64,41.54,50,1
565.78,41.59,50,1
565.91,41.6,50,1
566.05,41.61,50,1
566.18,41.61,50,1
566.31,41.65,50,1
566.45,41.67,50,1
566.58,41.7,50,1
566.72,41.72,50,1
566.85,41.73,50,1
566.98,41.74,50,1
567.12,41.77,50,1
567.25,41.77,50,1
567.39,41.81,50,1
567.52,41.83,50,1
567.65,41.84,50,1
567.79,41.85,50,1
567.92,41.86,50,1
568.05,41.9,50,1
568.19,41.92,50,1
568.32,41.93,50,1
568.46,41.95,50,1
568.59,41.96,50,1
568.72,41.99,50,1
568.86,42.01,50,1
568.99,42.01,50,1
569.12,42.03,50,1
569.26,42.05,50,1
569.39,42.07,50,1
569.53,42.09,50,1
569.66,42.11,50,1
569.79,42.13,50,1
569.93,42.16,50,1
570.06,42.16,50,1
570.2,42.17,50,1
570.33,42.16,50,1
570.46,42.2,50,1
570.6,42.24,50,1
570.73,42.25,50,1
570.86,42.28,50,1
571.0,42.26,50,1
571.13,42.29,50,1
571.27,42.32,50,1
571.4,42.35,50,1
571.53,42.35,50,1
571.67,42.37,50,1
571.8,42.39,50,1
571.94,42.4,50,1
572.07,42.41,50,1
572.2,42.46,50,1
572.34,42.45,50,1
572.47,42.46,50,1
572.61,42.5,50,1
572.74,42.52,50,1
572.87,42.53,50,1
573.01,42.55,50,1
573.14,42.56,50,1
573.28,42.57,50,1
573.41,42.59,50,1
573.54,42.61,50,1
573.68,42.64,50,1
573.81,42.65,50,1
573.94,42.66,50,1
574.08,42.68,50,1
574.21,42.7,50,1
574.35,42.72,50,1
574.48,42.72,50,1
574.61,42.75,50,1
574.75,42.74,50,1
574.88,42.78,50,1
575.02,42.81,50,1
575.15,42.8,50,1
575.28,42.83,50,1
575.42,42.85,50,1
575.55,42.83,50,1
575.68,42.88,50,1
575.82,42.9,50,1
575.95,42.9,50,1
576.09,42.91,50,1
576.22,42.95,50,1
576.35,42.96,50,1
576.49,42.97,50,1
576.62,42.99,50,1
576.76,43.01,50,1
576.89,43.03,50,1
577.02,43.05,50,1
577.16,43.04,50,1
577.29,43.07,50,1
577.42,43.07,50,1
577.56,43.09,50,1
577.69,43.12,50,1
577.83,43.13,50,1
577.96,43.14,50,1
578.09,43.16,50,1
578.23,43.2,50,1
578.36,43.19,50,1
578.5,43.18,50,1
578.63,43.22,50,1
578.76,43.23,50,1
578.9,43.25,50,1
579.03,43.28,50,1
579.16,43.28,50,1
579.3,43.3,50,1
579.43,43.32,50,1
579.57,43.34,50,1
579.7,43.35,50,1
579.83,43.37,50,1
579.97,43.38,50,1
580.1,43.4,50,1
580.24,43.43,50,1
580.37,43.43,50,1
580.5,43.44,50,1
580.64,43.44,50,1
580.77,43.47,50,1
580.91,43.49,50,1
581.04,43.51,50,1
581.17,43.53,50,1
581.31,43.54,50,1
581.44,43.56,50,1
581.57,43.55,50,1
581.71,43.6,50,1
581.84,43.6,50,1
581.98,43.6,50,1
582.11,43.64,50,1
582.24,43.65,50,1
582.38,43.66,50,1
582.51,43.67,50,1
582.65,43.67,50,1
582.78,43.7,50,1
582.91,43.71,50,1
583.05,43.73,50,1
583.18,43.72,50,1
583.32,43.75,50,1
583.45,43.76,50,1
583.58,43.79,50,1
583.72,43.82,50,1
583.85,43.83,50,1
583.98,43.83,50,1
584.12,43.84,50,1
584.25,43.86,50,1
584.39,43.87,50,1
584.52,43.9,50,1
584.65,43.89,50,1
584.79,43.92,50,1
584.92,43.92,50,1
585.05,43.94,50,1
585.19,43.96,50,1
585.32,43.98,50,1
585.46,43.99,50,1
585.59,44.01,50,1
585.72,44.02,50,1
585.86,44.03,50,1
585.99,44.05,50,1
586.13,44.09,50,1
586.26,44.08,50,1
586.39,44.08,50,1
586.53,44.11,50,1
586.66,44.13,50,1
586.8,44.13,50,1
586.93,44.14,50,1
587.06,44.14,50,1
587.2,44.15,50,1
587.33,44.17,50,1
587.46,44.21,50,1
587.6,44.21,50,1
587.73,44.23,50,1
587.87,44.23,50,1
588.0,44.25,50,1
588.13,44.27,50,1
588.27,44.26,50,1
588.4,44.3,50,1
588.53,44.3,50,1
588.67,44.32,50,1
588.8,44.32,50,1
588.94,44.35,50,1
589.07,44.33,50,1
589.21,44.39,50,1
589.34,44.37,50,1
589.47,44.39,50,1
589.61,44.42,50,1
589.74,44.42,50,1
589.88,44.45,50,1
590.01,44.46,50,1
590.14,44.47,50,1
590.28,44.49,50,1
590.41,44.49,50,1
590.54,44.51,50,1
590.68,44.54,50,1
590.81,44.55,50,1
590.95,44.54,50,1
591.08,44.57,50,1
591.21,44.57,50,1
591.35,44.59,50,1
591.48,44.62,50,1
591.61,44.61,50,1
591.75,44.58,50,1
591.88,44.67,50,1
592.02,44.67,50,1
592.15,44.68,50,1
592.28,44.71,50,1
592.42,44.72,50,1
592.55,44.71,50,1
592.69,44.74,50,1
592.82,44.73,50,1
592.95,44.76,50,1
593.09,44.78,50,1
593.22,44.78,50,1
593.35,44.77,50,1
593.49,44.81,50,1
593.62,44.81,50,1
593.76,44.83,50,1
593.89,44.85,50,1
594.02,44.85,50,1
594.16,44.88,50,1
594.29,44.86,50,1
594.42,44.89,50,1
594.56,44.91,50,1
594.69,44.92,50,1
594.83,44.93,50,1
594.96,44.96,50,1
595.09,44.96,50,1
595.23,44.95,50,1
595.36,44.97,50,1
595.5,44.99,50,1
595.63,45.0,50,1
595.76,45.02,50,1
595.9,45.02,50,1
596.03,45.04,50,1
596.16,45.06,50,1
596.3,45.08,50,1
596.43,45.08,50,1
596.57,45.09,50,1
596.7,45.08,50,1
596.84,45.14,50,1
596.97,45.15,50,1
597.1,45.16,50,1
597.24,45.15,50,1
597.37,45.17,50,1
597.51,45.17,50,1
597.64,45.2,50,1
597.77,45.2,50,1
597.91,45.2,50,1
598.04,45.23,50,1
598.17,45.26,50,1
598.31,45.26,50,1
598.44,45.28,50,1
598.58,45.27,50,1
598.71,45.29,50,1
598.84,45.29,50,1
598.98,45.3,50,1
599.11,45.33,50,1
599.24,45.34,50,1
599.38,45.34,50,1
599.51,45.36,50,1
599.65,45.36,50,1
599.78,45.36,50,1
599.91,45.38,50,1
600.05,45.41,50,1
600.18,45.41,50,1
600.32,45.44,50,1
600.45,45.43,50,1
600.58,45.45,50,1
600.72,45.45,50,1
600.85,45.47,50,1
600.98,45.48,50,1
601.12,45.49,50,1
601.25,45.5,50,1
601.39,45.51,50,1
601.52,45.54,50,1
601.65,45.54,50,1
601.79,45.56,50,1
601.92,45.55,50,1
602.06,45.57,45,1
602.19,45.59,45,1
602.32,45.6,45,1
602.46,45.61,45,1
602.59,45.62,45,1
602.72,45.64,45,1
602.86,45.65,45,1
602.99,45.64,45,1
603.13,45.67,45,1
603.26,45.68,45,1
603.4,45.68,45,1
603.53,45.67,45,1
603.66,45.7,45,1
603.8,45.7,45,1
603.93,45.69,45,1
604.06,45.71,45,1
604.2,45.73,45,1
604.33,45.73,45,1
604.47,45.73,45,1
604.6,45.75,45,1
604.73,45.74,45,1
604.87,45.75,45,1
605.0,45.74,45,1
605.13,45.75,45,1
605.27,45.75,45,1
605.4,45.77,45,1
605.54,45.76,45,1
605.67,45.77,45,1
605.8,45.79,45,1
605.94,45.79,45,1
606.07,45.8,45,1
606.21,45.82,45,1
606.34,45.81,45,1
606.47,45.82,45,1
606.61,45.82,45,1
606.74,45.81,45,1
606.87,45.83,45,1
607.01,45.81,45,1
607.14,45.81,45,1
607.28,45.84,45,1
607.41,45.85,45,1
607.54,45.86,45,1
607.68,45.85,45,1
607.81,45.86,45,1
607.95,45.86,45,1
608.08,45.89,45,1
608.21,45.87,45,1
608.35,45.88,45,1
608.48,45.88,45,1
608.61,45.86,45,1
608.75,45.89,45,1
608.88,45.89,45,1
609.02,45.9,45,1
609.15,45.89,45,1
609.28,45.92,45,1
609.42,45.93,45,1
609.55,45.94,45,1
609.69,45.93,45,1
609.82,45.94,45,1
609.95,45.94,45,1
610.09,45.94,45,1
610.22,45.94,45,1
610.36,45.96,45,1
610.49,45.95,45,1
610.62,45.95,45,1
610.76,45.97,45,1
610.89,45.97,45,1
611.02,45.97,45,1
611.16,45.99,45,1
611.29,46.0,45,1
611.43,45.99,45,1
611.56,46.0,45,1
611.69,45.98,45,1
611.83,46.01,45,1
611.96,45.99,45,1
612.1,46.01,45,1
612.23,46.02,45,1
612.36,45.99,45,1
612.5,46.03,45,1
612.63,46.02,45,1
612.77,46.03,45,1
612.9,46.04,45,1
613.03,46.01,45,1
613.17,46.04,45,1
613.3,46.05,45,1
613.43,46.05,45,1
613.57,46.06,45,1
613.7,46.09,45,1
613.84,46.09,45,1
613.97,46.09,45,1
614.1,46.08,45,1
614.24,46.09,45,1
614.37,46.09,45,1
614.51,46.1,45,1
614.64,46.1,45,1
614.77,46.13,45,1
614.91,46.15,45,1
615.04,46.12,45,1
615.17,46.13,45,1
615.31,46.18,45,1
615.44,46.14,45,1
615.58,46.13,45,1
615.71,46.15,45,1
615.84,46.15,45,1
615.98,46.16,45,1
616.11,46.16,45,1
616.25,46.17,45,1
616.38,46.18,45,1
616.51,46.18,45,1
616.65,46.2,45,1
616.78,46.2,45,1
616.91,46.21,45,1
617.05,46.21,45,1
617.18,46.21,45,1
617.32,46.22,45,1
617.45,46.22,45,1
617.58,46.22,45,1
617.72,46.23,45,1
617.85,46.22,45,1
617.99,46.24,45,1
618.12,46.24,45,1
618.25,46.24,45,1
618.39,46.25,45,1
618.52,46.28,45,1
618.65,46.24,45,1
618.79,46.29,45,1
618.92,46.29,45,1
619.06,46.31,45,1
619.19,46.29,45,1
619.32,46.3,45,1
619.46,46.3,45,1
619.59,46.32,45,1
619.72,46.33,45,1
619.86,46.32,45,1
619.99,46.32,45,1
620.13,46.34,45,1
620.26,46.33,45,1
620.4,46.32,45,1
620.53,46.33,45,1
620.66,46.34,45,1
620.8,46.35,45,1
620.93,46.37,45,1
621.07,46.37,45,1
621.2,46.36,45,1
621.33,46.37,45,1
621.47,46.37,45,1
621.6,46.4,45,1
621.73,46.4,45,1
621.87,46.41,45,1
622.0,46.4,45,1
622.14,46.42,45,1
622.27,46.41,45,1
622.4,46.42,45,1
622.54,46.42,45,1
622.67,46.44,45,1
622.8,46.43,45,1
622.94,46.44,45,1
623.07,46.46,45,1
623.21,46.46,45,1
623.34,46.47,45,1
623.47,46.45,45,1
623.61,46.47,45,1
623.74,46.47,45,1
623.88,46.47,45,1
624.01,46.47,45,1
624.14,46.51,45,1
624.28,46.49,45,1
624.41,46.51,45,1
624.54,46.52,45,1
624.68,46.5,45,1
624.81,46.53,45,1
624.95,46.52,45,1
625.08,46.53,45,1
625.21,46.54,45,1
625.35,46.53,45,1
625.48,46.53,45,1
625.61,46.52,45,1
625.75,46.5,45,1
625.88,46.57,45,1
626.02,46.56,45,1
626.15,46.56,45,1
626.28,46.58,45,1
626.42,46.57,45,1
626.55,46.56,45,1
626.69,46.56,45,1
626.82,46.57,45,1
626.95,46.6,45,1
627.09,46.6,45,1
627.22,46.6,45,1
627.35,46.62,45,1
627.49,46.62,45,1
627.62,46.61,45,1
627.76,46.63,45,1
627.89,46.63,45,1
628.03,46.64,45,1
628.16,46.63,45,1
628.29,46.64,45,1
628.43,46.65,45,1
628.56,46.67,45,1
628.7,46.65,45,1
628.83,46.65,45,1
628.96,46.67,45,1
629.1,46.68,45,1
629.23,46.67,45,1
629.36,46.68,45,1
629.5,46.68,45,1
629.63,46.69,45,1
629.77,46.68,45,1
629.9,46.69,45,1
630.03,46.69,45,1
630.17,46.7,45,1
630.3,46.71,45,1
630.43,46.74,45,1
630.57,46.74,45,1
630.7,46.73,45,1
630.84,46.73,45,1
630.97,46.73,45,1
631.1,46.75,45,1
631.24,46.77,45,1
631.37,46.74,45,1
631.51,46.74,45,1
631.64,46.78,45,1
631.77,46.77,45,1
631.91,46.78,45,1
632.04,46.79,45,1
632.17,46.78,45,1
632.31,46.78,45,1
632.44,46.79,45,1
632.58,46.77,45,1
632.71,46.8,45,1
632.84,46.81,45,1
632.98,46.8,45,1
633.11,46.8,45,1
633.25,46.82,45,1
633.38,46.83,45,1
633.51,46.84,45,1
633.65,46.8,45,1
633.78,46.81,45,1
633.91,46.83,45,1
634.05,46.85,45,1
634.18,46.86,45,1
634.32,46.84,45,1
634.45,46.84,45,1
634.58,46.85,45,1
634.72,46.86,45,1
634.85,46.88,45,1
634.98,46.88,45,1
635.12,46.88,45,1
635.25,46.9,45,1
635.39,46.87,45,1
635.52,46.9,45,1
635.66,46.87,45,1
635.79,46.9,45,1
635.92,46.89,45,1
636.06,46.91,45,1
636.19,46.92,45,1
636.32,46.92,45,1
636.46,46.92,45,1
636.59,46.93,45,1
636.73,46.92,45,1
636.86,46.95,45,1
636.99,46.95,45,1
637.13,46.94,45,1
637.26,46.92,45,1
637.39,46.95,45,1
637.53,46.96,45,1
637.66,46.97,45,1
637.8,46.96,45,1
637.93,46.97,45,1
638.06,46.98,45,1
638.2,46.98,45,1
638.33,46.98,45,1
638.47,47.01,45,1
638.6,47.0,45,1
638.73,47.0,45,1
638.87,47.0,45,1
639.0,47.02,45,1
639.14,47.04,45,1
639.27,47.02,45,1
639.4,47.02,45,1
639.54,47.03,45,1
639.67,47.03,45,1
639.8,47.04,45,1
639.94,47.03,45,1
640.07,47.04,45,1
640.21,47.06,45,1
640.34,47.07,45,1
640.47,47.06,45,1
640.61,47.06,45,1
640.74,47.06,45,1
640.88,47.05,45,1
641.01,47.08,45,1
641.14,47.06,45,1
641.28,47.09,45,1
641.41,47.09,45,1
641.54,47.11,45,1
641.68,47.11,45,1
641.81,47.09,45,1
641.95,47.1,45,1
642.08,47.12,45,1
642.21,47.11,45,1
642.35,47.11,45,1
642.48,47.11,45,1
642.61,47.13,45,1
642.75,47.13,45,1
642.88,47.12,45,1
643.02,47.13,45,1
643.15,47.14,45,1
643.28,47.14,45,1
643.42,47.16,45,1
643.55,47.14,45,1
643.69,47.15,45,1
643.82,47.16,45,1
643.95,47.16,45,1
644.09,47.18,45,1
644.22,47.19,45,1
644.36,47.19,45,1
644.49,47.19,45,1
644.62,47.19,45,1
644.76,47.19,45,1
644.89,47.18,45,1
645.02,47.22,45,1
645.16,47.21,45,1
645.29,47.2,45,1
645.43,47.23,45,1
645.56,47.22,45,1
645.69,47.22,45,1
645.83,47.23,45,1
645.96,47.23,45,1
646.09,47.23,45,1
646.23,47.24,45,1
646.36,47.24,45,0
646.5,47.26,45,0
646.63,47.25,45,0
646.77,47.24,45,0
646.9,47.24,45,0
647.03,47.24,45,0
647.17,47.23,45,0
647.3,47.2,45,0
647.44,47.17,45,0
647.57,47.13,45,0
647.7,47.12,45,0
647.84,47.05,45,0
647.97,47.01,45,0
648.1,46.97,45,0
648.24,46.9,45,0
648.37,46.85,45,0
648.51,46.79,45,0
648.64,46.7,45,0
648.77,46.64,45,0
648.91,46.59,45,0
649.04,46.52,45,0
649.17,46.46,45,0
649.31,46.39,45,0
649.44,46.32,45,0
649.58,46.26,45,0
649.71,46.18,45,0
649.84,46.11,45,0
649.98,46.05,45,0
650.11,45.97,45,0
650.25,45.91,45,0
650.38,45.81,45,0
650.51,45.77,45,0
650.65,45.72,45,0
650.78,45.63,45,0
650.91,45.57,45,0
651.05,45.52,45,0
651.18,45.44,45,0
651.32,45.38,45,0
651.45,45.3,45,0
651.58,45.24,45,0
651.72,45.17,45,0
651.85,45.12,45,0
651.98,45.05,45,0
652.12,44.99,45,0
652.25,44.92,45,0
652.39,44.87,45,0
652.52,44.8,45,0
652.66,44.72,45,0
652.79,44.67,45,0
652.92,44.62,45,0
653.06,44.55,45,0
653.19,44.49,45,0
653.33,44.42,45,0
653.46,44.38,45,0
653.59,44.29,45,0
653.73,44.26,45,0
653.86,44.2,45,0
653.99,44.14,45,0
654.13,44.08,45,0
654.26,44.03,45,0
654.4,43.97,45,0
654.53,43.92,45,0
654.66,43.86,45,0
654.8,43.81,45,0
654.93,43.75,45,0
655.07,43.69,45,0
655.2,43.65,45,0
655.33,43.59,45,0
655.47,43.55,45,0
655.6,43.5,45,0
655.73,43.45,45,0
655.87,43.39,45,0
656.0,43.34,45,0
656.14,43.29,45,0
656.27,43.25,45,0
656.4,43.21,45,0
656.54,43.15,45,0
656.67,43.11,45,0
656.8,43.06,45,0
656.94,43.01,45,0
657.07,42.94,45,0
657.21,42.91,45,0
657.34,42.84,45,0
657.47,42.81,45,0
657.61,42.77,45,0
657.74,42.75,45,0
657.88,42.68,45,0
658.01,42.64,45,0
658.14,42.6,45,0
658.28,42.54,45,0
658.41,42.49,45,0
658.54,42.46,45,0
658.68,42.41,45,0
658.81,42.36,45,0
658.95,42.34,45,0
659.08,42.28,45,0
659.22,42.23,45,0
659.35,42.19,45,0
659.48,42.14,45,0
659.62,42.11,45,0
659.75,42.06,45,0
659.88,42.02,45,0
660.02,41.98,45,0
660.15,41.94,45,0
660.28,41.91,45,0
660.42,41.86,45,0
660.55,41.82,45,0
660.69,41.77,45,0
660.82,41.74,45,0
660.96,41.69,45,0
661.09,41.66,45,0
661.22,41.62,45,0
661.36,41.59,45,0
661.49,41.54,45,0
661.62,41.51,45,0
661.76,41.46,45,0
661.89,41.43,45,0
662.03,41.39,45,0
662.16,41.35,45,0
662.29,41.31,45,0
662.43,41.28,45,0
662.56,41.23,45,0
662.7,41.19,45,0
662.83,41.16,45,0
662.96,41.11,45,0
663.1,41.07,45,0
663.23,41.03,45,0
663.36,41.01,45,0
663.5,40.95,45,0
663.63,40.94,45,0
663.77,40.88,45,0
663.9,40.86,45,0
664.03,40.82,45,0
664.17,40.78,45,0
664.3,40.75,45,0
664.44,40.71,45,0
664.57,40.67,45,0
664.7,40.62,45,0
664.84,40.6,45,0
664.97,40.58,45,0
665.1,40.52,45,0
665.24,40.48,45,0
665.37,40.45,45,0
665.51,40.41,45,0
665.64,40.39,45,0
665.77,40.35,45,0
665.91,40.32,45,0
666.04,40.28,45,0
666.18,40.25,45,0
666.31,40.21,45,0
666.44,40.17,45,0
666.58,40.14,45,0
666.71,40.11,45,0
666.84,40.08,45,0
666.98,40.04,45,0
667.11,40.0,45,0
667.25,39.95,45,0
667.38,39.91,45,0
667.51,39.89,45,0
667.65,39.85,45,0
667.78,39.83,45,0
667.92,39.78,45,0
668.05,39.77,45,0
668.18,39.73,45,0
668.32,39.69,45,0
668.45,39.67,45,0
668.58,39.64,45,0
668.72,39.6,45,0
668.85,39.56,45,0
668.99,39.53,45,0
669.12,39.49,45,0
669.25,39.46,45,0
669.39,39.43,45,0
669.52,39.41,45,0
669.66,39.37,45,0
669.79,39.33,45,0
669.92,39.3,45,0
670.06,39.27,45,0
670.19,39.25,45,0
670.33,39.22,45,0
670.46,39.18,45,0
670.59,39.15,45,0
670.73,39.11,45,0
670.86,39.08,45,0
671.0,39.04,45,0
671.13,39.01,45,0
671.26,38.98,45,0
671.4,38.95,45,0
671.53,38.92,45,0
671.66,38.89,45,0
671.8,38.84,45,0
671.93,38.81,45,0
672.07,38.8,45,0
672.2,38.76,45,0
672.33,38.72,45,0
672.47,38.7,45,0
672.6,38.66,45,0
672.73,38.63,45,0
672.87,38.6,45,0
673.0,38.58,45,0
673.14,38.54,45,0
673.27,38.51,45,0
673.4,38.49,45,0
673.54,38.45,45,0
673.67,38.41,45,0
673.81,38.41,45,0
673.94,38.37,45,0
674.07,38.33,45,0
674.21,38.3,45,0
674.34,38.26,45,0
674.48,38.25,45,0
674.61,38.23,45,0
674.74,38.18,45,0
674.88,38.16,45,0
675.01,38.12,45,0
675.14,38.08,45,0
675.28,38.04,45,0
675.41,38.02,45,0
675.55,38.0,45,0
675.68,37.97,45,0
675.81,37.94,45,0
675.95,37.91,45,0
676.08,37.89,45,0
676.22,37.87,45,0
676.35,37.82,45,0
676.48,37.81,45,0
676.62,37.76,45,0
676.75,37.74,45,0
676.89,37.72,45,0
677.02,37.66,45,0
677.15,37.64,45,0
677.29,37.62,45,0
677.42,37.6,45,0
677.55,37.57,45,0
677.69,37.53,45,0
677.82,37.49,45,0
677.96,37.47,45,0
678.09,37.45,45,0
678.22,37.41,45,0
678.36,37.4,45,0
678.49,37.36,45,0
678.63,37.34,45,0
678.76,37.3,45,0
678.89,37.28,45,0
679.03,37.26,45,0
679.16,37.22,45,0
679.29,37.18,45,0
679.43,37.15,45,0
679.56,37.15,45,0
679.7,37.12,45,0
679.83,37.08,45,0
679.96,37.05,45,0
680.1,37.03,45,0
680.23,37.0,45,0
680.37,36.97,45,0
680.5,36.95,45,0
680.63,36.91,45,0
680.77,36.88,45,0
680.9,36.84,45,0
681.03,36.82,45,0
681.17,36.81,45,0
681.3,36.78,45,0
681.44,36.74,45,0
681.57,36.72,45,0
681.7,36.69,45,0
681.84,36.67,45,0
681.97,36.65,45,0
682.1,36.61,45,0
682.24,36.58,45,0
682.37,36.55,45,0
682.51,36.53,45,0
682.64,36.52,45,0
682.78,36.48,45,0
682.91,36.45,45,0
683.04,36.44,45,0
683.18,36.4,45,0
683.31,36.38,45,0
683.44,36.36,45,0
683.58,36.33,45,0
683.71,36.3,45,0
683.85,36.27,45,0
683.98,36.26,45,0
684.11,36.21,45,0
684.25,36.2,45,0
684.38,36.16,45,0
684.52,36.14,45,0
684.65,36.12,45,0
684.78,36.09,45,0
684.92,36.06,45,0
685.05,36.03,45,0
685.19,36.01,45,0
685.32,35.98,45,0
685.45,35.95,45,0
685.59,35.92,45,0
685.72,35.9,45,0
685.85,35.88,45,0
685.99,35.86,45,0
686.12,35.83,45,0
686.26,35.81,45,0
686.39,35.77,45,0
686.52,35.74,45,0
686.66,35.74,45,0
686.79,35.71,45,0
686.92,35.68,45,0
687.06,35.65,45,0
687.19,35.63,45,0
687.33,35.6,45,0
687.46,35.58,45,0
687.59,35.56,45,0
687.73,35.53,45,0
687.86,35.5,45,0
688.0,35.49,45,0
688.13,35.44,45,0
688.26,35.44,45,0
688.4,35.41,45,0
688.53,35.39,45,0
688.66,35.35,45,0
688.8,35.34,45,0
688.93,35.31,45,0
689.07,35.29,45,0
689.2,35.26,45,0
689.33,35.24,45,0
689.47,35.22,45,0
689.6,35.19,45,0
689.73,35.16,45,0
689.87,35.13,45,0
690.0,35.12,45,0
690.14,35.09,45,0
690.27,35.08,45,0
690.41,35.06,45,0
690.54,35.03,45,0
690.67,35.0,45,0
690.81,34.97,45,0
690.94,34.96,45,0
691.08,34.93,45,0
691.21,34.91,45,0
691.34,34.88,45,0
691.48,34.87,45,0
691.61,34.83,45,0
691.74,34.81,45,0
691.88,34.79,45,0
692.01,34.76,45,0
692.15,34.71,45,0
692.28,34.71,45,0
692.41,34.69,45,0
692.55,34.68,45,0
692.68,34.65,45,0
692.81,34.63,45,0
692.95,34.61,45,0
693.08,34.58,45,0
693.22,34.56,45,0
693.35,34.53,45,0
693.48,34.51,45,0
693.62,34.49,45,0
693.75,34.48,45,0
693.89,34.43,45,0
694.02,34.42,45,0
694.15,34.4,45,0
694.29,34.38,45,0
694.42,34.35,45,0
694.55,34.33,45,0
694.69,34.3,45,0
694.82,34.29,45,0
694.96,34.25,45,0
695.09,34.24,45,0
695.22,34.21,45,0
695.36,34.19,45,0
695.49,34.17,45,0
695.63,34.15,45,0
695.76,34.12,45,0
695.89,34.11,45,0
696.03,34.08,45,0
696.16,34.06,45,0
696.29,34.04,45,0
696.43,34.03,45,0
696.56,33.99,45,0
696.7,33.98,45,0
696.83,33.94,45,0
696.96,33.92,45,0
697.1,33.9,45,0
697.23,33.89,45,0
697.36,33.86,45,0
697.5,33.84,45,0
697.63,33.82,45,0
697.77,33.8,45,0
697.9,33.78,45,0
698.03,33.78,45,0
698.17,33.74,45,0
698.3,33.71,45,0
698.44,33.7,45,0
698.57,33.68,45,0
698.7,33.65,45,0
698.84,33.62,45,0
698.97,33.62,45,0
699.11,33.59,45,0
699.24,33.56,45,0
699.37,33.54,45,0
699.51,33.53,45,0
699.64,33.51,45,0
699.77,33.48,45,0
699.91,33.46,45,0
700.04,33.44,45,0
700.18,33.41,45,0
700.31,33.39,45,0
700.44,33.38,45,0
700.58,33.36,45,0
700.71,33.34,45,0
700.85,33.3,45,0
700.98,33.3,45,0
701.11,33.26,45,0
701.25,33.25,45,0
701.38,33.23,45,0
701.52,33.21,45,0
701.65,33.18,45,0
701.78,33.16,45,0
701.92,33.15,45,0
702.05,33.12,45,0
702.18,33.11,45,0
702.32,33.09,45,0
702.45,33.07,45,0
702.59,33.05,45,0
702.72,33.03,45,0
702.85,33.01,45,0
702.99,32.99,45,0
703.12,32.97,45,0
703.26,32.94,45,0
703.39,32.93,45,0
703.52,32.91,45,0
703.66,32.89,45,0
703.79,32.87,45,0
703.92,32.84,45,0
704.06,32.83,45,0
704.19,32.81,45,0
704.33,32.78,45,0
704.46,32.77,45,0
704.59,32.75,45,0
704.73,32.73,45,0
704.86,32.71,45,0
705.0,32.69,45,0
705.13,32.67,45,0
705.26,32.64,45,0
705.4,32.64,45,0
705.53,32.62,45,0
705.66,32.59,45,0
705.8,32.57,45,0
705.93,32.56,45,0
706.07,32.54,45,0
706.2,32.52,45,0
706.33,32.49,45,0
706.47,32.48,45,0
706.6,32.46,45,0
706.74,32.44,45,0
706.87,32.42,45,0
707.0,32.41,45,0
707.14,32.39,45,0
707.27,32.37,45,0
707.4,32.34,45,0
707.54,32.34,45,0
707.67,32.3,45,0
707.81,32.28,45,0
707.94,32.27,45,0
708.07,32.24,45,0
708.21,32.23,45,0
708.34,32.22,45,0
708.47,32.2,45,0
708.61,32.18,45,0
708.74,32.15,45,0
708.88,32.14,45,0
709.01,32.12,45,0
709.15,32.1,45,0
709.28,32.1,45,0
709.41,32.06,45,0
709.55,32.04,45,0
709.68,32.03,45,0
709.81,32.01,45,0
709.95,31.99,45,0
710.08,31.97,45,0
710.22,31.95,45,0
710.35,31.93,45,0
710.48,31.93,45,0
710.62,31.9,45,0
710.75,31.88,45,0
710.89,31.86,45,0
711.02,31.84,45,0
711.15,31.83,45,0
711.29,31.81,45,0
711.42,31.79,45,0
711.55,31.77,45,0
711.69,31.76,45,0
711.82,31.73,45,0
711.96,31.72,45,0
712.09,31.71,45,0
712.22,31.68,45,0
712.36,31.67,45,0
712.49,31.66,45,0
712.63,31.63,45,0
712.76,31.61,45,0
712.89,31.6,45,0
713.03,31.57,45,0
713.16,31.56,45,0
713.29,31.54,45,0
713.43,31.52,45,0
713.56,31.51,45,0
713.7,31.49,45,0
713.83,31.47,45,0
713.96,31.46,45,0
714.1,31.45,45,0
714.23,31.42,45,0
714.36,31.39,45,0
714.5,31.39,45,0
714.63,31.36,45,0
714.77,31.35,45,0
714.9,31.33,45,0
715.03,31.31,45,0
715.17,31.3,45,0
715.3,31.28,45,0
715.44,31.26,45,0
715.57,31.25,45,0
715.7,31.21,45,0
715.84,31.22,45,0
715.97,31.19,45,0
716.1,31.18,45,0
716.24,31.16,45,0
716.37,31.14,45,0
716.51,31.14,45,0
716.64,31.11,45,0
716.78,31.09,45,0
716.91,31.07,45,0
717.04,31.05,45,0
717.18,31.04,45,0
717.31,31.03,45,0
717.44,31.0,45,0
717.58,30.99,45,0
717.71,30.97,45,0
717.84,30.96,45,0
717.98,30.94,45,0
718.11,30.94,45,0
718.25,30.91,45,0
718.38,30.89,45,0
718.52,30.87,45,0
718.65,30.86,45,0
718.78,30.84,45,0
718.92,30.83,45,0
719.05,30.82,45,0
719.18,30.79,45,0
719.32,30.78,45,0
719.45,30.76,45,0
719.59,30.74,45,0
719.72,30.74,45,0
719.85,30.72,45,0
719.99,30.7,45,0
720.12,30.68,45,0
720.25,30.67,45,0
720.39,30.64,45,0
720.52,30.64,45,0
720.66,30.62,45,0
720.79,30.6,45,0
720.92,30.59,45,0
721.06,30.57,45,0
721.19,30.56,45,0
721.33,30.54,45,0
721.46,30.52,45,0
721.59,30.5,45,0
721.73,30.51,45,0
721.86,30.47,45,0
722.0,30.45,45,0
722.13,30.46,45,0
722.26,30.44,45,0
722.4,30.42,45,0
722.53,30.39,45,0
722.66,30.38,45,0
722.8,30.36,45,0
722.93,30.36,45,0
723.07,30.33,45,0
723.2,30.32,45,0
723.33,30.31,45,0
723.47,30.29,45,0
723.6,30.28,45,0
723.73,30.26,45,0
723.87,30.25,45,0
724.0,30.22,45,0
724.14,30.22,45,0
724.27,30.21,45,0
724.41,30.18,45,0
724.54,30.16,45,0
724.67,30.15,45,0
724.81,30.13,45,0
724.94,30.12,45,0
725.07,30.1,45,0
725.21,30.08,45,0
725.34,30.09,45,0
725.48,30.06,45,0
725.61,30.04,45,0
725.74,30.02,45,0
725.88,30.01,45,0
726.01,29.99,45,0
726.15,29.98,45,0
726.28,29.96,45,0
726.41,29.95,45,0
726.55,29.95,45,0
726.68,29.93,45,0
726.81,29.91,45,0
726.95,29.89,45,0
727.08,29.88,45,0
727.22,29.87,45,0
727.35,29.86,45,0
727.48,29.83,45,0
727.62,29.82,45,0
727.75,29.82,45,0
727.89,29.78,45,0
728.02,29.78,45,0
728.15,29.76,45,0
728.29,29.75,45,0
728.42,29.73,45,0
728.55,29.72,45,0
728.69,29.7,45,0
728.82,29.7,45,0
728.96,29.68,45,0
729.09,29.66,45,0
729.22,29.64,45,0
729.36,29.63,45,0
729.49,29.61,45,0
729.63,29.61,45,0
729.76,29.6,45,0
729.89,29.58,45,0
730.03,29.58,45,0
730.16,29.56,45,0
730.29,29.54,45,0
730.43,29.53,45,0
730.56,29.51,45,0
730.7,29.5,45,0
730.83,29.48,45,0
730.96,29.48,45,0
731.1,29.46,45,0
731.23,29.44,45,0
731.36,29.42,45,0
731.5,29.41,45,0
731.63,29.4,45,0
731.77,29.38,45,0
731.9,29.37,45,0
732.03,29.36,45,0
732.17,29.35,45,0
732.3,29.33,45,0
732.44,29.32,45,0
732.57,29.3,45,0
732.7,29.31,45,0
732.84,29.29,45,0
732.97,29.27,45,0
733.11,29.26,45,0
733.24,29.25,45,0
733.37,29.23,45,0
733.51,29.22,45,0
733.64,29.2,45,0
733.77,29.19,45,0
733.91,29.18,45,0
734.04,29.16,45,0
734.18,29.15,45,0
734.31,29.13,45,0
734.44,29.11,45,0
734.58,29.11,45,0
734.71,29.1,45,0
734.84,29.09,45,0
734.98,29.07,45,0
735.11,29.06,45,0
735.25,29.05,45,0
735.38,29.03,45,0
735.52,29.03,45,0
735.65,29.0,45,0
735.78,28.99,45,0
735.92,28.97,45,0
736.05,28.96,45,0
736.18,28.95,45,0
736.32,28.95,45,0
736.45,28.93,45,0
736.59,28.92,45,0
736.72,28.9,45,0
736.85,28.89,45,0
736.99,28.87,45,0
737.12,28.86,45,0
737.26,28.85,45,0
737.39,28.83,45,0
737.52,28.82,45,0
737.66,28.8,45,0
737.79,28.79,45,0
737.92,28.78,45,0
738.06,28.76,45,0
738.19,28.76,45,0
738.33,28.75,45,0
738.46,28.73,45,0
738.59,28.72,45,0
738.73,28.71,45,0
738.86,28.7,45,0
739.0,28.68,45,0
739.13,28.67,45,0
739.26,28.66,45,0
739.4,28.65,45,0
739.53,28.63,45,0
739.66,28.62,45,0
739.8,28.62,45,0
739.93,28.6,45,0
740.07,28.58,45,0
740.2,28.57,45,0
740.33,28.56,45,0
740.47,28.55,45,0
740.6,28.53,45,0
740.73,28.52,45,0
740.87,28.51,45,0
741.0,28.5,45,0
741.14,28.48,45,0
741.27,28.46,45,0
741.4,28.45,45,0
741.54,28.45,45,0
741.67,28.44,45,0
741.81,28.41,45,0
741.94,28.41,45,0
742.07,28.38,45,0
742.21,28.38,45,0
742.34,28.37,45,0
742.47,28.36,45,0
742.61,28.35,45,0
742.74,28.34,45,0
742.88,28.33,45,0
743.01,28.32,45,0
743.14,28.29,45,0
743.28,28.3,45,0
743.41,28.29,45,0
743.54,28.27,45,0
743.68,28.25,45,0
743.81,28.23,45,0
743.95,28.24,45,0
744.08,28.21,45,0
744.22,28.2,45,0
744.35,28.2,45,0
744.48,28.18,45,0
744.62,28.18,45,0
744.75,28.16,45,0
744.89,28.16,45,0
745.02,28.15,45,0
745.15,28.13,45,0
745.29,28.1,45,0
745.42,28.1,45,0
745.55,28.08,45,0
745.69,28.07,45,0
745.82,28.06,45,0
745.96,28.06,45,0
746.09,28.04,45,0
746.22,28.04,45,0
746.36,28.02,45,0
746.49,28.01,45,0
746.63,27.99,45,0
746.76,27.98,45,0
746.89,27.97,45,0
747.03,27.96,45,0
747.16,27.96,45,0
747.29,27.95,45,0
747.43,27.93,45,0
747.56,27.92,45,0
747.7,27.91,45,0
747.83,27.9,45,0
747.96,27.9,45,0
748.1,27.87,45,0
748.23,27.87,45,0
748.36,27.86,45,0
748.5,27.84,45,0
748.63,27.83,45,0
748.77,27.82,45,0
748.9,27.82,45,0
749.03,27.79,45,0
749.17,27.78,45,0
749.3,27.78,45,0
749.44,27.77,45,0
749.57,27.76,45,0
749.7,27.75,45,0
749.84,27.76,45,0
749.97,27.72,45,0
750.1,27.71,45,0
750.24,27.7,45,0
750.37,27.69,45,0
750.51,27.67,45,0
750.64,27.67,45,0
750.77,27.66,45,0
750.91,27.64,45,0
751.04,27.63,45,0
751.17,27.62,45,0
751.31,27.61,45,0
751.44,27.6,45,0
751.58,27.6,45,0
751.71,27.58,45,0
751.84,27.57,45,0
751.98,27.56,45,0
752.11,27.56,45,0
752.25,27.53,45,0
752.38,27.53,45,0
752.52,27.52,45,0
752.65,27.51,45,0
752.78,27.49,45,0
752.92,27.48,45,0
753.05,27.47,45,0
753.18,27.46,45,0
753.32,27.46,45,0
753.45,27.44,45,0
753.59,27.43,45,0
753.72,27.41,45,0
753.85,27.41,45,0
753.99,27.39,45,0
754.12,27.38,45,0
754.25,27.38,45,0
754.39,27.37,45,0
754.52,27.35,45,0
754.66,27.34,45,0
754.79,27.34,45,0
754.92,27.33,45,0
755.06,27.31,45,0
755.19,27.31,45,0
755.33,27.29,45,0
755.46,27.29,45,0
755.59,27.27,45,0
755.73,27.27,45,0
755.86,27.25,45,0
755.99,27.24,45,0
756.13,27.22,45,0
756.26,27.22,45,0
756.4,27.2,45,0
756.53,27.19,45,0
756.66,27.18,45,0
756.8,27.18,45,0
756.93,27.16,45,0
757.07,27.17,45,0
757.2,27.15,45,0
757.33,27.14,45,0
757.47,27.13,45,0
757.6,27.12,45,0
757.73,27.12,45,0
757.87,27.11,45,0
758.0,27.1,45,0
758.14,27.08,45,0
758.27,27.08,45,0
758.4,27.06,45,0
758.54,27.06,45,0
758.67,27.05,45,0
758.8,27.03,45,0
758.94,27.02,45,0
759.07,27.02,45,0
759.21,27.0,45,0
759.34,26.98,45,0
759.47,26.99,45,0
759.61,26.98,45,0
759.74,26.96,45,0
759.88,26.94,45,0
760.01,26.94,45,0
760.14,26.93,45,0
760.28,26.91,45,0
760.41,26.91,45,0
760.55,26.91,45,0
760.68,26.89,45,0
760.81,26.9,45,0
760.95,26.88,45,0
761.08,26.86,45,0
761.22,26.86,45,0
761.35,26.87,45,0
761.48,26.84,45,0
761.62,26.82,45,0
761.75,26.83,45,0
761.88,26.81,45,0
762.02,26.8,45,0
762.15,26.79,45,0
762.29,26.79,45,0
762.42,26.76,45,0
762.55,26.75,45,0
762.69,26.75,45,0
762.82,26.73,45,0
762.96,26.74,45,0
763.09,26.72,45,0
763.22,26.71,45,0
763.36,26.73,45,0
763.49,26.69,45,0
763.63,26.7,45,0
763.76,26.68,45,0
763.89,26.68,45,0
764.03,26.66,45,0
764.16,26.65,45,0
764.29,26.64,45,0
764.43,26.62,45,0
764.56,26.63,45,0
764.7,26.62,45,0
764.83,26.61,45,0
764.96,26.59,45,0
765.1,26.59,45,0
765.23,26.59,45,0
765.36,26.57,45,0
765.5,26.56,45,0
765.63,26.55,45,0
765.77,26.54,45,0
765.9,26.54,45,0
766.03,26.52,45,0
766.17,26.53,45,0
766.3,26.5,45,0
766.44,26.5,45,0
766.57,26.49,45,0
766.7,26.48,45,0
766.84,26.47,45,0
766.97,26.46,45,0
767.11,26.45,45,0
767.24,26.45,45,0
767.37,26.44,45,0
767.51,26.43,45,0
767.64,26.41,45,0
767.77,26.4,45,0
767.91,26.4,45,0
768.04,26.38,45,0
768.18,26.38,45,0
768.31,26.38,45,0
768.44,26.37,45,0
768.58,26.35,45,0
768.71,26.35,45,0
768.84,26.34,45,0
768.98,26.33,45,0
769.11,26.32,45,0
769.25,26.31,45,0
769.38,26.3,45,0
769.52,26.29,45,0
769.65,26.29,45,0
769.78,26.28,45,0
769.92,26.27,45,0
770.05,26.27,45,0
770.18,26.25,45,0
770.32,26.25,45,0
770.45,26.22,45,0
770.59,26.22,45,0
770.72,26.22,45,0
770.85,26.2,45,0
770.99,26.21,45,0
771.12,26.18,45,0
771.26,26.18,45,0
771.39,26.17,45,0
771.52,26.16,45,0
771.66,26.15,45,0
771.79,26.14,45,0
771.92,26.13,45,0
772.06,26.13,45,0
772.19,26.12,45,0
772.33,26.11,45,0
772.46,26.1,45,0
772.59,26.09,45,0
772.73,26.08,45,0
772.86,26.09,45,0
773.0,26.08,45,0
773.13,26.06,45,0
773.26,26.05,45,0
773.4,26.05,45,0
773.53,26.03,45,0
773.66,26.02,45,0
773.8,26.02,45,0
773.93,26.01,45,0
774.07,26.01,45,0
774.2,26.0,45,0
774.33,25.99,45,0
774.47,25.98,45,0
774.6,25.97,45,0
774.73,25.96,45,0
774.87,25.95,45,0
775.0,25.96,45,0
775.14,25.96,45,0
775.27,25.94,45,0
775.41,25.93,45,0
775.54,25.92,45,0
775.67,25.91,45,0
775.81,25.9,45,0
775.94,25.89,45,0
776.08,25.89,45,0
776.21,25.87,45,0
776.34,25.87,45,0
776.48,25.84,45,0
776.61,25.85,45,0
776.74,25.84,45,0
776.88,25.83,45,0
777.01,25.82,45,0
777.15,25.81,45,0
777.28,25.81,45,0
777.41,25.8,45,0
777.55,25.8,45,0
777.68,25.78,45,0
777.82,25.77,45,0
777.95,25.78,45,0
778.08,25.76,45,0
778.22,25.75,45,0
778.35,25.75,45,0
778.48,25.75,45,0
778.62,25.74,45,0
778.75,25.72,45,0
778.89,25.72,45,0
779.02,25.7,45,0
779.15,25.7,45,0
779.29,25.7,45,0
779.42,25.68,45,0
779.55,25.67,45,0
779.69,25.67,45,0
779.82,25.66,45,0
779.96,25.66,45,0
780.09,25.65,45,0
780.22,25.64,45,0
780.36,25.63,45,0
780.49,25.63,45,0
780.63,25.61,45,0
780.76,25.61,45,0
780.89,25.6,45,0
781.03,25.6,45,0
781.16,25.58,45,0
781.29,25.58,45,0
781.43,25.56,45,0
781.56,25.56,45,0
781.7,25.55,45,0
781.83,25.56,45,0
781.97,25.54,45,0
782.1,25.53,45,0
782.23,25.52,45,0
782.37,25.52,45,0
782.5,25.51,45,0
782.63,25.49,45,0
782.77,25.5,45,0
782.9,25.48,45,0
783.03,25.48,45,0
783.17,25.46,45,0
783.3,25.46,45,0
783.44,25.45,45,0
783.57,25.44,45,0
783.71,25.43,45,0
783.84,25.44,45,0
783.97,25.43,45,0
784.11,25.41,45,0
784.24,25.4,45,0
784.37,25.41,45,0
784.51,25.4,45,0
784.64,25.38,45,0
784.78,25.37,45,0
784.91,25.37,45,0
785.04,25.36,45,0
785.18,25.36,45,0
785.31,25.35,45,0
785.44,25.34,45,0
785.58,25.34,45,0
785.71,25.34,45,0
785.85,25.32,45,0
785.98,25.31,45,0
786.11,25.3,45,0
786.25,25.3,45,0
786.38,25.29,45,0
786.52,25.3,45,0
786.65,25.27,45,0
786.78,25.27,45,0
786.92,25.27,45,0
787.05,25.26,45,0
787.19,25.26,45,0
787.32,25.24,45,0
787.45,25.24,45,0
787.59,25.22,45,0
787.72,25.22,45,0
787.85,25.21,45,0
787.99,25.2,45,0
788.12,25.2,45,0
788.26,25.2,45,0
788.39,25.19,45,0
788.52,25.18,45,0
788.66,25.16,45,0
788.79,25.18,45,0
788.92,25.15,45,0
789.06,25.16,45,0
789.19,25.15,45,0
789.33,25.14,45,0
789.46,25.14,45,0
789.59,25.14,45,0
789.73,25.12,45,0
789.86,25.12,45,0
790.0,25.1,45,0
790.13,25.09,45,0
790.26,25.09,45,0
790.4,25.09,45,0
790.53,25.09,45,0
790.67,25.07,45,0
790.8,25.05,45,0
790.93,25.06,45,0
791.07,25.05,45,0
791.2,25.04,45,0
791.33,25.05,45,0
791.47,25.02,45,0
791.6,25.01,45,0
791.74,25.01,45,0
791.87,25.0,45,0
792.0,24.99,45,0
792.14,24.99,45,0
792.27,24.98,45,0
792.41,24.96,45,0
792.54,24.97,45,0
792.67,24.95,45,0
792.81,24.96,45,0
792.94,24.96,45,0
793.08,24.96,45,0
793.21,24.95,45,0
793.34,24.94,45,0
793.48,24.93,45,0
793.61,24.91,45,0
793.74,24.92,45,0
793.88,24.91,45,0
794.01,24.89,45,0
794.15,24.91,45,0
794.28,24.88,45,0
794.41,24.87,45,0
794.55,24.88,45,0
794.68,24.86,45,0
794.82,24.87,45,0
794.95,24.85,45,0
795.08,24.83,45,0
795.22,24.84,45,0
795.35,24.83,45,0
795.48,24.82,45,0
795.62,24.83,45,0
795.75,24.81,45,0
795.89,24.81,45,0
796.02,24.81,45,0
796.15,24.79,45,0
796.29,24.78,45,0
796.42,24.78,45,0
796.56,24.77,45,0
796.69,24.77,45,0
796.82,24.76,45,0
796.96,24.77,45,0
797.09,24.76,45,0
797.22,24.73,45,0
797.36,24.74,45,0
797.49,24.73,45,0
797.63,24.73,45,0
797.76,24.72,45,0
797.89,24.71,45,0
798.03,24.71,45,0
798.16,24.7,45,0
798.3,24.69,45,0
798.43,24.69,45,0
798.56,24.67,45,0
798.7,24.68,45,0
798.83,24.67,45,0
798.97,24.67,45,0
799.1,24.66,45,0
799.23,24.65,45,0
799.37,24.65,45,0
799.5,24.64,45,0
799.63,24.66,45,0
799.77,24.63,45,0
799.9,24.63,45,0
800.04,24.61,45,0
800.17,24.61,45,0
800.3,24.6,45,0
800.44,24.6,45,0
800.57,24.59,45,0
800.71,24.58,45,0
800.84,24.57,45,0
800.97,24.58,45,0
801.11,24.57,45,0
801.24,24.54,45,0
801.38,24.56,45,0
801.51,24.54,45,0
801.64,24.54,45,0
801.78,24.54,45,0
801.91,24.54,45,0
802.04,24.53,45,0
802.18,24.51,45,0
802.31,24.52,45,0
802.45,24.5,45,0
802.58,24.49,45,0
802.71,24.5,45,0
802.85,24.5,45,0
802.98,24.49,45,0
803.11,24.47,45,0
803.25,24.48,45,0
803.38,24.47,45,0
803.52,24.46,45,0
803.65,24.46,45,0
803.78,24.45,45,0
803.92,24.45,45,0
804.05,24.44,45,0
804.19,24.44,45,0
804.32,24.41,45,0
804.45,24.42,45,0
804.59,24.42,45,0
804.72,24.41,45,0
804.85,24.4,45,0
804.99,24.41,45,0
805.12,24.39,45,0
805.26,24.38,45,0
805.39,24.39,45,0
805.52,24.38,45,0
805.66,24.36,45,0
805.79,24.36,45,0
805.93,24.35,45,0
806.06,24.34,45,0
806.19,24.34,45,0
806.33,24.34,45,0
806.46,24.35,45,0
806.59,24.34,45,0
806.73,24.33,45,0
806.86,24.34,45,0
807.0,24.32,45,0
807.13,24.31,45,0
807.27,24.32,45,0
807.4,24.3,45,0
807.53,24.3,45,0
807.67,24.29,45,0
807.8,24.29,45,0
807.93,24.28,45,0
808.07,24.28,45,0
808.2,24.27,45,0
808.34,24.26,45,0
808.47,24.26,45,0
808.6,24.25,45,0
808.74,24.25,45,0
808.87,24.25,45,0
809.01,24.24,45,0
809.14,24.24,45,0
809.27,24.23,45,0
809.41,24.22,45,0
809.54,24.22,45,0
809.67,24.21,45,0
809.81,24.21,45,0
809.94,24.21,45,0
810.08,24.19,45,0
810.21,24.19,45,0
810.34,24.17,45,0
810.48,24.18,45,0
810.61,24.18,45,0
810.75,24.17,45,0
810.88,24.17,45,0
811.01,24.16,45,0
811.15,24.16,45,0
811.28,24.15,45,0
811.41,24.15,45,0
811.55,24.15,45,0
811.68,24.13,45,0
811.82,24.14,45,0
811.95,24.12,45,0
812.08,24.11,45,0
812.22,24.12,45,0
812.35,24.11,45,0
812.48,24.11,45,0
812.62,24.1,45,0
812.75,24.1,45,0
812.89,24.09,45,0
813.02,24.08,45,0
813.16,24.06,45,0
813.29,24.07,45,0
813.42,24.08,45,0
813.56,24.06,45,0
813.69,24.07,45,0
813.83,24.06,45,0
813.96,24.05,45,0
814.09,24.06,45,0
814.23,24.04,45,0
814.36,24.04,45,0
814.49,24.02,45,0
814.63,24.02,45,0
814.76,24.02,45,0
814.9,24.01,45,0
815.03,24.0,45,0
815.16,24.0,45,0
815.3,24.0,45,0
815.43,23.99,45,0
815.56,23.98,45,0
815.7,23.98,45,0
815.83,23.98,45,0
815.97,23.99,45,0
816.1,23.97,45,0
816.23,23.96,45,0
816.37,23.95,45,0
816.5,23.96,45,0
816.64,23.95,45,0
816.77,23.94,45,0
816.9,23.93,45,0
817.04,23.94,45,0
817.17,23.92,45,0
817.3,23.92,45,0
817.44,23.93,45,0
817.57,23.91,45,0
817.71,23.91,45,0
817.84,23.89,45,0
817.97,23.9,45,0
818.11,23.9,45,0
818.24,23.89,45,0
818.38,23.89,45,0
818.51,23.88,45,0
818.64,23.89,45,0
818.78,23.88,45,0
818.91,23.87,45,0
819.04,23.86,45,0
819.18,23.86,45,0
819.31,23.85,45,0
819.45,23.85,45,0
819.58,23.84,45,0
819.71,23.84,45,0
819.85,23.84,45,0
819.98,23.83,45,0
820.12,23.83,45,0
820.25,23.82,45,0
820.38,23.82,45,0
820.52,23.81,45,0
820.65,23.81,45,0
820.78,23.82,45,0
820.92,23.8,45,0
821.05,23.79,45,0
821.19,23.78,45,0
821.32,23.78,45,0
821.45,23.78,45,0
821.59,23.79,45,0
821.72,23.76,45,0
821.86,23.77,45,0
821.99,23.76,45,0
822.12,23.76,45,0
822.26,23.74,45,0
822.39,23.74,45,0
822.52,23.76,45,0
822.66,23.74,45,0
822.79,23.74,45,0
822.93,23.73,45,0
823.06,23.72,45,0
823.19,23.72,45,0
823.33,23.71,45,0
823.46,23.71,45,0
823.6,23.7,45,0
823.73,23.7,45,0
823.86,23.7,45,0
824.0,23.69,45,0
824.13,23.7,45,0
824.27,23.68,45,0
824.4,23.67,45,0
824.53,23.66,45,0
824.67,23.66,45,0
824.8,23.66,45,0
824.93,23.65,45,0
825.07,23.66,45,0
825.2,23.65,45,0
825.34,23.65,45,0
825.47,23.64,45,0
825.6,23.62,45,0
825.74,23.63,45,0
825.87,23.63,45,0
826.01,23.62,45,0
826.14,23.63,45,0
826.27,23.62,45,0
826.41,23.61,45,0
826.54,23.6,45,0
826.67,23.6,45,0
826.81,23.6,45,0
826.94,23.58,45,0
827.08,23.59,45,0
827.21,23.59,45,0
827.34,23.58,45,0
827.48,23.58,45,0
827.61,23.57,45,0
827.75,23.57,45,0
827.88,23.55,45,0
828.01,23.56,45,0
828.15,23.56,45,0
828.28,23.55,45,0
828.41,23.54,45,0
828.55,23.54,45,0
828.68,23.54,45,0
828.82,23.54,45,0
828.95,23.52,45,0
829.08,23.53,45,0
829.22,23.52,45,0
829.35,23.53,45,0
829.49,23.51,45,0
829.62,23.5,45,0
829.75,23.51,45,0
829.89,23.5,45,0
830.02,23.5,45,0
830.15,23.49,45,0
830.29,23.49,45,0
830.42,23.48,45,0
830.56,23.49,45,0
830.69,23.48,45,0
830.82,23.48,45,0
830.96,23.47,45,0
831.09,23.47,45,0
831.22,23.46,45,0
831.36,23.45,45,0
831.49,23.45,45,0
831.63,23.45,45,0
831.76,23.45,45,0
831.9,23.45,45,0
832.03,23.44,45,0
832.16,23.44,45,0
832.3,23.42,45,0
832.43,23.43,45,0
832.57,23.41,45,0
832.7,23.42,45,0
832.83,23.4,45,0
832.97,23.4,45,0
833.1,23.41,45,0
833.23,23.4,45,0
833.37,23.4,45,0
833.5,23.39,45,0
833.64,23.39,45,0
833.77,23.39,45,0
833.9,23.38,45,0
834.04,23.37,45,0
834.17,23.37,45,0
834.3,23.36,45,0
834.44,23.36,45,0
834.57,23.38,45,0
834.71,23.36,45,0
834.84,23.35,45,0
834.97,23.36,45,0
835.11,23.35,45,0
835.24,23.33,45,0
835.38,23.33,45,0
835.51,23.34,45,0
835.64,23.33,45,0
835.78,23.33,45,0
835.91,23.32,45,0
836.04,23.32,45,0
836.18,23.33,45,0
836.31,23.31,45,0
836.45,23.31,45,0
836.58,23.3,45,0
836.71,23.3,45,0
836.85,23.3,45,0
836.98,23.3,45,0
837.11,23.29,45,0
837.25,23.28,45,0
837.38,23.28,45,0
837.52,23.28,45,0
837.65,23.27,45,0
837.78,23.28,45,0
837.92,23.27,45,0
838.05,23.26,45,0
838.19,23.26,45,0
838.32,23.26,45,0
838.45,23.26,45,0
838.59,23.26,45,0
838.72,23.24,45,0
838.86,23.24,45,0
838.99,23.24,45,0
839.12,23.23,45,0
839.26,23.24,45,0
839.39,23.23,45,0
839.53,23.23,45,0
839.66,23.22,45,0
839.79,23.21,45,0
839.93,23.21,45,0
840.06,23.2,45,0
840.2,23.21,45,0
840.33,23.2,45,0
840.46,23.19,45,0
840.6,23.19,45,0
840.73,23.18,45,0
840.86,23.18,45,0
841.0,23.19,45,0
841.13,23.17,45,0
841.27,23.18,45,0
841.4,23.17,45,0
841.53,23.17,45,0
841.67,23.15,45,0
841.8,23.17,45,0
841.93,23.16,45,0
842.07,23.16,45,0
842.2,23.15,45,0
842.34,23.14,45,0
842.47,23.14,45,0
842.6,23.13,45,0
842.74,23.13,45,0
842.87,23.13,45,0
843.01,23.13,45,0
843.14,23.13,45,0
843.27,23.13,45,0
843.41,23.12,45,0
843.54,23.12,45,0
843.67,23.11,45,0
843.81,23.11,45,0
843.94,23.11,45,0
844.08,23.1,45,0
844.21,23.1,45,0
844.34,23.1,45,0
844.48,23.09,45,0
844.61,23.1,45,0
844.75,23.09,45,0
844.88,23.09,45,0
845.01,23.08,45,0
845.15,23.07,45,0
845.28,23.07,45,0
845.41,23.07,45,0
845.55,23.07,45,0
845.68,23.07,45,0
845.82,23.06,45,0
845.95,23.06,45,0
846.08,23.06,45,0
846.22,23.05,45,0
846.35,23.04,45,0
846.49,23.03,45,0
846.62,23.03,45,0
846.75,23.03,45,0
846.89,23.03,45,0
847.02,23.03,45,0
847.16,23.03,45,0
847.29,23.03,45,0
847.42,23.01,45,0
847.56,23.01,45,0
847.69,23.01,45,0
847.82,23.01,45,0
847.96,23.02,45,0
848.09,23.01,45,0
848.23,23.01,45,0
848.36,23.01,45,0
848.49,23.0,45,0
848.63,22.99,45,0
848.76,22.98,45,0
848.9,22.98,45,0
849.03,22.98,45,0
849.16,22.97,45,0
849.3,22.98,45,0
849.43,22.97,45,0
849.56,22.96,45,0
849.7,22.95,45,0
849.83,22.97,45,0
849.97,22.96,45,0
850.1,22.96,45,0
850.23,22.95,45,0
850.37,22.94,45,0
850.5,22.94,45,0
850.64,22.94,45,0
850.77,22.94,45,0
850.9,22.94,45,0
851.04,22.93,45,0
851.17,22.94,45,0
851.3,22.93,45,0
851.44,22.93,45,0
851.57,22.92,45,0
851.71,22.92,45,0
851.84,22.91,45,0
851.97,22.91,45,0
852.11,22.91,45,0
852.24,22.9,45,0
852.38,22.9,45,0
852.51,22.9,45,0
852.64,22.9,45,0
852.78,22.9,45,0
852.91,22.89,45,0
853.04,22.89,45,0
853.18,22.87,45,0
853.31,22.88,45,0
853.45,22.88,45,0
853.58,22.88,45,0
853.71,22.87,45,0
853.85,22.87,45,0
853.98,22.86,45,0
854.12,22.86,45,0
854.25,22.86,45,0
854.38,22.85,45,0
854.52,22.85,45,0
854.65,22.85,45,0
854.79,22.85,45,0
854.92,22.84,45,0
855.05,22.83,45,0
855.19,22.84,45,0
855.32,22.84,45,0
855.45,22.82,45,0
855.59,22.83,45,0
855.72,22.82,45,0
855.86,22.82,45,0
855.99,22.81,45,0
856.12,22.81,45,0
856.26,22.81,45,0
856.39,22.81,45,0
856.53,22.8,45,0
856.66,22.8,45,0
856.79,22.8,45,0
856.93,22.81,45,0
857.06,22.8,45,0
857.2,22.8,45,0
857.33,22.78,45,0
857.46,22.79,45,0
857.6,22.78,45,0
857.73,22.76,45,0
857.86,22.78,45,0
858.0,22.77,45,0
858.13,22.77,45,0
858.27,22.77,45,0
858.4,22.76,45,0
858.53,22.77,45,0
858.67,22.76,45,0
858.8,22.75,45,0
858.94,22.75,45,0
859.07,22.74,45,0
859.2,22.75,45,0
859.34,22.75,45,0
859.47,22.74,45,0
859.6,22.73,45,0
859.74,22.75,45,0
859.87,22.72,45,0
860.01,22.72,45,0
860.14,22.72,45,0
860.27,22.72,45,0
860.41,22.72,45,0
860.54,22.72,45,0
860.67,22.72,45,0
860.81,22.72,45,0
860.94,22.71,45,0
861.08,22.71,45,0
861.21,22.7,45,0
861.34,22.7,45,0
861.48,22.7,45,0
861.61,22.7,45,0
861.75,22.69,45,0
861.88,22.68,45,0
862.01,22.68,45,0
862.15,22.68,45,0
862.28,22.68,45,0
862.41,22.68,45,0
862.55,22.67,45,0
862.68,22.66,45,0
862.82,22.67,45,0
862.95,22.67,45,0
863.09,22.66,45,0
863.22,22.66,45,0
863.35,22.67,45,0
863.49,22.65,45,0
863.62,22.65,45,0
863.75,22.65,45,0
863.89,22.64,45,0
864.02,22.64,45,0
864.16,22.64,45,0
864.29,22.64,45,0
864.42,22.65,45,0
864.56,22.64,45,0
864.69,22.63,45,0
864.83,22.64,45,0
864.96,22.63,45,0
865.09,22.62,45,0
865.23,22.63,45,0
865.36,22.62,45,0
865.49,22.61,45,0
865.63,22.62,45,0
865.76,22.61,45,0
865.9,22.61,45,0
866.03,22.6,45,0
866.16,22.59,45,0
866.3,22.6,45,0
866.43,22.59,45,0
866.57,22.58,45,0
866.7,22.59,45,0
866.83,22.59,45,0
866.97,22.59,45,0
867.1,22.57,45,0
867.23,22.57,45,0
867.37,22.58,45,0
867.5,22.57,45,0
867.64,22.58,45,0
867.77,22.58,45,0
867.9,22.56,45,0
868.04,22.55,45,0
868.17,22.55,45,0
868.3,22.56,45,0
868.44,22.55,45,0
868.57,22.54,45,0
868.71,22.55,45,0
868.84,22.55,45,0
868.97,22.55,45,0
869.11,22.54,45,0
869.24,22.53,45,0
869.38,22.54,45,0
869.51,22.54,45,0
869.64,22.54,45,0
869.78,22.54,45,0
869.91,22.53,45,0
870.04,22.52,45,0
870.18,22.53,45,0
870.31,22.54,45,0
870.45,22.52,45,0
870.58,22.52,45,0
870.71,22.51,45,0
870.85,22.51,45,0
870.98,22.51,45,0
871.11,22.51,45,0
871.25,22.51,45,0
871.38,22.5,45,0
871.52,22.51,45,0
871.65,22.5,45,0
871.78,22.5,45,0
871.92,22.5,45,0
872.05,22.49,45,0
872.19,22.48,45,0
872.32,22.48,45,0
872.46,22.49,45,0
872.59,22.49,45,0
872.72,22.49,45,0
872.86,22.48,45,0
872.99,22.47,45,0
873.12,22.48,45,0
873.26,22.48,45,0
873.39,22.47,45,0
873.53,22.47,45,0
873.66,22.46,45,0
873.79,22.46,45,0
873.93,22.47,45,0
874.06,22.45,45,0
874.19,22.45,45,0
874.33,22.45,45,0
874.46,22.45,45,0
874.6,22.45,45,0
874.73,22.46,45,0
874.86,22.44,45,0
875.0,22.43,45,0
875.13,22.44,45,0
875.27,22.43,45,0
875.4,22.43,45,0
875.53,22.43,45,0
875.67,22.42,45,0
875.8,22.42,45,0
875.93,22.42,45,0
876.07,22.42,45,0
876.2,22.41,45,0
876.34,22.41,45,0
876.47,22.42,45,0
876.6,22.4,45,0
876.74,22.41,45,0
876.87,22.42,45,0
877.01,22.41,45,0
877.14,22.4,45,0
877.27,22.39,45,0
877.41,22.39,45,0
877.54,22.4,45,0
877.67,22.39,45,0
877.81,22.39,45,0
877.94,22.39,45,0
878.08,22.39,45,0
878.21,22.38,45,0
878.34,22.39,45,0
878.48,22.38,45,0
878.61,22.38,45,0
878.75,22.38,45,0
878.88,22.36,45,0
879.01,22.37,45,0
879.15,22.38,45,0
879.28,22.36,45,0
879.41,22.38,45,0
879.55,22.36,45,0
879.68,22.36,45,0
879.82,22.36,45,0
879.95,22.36,45,0
880.08,22.36,45,0
880.22,22.36,45,0
880.35,22.36,45,0
880.49,22.36,45,0
880.62,22.35,45,0
880.75,22.35,45,0
880.89,22.35,45,0
881.02,22.35,45,0
881.16,22.35,45,0
881.29,22.33,45,0
881.42,22.33,45,0
881.56,22.33,45,0
881.69,22.33,45,0
881.82,22.32,45,0
881.96,22.33,45,0
882.09,22.32,45,0
882.23,22.32,45,0
882.36,22.32,45,0
882.49,22.32,45,0
882.63,22.31,45,0
882.76,22.31,45,0
882.9,22.3,45,0
883.03,22.31,45,0
883.16,22.31,45,0
883.3,22.3,45,0
883.43,22.3,45,0
883.56,22.3,45,0
883.7,22.3,45,0
883.83,22.29,45,0
883.97,22.29,45,0
884.1,22.3,45,0
884.23,22.28,45,0
884.37,22.28,45,0
884.5,22.29,45,0
884.64,22.29,45,0
884.77,22.29,45,0
884.9,22.28,45,0
885.04,22.27,45,0
885.17,22.28,45,0
885.3,22.26,45,0
885.44,22.27,45,0
885.57,22.26,45,0
885.71,22.27,45,0
885.84,22.27,45,0
885.97,22.26,45,0
886.11,22.26,45,0
886.24,22.25,45,0
886.38,22.25,45,0
886.51,22.26,45,0
886.64,22.24,45,0
886.78,22.26,45,0
886.91,22.24,45,0
887.04,22.24,45,0
887.18,22.24,45,0
887.31,22.24,45,0
887.45,22.24,45,0
887.58,22.25,45,0
887.71,22.22,45,0
887.85,22.24,45,0
887.98,22.22,45,0
888.12,22.23,45,0
888.25,22.23,45,0
888.38,22.22,45,0
888.52,22.23,45,0
888.65,22.21,45,0
888.78,22.22,45,0
888.92,22.21,45,0
889.05,22.21,45,0
889.19,22.22,45,0
889.32,22.2,45,0
889.45,22.22,45,0
889.59,22.2,45,0
889.72,22.2,45,0
889.86,22.2,45,0
889.99,22.2,45,0
890.12,22.19,45,0
890.26,22.19,45,0
890.39,22.19,45,0
890.53,22.18,45,0
890.66,22.2,45,0
890.79,22.18,45,0
890.93,22.18,45,0
891.06,22.19,45,0
891.19,22.19,45,0
891.33,22.19,45,0
891.46,22.18,45,0
891.59,22.18,45,0
891.73,22.17,45,0
891.86,22.17,45,0
892.0,22.16,45,0
892.13,22.16,45,0
892.27,22.17,45,0
892.4,22.17,45,0
892.53,22.17,45,0
892.67,22.17,45,0
892.8,22.15,45,0
892.93,22.15,45,0
893.07,22.16,45,0
893.2,22.15,45,0
893.34,22.16,45,0
893.47,22.15,45,0
893.6,22.15,45,0
893.74,22.14,45,0
893.87,22.15,45,0
894.01,22.15,45,0
894.14,22.14,45,0
894.27,22.14,45,0
894.41,22.15,45,0
894.54,22.13,45,0
894.67,22.13,45,0
894.81,22.13,45,0
894.94,22.12,45,0
895.08,22.12,45,0
895.21,22.12,45,0
895.34,22.12,45,0
895.48,22.13,45,0
895.61,22.12,45,0
895.75,22.12,45,0
895.88,22.12,45,0
896.01,22.11,45,0
896.15,22.12,45,0
896.28,22.12,45,0
896.41,22.11,45,0
896.55,22.1,45,0
896.68,22.11,45,0
896.82,22.1,45,0
896.95,22.1,45,0
897.08,22.11,45,0
897.22,22.1,45,0
897.35,22.09,45,0
897.48,22.09,45,0
897.62,22.09,45,0
897.75,22.09,45,0
897.89,22.08,45,0
898.02,22.08,45,0
898.16,22.09,45,0
898.29,22.08,45,0
898.42,22.07,45,0
898.56,22.08,45,0
898.69,22.07,45,0
898.82,22.07,45,0
898.96,22.08,45,0
899.09,22.07,45,0
899.22,22.07,45,0
899.36,22.07,45,0
899.49,22.06,45,0
899.63,22.06,45,0
899.76,22.07,45,0
899.9,22.06,45,0
900.03,22.06,45,0
900.16,22.05,45,0
900.3,22.05,45,0
900.43,22.05,45,0
900.56,22.05,45,0
900.7,22.04,45,0
900.83,22.04,45,0
900.97,22.05,45,0
901.1,22.04,45,0
901.23,22.04,45,0
901.37,22.04,45,0
901.5,22.04,45,0
901.64,22.03,45,0
901.77,22.03,45,0
901.9,22.03,45,0
902.04,22.03,45,0
902.17,22.03,45,0
902.3,22.04,45,0
902.44,22.02,45,0
902.57,22.03,45,0
902.71,22.03,45,0
902.84,22.02,45,0
902.97,22.02,45,0
903.11,22.02,45,0
903.24,22.01,45,0
903.38,22.0,45,0
903.51,22.02,45,0
903.64,22.01,45,0
903.78,22.01,45,0
903.91,22.01,45,0
904.04,22.01,45,0
904.18,22.0,45,0
904.31,22.01,45,0
904.45,22.0,45,0
904.58,22.0,45,0
904.71,21.99,45,0
904.85,21.99,45,0
904.98,22.0,45,0
905.11,21.98,45,0
905.25,21.99,45,0
905.38,21.99,45,0
905.52,21.98,45,0
905.65,21.98,45,0
905.78,21.98,45,0
905.92,21.98,45,0
906.05,21.98,45,0
906.19,21.97,45,0
906.32,21.97,45,0
906.45,21.98,45,0
906.59,21.97,45,0
906.72,21.97,45,0
906.85,21.96,45,0
906.99,21.96,45,0
907.12,21.97,45,0
907.26,21.96,45,0
907.39,21.96,45,0
907.53,21.96,45,0
907.66,21.96,45,0
907.79,21.96,45,0
907.93,21.96,45,0
908.06,21.95,45,0
908.19,21.95,45,0
908.33,21.95,45,0
908.46,21.95,45,0
908.6,21.95,45,0
908.73,21.94,45,0
908.86,21.93,45,0
909.0,21.93,45,0
909.13,21.94,45,0
909.26,21.93,45,0
909.4,21.93,45,0
909.53,21.93,45,0
909.67,21.93,45,0
909.8,21.93,45,0
909.93,21.93,45,0
910.07,21.93,45,0
910.2,21.91,45,0
910.34,21.92,45,0
910.47,21.91,45,0
910.6,21.92,45,0
910.74,21.91,45,0
910.87,21.92,45,0
911.01,21.91,45,0
911.14,21.91,45,0
911.27,21.91,45,0
911.41,21.91,45,0
911.54,21.9,45,0
911.67,21.91,45,0
911.81,21.9,45,0
911.94,21.9,45,0
912.08,21.92,45,0
912.21,21.89,45,0
912.34,21.89,45,0
912.48,21.89,45,0
912.61,21.89,45,0
912.75,21.89,45,0
912.88,21.89,45,0
913.01,21.89,45,0
913.15,21.88,45,0
913.28,21.89,45,0
913.41,21.87,45,0
913.55,21.88,45,0
913.68,21.87,45,0
913.82,21.87,45,0
913.95,21.87,45,0
914.08,21.87,45,0
914.22,21.87,45,0
914.35,21.86,45,0
914.48,21.86,45,0
914.62,21.85,45,0
914.75,21.86,45,0
914.89,21.86,45,0
915.02,21.86,45,0
915.15,21.85,45,0
915.29,21.85,45,0
915.42,21.85,45,0
915.56,21.85,45,0
915.69,21.85,45,0
915.82,21.85,45,0
915.96,21.84,45,0
916.09,21.84,45,0
916.23,21.83,45,0
916.36,21.84,45,0
916.49,21.84,45,0
916.63,21.85,45,0
916.76,21.83,45,0
916.89,21.83,45,0
917.03,21.83,45,0
917.16,21.83,45,0
917.3,21.83,45,0
917.43,21.82,45,0
917.56,21.83,45,0
917.7,21.83,45,0
917.83,21.83,45,0
917.97,21.82,45,0
918.1,21.83,45,0
918.23,21.82,45,0
918.37,21.82,45,0
918.5,21.82,45,0
918.64,21.82,45,0
918.77,21.82,200,0
918.9,21.8,200,0
919.04,21.79,200,0
919.17,21.8,200,0
919.31,21.78,200,0
919.44,21.75,200,0
919.58,21.72,200,0
919.71,21.68,200,0
919.85,21.64,200,0
919.98,21.57,200,0
920.12,21.52,200,0
920.25,21.44,200,0
920.39,21.37,200,0
920.52,21.3,200,0
920.66,21.23,200,0
920.79,21.14,200,0
920.93,21.06,200,0
921.06,20.98,200,0
921.2,20.9,200,0
921.33,20.81,200,0
921.47,20.72,200,0
921.6,20.62,200,0
921.74,20.52,200,0
921.87,20.45,200,0
922.01,20.37,200,0
922.14,20.28,200,0
922.28,20.18,200,0
922.41,20.11,200,0
922.55,20.0,200,0
922.68,19.93,200,0
922.82,19.85,200,0
922.95,19.77,200,0
923.09,19.69,200,0
923.22,19.61,200,0
923.36,19.52,200,0
923.49,19.45,200,0
923.63,19.36,200,0
923.76,19.29,200,0
923.9,19.2,200,0
924.03,19.14,200,0
924.16,19.06,200,0
924.3,18.98,200,0
924.44,18.9,200,0
924.57,18.85,200,0
924.7,18.78,200,0
924.84,18.69,200,0
924.97,18.63,200,0
925.11,18.57,200,0
925.24,18.49,200,0
925.38,18.43,200,0
925.51,18.36,200,0
925.65,18.29,200,0
925.78,18.25,200,0
925.92,18.17,200,0
926.05,18.1,200,0
926.19,18.06,200,0
926.32,17.98,200,0
926.46,17.92,200,0
926.59,17.87,200,0
926.73,17.81,200,0
926.86,17.75,200,0
927.0,17.7,200,0
927.13,17.64,200,0
927.27,17.58,200,0
927.4,17.51,200,0
927.54,17.45,200,0
927.67,17.41,200,0
927.81,17.36,200,0
927.94,17.3,200,0
928.08,17.25,200,0
928.21,17.2,200,0
928.35,17.14,200,0
928.48,17.1,200,0
928.62,17.06,200,0
928.75,17.01,200,0
928.89,16.95,200,0
929.02,16.9,200,0
929.16,16.85,200,0
929.29,16.81,200,0
929.43,16.77,200,0
929.56,16.68,200,0
929.7,16.66,200,0
929.83,16.62,200,0
929.97,16.56,200,0
930.1,16.52,200,0
930.23,16.48,200,0
930.37,16.43,200,0
930.51,16.38,200,0
930.64,16.35,200,0
930.78,16.29,200,0
930.91,16.25,200,0
931.04,16.2,200,0
931.18,16.18,200,0
931.31,16.14,200,0
931.45,16.08,200,0
931.59,16.04,200,0
931.72,15.99,200,0
931.85,15.95,200,0
931.99,15.91,200,0
932.12,15.88,200,0
932.26,15.83,200,0
932.39,15.79,200,0
932.53,15.75,200,0
932.66,15.7,200,0
932.8,15.68,200,0
932.93,15.62,200,0
933.07,15.6,200,0
933.2,15.55,200,0
933.34,15.52,200,0
933.47,15.47,200,0
933.61,15.44,200,0
933.74,15.4,200,0
933.88,15.36,200,0
934.01,15.32,200,0
934.15,15.29,200,0
934.28,15.24,200,0
934.42,15.21,200,0
934.55,15.16,200,0
934.69,15.13,200,0
934.82,15.09,200,0
934.96,15.07,200,0
935.09,15.02,200,0
935.23,14.99,200,0
935.36,14.95,200,0
935.5,14.92,200,0
935.63,14.89,200,0
935.77,14.84,200,0
935.9,14.81,200,0
936.04,14.77,200,0
936.17,14.75,200,0
936.3,14.71,200,0
936.44,14.66,200,0
936.58,14.63,200,0
936.71,14.61,200,0
936.84,14.56,200,0
936.98,14.53,200,0
937.11,14.49,200,0
937.25,14.46,200,0
937.38,14.42,200,0
937.52,14.4,200,0
937.66,14.36,200,0
937.79,14.32,200,0
937.92,14.3,200,0
938.06,14.25,200,0
938.19,14.22,200,0
938.33,14.19,200,0
938.46,14.16,200,0
938.6,14.12,200,0
938.73,14.08,200,0
938.87,14.06,200,0
939.0,14.01,200,0
939.14,13.98,200,0
939.27,13.96,200,0
939.41,13.93,200,0
939.54,13.87,200,0
939.68,13.85,200,0
939.81,13.83,200,0
939.95,13.8,200,0
940.08,13.77,200,0
940.22,13.73,200,0
940.35,13.71,200,0
940.49,13.68,200,0
940.62,13.64,200,0
940.76,13.61,200,0
940.89,13.56,200,0
941.03,13.55,200,0
941.16,13.51,200,0
941.3,13.49,200,0
941.43,13.44,200,0
941.57,13.43,200,0
941.7,13.38,200,0
941.84,13.36,200,0
941.97,13.33,200,0
942.11,13.28,200,0
942.24,13.27,200,0
942.38,13.24,200,0
942.51,13.19,200,0
942.65,13.17,200,0
942.78,13.14,200,0
942.91,13.11,200,0
943.05,13.08,200,0
943.18,13.07,200,0
943.32,13.03,200,0
943.46,12.99,200,0
943.59,12.97,200,0
943.72,12.94,200,0
943.86,12.9,200,0
943.99,12.88,200,0
944.13,12.85,200,0
944.26,12.82,200,0
944.4,12.79,200,0
944.53,12.76,200,0
944.67,12.73,200,0
944.8,12.7,200,0
944.94,12.67,200,0
945.07,12.65,200,0
945.21,12.61,200,0
945.34,12.58,200,0
945.48,12.55,200,0
945.61,12.5,200,0
945.75,12.49,200,0
945.88,12.47,200,0
946.02,12.44,200,0
946.15,12.41,200,0
946.29,12.38,200,0
946.42,12.35,200,0
946.56,12.33,200,0
946.69,12.3,200,0
946.83,12.27,200,0
946.96,12.24,200,0
947.1,12.21,200,0
947.23,12.18,200,0
947.37,12.15,200,0
947.5,12.13,200,0
947.64,12.12,200,0
947.77,12.07,200,0
947.91,12.05,200,0
948.04,12.01,200,0
948.18,11.99,200,0
948.31,11.97,200,0
948.45,11.94,200,0
948.58,11.9,200,0
948.72,11.87,200,0
948.85,11.85,100,0
948.99,11.83,100,0
949.12,11.81,100,0
949.26,11.78,100,0
949.39,11.76,100,0
949.53,11.74,100,0
949.66,11.74,100,0
949.79,11.73,100,0
949.93,11.74,100,0
950.07,11.75,100,0
950.2,11.76,100,0
950.34,11.78,100,0
950.47,11.81,100,0
950.6,11.83,100,0
950.74,11.86,100,0
950.88,11.89,100,0
951.01,11.91,100,0
951.15,11.94,100,0
951.28,11.97,100,0
951.41,12.0,100,0
951.55,12.03,100,0
951.69,12.06,100,0
951.82,12.1,100,0
951.95,12.13,100,0
952.09,12.17,100,0
952.22,12.19,100,0
952.36,12.22,100,0
952.49,12.25,100,0
952.63,12.28,100,0
952.76,12.31,100,0
952.9,12.34,100,0
953.03,12.37,100,0
953.17,12.41,100,0
953.3,12.44,100,0
953.44,12.46,100,0
953.57,12.49,100,0
953.71,12.51,100,0
953.84,12.55,100,0
953.98,12.57,100,0
954.11,12.59,100,0
954.25,12.62,100,0
954.38,12.64,100,0
954.52,12.66,100,0
954.65,12.69,100,0
954.79,12.7,100,0
954.92,12.73,100,0
955.06,12.75,100,0
955.19,12.78,100,0
955.33,12.78,100,0
955.46,12.82,100,0
955.6,12.83,100,0
955.73,12.84,100,0
955.87,12.87,100,0
956.0,12.88,100,0
956.14,12.9,100,0
956.27,12.91,150,0
956.41,12.92,150,0
956.54,12.94,150,0
956.68,12.96,150,0
956.81,12.96,150,0
956.95,12.98,150,0
957.08,12.98,150,0
957.22,12.97,150,0
957.35,12.97,150,0
957.49,12.97,150,0
957.62,12.95,150,0
957.76,12.94,150,0
957.89,12.93,150,0
958.03,12.91,150,0
958.16,12.91,150,0
958.29,12.89,150,0
958.43,12.85,150,0
958.57,12.85,150,0
958.7,12.84,150,0
958.83,12.81,150,0
958.97,12.8,150,0
959.1,12.77,150,0
959.24,12.76,150,0
959.37,12.74,150,0
959.51,12.72,150,0
959.64,12.67,150,0
959.78,12.67,150,0
959.91,12.65,150,0
960.05,12.62,150,0
960.18,12.61,150,0
960.32,12.57,150,0
960.45,12.57,150,0
960.59,12.54,150,0
960.72,12.52,150,0
960.86,12.51,150,0
960.99,12.5,150,0
961.13,12.48,150,0
961.26,12.48,150,0
961.4,12.43,150,0
961.53,12.4,150,0
961.67,12.39,150,0
961.8,12.38,150,0
961.94,12.36,150,0
962.07,12.34,150,0
962.21,12.31,150,0
962.34,12.31,150,0
962.48,12.28,150,0
962.61,12.28,150,0
962.75,12.25,150,0
962.88,12.25,150,0
963.02,12.21,150,0
963.15,12.2,150,0
963.29,12.18,150,0
963.42,12.17,150,0
963.56,12.15,150,0
963.69,12.13,150,0
963.83,12.12,150,0
963.96,12.09,150,0
964.1,12.11,150,0
964.23,12.08,150,0
964.37,12.06,150,0
964.5,12.04,150,0
964.64,12.02,150,0
964.77,12.01,150,0
964.91,12.0,150,0
965.04,11.98,150,0
965.17,11.97,150,0
965.31,11.95,150,0
965.45,11.92,150,0
965.58,11.93,150,0
965.71,11.91,150,0
965.85,11.89,150,0
965.98,11.9,150,0
966.12,11.87,150,0
966.25,11.85,150,0
966.39,11.84,150,0
966.52,11.83,150,0
966.66,11.82,150,0
966.79,11.82,150,0
966.93,11.78,150,0
967.06,11.8,150,0
967.2,11.76,150,0
967.33,11.74,150,0
967.47,11.74,150,0
967.6,11.72,150,0
967.74,11.71,150,0
967.87,11.68,150,0
968.01,11.68,150,0
968.14,11.68,150,0
968.28,11.65,150,0
968.41,11.66,150,0
968.55,11.64,150,0
968.68,11.63,150,0
968.82,11.61,150,0
968.95,11.6,150,0
969.09,11.59,150,0
969.22,11.58,150,0
969.36,11.57,150,0
969.49,11.56,150,0
969.63,11.54,150,0
969.76,11.54,150,0
969.9,11.53,150,0
970.03,11.51,150,0
970.17,11.49,150,0
970.3,11.49,150,0
970.44,11.48,150,0
970.57,11.47,150,0
970.71,11.46,150,0
970.84,11.45,150,0
970.98,11.42,150,0
971.11,11.42,150,0
971.25,11.4,150,0
971.38,11.39,150,0
971.52,11.39,150,0
971.65,11.38,150,0
971.79,11.37,150,0
971.92,11.37,150,0
972.06,11.35,150,0
972.19,11.33,150,0
972.33,11.33,150,0
972.46,11.31,150,0
972.6,11.31,150,0
972.73,11.29,150,0
972.86,11.29,150,0
973.0,11.26,150,0
973.13,11.25,150,0
973.27,11.26,150,0
973.41,11.23,150,0
973.54,11.22,150,0
973.67,11.23,150,0
973.81,11.21,150,0
973.94,11.19,150,0
974.08,11.18,150,0
974.21,11.18,150,0
974.35,11.18,150,0
974.48,11.15,150,0
974.62,11.13,150,0
974.75,11.13,150,0
974.89,11.13,150,0
975.02,11.12,150,0
975.16,11.11,150,0
975.29,11.1,150,0
975.43,11.1,150,0
975.56,11.08,150,0
975.7,11.07,150,0
975.83,11.05,150,0
975.97,11.06,150,0
976.1,11.05,150,0
976.24,11.02,150,0
976.37,11.02,150,0
976.51,11.0,150,0
976.64,11.0,150,0
976.78,10.99,150,0
976.91,10.97,150,0
977.05,10.97,150,0
977.18,10.97,150,0
977.32,10.94,150,0
977.45,10.93,150,0
977.59,10.92,150,0
977.72,10.93,150,0
977.86,10.91,150,0
977.99,10.91,150,0
978.13,10.89,150,0
978.26,10.89,150,0
978.4,10.87,150,0
978.53,10.87,150,0
978.67,10.86,150,0
978.8,10.84,150,0
978.94,10.84,150,0
979.07,10.8,150,0
979.21,10.81,150,0
979.34,10.81,150,0
979.48,10.8,150,0
979.61,10.78,150,0
979.75,10.78,150,0
979.88,10.77,150,0
980.02,10.76,150,0
980.15,10.75,150,0
980.28,10.74,150,0
980.42,10.73,150,0
980.55,10.73,150,0
980.69,10.71,150,0
980.83,10.7,150,0
980.96,10.69,150,0
981.09,10.66,150,0
981.23,10.67,150,0
981.36,10.69,150,0
981.5,10.67,150,0
981.64,10.64,150,0
981.77,10.64,150,0
981.9,10.64,150,0
982.04,10.61,150,0
982.17,10.61,150,0
982.31,10.6,150,0
982.44,10.59,150,0
982.58,10.59,150,0
982.71,10.58,150,0
982.85,10.57,150,0
982.98,10.55,150,0
983.12,10.55,150,0
983.25,10.54,150,0
983.39,10.53,150,0
983.52,10.52,150,0
983.66,10.51,150,0
983.79,10.53,150,0
983.93,10.5,150,0
984.06,10.49,150,0
984.2,10.48,150,0
984.33,10.46,150,0
984.47,10.47,150,0
984.6,10.46,150,0
984.74,10.45,150,0
984.87,10.43,150,0
985.01,10.42,150,0
985.14,10.42,150,0
985.28,10.41,150,0
985.41,10.4,150,0
985.55,10.39,150,0
985.68,10.39,150,0
985.82,10.38,150,0
985.95,10.37,150,0
986.09,10.36,150,0
986.22,10.36,150,0
986.36,10.34,150,0
986.49,10.34,150,0
986.63,10.34,150,0
986.76,10.31,150,0
986.9,10.31,150,0
987.03,10.3,150,0
987.17,10.29,150,0
987.3,10.28,150,0
987.44,10.28,150,0
987.57,10.28,150,0
987.71,10.25,150,0
987.84,10.25,150,0
987.97,10.24,150,0
988.11,10.23,150,0
988.25,10.23,150,0
988.38,10.2,150,0
988.52,10.2,150,0
988.65,10.2,150,0
988.78,10.19,150,0
988.92,10.18,150,0
989.05,10.19,150,0
989.19,10.19,150,0
989.33,10.16,150,0
989.46,10.16,150,0
989.59,10.15,150,0
989.73,10.14,150,0
989.86,10.12,150,0
990.0,10.13,150,0
990.13,10.12,150,0
990.27,10.11,150,0
990.4,10.11,150,0
990.54,10.09,150,0
990.67,10.11,150,0
990.81,10.08,150,0
990.94,10.06,150,0
991.08,10.07,150,0
991.21,10.05,150,0
991.35,10.05,150,0
991.48,10.04,150,0
991.62,10.03,150,0
991.75,10.02,150,0
991.89,10.01,150,0
992.02,10.01,150,0
992.16,10.0,150,0
992.29,9.99,150,0
992.43,9.96,150,0
992.56,9.97,150,0
992.69,9.96,150,0
992.83,9.96,150,0
992.96,9.95,150,0
993.1,9.95,150,0
993.23,9.94,150,0
993.36,9.93,150,0
993.5,9.93,150,0
993.63,9.92,150,0
993.77,9.9,150,0
993.9,9.9,150,0
994.03,9.89,150,0
994.17,9.87,150,0
994.3,9.87,150,0
994.44,9.86,150,0
994.57,9.85,150,0
994.7,9.84,150,0
994.84,9.84,150,0
994.97,9.83,150,0
995.1,9.81,150,0
995.24,9.81,150,0
995.37,9.81,150,0
995.51,9.79,150,0
995.64,9.8,150,0
995.77,9.76,150,0
995.91,9.77,150,0
996.04,9.77,150,0
996.17,9.75,150,0
996.31,9.75,150,0
996.44,9.75,150,0
996.58,9.73,150,0
996.71,9.71,150,0
996.84,9.72,150,0
996.98,9.73,150,0
997.11,9.7,150,0
997.25,9.7,150,0
997.38,9.68,150,0
997.51,9.68,150,0
997.65,9.67,150,0
997.78,9.66,150,0
997.92,9.65,145,0
998.05,9.65,145,0
998.18,9.65,145,0
998.32,9.64,145,0
998.45,9.62,145,0
998.59,9.62,145,0
998.72,9.61,145,0
998.85,9.59,145,0
998.99,9.59,145,0
999.12,9.61,145,0
999.26,9.59,145,0
999.39,9.6,145,0
999.52,9.58,145,0
999.66,9.57,145,0
999.79,9.57,145,0
999.92,9.57,145,0
1000.06,9.57,145,0
1000.19,9.55,145,0
1000.33,9.56,145,0
1000.46,9.57,145,0
1000.6,9.56,145,0
1000.73,9.58,145,0
1000.87,9.56,145,0
1001.0,9.55,145,0
1001.14,9.54,145,0
1001.27,9.56,145,0
1001.41,9.55,145,0
1001.54,9.54,145,0
1001.68,9.55,145,0
1001.81,9.52,145,0
1001.95,9.52,145,0
1002.08,9.51,145,0
1002.22,9.52,145,0
1002.35,9.52,145,0
1002.49,9.51,145,0
1002.62,9.51,145,0
1002.76,9.49,145,0
1002.89,9.5,145,0
1003.03,9.49,145,0
1003.16,9.48,145,0
1003.29,9.48,145,0
1003.43,9.48,145,0
1003.57,9.48,145,0
1003.7,9.48,145,0
1003.84,9.46,145,0
1003.97,9.45,145,0
1004.1,9.45,145,0
1004.24,9.45,145,0
1004.38,9.44,145,0
1004.51,9.43,145,0
1004.65,9.43,145,0
1004.78,9.41,145,0
1004.91,9.41,145,0
1005.05,9.42,145,0
1005.19,9.42,145,0
1005.32,9.42,145,0
1005.46,9.41,145,0
1005.59,9.39,145,0
1005.72,9.41,145,0
1005.86,9.38,145,0
1006.0,9.38,145,0
1006.13,9.38,145,0
1006.26,9.38,145,0
1006.4,9.36,145,0
1006.53,9.37,145,0
1006.67,9.36,145,0
1006.8,9.35,145,0
1006.94,9.35,145,0
1007.07,9.35,145,0
1007.21,9.33,145,0
1007.34,9.34,145,0
1007.48,9.32,145,0
1007.61,9.31,145,0
1007.75,9.31,145,0
1007.88,9.32,145,0
1008.02,9.31,145,0
1008.15,9.3,145,0
1008.29,9.3,145,0
1008.42,9.3,145,0
1008.56,9.29,145,0
1008.69,9.29,145,0
1008.83,9.29,145,0
1008.96,9.29,145,0
1009.1,9.28,145,0
1009.23,9.27,145,0
1009.37,9.26,145,0
1009.5,9.27,145,0
1009.64,9.26,145,0
1009.77,9.26,145,0
1009.91,9.25,145,0
1010.04,9.26,145,0
1010.18,9.24,145,0
1010.31,9.24,145,0
1010.45,9.23,145,0
1010.58,9.23,140,0
1010.72,9.22,140,0
1010.85,9.21,140,0
1010.99,9.21,140,0
1011.12,9.2,140,0
1011.26,9.2,140,0
1011.39,9.2,140,0
1011.53,9.19,140,0
1011.66,9.19,140,0
1011.8,9.18,140,0
1011.93,9.19,140,0
1012.07,9.18,140,0
1012.2,9.18,140,0
1012.34,9.2,140,0
1012.47,9.17,140,0
1012.6,9.18,140,0
1012.74,9.16,140,0
1012.88,9.17,140,0
1013.01,9.17,140,0
1013.15,9.15,140,0
1013.28,9.16,140,0
1013.41,9.15,140,0
1013.55,9.17,140,0
1013.69,9.16,140,0
1013.82,9.16,140,0
1013.96,9.16,140,0
1014.09,9.15,140,0
1014.22,9.14,140,0
1014.36,9.15,140,0
1014.5,9.14,140,0
1014.63,9.15,140,0
1014.76,9.15,140,0
1014.9,9.14,140,0
1015.03,9.14,140,0
1015.17,9.14,140,0
1015.3,9.13,140,0
1015.44,9.13,140,0
1015.57,9.13,140,0
1015.71,9.13,140,0
1015.84,9.13,140,0
1015.98,9.13,140,0
1016.11,9.13,140,0
1016.25,9.12,140,0
1016.38,9.12,140,0
1016.52,9.12,140,0
1016.65,9.11,140,0
1016.79,9.12,140,0
1016.92,9.09,140,0
1017.06,9.11,140,0
1017.19,9.1,140,0
1017.33,9.11,140,0
1017.46,9.09,140,0
1017.6,9.11,140,0
1017.73,9.1,140,0
1017.87,9.09,140,0
1018.0,9.08,140,0
1018.14,9.09,140,0
1018.27,9.1,140,0
1018.41,9.07,140,0
1018.54,9.08,140,0
1018.68,9.07,140,0
1018.81,9.07,140,0
1018.95,9.07,140,0
1019.08,9.06,140,0
1019.22,9.05,140,0
1019.35,9.06,140,0
1019.49,9.06,140,0
1019.62,9.05,140,0
1019.76,9.07,140,0
1019.89,9.05,140,0
1020.03,9.05,140,0
1020.16,9.04,140,0
1020.29,9.06,140,0
1020.43,9.03,140,0
1020.57,9.04,140,0
1020.7,9.02,140,0
1020.83,9.03,140,0
1020.97,9.02,140,0
1021.1,9.03,140,0
1021.24,9.03,140,0
1021.37,9.02,140,0
1021.51,9.02,140,0
1021.64,9.01,140,0
1021.78,9.01,140,0
1021.91,9.0,135,0
1022.05,9.02,135,0
1022.18,9.0,135,0
1022.32,9.0,135,0
1022.45,9.0,135,0
1022.59,9.0,135,0
1022.72,9.0,135,0
1022.86,8.99,135,0
1022.99,9.0,135,0
1023.13,9.0,135,0
1023.26,8.98,135,0
1023.4,8.98,135,0
1023.53,9.0,135,0
1023.67,8.99,135,0
1023.8,8.99,135,0
1023.94,8.99,135,0
1024.07,8.98,135,0
1024.21,8.98,135,0
1024.34,8.99,135,0
1024.48,8.98,135,0
1024.61,8.98,135,0
1024.75,8.98,135,0
1024.88,8.99,135,0
1025.02,8.99,135,0
1025.15,8.98,135,0
1025.29,8.98,135,0
1025.42,8.98,135,0
1025.56,8.98,135,0
1025.69,8.98,135,0
1025.83,8.98,135,0
1025.96,8.98,135,0
1026.1,8.99,135,0
1026.23,8.98,135,0
1026.37,8.99,135,0
1026.5,9.0,135,0
1026.64,8.98,135,0
1026.77,8.98,135,0
1026.91,8.98,135,0
1027.04,8.98,135,0
1027.18,8.98,135,0
1027.31,8.97,135,0
1027.44,8.98,135,0
1027.58,8.98,135,0
1027.72,8.97,135,0
1027.85,8.97,135,0
1027.98,8.97,135,0
1028.12,8.97,135,0
1028.26,8.97,135,0
1028.39,8.96,135,0
1028.53,8.96,135,0
1028.66,8.97,135,0
1028.8,8.97,135,0
1028.93,8.97,135,0
1029.06,8.96,135,0
1029.2,8.96,135,0
1029.33,8.98,135,0
1029.47,8.98,135,0
1029.6,8.96,135,0
1029.74,8.96,135,0
1029.87,8.96,135,0
1030.01,8.96,135,0
1030.14,8.96,135,0
1030.28,8.95,135,0
1030.41,8.99,135,0
1030.55,8.97,135,0
1030.68,8.98,135,0
1030.82,8.97,135,0
1030.95,8.98,135,0
1031.09,8.98,135,0
1031.22,8.97,135,0
1031.36,8.96,135,0
1031.49,8.97,135,0
1031.63,8.96,135,0
1031.76,8.97,135,0
1031.9,8.97,135,0
1032.03,8.97,135,0
1032.17,8.96,135,0
1032.3,8.96,135,0
1032.44,8.96,135,0
1032.57,8.95,125,0
1032.71,8.96,125,0
1032.84,8.96,125,0
1032.98,8.96,125,0
1033.11,8.96,125,0
1033.25,8.96,125,0
1033.38,8.95,125,0
1033.52,8.95,125,0
1033.65,8.95,125,0
1033.79,8.96,125,0
1033.92,8.96,125,0
1034.06,8.96,125,0
1034.19,8.95,125,0
1034.33,8.97,125,0
1034.46,8.97,125,0
1034.6,8.97,125,0
1034.73,8.98,125,0
1034.87,8.99,125,0
1035.0,8.99,125,0
1035.14,9.0,125,0
1035.27,8.99,125,0
1035.41,9.0,125,0
1035.54,9.01,125,0
1035.68,9.01,125,0
1035.81,9.01,125,0
1035.94,9.02,125,0
1036.08,9.03,125,0
1036.21,9.03,125,0
1036.35,9.03,125,0
1036.48,9.03,125,0
1036.62,9.05,125,0
1036.75,9.04,125,0
1036.89,9.04,125,0
1037.03,9.05,125,0
1037.16,9.05,125,0
1037.3,9.04,125,0
1037.43,9.05,125,0
1037.56,9.06,125,0
1037.7,9.06,125,0
1037.83,9.07,125,0
1037.97,9.06,125,0
1038.1,9.07,125,0
1038.24,9.07,125,0
1038.37,9.08,125,0
1038.51,9.09,125,0
1038.64,9.08,125,0
1038.78,9.1,125,0
1038.91,9.11,125,0
1039.05,9.13,125,0
1039.18,9.12,125,0
1039.32,9.13,125,0
1039.45,9.13,125,0
1039.59,9.14,125,0
1039.72,9.13,125,0
1039.86,9.13,125,0
1039.99,9.14,125,0
1040.13,9.14,125,0
1040.26,9.14,125,0
1040.4,9.15,125,0
1040.53,9.15,125,0
1040.67,9.15,125,0
1040.8,9.15,125,0
1040.94,9.15,125,0
1041.07,9.16,125,0
1041.21,9.15,125,0
1041.34,9.16,125,0
1041.48,9.16,125,0
1041.61,9.16,125,0
1041.75,9.16,125,0
1041.88,9.17,125,0
1042.02,9.16,125,0
1042.15,9.17,125,0
1042.29,9.17,125,0
1042.42,9.17,125,0
1042.56,9.17,125,0
1042.69,9.18,125,0
1042.83,9.17,125,0
1042.96,9.17,125,0
1043.1,9.17,125,0
1043.23,9.17,125,0
1043.36,9.17,125,0
1043.5,9.18,125,0
1043.64,9.18,125,0
1043.77,9.18,125,0
1043.91,9.19,125,0
1044.04,9.18,125,0
1044.18,9.18,125,0
1044.31,9.19,125,0
1044.44,9.18,125,0
1044.58,9.18,125,0
1044.71,9.19,125,0
1044.85,9.18,125,0
1044.98,9.18,125,0
1045.12,9.2,125,0
1045.25,9.2,125,0
1045.39,9.19,125,0
1045.52,9.2,125,0
1045.66,9.19,125,0
1045.79,9.2,125,0
1045.93,9.19,125,0
1046.06,9.19,125,0
1046.2,9.19,125,0
1046.33,9.19,125,0
1046.47,9.2,125,0
1046.6,9.2,125,0
1046.74,9.2,125,0
1046.87,9.19,125,0
1047.01,9.2,125,0
1047.14,9.2,125,0
1047.28,9.2,125,0
1047.41,9.2,125,0
1047.55,9.2,125,0
1047.68,9.2,125,0
1047.82,9.2,125,0
1047.95,9.2,125,0
1048.09,9.2,125,0
1048.22,9.2,125,0
1048.36,9.2,125,0
1048.49,9.21,125,0
1048.63,9.21,125,0
1048.76,9.21,125,0
1048.9,9.22,125,0
1049.03,9.21,125,0
1049.17,9.2,125,0
1049.3,9.21,125,0
1049.44,9.21,125,0
1049.57,9.21,125,0
1049.71,9.21,125,0
1049.84,9.21,125,0
1049.97,9.21,125,0
1050.11,9.21,125,0
1050.25,9.23,125,0
1050.38,9.22,125,0
1050.52,9.21,125,0
1050.65,9.21,125,0
1050.79,9.21,125,0
1050.92,9.21,125,0
1051.06,9.22,125,0
1051.19,9.21,125,0
1051.32,9.22,125,0
1051.46,9.21,125,0
1051.59,9.21,125,0
1051.73,9.22,125,0
1051.88,9.22,120,0
1052.01,9.22,120,0
1052.15,9.24,120,0
1052.28,9.24,120,0
1052.42,9.22,120,0
1052.55,9.23,120,0
1052.69,9.23,120,0
1052.82,9.23,120,0
1052.96,9.23,120,0
1053.09,9.21,120,0
1053.23,9.24,120,0
1053.36,9.24,120,0
1053.5,9.24,120,0
1053.63,9.24,120,0
1053.77,9.26,120,0
1053.9,9.24,120,0
1054.04,9.25,120,0
1054.17,9.26,120,0
1054.31,9.27,120,0
1054.44,9.25,120,0
1054.58,9.26,120,0
1054.71,9.27,120,0
1054.85,9.27,120,0
1054.98,9.27,120,0
1055.12,9.27,120,0
1055.25,9.28,120,0
1055.39,9.28,120,0
1055.52,9.29,120,0
1055.66,9.29,120,0
1055.79,9.3,120,0
1055.93,9.3,120,0
1056.06,9.3,120,0
1056.2,9.31,120,0
1056.33,9.31,120,0
1056.47,9.31,120,0
1056.6,9.31,120,0
1056.74,9.32,120,0
1056.87,9.33,120,0
1057.01,9.32,120,0
1057.14,9.33,120,0
1057.28,9.33,120,0
1057.41,9.33,120,0
1057.55,9.33,120,0
1057.68,9.34,120,0
1057.81,9.34,120,0
1057.95,9.34,120,0
1058.08,9.35,120,0
1058.22,9.34,120,0
1058.35,9.36,120,0
1058.49,9.35,120,0
1058.62,9.36,120,0
1058.76,9.35,120,0
1058.89,9.37,120,0
1059.03,9.37,120,0
1059.16,9.36,120,0
1059.3,9.38,120,0
1059.43,9.38,120,0
1059.57,9.37,120,0
1059.7,9.38,120,0
1059.84,9.38,120,0
1059.97,9.39,120,0
1060.11,9.39,120,0
1060.24,9.39,120,0
1060.38,9.39,120,0
1060.51,9.39,120,0
1060.65,9.39,120,0
1060.78,9.39,120,0
1060.92,9.39,120,0
1061.05,9.4,120,0
1061.19,9.42,120,0
1061.32,9.41,120,0
1061.46,9.41,120,0
1061.59,9.4,120,0
1061.73,9.4,120,0
1061.86,9.4,120,0
1062.0,9.41,120,0
1062.13,9.41,120,0
1062.27,9.4,120,0
1062.4,9.41,120,0
1062.54,9.42,120,0
1062.67,9.41,120,0
1062.81,9.42,120,0
1062.94,9.42,120,0
1063.08,9.41,120,0
1063.21,9.43,120,0
1063.35,9.42,120,0
1063.48,9.43,120,0
1063.62,9.43,120,0
1063.75,9.44,120,0
1063.89,9.43,120,0
1064.02,9.43,120,0
1064.16,9.42,120,0
1064.29,9.43,120,0
1064.43,9.43,120,0
1064.56,9.45,120,0
1064.69,9.43,120,0
1064.83,9.43,120,0
1064.97,9.43,120,0
1065.1,9.45,120,0
1065.23,9.44,120,0
1065.37,9.45,120,0
1065.5,9.44,120,0
1065.64,9.45,120,0
1065.78,9.45,120,0
1065.91,9.46,120,0
1066.04,9.44,120,0
1066.18,9.46,120,0
1066.31,9.45,120,0
1066.45,9.44,120,0
1066.58,9.46,120,0
1066.72,9.45,120,0
1066.85,9.46,120,0
1066.99,9.45,120,0
1067.12,9.47,120,0
1067.26,9.46,120,0
1067.39,9.47,120,0
1067.53,9.46,120,0
1067.66,9.47,120,0
1067.8,9.47,120,0
1067.93,9.48,120,0
1068.07,9.47,120,0
1068.2,9.47,120,0
1068.34,9.47,120,0
1068.47,9.47,120,0
1068.61,9.46,120,0
1068.74,9.48,120,0
1068.88,9.48,120,0
1069.01,9.47,120,0
1069.15,9.48,120,0
1069.28,9.49,120,0
1069.42,9.48,120,0
1069.55,9.49,125,0
1069.69,9.48,125,0
1069.82,9.48,125,0
1069.96,9.48,125,0
1070.09,9.49,125,0
1070.23,9.49,125,0
1070.36,9.48,125,0
1070.5,9.49,125,0
1070.63,9.49,125,0
1070.77,9.48,125,0
1070.9,9.49,125,0
1071.04,9.48,125,0
1071.17,9.48,125,0
1071.31,9.48,125,0
1071.44,9.47,125,0
1071.58,9.48,125,0
1071.71,9.48,125,0
1071.85,9.47,125,0
1071.98,9.47,125,0
1072.12,9.48,125,0
1072.25,9.46,125,0
1072.39,9.46,125,0
1072.52,9.46,125,0
1072.66,9.46,125,0
1072.79,9.44,125,0
1072.93,9.46,125,0
1073.06,9.46,125,0
1073.2,9.46,125,0
1073.33,9.45,125,0
1073.46,9.45,125,0
1073.6,9.45,125,0
1073.73,9.45,125,0
1073.87,9.44,125,0
1074.0,9.44,125,0
1074.14,9.44,125,0
1074.28,9.42,125,0
1074.41,9.43,125,0
1074.54,9.43,125,0
1074.68,9.44,125,0
1074.81,9.43,125,0
1074.95,9.45,125,0
1075.08,9.43,125,0
1075.22,9.43,125,0
1075.35,9.42,125,0
1075.49,9.41,125,0
1075.62,9.42,125,0
1075.76,9.43,125,0
1075.89,9.42,125,0
1076.03,9.41,125,0
1076.16,9.42,125,0
1076.3,9.42,125,0
1076.43,9.42,125,0
1076.57,9.43,125,0
1076.7,9.41,125,0
1076.84,9.41,125,0
1076.97,9.41,125,0
1077.11,9.41,125,0
1077.24,9.41,125,0
1077.38,9.41,125,0
1077.51,9.41,125,0
1077.65,9.41,125,0
1077.78,9.4,125,0
1077.92,9.41,125,0
1078.05,9.41,125,0
1078.19,9.41,125,0
1078.32,9.41,125,0
1078.46,9.41,125,0
1078.59,9.41,125,0
1078.73,9.4,125,0
1078.86,9.4,125,0
1079.0,9.41,125,0
1079.13,9.4,125,0
1079.27,9.4,125,0
1079.4,9.42,125,0
1079.54,9.4,125,0
1079.67,9.4,125,0
1079.81,9.4,125,0
1079.94,9.4,125,0
1080.08,9.4,125,0
1080.21,9.4,125,0
1080.34,9.39,125,0
1080.48,9.39,125,0
1080.61,9.4,125,0
1080.75,9.39,125,0
1080.89,9.39,125,0
1081.02,9.39,125,0
1081.16,9.38,128,0
1081.29,9.38,128,0
1081.43,9.39,128,0
1081.56,9.4,128,0
1081.7,9.39,128,0
1081.83,9.4,128,0
1081.96,9.39,128,0
1082.1,9.4,128,0
1082.23,9.39,128,0
1082.37,9.39,128,0
1082.51,9.39,128,0
1082.64,9.39,128,0
1082.78,9.37,128,0
1082.91,9.38,128,0
1083.04,9.38,128,0
1083.18,9.4,128,0
1083.31,9.39,128,0
1083.45,9.38,128,0
1083.58,9.4,128,0
1083.72,9.37,128,0
1083.85,9.36,128,0
1083.99,9.37,128,0
1084.12,9.36,128,0
1084.26,9.36,128,0
1084.39,9.34,128,0
1084.53,9.35,128,0
1084.66,9.36,128,0
1084.8,9.35,128,0
1084.93,9.37,128,0
1085.07,9.36,128,0
1085.2,9.36,128,0
1085.34,9.37,128,0
1085.47,9.35,128,0
1085.61,9.36,128,0
1085.74,9.35,128,0
1085.88,9.35,128,0
1086.01,9.33,128,0
1086.15,9.32,128,0
1086.28,9.32,128,0
1086.42,9.31,128,0
1086.55,9.31,128,0
1086.69,9.31,128,0
1086.82,9.31,128,0
1086.96,9.32,128,0
1087.09,9.3,128,0
1087.23,9.3,128,0
1087.36,9.3,128,0
1087.5,9.31,128,0
1087.63,9.3,128,0
1087.77,9.31,128,0
1087.9,9.29,128,0
1088.04,9.29,128,0
1088.17,9.29,128,0
1088.31,9.29,128,0
1088.44,9.3,128,0
1088.57,9.3,128,0
1088.71,9.3,128,0
1088.84,9.31,128,0
1088.98,9.29,128,0
1089.12,9.28,128,0
1089.25,9.28,128,0
1089.39,9.27,128,0
1089.52,9.27,128,0
1089.65,9.29,128,0
1089.79,9.29,128,0
1089.93,9.27,128,0
1090.06,9.29,128,0
1090.19,9.28,128,0
1090.33,9.28,128,0
1090.46,9.27,128,0
1090.6,9.26,128,0
1090.73,9.28,128,0
1090.87,9.29,128,0
1091.0,9.28,128,0
1091.14,9.28,128,0
1091.27,9.26,128,0
1091.41,9.26,128,0
1091.54,9.26,128,0
1091.68,9.23,128,0
1091.81,9.25,128,0
1091.95,9.26,128,0
1092.08,9.24,128,0
1092.22,9.24,128,0
1092.35,9.27,128,0
1092.49,9.25,128,0
1092.62,9.26,128,0
1092.76,9.23,128,0
1092.89,9.25,128,0
1093.03,9.25,125,0
1093.16,9.25,125,0
1093.3,9.25,125,0
1093.43,9.25,125,0
1093.57,9.27,125,0
1093.7,9.25,125,0
1093.84,9.26,125,0
1093.97,9.25,125,0
1094.11,9.26,125,0
1094.24,9.24,125,0
1094.38,9.25,125,0
1094.51,9.23,125,0
1094.65,9.25,125,0
1094.78,9.23,125,0
1094.92,9.25,125,0
1095.05,9.25,125,0
1095.19,9.25,125,0
1095.32,9.24,125,0
1095.46,9.24,125,0
1095.59,9.24,125,0
1095.73,9.26,125,0
1095.86,9.26,125,0
1096.0,9.26,125,0
1096.13,9.24,125,0
1096.27,9.24,125,0
1096.4,9.25,125,0
1096.54,9.25,125,0
1096.67,9.25,125,0
1096.81,9.28,125,0
1096.94,9.27,125,0
1097.07,9.26,125,0
1097.21,9.25,125,0
1097.35,9.26,125,0
1097.48,9.26,125,0
1097.61,9.27,125,0
1097.75,9.25,125,0
1097.89,9.26,125,0
1098.02,9.29,125,0
1098.16,9.28,125,0
1098.29,9.28,125,0
1098.43,9.27,125,0
1098.56,9.26,125,0
1098.69,9.26,125,0
1098.83,9.26,125,0
1098.96,9.26,125,0
1099.1,9.28,125,0
1099.23,9.27,125,0
1099.37,9.31,125,0
1099.5,9.28,125,0
1099.64,9.28,125,0
1099.77,9.27,125,0
1099.91,9.28,125,0
1100.04,9.26,125,0
1100.18,9.26,125,0
1100.31,9.27,125,0
1100.45,9.26,125,0
1100.58,9.25,125,0
1100.72,9.25,125,0
1100.85,9.26,125,0
1100.99,9.25,125,0
1101.12,9.25,125,0
1101.26,9.25,125,0
1101.39,9.24,125,0
1101.53,9.24,125,0
1101.66,9.24,125,0
1101.8,9.25,125,0
1101.93,9.24,125,0
1102.07,9.25,125,0
1102.2,9.25,125,0
1102.34,9.25,125,0
1102.47,9.23,125,0
1102.61,9.24,125,0
1102.74,9.24,125,0
1102.88,9.24,125,0
1103.01,9.25,125,0
1103.15,9.24,125,0
1103.28,9.25,125,0
1103.42,9.24,125,0
1103.55,9.25,125,0
1103.69,9.25,125,0
1103.82,9.25,125,0
1103.95,9.25,125,0
1104.09,9.25,125,0
1104.23,9.26,125,0
1104.36,9.25,125,0
1104.5,9.25,125,0
1104.63,9.22,125,0
1104.77,9.24,120,0
1104.9,9.23,120,0
1105.04,9.23,120,0
1105.17,9.23,120,0
1105.31,9.22,120,0
1105.44,9.24,120,0
1105.57,9.22,120,0
1105.71,9.24,120,0
1105.85,9.23,120,0
1105.98,9.24,120,0
1106.11,9.24,120,0
1106.25,9.25,120,0
1106.39,9.25,120,0
1106.52,9.25,120,0
1106.66,9.25,120,0
1106.79,9.27,120,0
1106.93,9.25,120,0
1107.06,9.25,120,0
1107.19,9.27,120,0
1107.33,9.28,120,0
1107.46,9.26,120,0
1107.6,9.27,120,0
1107.73,9.27,120,0
1107.87,9.29,120,0
1108.0,9.29,120,0
1108.14,9.28,120,0
1108.27,9.29,120,0
1108.41,9.29,120,0
1108.54,9.29,120,0
1108.68,9.32,120,0
1108.81,9.3,120,0
1108.95,9.3,120,0
1109.08,9.3,120,0
1109.22,9.3,120,0
1109.35,9.29,120,0
1109.49,9.3,120,0
1109.62,9.3,120,0
1109.76,9.31,120,0
1109.89,9.32,120,0
1110.03,9.31,120,0
1110.16,9.31,120,0
1110.3,9.32,120,0
1110.43,9.32,120,0
1110.57,9.33,120,0
1110.7,9.32,120,0
1110.84,9.33,120,0
1110.97,9.34,120,0
1111.11,9.34,120,0
1111.24,9.36,120,0
1111.38,9.36,120,0
1111.51,9.35,120,0
1111.65,9.34,120,0
1111.78,9.35,120,0
1111.92,9.35,120,0
1112.05,9.36,120,0
1112.19,9.36,120,0
1112.32,9.37,120,0
1112.46,9.38,120,0
1112.59,9.36,120,0
1112.73,9.37,120,0
1112.86,9.35,120,0
1113.0,9.37,120,0
1113.13,9.37,120,0
1113.27,9.37,120,0
1113.4,9.38,120,0
1113.54,9.37,120,0
1113.67,9.4,120,0
1113.81,9.41,120,0
1113.94,9.4,120,0
1114.07,9.41,120,0
1114.21,9.42,120,0
1114.34,9.38,120,0
1114.48,9.37,120,0
1114.61,9.38,120,0
1114.75,9.39,120,0
1114.89,9.4,120,0
1115.02,9.4,120,0
1115.15,9.43,120,0
1115.29,9.42,120,0
1115.42,9.41,120,0
1115.56,9.4,120,0
1115.69,9.42,120,0
1115.83,9.43,120,0
1115.96,9.4,120,0
1116.1,9.4,120,0
1116.23,9.41,120,0
1116.37,9.42,120,0
1116.5,9.43,120,0
1116.64,9.41,120,0
1116.77,9.4,120,0
1116.91,9.41,120,0
1117.04,9.4,120,0
1117.18,9.4,120,0
1117.31,9.4,120,0
1117.45,9.4,120,0
1117.58,9.4,120,0
1117.72,9.41,120,0
1117.85,9.43,120,0
1117.99,9.44,120,0
1118.12,9.42,120,0
1118.26,9.43,120,0
1118.4,9.41,115,0
1118.53,9.41,115,0
1118.67,9.42,115,0
1118.8,9.42,115,0
1118.94,9.41,115,0
1119.07,9.43,115,0
1119.21,9.42,115,0
1119.34,9.45,115,0
1119.47,9.44,115,0
1119.61,9.45,115,0
1119.75,9.43,115,0
1119.88,9.44,115,0
1120.02,9.44,115,0
1120.15,9.45,115,0
1120.29,9.44,115,0
1120.42,9.45,115,0
1120.56,9.45,115,0
1120.69,9.48,115,0
1120.82,9.47,115,0
1120.96,9.47,115,0
1121.09,9.47,115,0
1121.23,9.49,115,0
1121.36,9.5,115,0
1121.5,9.49,115,0
1121.63,9.52,115,0
1121.77,9.5,115,0
1121.9,9.5,115,0
1122.04,9.5,115,0
1122.17,9.53,115,0
1122.31,9.51,115,0
1122.44,9.5,115,0
1122.58,9.51,115,0
1122.71,9.5,115,0
1122.85,9.51,115,0
1122.98,9.51,115,0
1123.12,9.52,115,0
1123.25,9.53,115,0
1123.39,9.53,115,0
1123.52,9.53,115,0
1123.66,9.53,115,0
1123.79,9.53,115,0
1123.93,9.54,115,0
1124.06,9.53,115,0
1124.2,9.53,115,0
1124.33,9.54,115,0
1124.47,9.56,115,0
1124.6,9.55,115,0
1124.74,9.56,115,0
1124.87,9.55,115,0
1125.01,9.56,115,0
1125.14,9.57,115,0
1125.28,9.57,115,0
1125.41,9.58,115,0
1125.55,9.57,115,0
1125.68,9.56,115,0
1125.82,9.56,115,0
1125.95,9.57,115,0
1126.09,9.57,115,0
1126.22,9.58,115,0
1126.35,9.58,115,0
1126.49,9.57,115,0
1126.63,9.58,115,0
1126.76,9.58,115,0
1126.9,9.58,115,0
1127.03,9.56,115,0
1127.17,9.59,115,0
1127.3,9.58,115,0
1127.44,9.58,115,0
1127.57,9.6,115,0
1127.7,9.59,115,0
1127.84,9.6,115,0
1127.97,9.6,115,0
1128.11,9.6,115,0
1128.25,9.61,115,0
1128.38,9.6,115,0
1128.51,9.63,115,0
1128.65,9.61,115,0
1128.78,9.62,115,0
1128.92,9.62,115,0
1129.05,9.63,115,0
1129.19,9.64,115,0
1129.32,9.63,115,0
1129.46,9.63,115,0
1129.59,9.64,115,0
1129.73,9.63,115,0
1129.86,9.63,115,0
1130.0,9.63,115,0
1130.13,9.64,115,0
1130.27,9.64,115,0
1130.4,9.64,115,0
1130.54,9.64,115,0
1130.67,9.64,115,0
1130.81,9.65,115,0
1130.94,9.65,115,0
1131.08,9.65,115,0
1131.21,9.66,115,0
1131.35,9.66,115,0
1131.48,9.67,115,0
1131.62,9.66,115,0
1131.75,9.66,115,0
1131.89,9.66,115,0
1132.02,9.67,115,0
1132.16,9.68,115,0
1132.29,9.68,115,0
1132.43,9.68,115,0
1132.56,9.66,115,0
1132.7,9.68,115,0
1132.83,9.68,115,0
1132.97,9.68,115,0
1133.1,9.68,115,0
1133.24,9.68,115,0
1133.37,9.69,115,0
1133.51,9.69,115,0
1133.64,9.69,115,0
1133.78,9.69,115,0
1133.91,9.69,115,0
1134.05,9.68,115,0
1134.18,9.69,115,0
1134.31,9.68,115,0
1134.45,9.7,115,0
1134.58,9.7,115,0
1134.72,9.7,115,0
1134.85,9.71,115,0
1134.99,9.7,115,0
1135.13,9.7,115,0
1135.26,9.7,115,0
1135.39,9.69,115,0
1135.53,9.71,115,0
1135.67,9.71,115,0
1135.8,9.71,115,0
1135.93,9.71,115,0
1136.07,9.71,115,0
1136.2,9.71,115,0
1136.34,9.72,115,0
1136.47,9.72,115,0
1136.61,9.72,115,0
1136.74,9.72,115,0
1136.88,9.72,115,0
1137.01,9.71,115,0
1137.15,9.72,115,0
1137.28,9.72,115,0
1137.42,9.76,115,0
1137.55,9.75,115,0
1137.69,9.74,115,0
1137.82,9.74,115,0
1137.96,9.77,115,0
1138.09,9.76,115,0
1138.23,9.75,115,0
1138.36,9.79,115,0
1138.5,9.77,115,0
1138.63,9.75,115,0
1138.77,9.78,115,0
1138.9,9.8,115,0
1139.04,9.78,115,0
1139.17,9.79,115,0
1139.31,9.79,115,0
1139.44,9.8,115,0
1139.58,9.81,115,0
1139.71,9.76,115,0
1139.85,9.76,115,0
1139.98,9.77,115,0
1140.12,9.78,115,0
1140.25,9.82,115,0
1140.39,9.82,115,0
1140.52,9.82,115,0
1140.66,9.82,115,0
1140.79,9.82,115,0
1140.93,9.82,115,0
1141.06,9.82,115,0
1141.19,9.79,115,0
1141.33,9.8,115,0
1141.47,9.82,115,0
1141.6,9.81,115,0
1141.73,9.83,115,0
1141.87,9.85,115,0
1142.01,9.84,115,0
1142.14,9.84,115,0
1142.28,9.86,115,0
1142.41,9.85,115,0
1142.55,9.88,115,0
1142.68,9.88,115,0
1142.81,9.9,115,0
1142.95,9.9,115,0
1143.08,9.88,115,0
1143.22,9.89,115,0
1143.35,9.87,115,0
1143.49,9.91,115,0
1143.62,9.91,115,0
1143.76,9.89,115,0
1143.9,9.81,115,0
1144.03,9.82,115,0
1144.16,9.82,115,0
1144.3,9.89,115,0
1144.43,9.96,115,0
1144.57,9.92,115,0
1144.7,9.91,115,0
1144.84,9.94,115,0
1144.97,9.94,115,0
1145.11,9.99,115,0
1145.24,9.92,115,0
1145.38,9.91,115,0
1145.51,9.93,115,0
1145.65,9.96,115,0
1145.78,9.98,115,0
1145.92,9.82,115,0
1146.05,9.83,115,0
1146.19,9.83,115,0
1146.32,9.82,115,0
1146.46,9.83,115,0
1146.59,9.83,115,0
1146.73,9.83,115,0
1146.86,9.82,115,0
1147.0,9.82,115,0
1147.13,9.85,115,0
1147.27,9.83,115,0
1147.4,9.84,115,0
1147.54,9.85,115,0
1147.67,9.85,115,0
1147.81,9.83,115,0
1147.94,9.88,115,0
1148.08,9.95,115,0
1148.21,9.93,115,0
1148.35,9.92,115,0
1148.48,9.87,115,0
1148.62,9.85,115,0
1148.75,9.85,115,0
1148.89,9.86,115,0
1149.02,9.85,115,0
1149.16,9.86,115,0
1149.29,9.85,115,0
1149.43,9.86,115,0
1149.56,9.87,115,0
1149.7,9.87,115,0
1149.83,9.86,115,0
1149.96,9.87,115,0
1150.1,9.87,115,0
1150.23,9.88,115,0
1150.37,9.87,115,0
1150.5,9.87,115,0
1150.64,9.87,115,0
1150.78,9.87,115,0
1150.91,9.88,115,0
1151.04,9.87,115,0
1151.18,9.88,115,0
1151.31,9.88,115,0
1151.45,9.89,115,0
1151.58,9.9,115,0
1151.72,9.91,115,0
1151.85,9.9,115,0
1151.99,9.9,115,0
1152.12,9.89,115,0
1152.26,9.9,115,0
1152.39,9.92,115,0
1152.53,9.97,115,0
1152.66,9.92,115,0
1152.8,9.91,115,0
1152.93,9.93,115,0
1153.07,9.92,115,0
1153.2,9.9,115,0
1153.34,9.91,115,0
1153.47,9.91,115,0
1153.61,9.91,115,0
1153.74,9.91,115,0
1153.88,9.9,115,0
1154.01,9.9,115,0
1154.15,9.9,115,0
1154.28,9.91,115,0
1154.42,9.91,115,0
1154.55,9.9,115,0
1154.69,9.91,115,0
1154.82,9.92,115,0
1154.96,9.91,115,0
1155.09,9.92,115,0
1155.23,9.92,115,0
1155.36,9.93,115,0
1155.5,9.93,115,0
1155.63,9.94,115,0
1155.77,9.93,115,0
1155.9,9.96,115,0
1156.04,9.95,115,0
1156.17,9.93,115,0
1156.31,9.93,115,0
1156.44,9.94,115,0
1156.58,9.95,115,0
1156.71,9.97,115,0
1156.85,9.95,115,0
1156.98,9.95,115,0
1157.12,9.95,115,0
1157.25,9.95,115,0
1157.39,9.94,115,0
1157.52,9.94,115,0
1157.66,9.94,115,0
1157.79,9.95,115,0
1157.93,9.98,115,0
1158.06,9.93,115,0
1158.2,9.95,115,0
1158.33,9.95,115,0
1158.46,9.95,115,0
1158.6,9.95,115,0
1158.73,9.94,115,0
1158.87,9.96,115,0
1159.01,9.95,115,0
1159.14,9.94,115,0
1159.27,9.95,115,0
1159.41,9.96,115,0
1159.54,9.97,115,0
1159.68,9.96,115,0
1159.81,9.97,115,0
1159.95,9.97,115,0
1160.08,9.97,115,0
1160.22,9.98,115,0
1160.35,9.97,115,0
1160.49,10.01,115,0
1160.63,9.97,115,0
1160.76,9.98,115,0
1160.89,9.96,115,0
1161.03,9.96,115,0
1161.16,9.97,115,0
1161.3,9.96,115,0
1161.43,9.96,115,0
1161.57,9.96,115,0
1161.7,9.96,115,0
1161.84,9.96,115,0
1161.97,9.97,115,0
1162.11,9.96,115,0
1162.24,9.96,115,0
1162.38,9.96,115,0
1162.51,9.97,115,0
1162.65,9.97,115,0
1162.78,9.98,115,0
1162.92,9.97,115,0
1163.05,9.97,115,0
1163.19,9.96,115,0
1163.32,9.97,115,0
1163.46,9.97,115,0
1163.59,9.96,115,0
1163.73,9.97,115,0
1163.86,9.96,115,0
1164.0,9.97,115,0
1164.13,9.97,115,0
1164.27,9.97,115,0
1164.4,9.97,115,0
1164.54,9.98,115,0
1164.67,9.98,115,0
1164.81,9.98,115,0
1164.94,9.98,115,0
1165.08,9.98,115,0
1165.21,9.98,115,0
1165.35,9.98,115,0
1165.48,9.99,115,0
1165.62,9.98,115,0
1165.75,9.98,115,0
1165.89,9.98,115,0
1166.02,9.99,115,0
1166.16,9.99,115,0
1166.29,9.99,115,0
1166.43,9.99,115,0
1166.56,9.99,115,0
1166.69,10.0,115,0
1166.83,9.99,115,0
1166.97,10.0,115,0
1167.1,10.0,115,0
1167.24,9.99,115,0
1167.37,10.0,115,0
1167.51,10.02,115,0
1167.65,10.05,115,0
1167.78,10.03,115,0
1167.92,10.01,115,0
1168.05,10.01,115,0
1168.19,10.01,115,0
1168.32,10.0,115,0
1168.46,10.01,115,0
1168.6,10.0,115,0
1168.73,10.01,115,0
1168.87,10.0,115,0
1169.0,10.01,115,0
1169.14,10.0,115,0
1169.28,10.01,115,0
1169.41,10.01,115,0
1169.55,10.01,115,0
1169.68,10.01,115,0
1169.82,10.01,115,0
1169.96,10.02,115,0
1170.09,10.02,115,0
1170.23,10.02,115,0
1170.36,10.02,115,0
1170.5,10.01,115,0
1170.64,10.01,115,0
1170.77,10.02,115,0
1170.91,10.02,115,0
1171.04,10.02,115,0
1171.18,10.02,115,0
1171.31,10.02,115,0
1171.45,10.02,115,0
1171.59,10.03,115,0
1171.72,10.03,115,0
1171.86,10.02,115,0
1172.0,10.02,115,0
1172.13,10.02,115,0
1172.27,10.02,115,0
1172.4,10.03,115,0
1172.54,10.04,115,0
1172.68,10.03,115,0
1172.81,10.02,115,0
1172.95,10.03,115,0
1173.08,10.03,115,0
1173.22,10.03,115,0
1173.35,10.03,115,0
1173.49,10.03,115,0
1173.63,10.03,115,0
1173.76,10.04,115,0
1173.9,10.03,115,0
1174.04,10.04,115,0
1174.17,10.03,115,0
1174.31,10.03,115,0
1174.44,10.04,115,0
1174.58,10.03,115,0
1174.71,10.05,115,0
1174.85,10.04,115,0
1174.99,10.04,115,0
1175.12,10.05,115,0
1175.26,10.04,115,0
1175.39,10.04,115,0
1175.53,10.05,115,0
1175.67,10.04,115,0
1175.8,10.04,115,0
1175.94,10.04,115,0
1176.07,10.04,115,0
1176.21,10.05,115,0
1176.35,10.04,115,0
1176.48,10.05,115,0
1176.62,10.05,115,0
1176.75,10.05,115,0
1176.89,10.06,115,0
1177.03,10.05,115,0
1177.16,10.06,115,0
1177.3,10.05,115,0
1177.43,10.06,115,0
1177.57,10.05,115,0
1177.7,10.05,115,0
1177.84,10.04,115,0
1177.98,10.04,115,0
1178.11,10.05,115,0
1178.25,10.06,115,0
1178.39,10.06,115,0
1178.52,10.07,115,0
1178.66,10.06,115,0
1178.79,10.05,115,0
1178.93,10.06,115,0
1179.06,10.06,115,0
1179.2,10.06,115,0
1179.34,10.06,115,0
1179.47,10.05,115,0
1179.61,10.07,115,0
1179.75,10.06,115,0
1179.88,10.06,115,0
1180.02,10.07,115,0
1180.15,10.06,115,0
1180.29,10.06,115,0
1180.43,10.06,115,0
1180.56,10.06,115,0
1180.7,10.06,115,0
1180.83,10.06,115,0
1180.97,10.07,115,0
1181.1,10.06,115,0
1181.24,10.06,115,0
1181.38,10.07,115,0
1181.51,10.07,115,0
1181.65,10.07,115,0
1181.78,10.06,115,0
1181.92,10.06,115,0
1182.06,10.07,115,0
1182.19,10.07,115,0
1182.33,10.07,115,0
1182.46,10.07,115,0
1182.6,10.07,115,0
1182.73,10.07,115,0
1182.87,10.08,115,0
1183.01,10.08,115,0
1183.14,10.07,115,0
1183.28,10.08,115,0
1183.42,10.08,115,0
1183.55,10.07,115,0
1183.69,10.08,115,0
1183.82,10.08,115,0
1183.96,10.08,115,0
1184.09,10.07,115,0
1184.23,10.08,115,0
1184.37,10.09,115,0
1184.5,10.08,115,0
1184.64,10.09,115,0
1184.78,10.08,115,0
1184.91,10.08,115,0
1185.05,10.09,115,0
1185.18,10.07,115,0
1185.32,10.07,115,0
1185.45,10.08,115,0
1185.59,10.08,115,0
1185.73,10.07,115,0
1185.86,10.07,115,0
1186.0,10.1,115,0
1186.14,10.09,115,0
1186.27,10.09,115,0
1186.41,10.08,115,0
1186.54,10.09,115,0
1186.68,10.09,115,0
1186.81,10.09,115,0
1186.95,10.09,115,0
1187.09,10.08,115,0
1187.22,10.08,115,0
1187.36,10.09,115,0
1187.49,10.09,115,0
1187.63,10.09,115,0
1187.77,10.11,115,0
1187.9,10.09,115,0
1188.04,10.09,115,0
1188.17,10.1,115,0
1188.31,10.1,115,0
1188.44,10.1,115,0
1188.58,10.1,115,0
1188.72,10.1,115,0
1188.85,10.1,115,0
1188.99,10.09,115,0
1189.13,10.1,115,0
1189.26,10.11,115,0
1189.4,10.09,115,0
1189.53,10.1,115,0
1189.67,10.1,115,0
1189.81,10.11,115,0
1189.94,10.11,115,0
1190.08,10.11,115,0
1190.21,10.1,115,0
1190.35,10.1,115,0
1190.48,10.11,115,0
1190.62,10.1,115,0
1190.76,10.1,115,0
1190.89,10.11,115,0
1191.03,10.12,115,0
1191.16,10.11,115,0
1191.3,10.11,115,0
1191.44,10.11,115,0
1191.57,10.11,115,0
1191.71,10.11,115,0
1191.84,10.1,115,0
1191.98,10.11,115,0
1192.12,10.12,115,0
1192.25,10.11,115,0
1192.39,10.12,115,0
1192.52,10.11,115,0
1192.66,10.1,115,0
1192.8,10.12,115,0
1192.93,10.11,115,0
1193.07,10.12,115,0
1193.2,10.12,115,0
1193.34,10.12,115,0
1193.48,10.12,115,0
1193.61,10.12,115,0
1193.75,10.14,115,0
1193.88,10.12,115,0
1194.02,10.13,115,0
1194.16,10.13,115,0
1194.29,10.12,115,0
1194.43,10.13,115,0
1194.56,10.13,115,0
1194.7,10.13,115,0
1194.83,10.12,115,0
1194.97,10.13,115,0
1195.11,10.14,115,0
1195.24,10.12,115,0
1195.38,10.13,115,0
1195.51,10.12,115,0
1195.65,10.13,115,0
1195.79,10.13,115,0
1195.92,10.14,115,0
1196.06,10.13,115,0
1196.19,10.13,115,0
1196.33,10.12,115,0
1196.47,10.13,115,0
1196.6,10.13,115,0
1196.74,10.14,115,0
1196.87,10.14,115,0
1197.01,10.14,115,0
1197.15,10.13,115,0
1197.28,10.13,115,0
1197.42,10.14,115,0
1197.55,10.14,115,0
1197.69,10.14,115,0
1197.83,10.15,115,0
1197.96,10.14,115,0
1198.1,10.14,115,0
1198.23,10.14,115,0
1198.37,10.15,115,0
1198.51,10.14,115,0
1198.64,10.16,115,0
1198.78,10.15,115,0
1198.91,10.16,115,0
1199.05,10.16,115,0
1199.19,10.15,115,0
1199.32,10.16,115,0
1199.46,10.19,115,0
1199.59,10.18,115,0
1199.73,10.17,115,0
1199.86,10.17,115,0
1200.0,10.16,115,0
1200.14,10.17,115,0
1200.27,10.16,115,0
1200.41,10.16,115,0
1200.54,10.15,115,0
1200.68,10.15,115,0
1200.82,10.16,115,0
1200.95,10.17,115,0
1201.09,10.17,115,0
1201.22,10.23,115,0
1201.36,10.17,115,0
1201.5,10.17,115,0
1201.63,10.15,115,0
1201.77,10.16,115,0
1201.9,10.15,115,0
1202.04,10.15,115,0
1202.18,10.15,115,0
1202.31,10.16,115,0
1202.45,10.16,115,0
1202.58,10.15,115,0
1202.72,10.15,115,0
1202.85,10.16,115,0
1202.99,10.16,115,0
1203.13,10.16,115,0
1203.26,10.15,115,0
1203.4,10.16,115,0
1203.54,10.16,115,0
1203.67,10.16,115,0
1203.81,10.15,115,0
1203.94,10.16,115,0
1204.08,10.16,115,0
1204.21,10.17,115,0
1204.35,10.17,115,0
1204.49,10.17,115,0
1204.62,10.16,115,0
1204.76,10.16,115,0
1204.9,10.17,115,0
1205.03,10.17,115,0
1205.17,10.17,115,0
1205.3,10.17,115,0
1205.44,10.17,115,0
1205.57,10.18,115,0
1205.71,10.18,115,0
1205.85,10.17,115,0
1205.98,10.18,115,0
1206.12,10.17,115,0
1206.25,10.17,115,0
1206.39,10.17,115,0
1206.53,10.17,115,0
1206.66,10.17,115,0
1206.8,10.17,115,0
1206.93,10.17,115,0
1207.07,10.18,115,0
1207.21,10.18,115,0
1207.34,10.18,115,0
1207.48,10.19,115,0
1207.61,10.18,115,0
1207.75,10.18,115,0
1207.89,10.18,115,0
1208.02,10.18,115,0
1208.16,10.18,115,0
1208.29,10.18,115,0
1208.43,10.19,115,0
1208.57,10.19,115,0
1208.7,10.18,115,0
1208.84,10.19,115,0
1208.97,10.18,115,0
1209.11,10.18,115,0
1209.25,10.19,115,0
1209.38,10.17,115,0
1209.52,10.19,115,0
1209.65,10.19,115,0
1209.79,10.19,115,0
1209.93,10.19,115,0
1210.06,10.2,115,0
1210.2,10.19,115,0
1210.33,10.19,115,0
1210.47,10.19,115,0
1210.6,10.19,115,0
1210.74,10.19,115,0
1210.88,10.19,115,0
1211.01,10.2,115,0
1211.15,10.19,115,0
1211.29,10.19,115,0
1211.42,10.19,115,0
1211.56,10.2,115,0
1211.69,10.2,115,0
1211.83,10.18,115,0
1211.96,10.2,115,0
1212.1,10.21,115,0
1212.24,10.21,115,0
1212.37,10.19,115,0
1212.51,10.18,115,0
1212.65,10.21,115,0
1212.78,10.19,115,0
1212.92,10.19,115,0
1213.05,10.19,115,0
1213.19,10.2,115,0
1213.32,10.2,115,0
1213.46,10.22,115,0
1213.6,10.21,115,0
1213.73,10.2,115,0
1213.87,10.2,115,0
1214.0,10.21,115,0
1214.14,10.22,115,0
1214.28,10.22,115,0
1214.41,10.22,115,0
1214.55,10.19,115,0
1214.68,10.22,115,0
1214.82,10.22,115,0
1214.96,10.22,115,0
1215.09,10.21,115,0
1215.23,10.2,115,0
1215.36,10.21,115,0
1215.5,10.2,115,0
1215.64,10.22,115,0
1215.77,10.21,115,0
1215.91,10.21,115,0
1216.04,10.22,115,0
1216.18,10.21,115,0
1216.31,10.21,115,0
1216.45,10.21,115,0
1216.59,10.21,115,0
1216.72,10.22,115,0
1216.86,10.22,115,0
1217.0,10.22,115,0
1217.13,10.22,115,0
1217.27,10.22,115,0
1217.4,10.22,115,0
1217.54,10.22,115,0
1217.68,10.22,115,0
1217.81,10.21,115,0
1217.95,10.22,115,0
1218.08,10.22,115,0
1218.22,10.22,115,0
1218.35,10.22,115,0
1218.49,10.22,115,0
1218.63,10.22,115,0
1218.76,10.22,115,0
1218.9,10.21,115,0
1219.03,10.22,115,0
1219.17,10.22,115,0
1219.31,10.21,115,0
1219.44,10.22,115,0
1219.58,10.22,115,0
1219.71,10.23,115,0
1219.85,10.22,115,0
1219.99,10.22,115,0
1220.12,10.22,115,0
1220.26,10.22,115,0
1220.39,10.22,115,0
1220.53,10.23,115,0
1220.67,10.23,115,0
1220.8,10.22,115,0
1220.94,10.23,115,0
1221.07,10.23,115,0
1221.21,10.23,115,0
1221.34,10.23,115,0
1221.48,10.22,115,0
1221.62,10.23,115,0
1221.75,10.22,115,0
1221.89,10.23,115,0
1222.03,10.23,115,0
1222.16,10.23,115,0
1222.3,10.23,115,0
1222.43,10.23,115,0
1222.57,10.22,115,0
1222.7,10.22,115,0
1222.84,10.23,115,0
1222.98,10.23,115,0
1223.11,10.23,115,0
1223.25,10.23,115,0
1223.39,10.23,115,0
1223.52,10.24,115,0
1223.66,10.23,115,0
1223.79,10.23,115,0
1223.93,10.23,115,0
1224.06,10.23,115,0
1224.2,10.24,115,0
1224.34,10.23,115,0
1224.47,10.24,115,0
1224.61,10.24,115,0
1224.74,10.23,115,0
1224.88,10.23,115,0
1225.02,10.24,115,0
1225.15,10.24,115,0
1225.29,10.24,115,0
1225.42,10.24,115,0
1225.56,10.24,115,0
1225.69,10.25,115,0
1225.83,10.24,115,0
1225.97,10.24,115,0
1226.1,10.24,115,0
1226.24,10.25,115,0
1226.38,10.26,115,0
1226.51,10.24,115,0
1226.65,10.24,115,0
1226.78,10.25,115,0
1226.92,10.25,115,0
1227.06,10.25,115,0
1227.19,10.25,115,0
1227.33,10.23,115,0
1227.46,10.25,115,0
1227.6,10.25,115,0
1227.73,10.25,115,0
1227.87,10.26,115,0
1228.01,10.26,115,0
1228.14,10.28,115,0
1228.28,10.26,115,0
1228.41,10.29,115,0
1228.55,10.24,115,0
1228.69,10.25,115,0
1228.82,10.27,115,0
1228.96,10.25,115,0
1229.09,10.26,115,0
1229.23,10.24,115,0
1229.37,10.26,115,0
1229.5,10.25,115,0
1229.64,10.25,115,0
1229.77,10.25,115,0
1229.91,10.25,115,0
1230.05,10.26,115,0
1230.18,10.26,115,0
1230.32,10.24,115,0
1230.45,10.26,115,0
1230.59,10.29,115,0
1230.73,10.28,115,0
1230.86,10.26,115,0
1231.0,10.26,115,0
1231.13,10.25,115,0
1231.27,10.25,115,0
1231.41,10.27,115,0
1231.54,10.26,115,0
1231.68,10.26,115,0
1231.81,10.26,115,0
1231.95,10.26,115,0
1232.08,10.29,115,0
1232.22,10.29,115,0
1232.36,10.27,115,0
1232.49,10.3,115,0
1232.63,10.28,115,0
1232.76,10.3,115,0
1232.9,10.28,115,0
1233.04,10.27,115,0
1233.17,10.26,115,0
1233.31,10.26,115,0
1233.44,10.25,115,0
1233.58,10.26,115,0
1233.72,10.27,115,0
1233.85,10.26,115,0
1233.99,10.26,115,0
1234.12,10.27,115,0
1234.26,10.27,115,0
1234.4,10.26,115,0
1234.53,10.27,115,0
1234.67,10.28,115,0
1234.8,10.26,115,0
1234.94,10.27,115,0
1235.08,10.27,115,0
1235.21,10.28,115,0
1235.35,10.27,115,0
1235.48,10.26,115,0
1235.62,10.26,115,0
1235.76,10.28,115,0
1235.89,10.27,115,0
1236.03,10.28,115,0
1236.16,10.28,115,0
1236.3,10.28,115,0
1236.44,10.28,115,0
1236.57,10.28,115,0
1236.71,10.28,115,0
1236.84,10.28,115,0
1236.98,10.28,115,0
1237.11,10.27,115,0
1237.25,10.27,115,0
1237.39,10.28,115,0
1237.52,10.28,115,0
1237.66,10.27,115,0
1237.79,10.26,115,0
1237.93,10.28,115,0
1238.07,10.27,115,0
1238.2,10.28,115,0
1238.34,10.28,115,0
1238.47,10.28,115,0
1238.61,10.29,115,0
1238.75,10.28,115,0
1238.88,10.28,115,0
1239.02,10.28,115,0
1239.15,10.28,115,0
1239.29,10.28,115,0
1239.43,10.28,115,0
1239.56,10.28,115,0
1239.7,10.3,115,0
1239.83,10.28,115,0
1239.97,10.27,115,0
1240.1,10.29,115,0
1240.24,10.28,115,0
1240.38,10.29,115,0
1240.51,10.29,115,0
1240.65,10.28,115,0
1240.79,10.28,115,0
1240.92,10.28,115,0
1241.06,10.28,115,0
1241.19,10.27,115,0
1241.33,10.28,115,0
1241.46,10.28,115,0
1241.6,10.28,115,0
1241.74,10.3,115,0
1241.87,10.29,115,0
1242.01,10.29,115,0
1242.15,10.29,115,0
1242.28,10.29,115,0
1242.42,10.29,115,0
1242.55,10.29,115,0
1242.69,10.29,115,0
1242.82,10.29,115,0
1242.96,10.29,115,0
1243.1,10.3,115,0
1243.23,10.3,115,0
1243.37,10.29,115,0
1243.5,10.3,115,0
1243.64,10.3,115,0
1243.78,10.33,115,0
1243.91,10.3,115,0
1244.05,10.29,115,0
1244.18,10.29,115,0
1244.32,10.29,115,0
1244.46,10.32,115,0
1244.59,10.31,115,0
1244.73,10.3,115,0
1244.86,10.31,115,0
1245.0,10.31,115,0
1245.14,10.33,115,0
1245.27,10.31,115,0
1245.41,10.3,115,0
1245.54,10.3,115,0
1245.68,10.29,115,0
1245.81,10.3,115,0
1245.95,10.31,115,0
1246.09,10.3,115,0
1246.22,10.3,115,0
1246.36,10.3,115,0
1246.5,10.31,115,0
1246.63,10.3,115,0
1246.77,10.29,115,0
1246.9,10.3,115,0
1247.04,10.3,115,0
1247.18,10.3,115,0
1247.31,10.29,115,0
1247.45,10.3,115,0
1247.58,10.3,115,0
1247.72,10.3,115,0
1247.85,10.3,115,0
1247.99,10.31,115,0
1248.13,10.3,115,0
1248.26,10.32,115,0
1248.4,10.31,115,0
1248.54,10.31,115,0
1248.67,10.31,115,0
1248.81,10.31,115,0
1248.94,10.3,115,0
1249.08,10.31,115,0
1249.21,10.3,115,0
1249.35,10.29,115,0
1249.49,10.3,115,0
1249.62,10.31,115,0
1249.76,10.32,115,0
1249.89,10.3,115,0
1250.03,10.31,115,0
1250.17,10.31,115,0
1250.3,10.33,115,0
1250.44,10.31,115,0
1250.57,10.32,115,0
1250.71,10.31,115,0
1250.85,10.29,115,0
1250.98,10.31,115,0
1251.12,10.31,115,0
1251.25,10.31,115,0
1251.39,10.32,115,0
1251.53,10.3,115,0
1251.66,10.33,115,0
1251.8,10.32,115,0
1251.93,10.33,115,0
1252.07,10.3,115,0
1252.2,10.31,115,0
1252.34,10.32,115,0
1252.48,10.32,115,0
1252.61,10.32,115,0
1252.75,10.33,115,0
1252.89,10.32,115,0
1253.02,10.32,115,0
1253.16,10.31,115,0
1253.29,10.34,115,0
1253.43,10.35,115,0
1253.56,10.32,115,0
1253.7,10.34,115,0
1253.84,10.33,115,0
1253.97,10.33,115,0
1254.11,10.33,115,0
1254.25,10.34,115,0
1254.38,10.32,115,0
1254.52,10.34,115,0
1254.65,10.32,115,0
1254.79,10.32,115,0
1254.93,10.32,115,0
1255.06,10.32,115,0
1255.2,10.32,115,0
1255.33,10.32,115,0
1255.47,10.33,115,0
1255.6,10.32,115,0
1255.74,10.33,115,0
1255.88,10.33,115,0
1256.01,10.34,115,0
1256.15,10.32,115,0
1256.28,10.33,115,0
1256.42,10.32,115,0
1256.56,10.33,115,0
1256.69,10.33,115,0
1256.83,10.33,115,0
1256.96,10.33,115,0
1257.1,10.33,115,0
1257.24,10.33,115,0
1257.37,10.33,115,0
1257.51,10.33,115,0
1257.64,10.32,115,0
1257.78,10.33,115,0
1257.92,10.33,115,0
1258.05,10.33,115,0
1258.19,10.33,115,0
1258.32,10.33,115,0
1258.46,10.32,115,0
1258.59,10.33,115,0
1258.73,10.33,115,0
1258.87,10.33,115,0
1259.0,10.32,115,0
1259.14,10.33,115,0
1259.28,10.34,115,0
1259.41,10.34,115,0
1259.55,10.33,115,0
1259.68,10.33,115,0
1259.82,10.33,115,0
1259.95,10.35,115,0
1260.09,10.33,115,0
1260.23,10.34,115,0
1260.36,10.33,115,0
1260.5,10.36,115,0
1260.64,10.34,115,0
1260.77,10.35,115,0
1260.91,10.34,115,0
1261.04,10.34,115,0
1261.18,10.35,115,0
1261.31,10.34,115,0
1261.45,10.35,115,0
1261.59,10.37,115,0
1261.72,10.37,115,0
1261.86,10.35,115,0
1261.99,10.34,115,0
1262.13,10.35,115,0
1262.27,10.33,115,0
1262.4,10.33,115,0
1262.54,10.33,115,0
1262.67,10.32,115,0
1262.81,10.34,115,0
1262.94,10.34,115,0
1263.08,10.33,115,0
1263.22,10.34,115,0
1263.35,10.33,115,0
1263.49,10.34,115,0
1263.63,10.36,115,0
1263.76,10.33,115,0
1263.9,10.34,115,0
1264.03,10.34,115,0
1264.17,10.34,115,0
1264.31,10.33,115,0
1264.44,10.32,115,0
1264.58,10.34,115,0
1264.71,10.34,115,0
1264.85,10.34,115,0
1264.98,10.34,115,0
1265.12,10.33,115,0
1265.26,10.34,115,0
1265.39,10.33,115,0
1265.53,10.34,115,0
1265.67,10.34,115,0
1265.8,10.34,115,0
1265.94,10.34,115,0
1266.07,10.36,115,0
1266.21,10.35,115,0
1266.34,10.35,115,0
1266.48,10.35,115,0
1266.62,10.35,115,0
1266.75,10.34,115,0
1266.89,10.35,115,0
1267.02,10.36,115,0
1267.16,10.35,115,0
1267.3,10.36,115,0
1267.43,10.36,115,0
1267.57,10.34,115,0
1267.7,10.33,115,0
1267.84,10.35,115,0
1267.98,10.35,115,0
1268.11,10.38,115,0
1268.25,10.37,115,0
1268.38,10.35,115,0
1268.52,10.34,115,0
1268.66,10.34,115,0
1268.79,10.36,115,0
1268.93,10.34,115,0
1269.06,10.34,115,0
1269.2,10.35,115,0
1269.33,10.35,115,0
1269.47,10.34,115,0
1269.61,10.36,115,0
1269.74,10.34,115,0
1269.88,10.36,115,0
1270.01,10.34,115,0
1270.15,10.35,115,0
1270.29,10.35,115,0
1270.42,10.34,115,0
1270.56,10.34,115,0
1270.69,10.34,115,0
1270.83,10.34,115,0
1270.97,10.35,115,0
1271.1,10.36,115,0
1271.24,10.38,115,0
1271.37,10.36,115,0
1271.51,10.35,115,0
1271.65,10.34,115,0
1271.78,10.35,115,0
1271.92,10.35,115,0
1272.05,10.36,115,0
1272.19,10.36,115,0
1272.33,10.35,115,0
1272.46,10.36,115,0
1272.6,10.35,115,0
1272.73,10.35,115,0
1272.87,10.36,115,0
1273.01,10.35,115,0
1273.14,10.35,115,0
1273.28,10.37,115,0
1273.41,10.35,115,0
1273.55,10.37,115,0
1273.69,10.34,115,0
1273.82,10.34,115,0
1273.96,10.35,115,0
1274.09,10.34,115,0
1274.23,10.35,115,0
1274.36,10.35,115,0
1274.5,10.35,115,0
1274.64,10.36,115,0
1274.77,10.36,115,0
1274.91,10.35,115,0
1275.05,10.35,115,0
1275.18,10.35,115,0
1275.32,10.35,115,0
1275.45,10.38,115,0
1275.59,10.36,115,0
1275.72,10.35,115,0
1275.86,10.35,115,0
1276.0,10.35,115,0
1276.13,10.34,115,0
1276.27,10.35,115,0
1276.4,10.35,115,0
1276.54,10.35,115,0
1276.68,10.35,115,0
1276.81,10.35,115,0
1276.95,10.35,115,0
1277.08,10.35,115,0
1277.22,10.36,115,0
1277.36,10.35,115,0
1277.49,10.36,115,0
1277.63,10.36,115,0
1277.76,10.37,115,0
1277.9,10.36,115,0
1278.04,10.36,115,0
1278.17,10.35,115,0
1278.31,10.35,115,0
1278.44,10.35,115,0
1278.58,10.36,115,0
1278.71,10.34,115,0
1278.85,10.35,115,0
1278.99,10.35,115,0
1279.12,10.36,115,0
1279.26,10.35,115,0
1279.4,10.36,115,0
1279.53,10.35,115,0
1279.67,10.35,115,0
1279.8,10.35,115,0
1279.94,10.36,115,0
1280.07,10.36,115,0
1280.21,10.36,115,0
1280.35,10.34,115,0
1280.48,10.36,115,0
1280.62,10.36,115,0
1280.75,10.36,115,0
1280.89,10.36,115,0
1281.03,10.37,115,0
1281.16,10.37,115,0
1281.3,10.35,115,0
1281.43,10.35,115,0
1281.57,10.36,115,0
1281.71,10.35,115,0
1281.84,10.36,115,0
1281.98,10.35,115,0
1282.11,10.36,115,0
1282.25,10.36,115,0
1282.39,10.36,115,0
1282.52,10.36,115,0
1282.66,10.37,115,0
1282.79,10.37,115,0
1282.93,10.35,115,0
1283.06,10.36,115,0
1283.2,10.37,115,0
1283.34,10.36,115,0
1283.47,10.38,115,0
1283.61,10.36,115,0
1283.75,10.35,115,0
1283.88,10.36,115,0
1284.02,10.36,115,0
1284.15,10.36,115,0
1284.29,10.38,115,0
1284.43,10.36,115,0
1284.56,10.37,115,0
1284.7,10.37,115,0
1284.83,10.36,115,0
1284.97,10.35,115,0
1285.1,10.36,115,0
1285.24,10.36,115,0
1285.38,10.37,115,0
1285.51,10.37,115,0
1285.65,10.36,115,0
1285.79,10.38,115,0
1285.92,10.37,115,0
1286.06,10.36,115,0
1286.19,10.36,115,0
1286.33,10.36,115,0
1286.46,10.36,115,0
1286.6,10.36,115,0
1286.74,10.38,115,0
1286.87,10.36,115,0
1287.01,10.36,115,0
1287.14,10.36,115,0
1287.28,10.37,115,0
1287.42,10.37,115,0
1287.55,10.36,115,0
1287.69,10.36,115,0
1287.82,10.36,115,0
1287.96,10.36,115,0
1288.1,10.38,115,0
1288.23,10.37,115,0
1288.37,10.37,115,0
1288.5,10.36,115,0
1288.64,10.37,115,0
1288.78,10.36,115,0
1288.91,10.37,115,0
1289.05,10.37,115,0
1289.18,10.37,115,0
1289.32,10.38,115,0
1289.45,10.38,115,0
1289.59,10.38,115,0
1289.73,10.38,115,0
1289.86,10.39,115,0
1290.0,10.37,115,0
1290.14,10.38,115,0
1290.27,10.37,115,0
1290.41,10.37,115,0
1290.54,10.36,115,0
1290.68,10.36,115,0
1290.81,10.38,115,0
1290.95,10.37,115,0
1291.09,10.37,115,0
1291.22,10.38,115,0
1291.36,10.37,115,0
1291.5,10.37,115,0
1291.63,10.37,115,0
1291.77,10.38,115,0
1291.9,10.38,115,0
1292.04,10.38,115,0
1292.18,10.37,115,0
1292.31,10.37,115,0
1292.45,10.38,115,0
1292.58,10.38,115,0
1292.72,10.38,115,0
1292.85,10.37,115,0
1292.99,10.38,115,0
1293.13,10.38,115,0
1293.26,10.38,115,0
1293.4,10.38,115,0
1293.54,10.39,115,0
1293.67,10.38,115,0
1293.81,10.39,115,0
1293.94,10.38,115,0
1294.08,10.39,115,0
1294.21,10.38,115,0
1294.35,10.39,115,0
1294.49,10.41,115,0
1294.62,10.39,115,0
1294.76,10.38,115,0
1294.89,10.38,115,0
1295.03,10.39,115,0
1295.17,10.4,115,0
1295.3,10.4,115,0
1295.44,10.39,115,0
1295.57,10.39,115,0
1295.71,10.39,115,0
1295.85,10.39,115,0
1295.98,10.4,115,0
1296.12,10.38,115,0
1296.25,10.39,115,0
1296.39,10.38,115,0
1296.53,10.39,115,0
1296.66,10.38,115,0
1296.8,10.4,115,0
1296.93,10.39,115,0
1297.07,10.38,115,0
1297.2,10.39,115,0
1297.34,10.38,115,0
1297.48,10.38,115,0
1297.61,10.38,115,0
1297.75,10.39,115,0
1297.89,10.4,115,0
1298.02,10.39,115,0
1298.16,10.39,115,0
1298.29,10.39,115,0
1298.43,10.4,115,0
1298.56,10.39,115,0
1298.7,10.39,115,0
1298.84,10.38,115,0
1298.97,10.39,115,0
1299.11,10.39,115,0
1299.25,10.37,115,0
1299.38,10.38,115,0
1299.52,10.38,115,0
1299.65,10.37,115,0
1299.79,10.39,115,0
1299.92,10.38,115,0
1300.06,10.38,115,0
1300.2,10.38,115,0
1300.33,10.39,115,0
1300.47,10.39,115,0
1300.6,10.38,115,0
1300.74,10.38,115,0
1300.88,10.39,115,0
1301.01,10.37,115,0
1301.15,10.38,115,0
1301.28,10.38,115,0
1301.42,10.38,115,0
1301.56,10.39,115,0
1301.69,10.38,115,0
1301.83,10.38,115,0
1301.96,10.37,115,0
1302.1,10.38,115,0
1302.24,10.37,115,0
1302.37,10.38,115,0
1302.51,10.38,115,0
1302.64,10.38,115,0
1302.78,10.37,115,0
1302.92,10.37,115,0
1303.05,10.37,115,0
1303.19,10.38,115,0
1303.32,10.39,115,0
1303.46,10.37,115,0
1303.6,10.37,115,0
1303.73,10.38,115,0
1303.87,10.38,115,0
1304.0,10.37,115,0
1304.14,10.38,115,0
1304.28,10.37,115,0
1304.41,10.38,115,0
1304.55,10.38,115,0
1304.68,10.37,115,0
1304.82,10.37,115,0
1304.95,10.39,115,0
1305.09,10.37,115,0
1305.23,10.37,115,0
1305.36,10.37,115,0
1305.5,10.38,115,0
1305.63,10.37,115,0
1305.77,10.38,115,0
1305.91,10.37,115,0
1306.04,10.39,115,0
1306.18,10.37,115,0
1306.31,10.36,115,0
1306.45,10.37,115,0
1306.59,10.38,115,0
1306.72,10.36,115,0
1306.86,10.37,115,0
1306.99,10.37,115,0
1307.13,10.36,115,0
1307.27,10.36,115,0
1307.4,10.38,115,0
1307.54,10.37,115,0
1307.67,10.37,115,0
1307.81,10.37,115,0
1307.94,10.38,115,0
1308.08,10.38,115,0
1308.22,10.39,115,0
1308.35,10.39,115,0
1308.49,10.4,115,0
1308.63,10.41,115,0
1308.76,10.4,115,0
1308.9,10.41,115,0
1309.03,10.4,115,0
1309.17,10.41,115,0
1309.31,10.43,115,0
1309.44,10.45,115,0
1309.58,10.44,115,0
1309.71,10.42,115,0
1309.85,10.41,115,0
1309.98,10.4,115,0
1310.12,10.4,115,0
1310.26,10.4,115,0
1310.39,10.4,115,0
1310.53,10.41,115,0
1310.67,10.42,115,0
1310.8,10.41,115,0
1310.94,10.41,115,0
1311.07,10.41,115,0
1311.21,10.41,115,0
1311.34,10.41,115,0
1311.48,10.4,115,0
1311.62,10.41,115,0
1311.75,10.4,115,0
1311.89,10.41,115,0
1312.02,10.41,115,0
1312.16,10.42,115,0
1312.3,10.41,115,0
1312.43,10.42,115,0
1312.57,10.43,115,0
1312.7,10.42,115,0
1312.84,10.42,115,0
1312.97,10.42,115,0
1313.11,10.42,115,0
1313.25,10.44,115,0
1313.38,10.43,115,0
1313.52,10.43,115,0
1313.66,10.43,115,0
1313.79,10.42,115,0
1313.93,10.43,115,0
1314.06,10.42,115,0
1314.2,10.41,115,0
1314.33,10.39,115,0
1314.47,10.39,115,0
1314.61,10.39,115,0
1314.74,10.39,115,0
1314.88,10.38,115,0
1315.02,10.37,115,0
1315.15,10.38,115,0
1315.29,10.39,115,0
1315.42,10.38,115,0
1315.56,10.38,115,0
1315.69,10.38,115,0
1315.83,10.38,115,0
1315.97,10.37,115,0
1316.1,10.38,115,0
1316.24,10.38,115,0
1316.38,10.37,115,0
1316.51,10.38,115,0
1316.65,10.38,115,0
1316.78,10.38,115,0
1316.92,10.41,115,0
1317.06,10.4,115,0
1317.19,10.4,115,0
1317.33,10.38,115,0
1317.46,10.38,115,0
1317.6,10.39,115,0
1317.73,10.39,115,0
1317.87,10.37,115,0
1318.01,10.37,115,0
1318.14,10.37,115,0
1318.28,10.37,115,0
1318.41,10.37,115,0
1318.55,10.36,115,0
1318.69,10.37,115,0
1318.82,10.37,115,0
1318.96,10.37,115,0
1319.09,10.37,115,0
1319.23,10.37,115,0
1319.37,10.37,115,0
1319.5,10.36,115,0
1319.64,10.37,115,0
1319.77,10.37,115,0
1319.91,10.36,115,0
1320.05,10.37,115,0
1320.18,10.36,115,0
1320.32,10.37,115,0
1320.45,10.37,115,0
1320.59,10.37,115,0
1320.72,10.36,115,0
1320.86,10.37,115,0
1321.0,10.37,115,0
1321.13,10.37,115,0
1321.27,10.37,115,0
1321.41,10.38,115,0
1321.54,10.37,115,0
1321.68,10.37,115,0
1321.81,10.37,115,0
1321.95,10.37,115,0
1322.08,10.38,115,0
1322.22,10.38,115,0
1322.36,10.38,115,0
1322.49,10.37,115,0
1322.63,10.38,115,0
1322.77,10.37,115,0
1322.9,10.38,115,0
1323.04,10.37,115,0
1323.17,10.37,115,0
1323.31,10.37,115,0
1323.44,10.38,115,0
1323.58,10.38,115,0
1323.72,10.38,115,0
1323.85,10.38,115,0
1323.99,10.38,115,0
1324.12,10.38,115,0
1324.26,10.37,115,0
1324.4,10.38,115,0
1324.53,10.38,115,0
1324.67,10.39,115,0
1324.8,10.38,115,0
1324.94,10.38,115,0
1325.08,10.39,115,0
1325.21,10.38,115,0
1325.35,10.38,115,0
1325.48,10.39,115,0
1325.62,10.38,115,0
1325.76,10.39,115,0
1325.89,10.39,115,0
1326.03,10.39,115,0
1326.16,10.38,115,0
1326.3,10.38,115,0
1326.44,10.37,115,0
1326.57,10.38,115,0
1326.71,10.39,115,0
1326.84,10.38,115,0
1326.98,10.38,115,0
1327.11,10.38,115,0
1327.25,10.39,115,0
1327.39,10.39,115,0
1327.52,10.39,115,0
1327.66,10.39,115,0
1327.8,10.38,115,0
1327.93,10.39,115,0
1328.07,10.38,115,0
1328.2,10.39,115,0
1328.34,10.39,115,0
1328.47,10.39,115,0
1328.61,10.39,115,0
1328.75,10.39,115,0
1328.88,10.39,115,0
1329.02,10.39,115,0
1329.16,10.39,115,0
1329.29,10.39,115,0
1329.43,10.39,115,0
1329.56,10.39,115,0
1329.7,10.38,115,0
1329.83,10.38,115,0
1329.97,10.39,115,0
1330.11,10.39,115,0
1330.24,10.39,115,0
1330.38,10.39,115,0
1330.51,10.4,115,0
1330.65,10.4,115,0
1330.79,10.39,115,0
1330.92,10.39,115,0
1331.06,10.41,115,0
1331.19,10.39,115,0
1331.33,10.39,115,0
1331.47,10.39,115,0
1331.6,10.39,115,0
1331.74,10.39,115,0
1331.87,10.39,115,0
1332.01,10.4,115,0
1332.15,10.4,115,0
1332.28,10.39,115,0
1332.42,10.4,115,0
1332.55,10.39,115,0
1332.69,10.4,115,0
1332.82,10.4,115,0
1332.96,10.42,115,0
1333.1,10.42,115,0
1333.23,10.41,115,0
1333.37,10.4,115,0
1333.51,10.4,115,0
1333.64,10.39,115,0
1333.78,10.4,115,0
1333.91,10.4,115,0
1334.05,10.41,115,0
1334.18,10.43,115,0
1334.32,10.46,115,0
1334.46,10.4,115,0
1334.59,10.42,115,0
1334.73,10.42,115,0
1334.86,10.4,115,0
1335.0,10.4,115,0
1335.14,10.41,115,0
1335.27,10.4,115,0
1335.41,10.4,115,0
1335.54,10.41,115,0
1335.68,10.42,115,0
1335.82,10.39,115,0
1335.95,10.39,115,0
1336.09,10.39,115,0
1336.22,10.4,115,0
1336.36,10.39,115,0
1336.5,10.4,115,0
1336.63,10.4,115,0
1336.77,10.39,115,0
1336.9,10.41,115,0
1337.04,10.38,115,0
1337.18,10.39,115,0
1337.31,10.39,115,0
1337.45,10.39,115,0
1337.58,10.41,115,0
1337.72,10.4,115,0
1337.86,10.41,115,0
1337.99,10.4,115,0
1338.13,10.39,115,0
1338.26,10.39,115,0
1338.4,10.39,115,0
1338.54,10.39,115,0
1338.67,10.38,115,0
1338.81,10.39,115,0
1338.94,10.39,115,0
1339.08,10.38,115,0
1339.21,10.38,115,0
1339.35,10.38,115,0
1339.49,10.38,115,0
1339.62,10.39,115,0
1339.76,10.39,115,0
1339.89,10.39,115,0
1340.03,10.38,115,0
1340.17,10.39,115,0
1340.3,10.39,115,0
1340.44,10.4,115,0
1340.57,10.41,115,0
1340.71,10.42,115,0
1340.85,10.39,115,0
1340.98,10.39,115,0
1341.12,10.38,115,0
1341.25,10.39,115,0
1341.39,10.38,115,0
1341.53,10.39,115,0
1341.66,10.38,115,0
1341.8,10.37,115,0
1341.93,10.39,115,0
1342.07,10.39,115,0
1342.2,10.4,115,0
1342.34,10.4,115,0
1342.48,10.39,115,0
1342.61,10.42,115,0
1342.75,10.4,115,0
1342.89,10.39,115,0
1343.02,10.4,115,0
1343.16,10.4,115,0
1343.29,10.39,115,0
1343.43,10.4,115,0
1343.56,10.39,115,0
1343.7,10.38,115,0
1343.84,10.39,115,0
1343.97,10.38,115,0
1344.11,10.39,115,0
1344.25,10.39,115,0
1344.38,10.39,115,0
1344.52,10.41,115,0
1344.65,10.39,115,0
1344.79,10.39,115,0
1344.93,10.39,115,0
1345.06,10.38,115,0
1345.2,10.39,115,0
1345.33,10.39,115,0
1345.47,10.39,115,0
1345.6,10.39,115,0
1345.74,10.41,115,0
1345.88,10.4,115,0
1346.01,10.39,115,0
1346.15,10.4,115,0
1346.28,10.39,115,0
1346.42,10.4,115,0
1346.56,10.4,115,0
1346.69,10.41,115,0
1346.83,10.4,115,0
1346.96,10.39,115,0
1347.1,10.38,115,0
1347.24,10.39,115,0
1347.37,10.39,115,0
1347.51,10.39,115,0
1347.64,10.4,115,0
1347.78,10.38,115,0
1347.92,10.38,115,0
1348.05,10.4,115,0
1348.19,10.43,115,0
1348.32,10.41,115,0
1348.46,10.41,115,0
1348.59,10.39,115,0
1348.73,10.4,115,0
1348.87,10.39,115,0
1349.0,10.42,115,0
1349.14,10.43,115,0
1349.28,10.48,115,0
1349.41,10.5,115,0
1349.55,10.46,115,0
1349.68,10.45,115,0
1349.82,10.46,115,0
1349.95,10.46,115,0
1350.09,10.45,115,0
1350.23,10.47,115,0
1350.36,10.47,115,0
1350.5,10.48,115,0
1350.64,10.48,115,0
1350.77,10.46,115,0
1350.91,10.45,115,0
1351.04,10.45,115,0
1351.18,10.45,115,0
1351.31,10.5,115,0
1351.45,10.48,115,0
1351.59,10.5,115,0
1351.72,10.49,115,0
1351.86,10.49,115,0
1351.99,10.5,115,0
1352.13,10.5,115,0
1352.27,10.47,115,0
1352.4,10.47,115,0
1352.54,10.48,115,0
1352.67,10.46,115,0
1352.81,10.46,115,0
1352.95,10.45,115,0
1353.08,10.45,115,0
1353.22,10.44,115,0
1353.35,10.45,115,0
1353.49,10.45,115,0
1353.63,10.45,115,0
1353.76,10.47,115,0
1353.9,10.45,115,0
1354.03,10.45,115,0
1354.17,10.47,115,0
1354.31,10.45,115,0
1354.44,10.45,115,0
1354.58,10.45,115,0
1354.71,10.47,115,0
1354.85,10.49,115,0
1354.98,10.49,115,0
1355.12,10.48,115,0
1355.26,10.44,115,0
1355.39,10.43,115,0
1355.53,10.43,115,0
1355.67,10.43,115,0
1355.8,10.44,115,0
1355.94,10.43,115,0
1356.07,10.43,115,0
1356.21,10.43,115,0
1356.34,10.44,115,0
1356.48,10.44,115,0
1356.62,10.45,115,0
1356.75,10.45,115,0
1356.89,10.43,115,0
1357.03,10.43,115,0
1357.16,10.44,115,0
1357.3,10.44,115,0
1357.43,10.44,115,0
1357.57,10.43,115,0
1357.7,10.43,115,0
1357.84,10.43,115,0
1357.98,10.43,115,0
1358.11,10.45,115,0
1358.25,10.44,115,0
1358.39,10.44,115,0
1358.52,10.44,115,0
1358.66,10.44,115,0
1358.79,10.43,115,0
1358.93,10.43,115,0
1359.06,10.45,115,0
1359.2,10.45,115,0
1359.34,10.44,115,0
1359.47,10.45,115,0
1359.61,10.45,115,0
1359.74,10.45,115,0
1359.88,10.46,115,0
1360.02,10.47,115,0
1360.15,10.45,115,0
1360.29,10.47,115,0
1360.42,10.45,115,0
1360.56,10.44,115,0
1360.7,10.43,115,0
1360.83,10.43,115,0
1360.97,10.44,115,0
1361.1,10.48,115,0
1361.24,10.45,115,0
1361.38,10.45,115,0
1361.51,10.44,115,0
1361.65,10.44,115,0
1361.78,10.44,115,0
1361.92,10.45,115,0
1362.06,10.43,115,0
1362.19,10.44,115,0
1362.33,10.44,115,0
1362.46,10.43,115,0
1362.6,10.44,115,0
1362.73,10.44,115,0
1362.87,10.48,115,0
1363.01,10.48,115,0
1363.14,10.48,115,0
1363.28,10.48,115,0
1363.42,10.45,115,0
1363.55,10.48,115,0
1363.69,10.45,115,0
1363.82,10.44,115,0
1363.96,10.45,115,0
1364.09,10.44,115,0
1364.23,10.44,115,0
1364.37,10.45,115,0
1364.5,10.46,115,0
1364.64,10.46,115,0
1364.77,10.47,115,0
1364.91,10.48,115,0
1365.05,10.5,115,0
1365.18,10.46,115,0
1365.32,10.43,115,0
1365.45,10.46,115,0
1365.59,10.48,115,0
1365.73,10.53,115,0
1365.86,10.48,115,0
1366.0,10.48,115,0
1366.13,10.48,115,0
1366.27,10.49,115,0
1366.41,10.48,115,0
1366.54,10.47,115,0
1366.68,10.46,115,0
1366.81,10.47,115,0
1366.95,10.47,115,0
1367.08,10.48,115,0
1367.22,10.46,115,0
1367.36,10.48,115,0
1367.49,10.47,115,0
1367.63,10.48,115,0
1367.76,10.47,115,0
1367.9,10.47,115,0
1368.04,10.47,115,0
1368.17,10.47,115,0
1368.31,10.47,115,0
1368.44,10.47,115,0
1368.58,10.47,115,0
1368.72,10.47,115,0
1368.85,10.47,115,0
1368.99,10.48,115,0
1369.12,10.47,115,0
1369.26,10.48,115,0
1369.4,10.48,115,0
1369.53,10.47,115,0
1369.67,10.47,115,0
1369.8,10.48,115,0
1369.94,10.47,115,0
1370.08,10.47,115,0
1370.21,10.48,115,0
1370.35,10.48,115,0
1370.48,10.48,115,0
1370.62,10.47,115,0
1370.76,10.48,115,0
1370.89,10.47,115,0
1371.03,10.48,115,0
1371.16,10.48,115,0
1371.3,10.47,115,0
1371.44,10.48,115,0
1371.57,10.48,115,0
1371.71,10.48,115,0
1371.84,10.48,115,0
1371.98,10.48,115,0
1372.11,10.48,115,0
1372.25,10.48,115,0
1372.39,10.47,115,0
1372.52,10.47,115,0
1372.66,10.49,115,0
1372.79,10.48,115,0
1372.93,10.48,115,0
1373.07,10.48,115,0
1373.2,10.48,115,0
1373.34,10.48,115,0
1373.47,10.48,115,0
1373.61,10.48,115,0
1373.75,10.49,115,0
1373.88,10.49,115,0
1374.02,10.49,115,0
1374.15,10.48,115,0
1374.29,10.5,115,0
1374.43,10.49,115,0
1374.56,10.49,115,0
1374.7,10.49,115,0
1374.83,10.49,115,0
1374.97,10.48,115,0
1375.11,10.48,115,0
1375.24,10.49,115,0
1375.38,10.49,115,0
1375.51,10.5,115,0
1375.65,10.49,115,0
1375.79,10.51,115,0
1375.92,10.5,115,0
1376.06,10.5,115,0
1376.19,10.49,115,0
1376.33,10.49,115,0
1376.46,10.49,115,0
1376.6,10.5,115,0
1376.74,10.5,115,0
1376.87,10.5,115,0
1377.01,10.49,115,0
1377.15,10.5,115,0
1377.28,10.49,115,0
1377.42,10.51,115,0
1377.55,10.51,115,0
1377.69,10.5,115,0
1377.82,10.48,115,0
1377.96,10.49,115,0
1378.1,10.5,115,0
1378.23,10.49,115,0
1378.37,10.49,115,0
1378.5,10.5,115,0
1378.64,10.49,115,0
1378.78,10.5,115,0
1378.91,10.49,115,0
1379.05,10.49,115,0
1379.18,10.48,115,0
1379.32,10.49,115,0
1379.46,10.49,115,0
1379.59,10.49,115,0
1379.73,10.48,115,0
1379.86,10.49,115,0
1380.0,10.49,115,0
1380.14,10.49,115,0
1380.27,10.5,115,0
1380.41,10.49,115,0
1380.54,10.48,115,0
1380.68,10.48,115,0
1380.81,10.49,115,0
1380.95,10.49,115,0
1381.09,10.49,115,0
1381.22,10.5,115,0
1381.36,10.49,115,0
1381.5,10.49,115,0
1381.63,10.48,115,0
1381.77,10.48,115,0
1381.9,10.48,115,0
1382.04,10.49,115,0
1382.18,10.49,115,0
1382.31,10.5,115,0
1382.45,10.49,115,0
1382.58,10.5,115,0
1382.72,10.5,115,0
1382.85,10.49,115,0
1382.99,10.49,115,0
1383.13,10.52,115,0
1383.26,10.51,115,0
1383.4,10.49,115,0
1383.54,10.51,115,0
1383.67,10.51,115,0
1383.81,10.49,115,0
1383.94,10.5,115,0
1384.08,10.51,115,0
1384.21,10.51,115,0
1384.35,10.51,115,0
1384.49,10.51,115,0
1384.62,10.52,115,0
1384.76,10.51,115,0
1384.9,10.5,115,0
1385.03,10.51,115,0
1385.17,10.51,115,0
1385.3,10.51,115,0
1385.44,10.53,115,0
1385.57,10.52,115,0
1385.71,10.52,115,0
1385.85,10.52,115,0
1385.98,10.5,115,0
1386.12,10.51,115,0
1386.25,10.52,115,0
1386.39,10.5,115,0
1386.53,10.51,115,0
1386.66,10.5,115,0
1386.8,10.52,115,0
1386.93,10.52,115,0
1387.07,10.51,115,0
1387.21,10.51,115,0
1387.34,10.51,115,0
1387.48,10.52,115,0
1387.61,10.51,115,0
1387.75,10.51,115,0
1387.89,10.51,115,0
1388.02,10.51,115,0
1388.16,10.51,115,0
1388.29,10.52,115,0
1388.43,10.51,115,0
1388.56,10.51,115,0
1388.7,10.5,115,0
1388.84,10.51,115,0
1388.97,10.5,115,0
1389.11,10.51,115,0
1389.25,10.52,115,0
1389.38,10.52,115,0
1389.52,10.52,115,0
1389.65,10.52,115,0
1389.79,10.53,115,0
1389.93,10.52,115,0
1390.06,10.53,115,0
1390.2,10.52,115,0
1390.33,10.53,115,0
1390.47,10.52,115,0
1390.6,10.51,115,0
1390.74,10.5,115,0
1390.88,10.51,115,0
1391.01,10.5,115,0
1391.15,10.5,115,0
1391.29,10.5,115,0
1391.42,10.5,115,0
1391.56,10.49,115,0
1391.69,10.49,115,0
1391.83,10.5,115,0
1391.96,10.49,115,0
1392.1,10.49,115,0
1392.24,10.5,115,0
1392.37,10.49,115,0
1392.51,10.49,115,0
1392.64,10.49,115,0
1392.78,10.49,115,0
1392.92,10.48,115,0
1393.05,10.48,115,0
1393.19,10.48,115,0
1393.32,10.48,115,0
1393.46,10.48,115,0
1393.6,10.48,115,0
1393.73,10.49,115,0
1393.87,10.48,115,0
1394.0,10.48,115,0
1394.14,10.48,115,0
1394.28,10.49,115,0
1394.41,10.48,115,0
1394.55,10.49,115,0
1394.68,10.48,115,0
1394.82,10.48,115,0
1394.95,10.48,115,0
1395.09,10.49,115,0
1395.23,10.48,115,0
1395.36,10.48,115,0
1395.5,10.48,115,0
1395.64,10.48,115,0
1395.77,10.49,115,0
1395.91,10.48,115,0
1396.04,10.48,115,0
1396.18,10.48,115,0
1396.31,10.48,115,0
1396.45,10.49,115,0
1396.59,10.48,115,0
1396.72,10.47,115,0
1396.86,10.48,115,0
1397.0,10.48,115,0
1397.13,10.48,115,0
1397.27,10.48,115,0
1397.4,10.48,115,0
1397.54,10.49,115,0
1397.68,10.48,115,0
1397.81,10.47,115,0
1397.95,10.47,115,0
1398.08,10.49,115,0
1398.22,10.49,115,0
1398.35,10.48,115,0
1398.49,10.48,115,0
1398.63,10.48,115,0
1398.76,10.49,115,0
1398.9,10.48,115,0
1399.03,10.49,115,0
1399.17,10.48,115,0
1399.31,10.48,115,0
1399.44,10.49,115,0
1399.58,10.48,115,0
1399.71,10.47,115,0
1399.85,10.48,115,0
1399.99,10.47,115,0
1400.12,10.48,115,0
1400.26,10.47,115,0
1400.39,10.47,115,0
1400.53,10.48,115,0
1400.67,10.48,115,0
1400.8,10.48,115,0
1400.94,10.48,115,0
1401.07,10.48,115,0
1401.21,10.47,115,0
1401.34,10.49,115,0
1401.48,10.47,115,0
1401.62,10.48,115,0
1401.75,10.48,115,0
1401.89,10.48,115,0
1402.02,10.47,115,0
1402.16,10.48,115,0
1402.3,10.48,115,0
1402.43,10.47,115,0
1402.57,10.48,115,0
1402.7,10.47,115,0
1402.84,10.47,115,0
1402.98,10.48,115,0
1403.11,10.49,115,0
1403.25,10.47,115,0
1403.38,10.48,115,0
1403.52,10.47,115,0
1403.66,10.47,115,0
1403.79,10.47,115,0
1403.93,10.47,115,0
1404.06,10.48,115,0
1404.2,10.48,115,0
1404.34,10.47,115,0
1404.47,10.48,115,0
1404.61,10.48,115,0
1404.74,10.47,115,0
1404.88,10.47,115,0
1405.02,10.47,115,0
1405.15,10.48,115,0
1405.29,10.47,115,0
1405.42,10.49,115,0
1405.56,10.48,115,0
1405.7,10.48,115,0
1405.83,10.47,115,0
1405.97,10.47,115,0
1406.1,10.47,115,0
1406.24,10.47,115,0
1406.37,10.48,115,0
1406.51,10.49,115,0
1406.65,10.48,115,0
1406.78,10.47,115,0
1406.92,10.48,115,0
1407.05,10.47,115,0
1407.19,10.49,115,0
1407.33,10.47,115,0
1407.46,10.48,115,0
1407.6,10.47,115,0
1407.73,10.47,115,0
1407.87,10.47,115,0
1408.01,10.49,115,0
1408.14,10.48,115,0
1408.28,10.47,115,0
1408.41,10.47,115,0
1408.55,10.48,115,0
1408.69,10.48,115,0
1408.82,10.47,115,0
1408.96,10.48,115,0
1409.09,10.49,115,0
1409.23,10.48,115,0
1409.37,10.49,115,0
1409.5,10.47,115,0
1409.64,10.48,115,0
1409.77,10.47,115,0
1409.91,10.47,115,0
1410.05,10.47,115,0
1410.18,10.48,115,0
1410.32,10.48,115,0
1410.45,10.47,115,0
1410.59,10.47,115,0
1410.72,10.47,115,0
1410.86,10.46,115,0
1411.0,10.48,115,0
1411.13,10.47,115,0
1411.27,10.47,115,0
1411.41,10.48,115,0
1411.54,10.47,115,0
1411.68,10.46,115,0
1411.81,10.47,115,0
1411.95,10.48,115,0
1412.08,10.48,115,0
1412.22,10.48,115,0
1412.36,10.47,115,0
1412.49,10.47,115,0
1412.63,10.49,115,0
1412.76,10.47,115,0
1412.9,10.49,115,0
1413.04,10.48,115,0
1413.17,10.47,115,0
1413.31,10.48,115,0
1413.44,10.47,115,0
1413.58,10.47,115,0
1413.72,10.48,115,0
1413.85,10.47,115,0
1413.99,10.48,115,0
1414.12,10.48,115,0
1414.26,10.48,115,0
1414.4,10.48,115,0
1414.53,10.47,115,0
1414.67,10.47,115,0
1414.8,10.48,115,0
1414.94,10.48,115,0
1415.07,10.48,115,0
1415.21,10.48,115,0
1415.35,10.48,115,0
1415.48,10.47,115,0
1415.62,10.48,115,0
1415.76,10.46,115,0
1415.89,10.47,115,0
1416.03,10.47,115,0
1416.16,10.48,115,0
1416.3,10.47,115,0
1416.44,10.47,115,0
1416.57,10.47,115,0
1416.71,10.47,115,0
1416.84,10.47,115,0
1416.98,10.47,115,0
1417.11,10.47,115,0
1417.25,10.47,115,0
1417.39,10.46,115,0
1417.52,10.47,115,0
1417.66,10.47,115,0
1417.79,10.46,115,0
1417.93,10.48,115,0
1418.07,10.46,115,0
1418.2,10.46,115,0
1418.34,10.48,115,0
1418.47,10.46,115,0
1418.61,10.48,115,0
1418.75,10.47,115,0
1418.88,10.47,115,0
1419.02,10.48,115,0
1419.15,10.46,115,0
1419.29,10.47,115,0
1419.43,10.46,115,0
1419.56,10.47,115,0
1419.7,10.47,115,0
1419.83,10.47,115,0
1419.97,10.47,115,0
1420.1,10.47,115,0
1420.24,10.46,115,0
1420.38,10.47,115,0
1420.51,10.47,115,0
1420.65,10.46,115,0
1420.79,10.46,115,0
1420.92,10.47,115,0
1421.06,10.47,115,0
1421.19,10.47,115,0
1421.33,10.47,115,0
1421.46,10.47,115,0
1421.6,10.47,115,0
1421.74,10.46,115,0
1421.87,10.46,115,0
1422.01,10.47,115,0
1422.15,10.47,115,0
1422.28,10.47,115,0
1422.42,10.46,115,0
1422.55,10.47,115,0
1422.69,10.46,115,0
1422.82,10.46,115,0
1422.96,10.46,115,0
1423.1,10.47,115,0
1423.23,10.46,115,0
1423.37,10.46,115,0
1423.5,10.46,115,0
1423.64,10.45,115,0
1423.78,10.46,115,0
1423.91,10.45,115,0
1424.05,10.46,115,0
1424.18,10.46,115,0
1424.32,10.45,115,0
1424.46,10.46,115,0
1424.59,10.46,115,0
1424.73,10.45,115,0
1424.86,10.45,115,0
1425.0,10.45,115,0
1425.14,10.45,115,0
1425.27,10.46,115,0
1425.41,10.45,115,0
1425.54,10.45,115,0
1425.68,10.45,115,0
1425.81,10.45,115,0
1425.95,10.45,115,0
1426.09,10.45,115,0
1426.22,10.45,115,0
1426.36,10.45,115,0
1426.5,10.45,115,0
1426.63,10.45,115,0
1426.77,10.45,115,0
1426.9,10.45,115,0
1427.04,10.45,115,0
1427.18,10.45,115,0
1427.31,10.45,115,0
1427.45,10.45,115,0
1427.58,10.45,115,0
1427.72,10.45,115,0
1427.85,10.44,115,0
1427.99,10.45,115,0
1428.13,10.45,115,0
1428.26,10.44,115,0
1428.4,10.44,115,0
1428.53,10.44,115,0
1428.67,10.44,115,0
1428.81,10.44,115,0
1428.94,10.44,115,0
1429.08,10.45,115,0
1429.21,10.46,11,0
1429.35,10.45,11,0
1429.48,10.45,11,0
1429.62,10.45,11,0
1429.75,10.46,11,0
1429.89,10.47,11,0
1430.02,10.49,11,0
1430.16,10.52,11,0
1430.3,10.55,11,1
1430.43,10.59,11,1
1430.56,10.62,11,1
1430.7,10.68,11,1
1430.83,10.73,11,1
1430.97,10.78,11,1
1431.1,10.84,11,1
1431.24,10.9,11,1
1431.37,10.97,11,1
1431.51,11.03,11,1
1431.64,11.11,11,1
1431.78,11.18,11,1
1431.91,11.26,11,1
1432.05,11.33,11,1
1432.18,11.41,11,1
1432.32,11.49,11,1
1432.45,11.55,11,1
1432.59,11.63,11,1
1432.72,11.71,11,1
1432.86,11.8,11,1
1432.99,11.86,11,1
1433.13,11.93,11,1
1433.26,12.02,11,1
1433.4,12.09,11,1
1433.53,12.16,11,1
1433.67,12.23,11,1
1433.8,12.3,11,1
1433.94,12.39,11,1
1434.07,12.45,11,1
1434.21,12.51,11,1
1434.34,12.58,11,1
1434.48,12.65,11,1
1434.61,12.72,11,1
1434.75,12.78,11,1
1434.88,12.84,11,1
1435.02,12.91,11,1
1435.15,12.97,11,1
1435.29,13.04,11,1
1435.42,13.11,11,1
1435.56,13.16,11,1
1435.69,13.22,11,1
1435.83,13.28,11,1
1435.96,13.34,11,1
1436.1,13.4,11,1
1436.23,13.46,11,1
1436.36,13.52,11,1
1436.5,13.57,11,1
1436.64,13.62,11,1
1436.77,13.68,11,1
1436.91,13.74,11,1
1437.04,13.79,11,1
1437.17,13.84,11,1
1437.31,13.88,11,1
1437.44,13.94,11,1
1437.58,13.99,11,1
1437.71,14.04,11,1
1437.85,14.09,11,1
1437.98,14.13,11,1
1438.12,14.19,11,1
1438.25,14.24,11,1
1438.39,14.29,11,1
1438.52,14.32,11,1
1438.66,14.38,11,1
1438.79,14.42,11,1
1438.93,14.47,11,1
1439.06,14.52,11,1
1439.2,14.55,11,1
1439.33,14.6,11,1
1439.47,14.65,11,1
1439.6,14.69,11,1
1439.74,14.72,11,1
1439.87,14.77,11,1
1440.01,14.81,11,1
1440.14,14.85,11,1
1440.28,14.9,11,1
1440.41,14.94,11,1
1440.55,14.98,11,1
1440.68,15.02,11,1
1440.82,15.06,11,1
1440.95,15.09,11,1
1441.09,15.14,11,1
1441.22,15.18,11,1
1441.36,15.21,11,1
1441.49,15.25,11,1
1441.63,15.29,11,1
1441.76,15.33,11,1
1441.9,15.37,11,1
1442.03,15.4,11,1
1442.17,15.44,11,1
1442.3,15.47,11,1
1442.44,15.51,11,1
1442.57,15.55,11,1
1442.71,15.58,11,1
1442.84,15.62,11,1
1442.97,15.65,11,1
1443.11,15.69,11,1
1443.25,15.72,11,1
1443.38,15.76,11,1
1443.52,15.8,11,1
1443.65,15.83,11,1
1443.79,15.87,11,1
1443.92,15.9,11,1
1444.06,15.93,11,1
1444.19,15.96,11,1
1444.32,16.0,11,1
1444.46,16.04,11,1
1444.59,16.07,11,1
1444.73,16.1,11,1
1444.86,16.13,11,1
1445.0,16.17,11,1
1445.13,16.2,11,1
1445.27,16.23,11,1
1445.4,16.27,11,1
1445.54,16.3,11,1
1445.67,16.33,11,1
1445.81,16.36,11,1
1445.94,16.4,11,1
1446.08,16.42,11,1
1446.21,16.46,11,1
1446.35,16.49,11,1
1446.48,16.52,11,1
1446.62,16.54,11,1
1446.75,16.57,11,1
1446.89,16.61,11,1
1447.02,16.64,11,1
1447.16,16.68,11,1
1447.29,16.69,11,1
1447.43,16.73,11,1
1447.56,16.76,11,1
1447.7,16.8,11,1
1447.83,16.82,11,1
1447.97,16.85,11,1
1448.1,16.88,11,1
1448.24,16.92,11,1
1448.37,16.94,11,1
1448.51,16.98,11,1
1448.64,17.01,11,1
1448.78,17.02,11,1
1448.91,17.06,11,1
1449.05,17.09,11,1
1449.18,17.12,11,1
1449.31,17.15,11,1
1449.45,17.18,11,1
1449.58,17.2,11,1
1449.72,17.24,11,1
1449.85,17.25,11,1
1449.99,17.28,11,1
1450.13,17.32,11,1
1450.26,17.35,11,1
1450.39,17.37,11,1
1450.53,17.4,11,1
1450.66,17.44,11,1
1450.8,17.46,11,1
1450.93,17.48,11,1
1451.07,17.51,11,1
1451.2,17.54,11,1
1451.34,17.57,11,1
1451.47,17.59,11,1
1451.61,17.63,11,1
1451.74,17.66,11,1
1451.88,17.69,11,1
1452.01,17.7,11,1
1452.15,17.73,11,1
1452.28,17.75,11,1
1452.42,17.78,11,1
1452.55,17.82,11,1
1452.69,17.84,11,1
1452.82,17.86,11,1
1452.96,17.89,11,1
1453.09,17.92,11,1
1453.23,17.95,11,1
1453.36,17.97,11,1
1453.5,18.0,11,1
1453.63,18.02,11,1
1453.77,18.05,11,1
1453.9,18.07,11,1
1454.04,18.1,11,1
1454.17,18.13,11,1
1454.31,18.15,11,1
1454.44,18.18,11,1
1454.58,18.2,11,1
1454.71,18.23,11,1
1454.84,18.25,11,1
1454.98,18.28,11,1
1455.12,18.31,11,1
1455.25,18.33,11,1
1455.39,18.36,11,1
1455.52,18.38,11,1
1455.66,18.4,11,1
1455.79,18.44,11,1
1455.93,18.46,11,1
1456.06,18.48,11,1
1456.19,18.51,11,1
1456.33,18.54,11,1
1456.46,18.56,11,1
1456.6,18.58,11,1
1456.73,18.61,11,1
1456.87,18.63,11,1
1457.0,18.66,11,1
1457.14,18.68,11,1
1457.27,18.7,11,1
1457.41,18.74,11,1
1457.54,18.76,11,1
1457.68,18.77,11,1
1457.81,18.8,11,1
1457.95,18.82,11,1
1458.08,18.84,11,1
1458.22,18.88,11,1
1458.35,18.91,11,1
1458.49,18.92,11,1
1458.62,18.94,11,1
1458.76,18.98,11,1
1458.89,18.99,11,1
1459.03,19.01,11,1
1459.16,19.06,11,1
1459.3,19.07,11,1
1459.43,19.09,11,1
1459.57,19.11,11,1
1459.7,19.14,11,1
1459.84,19.16,11,1
1459.97,19.18,11,1
1460.11,19.21,11,1
1460.24,19.23,11,1
1460.38,19.26,11,1
1460.51,19.28,11,1
1460.65,19.3,11,1
1460.78,19.32,11,1
1460.92,19.35,11,1
1461.05,19.36,11,1
1461.19,19.39,11,1
1461.32,19.42,11,1
1461.45,19.43,11,1
1461.59,19.45,11,1
1461.73,19.48,11,1
1461.86,19.51,11,1
1462.0,19.53,11,1
1462.13,19.55,11,1
1462.27,19.57,11,1
1462.4,19.59,11,1
1462.54,19.61,11,1
1462.67,19.64,11,1
1462.81,19.66,11,1
1462.94,19.68,11,1
1463.07,19.7,11,1
1463.21,19.72,11,1
1463.34,19.75,11,1
1463.48,19.76,11,1
1463.61,19.79,11,1
1463.75,19.82,11,1
1463.88,19.83,11,1
1464.02,19.86,11,1
1464.15,19.88,11,1
1464.29,19.9,11,1
1464.42,19.92,11,1
1464.56,19.94,11,1
1464.69,19.97,11,1
1464.83,19.99,11,1
1464.96,20.01,11,1
1465.1,20.03,11,1
1465.23,20.05,11,1
1465.37,20.07,11,1
1465.5,20.1,11,1
1465.64,20.12,11,1
1465.77,20.15,11,1
1465.91,20.16,11,1
1466.04,20.18,11,1
1466.18,20.2,11,1
1466.31,20.22,11,1
1466.45,20.25,11,1
1466.58,20.26,11,1
1466.72,20.29,11,1
1466.85,20.31,11,1
1466.99,20.33,11,1
1467.12,20.34,11,1
1467.26,20.36,11,1
1467.39,20.39,11,1
1467.54,20.4,11,1
1467.67,20.43,11,1
1467.81,20.45,11,1
1467.94,20.47,11,1
1468.08,20.49,11,1
1468.21,20.51,11,1
1468.35,20.53,11,1
1468.48,20.55,11,1
1468.62,20.58,11,1
1468.75,20.6,11,1
1468.89,20.62,11,1
1469.02,20.63,11,1
1469.16,20.66,11,1
1469.29,20.68,11,1
1469.43,20.7,11,1
1469.56,20.72,11,1
1469.7,20.73,11,1
1469.83,20.76,11,1
1469.97,20.77,11,1
1470.1,20.8,11,1
1470.24,20.81,11,1
1470.37,20.83,11,1
1470.51,20.86,11,1
1470.64,20.87,11,1
1470.78,20.89,11,1
1470.91,20.91,11,1
1471.05,20.93,11,1
1471.18,20.95,11,1
1471.31,20.97,11,1
1471.45,20.99,11,1
1471.59,21.01,11,1
1471.72,21.03,11,1
1471.85,21.05,11,1
1471.99,21.07,11,1
1472.13,21.08,11,1
1472.26,21.1,11,1
1472.4,21.12,11,1
1472.53,21.14,11,1
1472.67,21.16,11,1
1472.8,21.19,11,1
1472.93,21.2,11,1
1473.07,21.22,11,1
1473.2,21.24,11,1
1473.34,21.26,11,1
1473.47,21.26,11,1
1473.61,21.29,11,1
1473.74,21.31,11,1
1473.88,21.33,11,1
1474.01,21.34,11,1
1474.15,21.37,11,1
1474.28,21.39,11,1
1474.42,21.4,11,1
1474.55,21.42,11,1
1474.69,21.44,11,1
1474.82,21.46,11,1
1474.96,21.47,11,1
1475.09,21.49,11,1
1475.23,21.51,11,1
1475.36,21.52,11,1
1475.5,21.55,11,1
1475.63,21.58,11,1
1475.77,21.59,11,1
1475.9,21.6,11,1
1476.04,21.64,11,1
1476.17,21.64,11,1
1476.31,21.66,11,1
1476.44,21.69,11,1
1476.58,21.7,11,1
1476.71,21.72,11,1
1476.85,21.73,11,1
1476.98,21.75,11,1
1477.12,21.77,11,1
1477.25,21.79,11,1
1477.39,21.8,11,1
1477.52,21.83,11,1
1477.66,21.84,11,1
1477.79,21.86,11,1
1477.93,21.88,11,1
1478.06,21.9,11,1
1478.2,21.91,11,1
1478.33,21.93,11,1
1478.46,21.95,11,1
1478.6,21.97,11,1
1478.73,21.99,11,1
1478.87,22.0,11,1
1479.01,22.02,11,1
1479.14,22.04,11,1
1479.28,22.06,11,1
1479.41,22.08,11,1
1479.54,22.09,11,1
1479.68,22.11,11,1
1479.81,22.12,11,1
1479.95,22.14,11,1
1480.08,22.16,11,1
1480.22,22.17,11,1
1480.35,22.19,11,1
1480.49,22.2,11,1
1480.62,22.22,11,1
1480.76,22.25,11,1
1480.89,22.26,11,1
1481.03,22.28,11,1
1481.16,22.29,11,1
1481.3,22.31,11,1
1481.43,22.33,11,1
1481.57,22.34,11,1
1481.7,22.36,11,1
1481.84,22.38,11,1
1481.97,22.39,11,1
1482.11,22.41,11,1
1482.24,22.41,11,1
1482.38,22.44,11,1
1482.51,22.46,11,1
1482.65,22.48,11,1
1482.78,22.49,11,1
1482.92,22.51,11,1
1483.05,22.53,11,1
1483.19,22.54,11,1
1483.32,22.55,11,1
1483.46,22.58,11,1
1483.59,22.59,11,1
1483.73,22.61,11,1
1483.86,22.63,11,1
1484.0,22.64,11,1
1484.13,22.65,11,1
1484.27,22.67,11,1
1484.4,22.68,11,1
1484.54,22.7,11,1
1484.67,22.72,11,1
1484.81,22.73,11,1
1484.94,22.76,11,1
1485.08,22.77,11,1
1485.21,22.78,11,1
1485.34,22.8,11,1
1485.48,22.82,11,1
1485.62,22.84,11,1
1485.75,22.85,11,1
1485.89,22.87,11,1
1486.02,22.88,11,1
1486.15,22.9,11,1
1486.29,22.91,11,1
1486.43,22.93,11,1
1486.56,22.95,11,1
1486.69,22.95,11,1
1486.83,22.98,11,1
1486.96,22.99,11,1
1487.1,23.01,11,1
1487.23,23.03,11,1
1487.37,23.04,11,1
1487.5,23.06,11,1
1487.64,23.07,11,1
1487.77,23.08,11,1
1487.91,23.1,11,1
1488.04,23.12,11,1
1488.18,23.13,11,1
1488.31,23.15,11,1
1488.45,23.16,11,1
1488.58,23.17,11,1
1488.72,23.2,11,1
1488.85,23.21,11,1
1488.99,23.22,11,1
1489.12,23.24,11,1
1489.26,23.25,11,1
1489.39,23.27,11,1
1489.53,23.29,11,1
1489.66,23.3,11,1
1489.8,23.31,11,1
1489.93,23.32,11,1
1490.07,23.35,11,1
1490.2,23.36,11,1
1490.34,23.37,11,1
1490.47,23.38,11,1
1490.61,23.4,11,1
1490.74,23.41,11,1
1490.88,23.43,11,1
1491.01,23.45,11,1
1491.15,23.46,11,1
1491.28,23.46,11,1
1491.42,23.49,11,1
1491.55,23.5,11,1
1491.69,23.52,11,1
1491.82,23.53,11,1
1491.95,23.54,11,1
1492.09,23.56,11,1
1492.23,23.57,11,1
1492.36,23.58,11,1
1492.5,23.6,11,1
1492.63,23.61,11,1
1492.76,23.63,11,1
1492.9,23.63,11,1
1493.04,23.66,11,1
1493.17,23.67,11,1
1493.3,23.68,11,1
1493.44,23.7,11,1
1493.57,23.7,11,1
1493.71,23.73,11,1
1493.84,23.74,11,1
1493.98,23.76,11,1
1494.11,23.76,11,1
1494.25,23.78,11,1
1494.38,23.8,11,1
1494.52,23.81,11,1
1494.65,23.83,11,1
1494.79,23.84,11,1
1494.92,23.86,11,1
1495.06,23.87,11,1
1495.19,23.88,11,1
1495.33,23.9,11,1
1495.46,23.9,11,1
1495.6,23.93,11,1
1495.73,23.94,11,1
1495.87,23.95,11,1
1496.0,23.97,11,1
1496.14,23.98,11,1
1496.27,23.99,11,1
1496.41,24.01,11,1
1496.54,24.03,11,1
1496.68,24.04,11,1
1496.81,24.05,11,1
1496.95,24.06,11,1
1497.08,24.07,11,1
1497.22,24.09,11,1
1497.35,24.11,11,1
1497.49,24.1,11,1
1497.62,24.13,11,1
1497.76,24.14,11,1
1497.89,24.16,11,1
1498.03,24.17,11,1
1498.16,24.19,11,1
1498.3,24.2,11,1
1498.43,24.22,11,1
1498.56,24.23,11,1
1498.7,24.24,11,1
1498.83,24.25,11,1
1498.97,24.27,11,1
1499.1,24.28,11,1
1499.24,24.3,11,1
1499.38,24.31,11,1
1499.51,24.32,11,1
1499.64,24.33,11,1
1499.78,24.34,11,1
1499.92,24.36,11,1
1500.05,24.38,11,1
1500.18,24.38,11,1
1500.32,24.39,11,1
1500.45,24.41,11,1
1500.59,24.42,11,1
1500.72,24.44,11,1
1500.86,24.46,11,1
1500.99,24.47,11,1
1501.13,24.48,11,1
1501.26,24.5,11,1
1501.4,24.51,11,1
1501.53,24.52,11,1
1501.67,24.53,11,1
1501.8,24.54,11,1
1501.94,24.54,11,1
1502.07,24.57,11,1
1502.21,24.58,11,1
1502.34,24.59,11,1
1502.48,24.59,11,1
1502.61,24.62,11,1
1502.75,24.63,11,1
1502.88,24.64,11,1
1503.02,24.66,11,1
1503.15,24.67,11,1
1503.29,24.68,11,1
1503.42,24.69,11,1
1503.56,24.71,11,1
1503.69,24.72,11,1
1503.83,24.73,11,1
1503.96,24.75,11,1
1504.1,24.76,11,1
1504.23,24.77,11,1
1504.37,24.77,11,1
1504.5,24.8,11,1
1504.64,24.81,11,1
1504.77,24.82,11,1
1504.91,24.83,11,1
1505.04,24.85,11,1
1505.18,24.85,11,1
1505.31,24.86,11,1
1505.44,24.88,11,1
1505.58,24.89,11,1
1505.72,24.91,11,1
1505.85,24.91,11,1
1505.98,24.93,11,1
1506.12,24.95,11,1
1506.26,24.95,11,1
1506.39,24.96,11,1
1506.53,24.98,11,1
1506.66,24.99,11,1
1506.79,24.99,11,1
1506.93,25.01,11,1
1507.06,25.02,11,1
1507.2,25.04,11,1
1507.33,25.05,11,1
1507.47,25.08,11,1
1507.6,25.07,11,1
1507.74,25.08,11,1
1507.87,25.08,11,1
1508.01,25.11,11,1
1508.14,25.12,11,1
1508.28,25.13,11,1
1508.41,25.14,11,1
1508.55,25.16,11,1
1508.68,25.17,11,1
1508.82,25.18,11,1
1508.95,25.19,11,1
1509.09,25.2,11,1
1509.22,25.2,11,1
1509.36,25.22,11,1
1509.49,25.22,11,1
1509.63,25.25,11,1
1509.76,25.25,11,1
1509.9,25.27,11,1
1510.03,25.28,11,1
1510.17,25.29,11,1
1510.3,25.31,11,1
1510.44,25.31,11,1
1510.57,25.32,11,1
1510.71,25.34,11,1
1510.84,25.35,11,1
1510.98,25.36,11,1
1511.11,25.37,11,1
1511.25,25.38,11,1
1511.38,25.4,11,1
1511.52,25.4,11,1
1511.65,25.4,11,1
1511.79,25.42,11,1
1511.92,25.43,11,1
1512.06,25.44,11,1
1512.19,25.45,11,1
1512.33,25.46,11,1
1512.46,25.47,11,1
1512.6,25.49,11,1
1512.73,25.5,11,1
1512.86,25.51,11,1
1513.0,25.51,11,1
1513.14,25.53,11,1
1513.27,25.53,11,1
1513.41,25.55,11,1
1513.54,25.56,11,1
1513.68,25.57,11,1
1513.81,25.59,11,1
1513.94,25.6,11,1
1514.08,25.61,11,1
1514.21,25.62,11,1
1514.35,25.62,11,1
1514.48,25.64,11,1
1514.62,25.65,11,1
1514.75,25.66,11,1
1514.89,25.67,11,1
1515.02,25.68,11,1
1515.16,25.69,11,1
1515.29,25.7,11,1
1515.43,25.72,11,1
1515.56,25.72,11,1
1515.7,25.73,11,1
1515.83,25.74,11,1
1515.97,25.75,11,1
1516.1,25.76,11,1
1516.24,25.78,11,1
1516.37,25.78,11,1
1516.51,25.79,11,1
1516.64,25.8,11,1
1516.78,25.82,11,1
1516.91,25.83,11,1
1517.05,25.83,11,1
1517.18,25.84,11,1
1517.32,25.85,11,1
1517.45,25.86,11,1
1517.59,25.88,11,1
1517.72,25.88,11,1
1517.86,25.9,11,1
1517.99,25.9,11,1
1518.13,25.92,11,1
1518.26,25.93,11,1
1518.4,25.93,11,1
1518.53,25.94,11,1
1518.67,25.95,11,1
1518.8,25.96,11,1
1518.94,25.98,11,1
1519.07,25.98,11,1
1519.21,25.99,11,1
1519.34,26.01,11,1
1519.47,26.02,11,1
1519.61,26.02,11,1
1519.75,26.04,11,1
1519.88,26.05,11,1
1520.02,26.06,11,1
1520.15,26.06,11,1
1520.29,26.07,11,1
1520.42,26.08,11,1
1520.56,26.09,11,1
1520.69,26.1,11,1
1520.82,26.11,11,1
1520.96,26.13,11,1
1521.09,26.14,11,1
1521.23,26.15,11,1
1521.36,26.15,11,1
1521.5,26.17,11,1
1521.63,26.18,11,1
1521.77,26.18,11,1
1521.9,26.19,11,1
1522.04,26.2,11,1
1522.17,26.21,11,1
1522.31,26.21,11,1
1522.44,26.23,11,1
1522.58,26.24,11,1
1522.71,26.25,11,1
1522.85,26.26,11,1
1522.98,26.27,11,1
1523.12,26.28,11,1
1523.25,26.29,11,1
1523.39,26.3,11,1
1523.52,26.3,11,1
1523.66,26.31,11,1
1523.79,26.33,11,1
1523.93,26.33,11,1
1524.06,26.34,11,1
1524.2,26.34,11,1
1524.33,26.36,11,1
1524.47,26.37,11,1
1524.6,26.38,11,1
1524.74,26.39,11,1
1524.87,26.39,11,1
1525.01,26.41,11,1
1525.14,26.41,11,1
1525.28,26.43,11,1
1525.41,26.43,11,1
1525.55,26.44,11,1
1525.68,26.45,11,1
1525.82,26.47,11,1
1525.95,26.46,11,1
1526.09,26.48,11,1
1526.22,26.49,11,1
1526.35,26.5,11,1
1526.49,26.5,11,1
1526.63,26.51,11,1
1526.76,26.53,11,1
1526.9,26.53,11,1
1527.03,26.54,11,1
1527.17,26.55,11,1
1527.3,26.56,11,1
1527.44,26.57,11,1
1527.57,26.58,11,1
1527.7,26.59,11,1
1527.84,26.6,11,1
1527.97,26.6,11,1
1528.11,26.61,11,1
1528.24,26.62,11,1
1528.38,26.63,11,1
1528.51,26.64,11,1
1528.65,26.64,11,1
1528.78,26.66,11,1
1528.92,26.66,11,1
1529.05,26.67,11,1
1529.19,26.68,11,1
1529.32,26.69,11,1
1529.46,26.7,11,1
1529.59,26.72,11,1
1529.73,26.71,11,1
1529.86,26.73,11,1
1530.0,26.74,11,1
1530.13,26.74,11,1
1530.27,26.75,11,1
1530.4,26.77,11,1
1530.54,26.76,11,1
1530.67,26.77,11,1
1530.81,26.78,11,1
1530.94,26.8,11,1
1531.08,26.8,11,1
1531.21,26.8,11,1
1531.35,26.82,11,1
1531.48,26.81,11,1
1531.62,26.84,11,1
1531.75,26.83,11,1
1531.89,26.85,11,1
1532.02,26.85,11,1
1532.16,26.86,11,1
1532.29,26.87,11,1
1532.43,26.88,11,1
1532.56,26.89,11,1
1532.7,26.9,11,1
1532.83,26.91,11,1
1532.97,26.91,11,1
1533.1,26.92,11,1
1533.24,26.93,11,1
1533.37,26.94,11,1
1533.51,26.95,11,1
1533.64,26.95,11,1
1533.78,26.96,11,1
1533.91,26.96,11,1
1534.05,26.98,11,1
1534.18,26.99,11,1
1534.31,27.0,11,1
1534.45,27.0,11,1
1534.58,27.01,11,1
1534.72,27.02,11,1
1534.85,27.02,11,1
1534.99,27.03,11,1
1535.13,27.03,11,1
1535.26,27.04,11,1
1535.39,27.06,11,1
1535.53,27.06,11,1
1535.66,27.07,11,1
1535.8,27.09,11,1
1535.93,27.09,11,1
1536.07,27.09,11,1
1536.2,27.1,11,1
1536.34,27.1,11,1
1536.47,27.12,11,1
1536.61,27.12,11,1
1536.74,27.13,11,1
1536.88,27.14,11,1
1537.01,27.14,11,1
1537.15,27.15,11,1
1537.28,27.16,11,1
1537.42,27.17,11,1
1537.55,27.17,11,1
1537.69,27.18,11,1
1537.82,27.19,11,1
1537.96,27.19,11,1
1538.09,27.2,11,1
1538.23,27.22,11,1
1538.36,27.22,11,1
1538.5,27.23,11,1
1538.63,27.23,11,1
1538.77,27.24,11,1
1538.9,27.25,11,1
1539.04,27.26,11,1
1539.17,27.27,11,1
1539.31,27.27,11,1
1539.44,27.27,11,1
1539.58,27.28,11,1
1539.71,27.29,11,1
1539.85,27.31,11,1
1539.98,27.3,11,1
1540.12,27.31,11,1
1540.25,27.32,11,1
1540.39,27.33,11,1
1540.52,27.34,11,1
1540.66,27.34,11,1
1540.79,27.35,11,1
1540.93,27.36,11,1
1541.06,27.37,11,1
1541.19,27.37,11,1
1541.33,27.38,11,1
1541.46,27.39,11,1
1541.6,27.39,11,1
1541.73,27.4,11,1
1541.87,27.4,11,1
1542.0,27.42,11,1
1542.14,27.42,11,1
1542.27,27.43,11,1
1542.41,27.44,11,1
1542.54,27.45,11,1
1542.68,27.45,11,1
1542.81,27.45,11,1
1542.95,27.46,11,1
1543.08,27.48,11,1
1543.22,27.48,11,1
1543.35,27.48,11,1
1543.49,27.5,11,1
1543.62,27.5,11,1
1543.76,27.51,11,1
1543.89,27.51,11,1
1544.03,27.53,11,1
1544.16,27.53,11,1
1544.3,27.53,11,1
1544.43,27.54,11,1
1544.57,27.54,11,1
1544.7,27.55,11,1
1544.84,27.56,11,1
1544.97,27.57,11,1
1545.11,27.58,11,1
1545.24,27.58,11,1
1545.38,27.59,11,1
1545.51,27.6,11,1
1545.65,27.6,11,1
1545.78,27.61,11,1
1545.92,27.62,11,1
1546.05,27.63,11,1
1546.19,27.63,11,1
1546.32,27.64,11,1
1546.46,27.65,11,1
1546.59,27.65,11,1
1546.72,27.66,11,1
1546.86,27.67,11,1
1547.0,27.67,11,1
1547.13,27.68,11,1
1547.27,27.68,11,1
1547.4,27.69,11,1
1547.54,27.71,11,1
1547.67,27.71,11,1
1547.8,27.72,11,1
1547.94,27.72,11,1
1548.07,27.73,11,1
1548.21,27.73,11,1
1548.34,27.74,11,1
1548.48,27.75,11,1
1548.61,27.75,11,1
1548.75,27.76,11,1
1548.88,27.76,11,1
1549.02,27.76,11,1
1549.15,27.79,11,1
1549.29,27.78,11,1
1549.42,27.79,11,1
1549.56,27.8,11,1
1549.69,27.81,11,1
1549.83,27.8,11,1
1549.96,27.82,11,1
1550.1,27.82,11,1
1550.23,27.82,11,1
1550.37,27.83,11,1
1550.5,27.84,11,1
1550.64,27.84,11,1
1550.77,27.86,11,1
1550.91,27.87,11,1
1551.04,27.87,11,1
1551.18,27.87,11,1
1551.31,27.88,11,1
1551.45,27.88,11,1
1551.58,27.89,11,1
1551.72,27.9,11,1
1551.85,27.9,11,1
1551.99,27.91,11,1
1552.12,27.92,11,1
1552.26,27.93,11,1
1552.39,27.93,11,1
1552.53,27.93,11,1
1552.66,27.94,11,1
1552.8,27.95,11,1
1552.93,27.96,11,1
1553.06,27.96,11,1
1553.2,27.96,11,1
1553.33,27.97,11,1
1553.47,27.99,11,1
1553.6,27.98,11,1
1553.74,27.99,11,1
1553.87,28.0,11,1
1554.01,28.01,11,1
1554.15,28.01,11,1
1554.28,28.02,11,1
1554.41,28.02,11,1
1554.55,28.02,11,1
1554.68,28.03,11,1
1554.82,28.05,11,1
1554.95,28.07,11,1
1555.09,28.05,11,1
1555.22,28.06,11,1
1555.36,28.07,11,1
1555.49,28.07,11,1
1555.63,28.09,11,1
1555.76,28.09,11,1
1555.9,28.1,11,1
1556.03,28.11,11,1
1556.17,28.1,11,1
1556.3,28.11,11,1
1556.44,28.12,11,1
1556.57,28.12,11,1
1556.71,28.12,11,1
1556.84,28.14,11,1
1556.98,28.15,11,1
1557.11,28.14,11,1
1557.25,28.16,11,1
1557.38,28.17,11,1
1557.52,28.17,11,1
1557.65,28.18,11,1
1557.79,28.18,11,1
1557.92,28.19,11,1
1558.06,28.2,11,1
1558.19,28.19,11,1
1558.33,28.21,11,1
1558.46,28.22,11,1
1558.6,28.22,11,1
1558.73,28.23,11,1
1558.86,28.23,11,1
1559.0,28.24,11,1
1559.14,28.24,11,1
1559.27,28.25,11,1
1559.41,28.27,11,1
1559.54,28.26,11,1
1559.68,28.27,11,1
1559.81,28.27,11,1
1559.94,28.28,11,1
1560.08,28.29,11,1
1560.21,28.29,11,1
1560.35,28.3,11,1
1560.48,28.31,11,1
1560.62,28.3,11,1
1560.76,28.32,11,1
1560.89,28.32,11,1
1561.02,28.33,11,1
1561.16,28.33,11,1
1561.29,28.34,11,1
1561.43,28.34,11,1
1561.56,28.35,11,1
1561.7,28.35,11,1
1561.83,28.37,11,1
1561.97,28.38,11,1
1562.1,28.37,11,1
1562.24,28.37,11,1
1562.37,28.38,11,1
1562.51,28.39,11,1
1562.64,28.4,11,1
1562.78,28.4,11,1
1562.91,28.4,11,1
1563.05,28.41,11,1
1563.18,28.42,11,1
1563.32,28.42,11,1
1563.45,28.44,11,1
1563.59,28.43,11,1
1563.72,28.44,11,1
1563.86,28.44,11,1
1563.99,28.45,11,1
1564.13,28.46,11,1
1564.26,28.48,11,1
1564.4,28.46,11,1
1564.53,28.47,11,1
1564.67,28.48,11,1
1564.8,28.49,11,1
1564.94,28.49,11,1
1565.07,28.49,11,1
1565.21,28.5,11,1
1565.34,28.5,11,1
1565.47,28.52,11,1
1565.61,28.52,11,1
1565.75,28.52,11,1
1565.88,28.53,11,1
1566.02,28.54,11,1
1566.15,28.55,11,1
1566.28,28.56,11,1
1566.42,28.55,11,1
1566.56,28.56,11,1
1566.69,28.57,11,1
1566.82,28.57,11,1
1566.96,28.57,11,1
1567.09,28.58,11,1
1567.23,28.59,11,1
1567.36,28.58,11,1
1567.5,28.6,11,1
1567.63,28.61,11,1
1567.77,28.61,11,1
1567.9,28.61,11,1
1568.04,28.61,11,1
1568.17,28.62,11,1
1568.31,28.63,11,1
1568.44,28.64,11,1
1568.58,28.63,11,1
1568.71,28.64,11,1
1568.85,28.65,11,1
1568.98,28.66,11,1
1569.12,28.67,11,1
1569.25,28.66,11,1
1569.39,28.66,11,1
1569.52,28.68,11,1
1569.66,28.69,11,1
1569.79,28.69,11,1
1569.93,28.7,11,1
1570.06,28.71,11,1
1570.2,28.7,11,1
1570.33,28.71,11,1
1570.47,28.71,11,1
1570.6,28.72,11,1
1570.74,28.72,11,1
1570.87,28.73,11,1
1571.01,28.75,11,1
1571.14,28.75,11,1
1571.28,28.75,11,1
1571.41,28.77,11,1
1571.55,28.76,11,1
1571.68,28.76,11,1
1571.81,28.77,11,1
1571.95,28.78,11,1
1572.08,28.76,11,1
1572.22,28.78,11,1
1572.35,28.79,11,1
1572.49,28.8,11,1
1572.63,28.8,11,1
1572.76,28.8,11,1
1572.89,28.81,11,1
1573.03,28.81,11,1
1573.17,28.81,11,1
1573.3,28.83,11,1
1573.43,28.82,11,1
1573.57,28.83,11,1
1573.7,28.83,11,1
1573.84,28.84,11,1
1573.97,28.85,11,1
1574.11,28.86,11,1
1574.24,28.85,11,1
1574.38,28.87,11,1
1574.51,28.87,11,1
1574.65,28.87,11,1
1574.78,28.88,11,1
1574.92,28.88,11,1
1575.05,28.89,11,1
1575.19,28.89,11,1
1575.32,28.9,11,1
1575.46,28.91,11,1
1575.59,28.9,11,1
1575.73,28.91,11,1
1575.86,28.92,11,1
1576.0,28.93,11,1
1576.13,28.92,11,1
1576.27,28.92,11,1
1576.4,28.93,11,1
1576.54,28.95,11,1
1576.67,28.95,11,1
1576.81,28.96,11,1
1576.94,28.96,11,1
1577.08,28.96,11,1
1577.21,28.97,11,1
1577.35,28.97,11,1
1577.48,28.98,11,1
1577.62,28.98,11,1
1577.75,28.98,11,1
1577.89,28.99,11,1
1578.02,29.0,11,1
1578.16,29.01,11,1
1578.29,29.0,11,1
1578.43,29.01,11,1
1578.56,29.02,11,1
1578.69,29.02,11,1
1578.83,29.03,11,1
1578.96,29.03,11,1
1579.1,29.04,11,1
1579.23,29.04,11,1
1579.37,29.05,11,1
1579.5,29.06,11,1
1579.64,29.05,11,1
1579.77,29.07,11,1
1579.91,29.07,11,1
1580.04,29.07,11,1
1580.18,29.07,11,1
1580.31,29.09,11,1
1580.45,29.09,11,1
1580.58,29.09,11,1
1580.72,29.08,11,1
1580.85,29.1,11,1
1580.99,29.1,11,1
1581.12,29.11,11,1
1581.26,29.11,11,1
1581.39,29.12,11,1
1581.53,29.13,11,1
1581.66,29.13,11,1
1581.8,29.14,11,1
1581.93,29.16,11,1
1582.07,29.14,11,1
1582.2,29.15,11,1
1582.34,29.15,11,1
1582.47,29.16,11,1
1582.61,29.16,11,1
1582.74,29.17,11,1
1582.88,29.17,11,1
1583.01,29.18,11,1
1583.15,29.17,11,1
1583.28,29.18,11,1
1583.42,29.19,11,1
1583.55,29.19,11,1
1583.69,29.21,11,1
1583.82,29.2,11,1
1583.96,29.2,11,1
1584.09,29.21,11,1
1584.23,29.22,11,1
1584.36,29.23,11,1
1584.5,29.22,11,1
1584.63,29.23,11,1
1584.77,29.24,11,1
1584.9,29.24,11,1
1585.04,29.25,11,1
1585.17,29.26,11,1
1585.31,29.25,11,1
1585.44,29.26,11,1
1585.57,29.26,11,1
1585.71,29.26,11,1
1585.84,29.27,11,1
1585.98,29.28,11,1
1586.11,29.28,11,1
1586.25,29.29,11,1
1586.38,29.29,11,1
1586.52,29.3,11,1
1586.65,29.3,11,1
1586.79,29.31,11,1
1586.92,29.32,11,1
1587.06,29.31,11,1
1587.19,29.31,11,1
1587.33,29.31,11,1
1587.46,29.33,11,1
1587.6,29.33,11,1
1587.73,29.33,11,1
1587.87,29.34,11,1
1588.0,29.33,11,1
1588.14,29.35,11,1
1588.27,29.35,11,1
1588.41,29.36,11,1
1588.54,29.35,11,1
1588.68,29.37,11,1
1588.81,29.37,11,1
1588.95,29.37,11,1
1589.08,29.37,11,1
1589.22,29.38,11,1
1589.35,29.39,11,1
1589.49,29.39,11,1
1589.62,29.4,11,1
1589.76,29.4,11,1
1589.89,29.4,11,1
1590.03,29.41,11,1
1590.16,29.41,11,1
1590.3,29.42,11,1
1590.43,29.42,11,1
1590.57,29.43,11,1
1590.7,29.44,11,1
1590.84,29.43,11,1
1590.97,29.45,11,1
1591.1,29.44,11,1
1591.24,29.46,11,1
1591.38,29.46,11,1
1591.51,29.47,11,1
1591.65,29.46,11,1
1591.78,29.46,11,1
1591.92,29.47,11,1
1592.05,29.48,11,1
1592.18,29.48,11,1
1592.32,29.49,11,1
1592.45,29.49,11,1
1592.59,29.49,11,1
1592.72,29.48,11,1
1592.86,29.5,11,1
1592.99,29.51,11,1
1593.13,29.51,11,1
1593.26,29.52,11,1
1593.4,29.52,11,1
1593.53,29.53,11,1
1593.67,29.53,11,1
1593.8,29.54,11,1
1593.94,29.54,11,1
1594.07,29.54,11,1
1594.21,29.54,11,1
1594.34,29.54,11,1
1594.48,29.55,11,1
1594.61,29.55,11,1
1594.75,29.56,11,1
1594.88,29.57,11,1
1595.02,29.57,11,1
1595.15,29.57,11,1
1595.29,29.58,11,1
1595.42,29.59,11,1
1595.56,29.58,11,1
1595.69,29.59,11,1
1595.83,29.61,11,1
1595.96,29.6,11,1
1596.1,29.61,11,1
1596.23,29.6,11,1
1596.37,29.61,11,1
1596.5,29.61,11,1
1596.64,29.61,11,1
1596.77,29.63,11,1
1596.91,29.63,11,1
1597.04,29.63,11,1
1597.18,29.63,11,1
1597.31,29.64,11,1
1597.45,29.65,11,1
1597.58,29.65,11,1
1597.71,29.66,11,1
1597.85,29.66,11,1
1597.98,29.65,11,1
1598.12,29.66,11,1
1598.26,29.67,11,1
1598.39,29.68,11,1
1598.53,29.67,11,1
1598.66,29.67,11,1
1598.79,29.67,11,1
1598.93,29.69,11,1
1599.06,29.7,11,1
1599.2,29.7,11,1
1599.33,29.7,11,1
1599.47,29.7,11,1
1599.6,29.71,11,1
1599.74,29.71,11,1
1599.87,29.7,11,1
1600.01,29.72,11,1
1600.14,29.73,11,1
1600.28,29.73,11,1
1600.41,29.72,11,1
1600.55,29.73,11,1
1600.68,29.74,11,1
1600.82,29.74,11,1
1600.95,29.75,11,1
1601.09,29.75,11,1
1601.22,29.74,11,1
1601.36,29.76,11,1
1601.49,29.75,11,1
1601.63,29.76,11,1
1601.76,29.76,11,1
1601.9,29.76,11,1
1602.03,29.77,11,1
1602.17,29.77,11,1
1602.3,29.79,11,1
1602.44,29.78,11,1
1602.57,29.78,11,1
1602.71,29.78,11,1
1602.84,29.79,11,1
1602.98,29.8,11,1
1603.11,29.81,11,1
1603.25,29.8,11,1
1603.38,29.81,11,1
1603.52,29.8,11,1
1603.65,29.82,11,1
1603.79,29.83,11,1
1603.92,29.82,11,1
1604.06,29.82,11,1
1604.19,29.84,11,1
1604.32,29.84,11,1
1604.46,29.83,11,1
1604.59,29.85,11,1
1604.73,29.86,11,1
1604.86,29.86,11,1
1605.0,29.85,11,1
1605.14,29.86,11,1
1605.27,29.87,11,1
1605.4,29.87,11,1
1605.54,29.87,11,1
1605.68,29.89,11,1
1605.81,29.88,11,1
1605.94,29.88,11,1
1606.08,29.88,11,1
1606.21,29.88,11,1
1606.35,29.88,11,1
1606.48,29.89,11,1
1606.62,29.91,11,1
1606.75,29.9,11,1
1606.89,29.9,11,1
1607.02,29.91,11,1
1607.16,29.91,11,1
1607.29,29.91,11,1
1607.43,29.92,11,1
1607.56,29.93,11,1
1607.7,29.92,11,1
1607.83,29.93,11,1
1607.97,29.93,11,1
1608.1,29.93,11,1
1608.24,29.93,11,1
1608.37,29.95,11,1
1608.51,29.93,11,1
1608.64,29.94,11,1
1608.78,29.96,11,1
1608.91,29.96,11,1
1609.05,29.96,11,1
1609.18,29.95,11,1
1609.32,29.97,11,1
1609.45,29.98,11,1
1609.59,29.97,11,1
1609.72,29.98,11,1
1609.86,29.99,11,1
1609.99,29.99,11,1
1610.13,29.99,11,1
1610.26,30.0,11,1
1610.4,29.99,11,1
1610.53,29.99,11,1
1610.67,30.0,11,1
1610.8,30.01,11,1
1610.94,30.01,11,1
1611.07,30.0,11,1
1611.2,30.02,11,1
1611.34,30.02,11,1
1611.47,30.01,11,1
1611.61,30.03,11,1
1611.75,30.03,11,1
1611.88,30.03,11,1
1612.01,30.04,11,1
1612.15,30.03,11,1
1612.28,30.04,11,1
1612.42,30.04,11,1
1612.55,30.06,11,1
1612.69,30.05,11,1
1612.82,30.06,11,1
1612.96,30.06,11,1
1613.09,30.07,11,1
1613.23,30.06,11,1
1613.36,30.08,11,1
1613.5,30.07,11,1
1613.63,30.07,11,1
1613.77,30.08,11,1
1613.9,30.08,11,1
1614.04,30.09,11,1
1614.17,30.11,11,1
1614.31,30.09,11,1
1614.44,30.1,11,1
1614.58,30.1,11,1
1614.71,30.1,11,1
1614.85,30.11,11,1
1614.98,30.1,11,1
1615.12,30.11,11,1
1615.25,30.12,11,1
1615.39,30.12,11,1
1615.52,30.12,11,1
1615.66,30.13,11,1
1615.79,30.13,11,1
1615.93,30.13,11,1
1616.06,30.15,11,1
1616.2,30.14,11,1
1616.33,30.14,11,1
1616.46,30.15,11,1
1616.6,30.15,11,1
1616.74,30.15,11,1
1616.87,30.16,11,1
1617.01,30.16,11,1
1617.14,30.16,11,1
1617.28,30.16,11,1
1617.41,30.17,11,1
1617.55,30.17,11,1
1617.68,30.17,11,1
1617.81,30.17,11,1
1617.95,30.17,11,1
1618.08,30.18,11,1
1618.22,30.18,11,1
1618.35,30.2,11,1
1618.49,30.18,11,1
1618.62,30.2,11,1
1618.76,30.2,11,1
1618.89,30.2,11,1
1619.03,30.2,11,1
1619.16,30.21,11,1
1619.3,30.2,11,1
1619.43,30.21,11,1
1619.57,30.22,11,1
1619.7,30.21,11,1
1619.84,30.21,11,1
1619.97,30.22,11,1
1620.11,30.23,11,1
1620.24,30.24,11,1
1620.38,30.22,11,1
1620.51,30.24,11,1
1620.65,30.25,11,1
1620.78,30.24,11,1
1620.92,30.25,11,1
1621.05,30.25,11,1
1621.19,30.25,11,1
1621.32,30.25,11,1
1621.46,30.26,11,1
1621.59,30.25,11,1
1621.73,30.27,11,1
1621.86,30.26,11,1
1622.0,30.27,11,1
1622.13,30.26,11,1
1622.27,30.27,11,1
1622.4,30.27,11,1
1622.54,30.29,11,1
1622.67,30.28,11,1
1622.81,30.29,11,1
1622.94,30.29,11,1
1623.07,30.29,11,1
1623.21,30.3,11,1
1623.35,30.3,11,1
1623.48,30.3,11,1
1623.61,30.3,11,1
1623.75,30.31,11,1
1623.88,30.31,11,1
1624.02,30.31,11,1
1624.16,30.32,11,1
1624.29,30.32,11,1
1624.42,30.32,11,1
1624.56,30.32,11,1
1624.69,30.33,11,1
1624.83,30.33,11,1
1624.96,30.34,11,1
1625.1,30.33,11,1
1625.23,30.35,11,1
1625.37,30.35,11,1
1625.5,30.34,11,1
1625.64,30.35,11,1
1625.77,30.36,11,1
1625.91,30.36,11,1
1626.04,30.37,11,1
1626.18,30.36,11,1
1626.31,30.35,11,1
1626.45,30.36,11,1
1626.58,30.37,11,1
1626.72,30.37,11,1
1626.85,30.38,11,1
1626.99,30.37,11,1
1627.12,30.39,11,1
1627.26,30.39,11,1
1627.39,30.38,11,1
1627.53,30.39,11,1
1627.66,30.39,11,1
1627.8,30.4,11,1
1627.93,30.4,11,1
1628.07,30.39,11,1
1628.2,30.41,11,1
1628.34,30.4,11,1
1628.47,30.4,11,1
1628.61,30.42,11,1
1628.74,30.41,11,1
1628.88,30.42,11,1
1629.01,30.4,11,1
1629.15,30.43,11,1
1629.28,30.41,11,1
1629.42,30.41,11,1
1629.55,30.43,11,1
1629.69,30.44,11,1
1629.82,30.44,11,1
1629.96,30.43,11,1
1630.09,30.44,11,1
1630.22,30.45,11,1
1630.36,30.45,11,1
1630.49,30.44,11,1
1630.63,30.45,11,1
1630.77,30.45,11,1
1630.9,30.46,11,1
1631.03,30.46,11,1
1631.17,30.46,11,1
1631.3,30.48,11,1
1631.44,30.45,11,1
1631.57,30.47,11,1
1631.71,30.47,11,1
1631.84,30.48,11,1
1631.98,30.48,11,1
1632.11,30.48,11,1
1632.25,30.48,11,1
1632.38,30.47,11,1
1632.52,30.49,11,1
1632.65,30.49,11,1
1632.79,30.5,11,1
1632.92,30.5,11,1
1633.06,30.51,11,1
1633.19,30.51,11,1
1633.33,30.5,11,1
1633.46,30.51,11,1
1633.6,30.51,11,1
1633.73,30.52,11,1
1633.87,30.51,11,1
1634.0,30.53,11,1
1634.14,30.53,11,1
1634.27,30.53,11,1
1634.41,30.53,11,1
1634.54,30.54,11,1
1634.68,30.54,11,1
1634.81,30.54,11,1
1634.95,30.54,11,1
1635.08,30.54,11,1
1635.22,30.55,11,1
1635.35,30.54,11,1
1635.49,30.54,11,1
1635.62,30.56,11,1
1635.76,30.56,11,1
1635.89,30.56,11,1
1636.03,30.56,11,1
1636.16,30.57,11,1
1636.3,30.56,11,1
1636.43,30.57,11,1
1636.56,30.58,11,1
1636.7,30.57,11,1
1636.83,30.58,11,1
1636.97,30.58,11,1
1637.1,30.58,11,1
1637.24,30.59,11,1
1637.37,30.59,11,1
1637.51,30.59,11,1
1637.64,30.59,11,1
1637.78,30.6,11,1
1637.91,30.6,11,1
1638.05,30.6,11,1
1638.18,30.6,11,1
1638.32,30.6,11,1
1638.45,30.61,11,1
1638.59,30.62,11,1
1638.72,30.61,11,1
1638.86,30.62,11,1
1638.99,30.61,11,1
1639.13,30.62,11,1
1639.26,30.64,11,1
1639.4,30.63,11,1
1639.53,30.63,11,1
1639.67,30.63,11,1
1639.8,30.64,11,1
1639.94,30.63,11,1
1640.07,30.64,11,1
1640.21,30.64,11,1
1640.34,30.64,11,1
1640.48,30.65,11,1
1640.61,30.65,11,1
1640.75,30.64,11,1
1640.88,30.65,11,1
1641.02,30.64,11,1
1641.15,30.66,11,1
1641.29,30.67,11,1
1641.42,30.66,11,1
1641.56,30.67,11,1
1641.69,30.67,11,1
1641.83,30.67,11,1
1641.96,30.67,11,1
1642.09,30.67,11,1
1642.23,30.69,11,1
1642.36,30.68,11,1
1642.5,30.68,11,1
1642.64,30.68,11,1
1642.77,30.69,11,1
1642.91,30.7,11,1
1643.04,30.69,11,1
1643.17,30.69,11,1
1643.31,30.71,11,1
1643.44,30.7,11,1
1643.58,30.71,11,1
1643.71,30.71,11,1
1643.85,30.71,11,1
1643.98,30.7,11,1
1644.12,30.71,11,1
1644.25,30.72,11,1
1644.39,30.72,11,1
1644.52,30.72,11,1
1644.66,30.73,11,1
1644.79,30.72,11,1
1644.93,30.72,11,1
1645.06,30.73,11,1
1645.2,30.73,11,1
1645.33,30.73,11,1
1645.47,30.74,11,1
1645.6,30.74,11,1
1645.74,30.74,11,1
1645.87,30.74,11,1
1646.01,30.74,11,1
1646.14,30.75,11,1
1646.28,30.74,11,1
1646.41,30.75,11,1
1646.55,30.75,11,1
1646.68,30.76,11,1
1646.82,30.75,11,1
1646.95,30.76,11,1
1647.09,30.77,11,1
1647.22,30.76,11,1
1647.36,30.75,11,1
1647.49,30.77,11,1
1647.63,30.76,11,1
1647.76,30.78,11,1
1647.9,30.77,11,1
1648.03,30.78,11,1
1648.17,30.78,11,1
1648.3,30.78,11,1
1648.44,30.78,11,1
1648.57,30.78,11,1
1648.7,30.78,11,1
1648.84,30.79,11,1
1648.97,30.79,11,1
1649.11,30.8,11,1
1649.25,30.8,11,1
1649.38,30.79,11,1
1649.52,30.8,11,1
1649.65,30.8,11,1
1649.78,30.81,11,1
1649.92,30.81,11,1
1650.06,30.81,11,1
1650.19,30.83,11,1
1650.32,30.82,11,1
1650.46,30.81,11,1
1650.59,30.82,11,1
1650.73,30.82,11,1
1650.86,30.82,11,1
1651.0,30.83,11,1
1651.13,30.82,11,1
1651.27,30.83,11,1
1651.4,30.83,11,1
1651.54,30.83,11,1
1651.67,30.84,11,1
1651.81,30.83,11,1
1651.94,30.84,11,1
1652.08,30.84,11,1
1652.21,30.85,11,1
1652.35,30.85,11,1
1652.48,30.85,11,1
1652.62,30.85,11,1
1652.75,30.85,11,1
1652.89,30.86,11,1
1653.02,30.86,11,1
1653.16,30.86,11,1
1653.29,30.86,11,1
1653.43,30.86,11,1
1653.56,30.87,11,1
1653.7,30.87,11,1
1653.83,30.86,11,1
1653.97,30.86,11,1
1654.1,30.87,11,1
1654.24,30.88,11,1
1654.37,30.88,11,1
1654.51,30.88,11,1
1654.64,30.88,11,1
1654.78,30.89,11,1
1654.91,30.89,11,1
1655.05,30.88,11,1
1655.18,30.89,11,1
1655.31,30.88,11,1
1655.45,30.9,11,1
1655.58,30.91,11,1
1655.72,30.89,11,1
1655.85,30.9,11,1
1655.99,30.9,11,1
1656.13,30.9,11,1
1656.26,30.91,11,1
1656.39,30.91,11,1
1656.53,30.92,11,1
1656.67,30.9,11,1
1656.8,30.92,11,1
1656.93,30.92,11,1
1657.07,30.92,11,1
1657.2,30.92,11,1
1657.34,30.92,11,1
1657.47,30.93,11,1
1657.61,30.94,11,1
1657.74,30.91,11,1
1657.88,30.94,11,1
1658.01,30.93,11,1
1658.15,30.94,11,1
1658.28,30.93,11,1
1658.42,30.93,11,1
1658.55,30.94,11,1
1658.69,30.94,11,1
1658.82,30.94,11,1
1658.96,30.94,11,1
1659.09,30.95,11,1
1659.23,30.95,11,1
1659.36,30.94,11,1
1659.5,30.95,11,1
1659.63,30.95,11,1
1659.77,30.96,11,1
1659.9,30.96,11,1
1660.04,30.95,11,1
1660.17,30.96,11,1
1660.31,30.96,11,1
1660.44,30.96,11,1
1660.58,30.97,11,1
1660.71,30.97,11,1
1660.85,30.97,11,1
1660.98,30.97,11,1
1661.12,30.98,11,1
1661.25,30.98,11,1
1661.39,30.98,11,1
1661.52,30.98,11,1
1661.66,30.97,11,1
1661.79,30.98,11,1
1661.93,30.99,11,1
1662.06,30.99,11,1
1662.19,30.98,11,1
1662.33,30.98,11,1
1662.46,30.99,11,1
1662.6,30.98,11,1
1662.73,30.99,11,1
1662.87,30.98,11,1
1663.0,30.98,11,1
1663.14,30.99,11,1
1663.27,30.98,11,1
1663.41,31.0,11,1
1663.54,30.99,11,1
1663.68,30.99,11,1
1663.81,31.0,11,1
1663.95,30.99,11,1
1664.08,31.0,11,1
1664.22,31.0,11,1
1664.35,31.01,11,1
1664.49,31.0,11,1
1664.62,31.0,11,1
1664.76,31.01,11,1
1664.89,31.0,11,1
1665.03,31.01,11,1
1665.16,31.01,11,1
1665.3,31.01,11,1
1665.43,31.03,11,1
1665.57,31.02,11,1
1665.7,31.02,11,1
1665.84,31.04,11,1
1665.97,31.02,11,1
1666.11,31.03,11,1
1666.24,31.04,11,1
1666.38,31.04,11,1
1666.51,31.03,11,1
1666.65,31.05,11,1
1666.78,31.03,11,1
1666.92,31.04,11,1
1667.05,31.05,11,1
1667.19,31.04,11,1
1667.32,31.05,11,1
1667.46,31.04,11,1
1667.59,31.05,11,1
1667.72,31.05,11,1
1667.86,31.06,11,1
1668.0,31.05,11,1
1668.13,31.06,11,1
1668.26,31.06,11,1
1668.4,31.07,11,1
1668.54,31.05,11,1
1668.67,31.07,11,1
1668.8,31.06,11,1
1668.94,31.07,11,1
1669.07,31.07,11,1
1669.21,31.06,11,1
1669.34,31.08,11,1
1669.48,31.08,11,1
1669.61,31.09,11,1
1669.75,31.08,11,1
1669.88,31.09,11,1
1670.02,31.08,11,1
1670.15,31.09,11,1
1670.29,31.09,11,1
1670.42,31.1,11,1
1670.56,31.1,11,1
1670.69,31.11,11,1
1670.83,31.1,11,1
1670.96,31.11,11,1
1671.1,31.1,11,1
1671.23,31.11,11,1
1671.37,31.11,11,1
1671.5,31.12,11,1
1671.64,31.12,11,1
1671.77,31.12,11,1
1671.91,31.12,11,1
1672.04,31.12,11,1
1672.18,31.12,11,1
1672.31,31.13,11,1
1672.45,31.11,11,1
1672.58,31.13,11,1
1672.72,31.13,11,1
1672.85,31.13,11,1
1672.99,31.13,11,1
1673.12,31.13,11,1
1673.26,31.13,11,1
1673.39,31.14,11,1
1673.53,31.14,11,1
1673.66,31.15,11,1
1673.8,31.14,11,1
1673.93,31.14,11,1
1674.06,31.16,11,1
1674.2,31.15,11,1
1674.33,31.14,11,1
1674.47,31.16,11,1
1674.6,31.15,11,1
1674.74,31.16,11,1
1674.87,31.16,11,1
1675.01,31.16,11,1
1675.14,31.15,11,1
1675.28,31.15,11,1
1675.41,31.16,11,1
1675.55,31.17,11,1
1675.68,31.18,11,1
1675.82,31.17,11,1
1675.95,31.17,11,1
1676.09,31.17,11,1
1676.22,31.17,11,1
1676.36,31.17,11,1
1676.49,31.18,11,1
1676.63,31.17,11,1
1676.76,31.18,11,1
1676.9,31.18,11,1
1677.03,31.18,11,1
1677.17,31.18,11,1
1677.3,31.18,11,1
1677.44,31.19,11,1
1677.57,31.19,11,1
1677.71,31.2,11,1
1677.84,31.18,11,1
1677.98,31.19,11,1
1678.11,31.2,11,1
1678.25,31.19,11,1
1678.38,31.19,11,1
1678.52,31.2,11,1
1678.65,31.21,11,1
1678.79,31.2,11,1
1678.92,31.2,11,1
1679.06,31.2,11,1
1679.19,31.21,11,1
1679.33,31.2,11,1
1679.46,31.21,11,1
1679.6,31.21,11,1
1679.73,31.22,11,1
1679.86,31.22,11,1
1680.0,31.22,11,1
1680.14,31.23,11,1
1680.27,31.22,11,1
1680.41,31.22,11,1
1680.54,31.22,11,1
1680.67,31.22,11,1
1680.81,31.23,11,1
1680.94,31.23,11,1
1681.08,31.23,11,1
1681.21,31.23,11,1
1681.35,31.23,11,1
1681.48,31.23,11,1
1681.62,31.22,11,1
1681.75,31.23,11,1
1681.89,31.23,11,1
1682.02,31.23,11,1
1682.16,31.24,11,1
1682.29,31.23,11,1
1682.43,31.24,11,1
1682.56,31.24,11,1
1682.7,31.25,11,1
1682.83,31.23,11,1
1682.97,31.25,11,1
1683.1,31.25,11,1
1683.24,31.25,11,1
1683.37,31.25,11,1
1683.51,31.24,11,1
1683.64,31.25,11,1
1683.78,31.26,11,1
1683.91,31.25,11,1
1684.05,31.25,11,1
1684.18,31.26,11,1
1684.32,31.26,11,1
1684.45,31.26,11,1
1684.59,31.27,11,1
1684.72,31.27,11,1
1684.86,31.26,11,1
1684.99,31.26,11,1
1685.13,31.28,11,1
1685.26,31.26,11,1
1685.4,31.28,11,1
1685.53,31.28,11,1
1685.67,31.27,11,1
1685.8,31.28,11,1
1685.94,31.28,11,1
1686.07,31.27,11,1
1686.21,31.27,11,1
1686.34,31.28,11,1
1686.47,31.28,11,1
1686.61,31.29,11,1
1686.75,31.29,11,1
1686.88,31.29,11,1
1687.02,31.29,11,1
1687.15,31.29,11,1
1687.28,31.29,11,1
1687.42,31.3,11,1
1687.56,31.29,11,1
1687.69,31.3,11,1
1687.82,31.3,11,1
1687.96,31.31,11,1
1688.09,31.3,11,1
1688.23,31.31,11,1
1688.36,31.3,11,1
1688.5,31.32,11,1
1688.63,31.31,11,1
1688.77,31.31,11,1
1688.9,31.31,11,1
1689.04,31.31,11,1
1689.17,31.32,11,1
1689.31,31.32,11,1
1689.44,31.31,11,1
1689.58,31.32,11,1
1689.71,31.33,11,1
1689.85,31.33,11,1
1689.98,31.33,11,1
1690.12,31.32,11,1
1690.25,31.32,11,1
1690.39,31.32,11,1
1690.52,31.34,11,1
1690.66,31.32,11,1
1690.79,31.33,11,1
1690.93,31.33,11,1
1691.06,31.34,11,1
1691.2,31.33,11,1
1691.33,31.33,11,1
1691.47,31.35,11,1
1691.6,31.35,11,1
1691.74,31.34,11,1
1691.87,31.33,11,1
1692.01,31.36,11,1
1692.14,31.35,11,1
1692.28,31.34,11,1
1692.41,31.36,11,1
1692.55,31.35,11,1
1692.68,31.35,11,1
1692.81,31.36,11,1
1692.95,31.36,11,1
1693.08,31.36,11,1
1693.22,31.35,11,1
1693.35,31.36,11,1
1693.49,31.36,11,1
1693.63,31.36,11,1
1693.76,31.37,11,1
1693.89,31.36,11,1
1694.03,31.37,11,1
1694.16,31.36,11,1
1694.3,31.36,11,1
1694.43,31.37,11,1
1694.57,31.36,11,1
1694.7,31.37,11,1
1694.84,31.38,11,1
1694.97,31.37,11,1
1695.11,31.38,11,1
1695.24,31.38,11,1
1695.38,31.38,11,1
1695.51,31.39,11,1
1695.65,31.38,11,1
1695.78,31.39,11,1
1695.92,31.37,11,1
1696.05,31.39,11,1
1696.19,31.39,11,1
1696.32,31.39,11,1
1696.46,31.4,11,1
1696.59,31.39,11,1
1696.73,31.39,11,1
1696.86,31.4,11,1
1697.0,31.39,11,1
1697.13,31.41,11,1
1697.27,31.4,11,1
1697.4,31.41,11,1
1697.54,31.4,11,1
1697.67,31.41,11,1
1697.81,31.4,11,1
1697.94,31.41,11,1
1698.08,31.42,11,1
1698.21,31.41,11,1
1698.34,31.41,11,1
1698.48,31.42,11,1
1698.62,31.41,11,1
1698.75,31.42,11,1
1698.89,31.42,11,1
1699.02,31.41,11,1
1699.16,31.42,11,1
1699.29,31.42,11,1
1699.43,31.44,11,1
1699.56,31.42,11,1
1699.69,31.43,11,1
1699.83,31.43,11,1
1699.96,31.43,11,1
1700.1,31.43,11,1
1700.23,31.43,11,1
1700.37,31.44,11,1
1700.5,31.43,11,1
1700.64,31.44,11,1
1700.77,31.43,11,1
1700.91,31.46,11,1
1701.04,31.44,11,1
1701.18,31.44,11,1
1701.31,31.45,11,1
1701.45,31.44,11,1
1701.58,31.45,11,1
1701.72,31.45,11,1
1701.85,31.45,11,1
1701.99,31.44,11,1
1702.12,31.45,11,1
1702.26,31.45,11,1
1702.39,31.45,11,1
1702.53,31.46,11,1
1702.66,31.46,11,1
1702.8,31.47,11,1
1702.93,31.46,11,1
1703.07,31.47,11,1
1703.2,31.46,11,1
1703.34,31.47,11,1
1703.47,31.47,11,1
1703.61,31.47,11,1
1703.74,31.46,11,1
1703.88,31.47,11,1
1704.01,31.47,11,1
1704.15,31.47,11,1
1704.28,31.48,11,1
1704.42,31.48,11,1
1704.55,31.47,11,1
1704.69,31.47,11,1
1704.82,31.47,11,1
1704.95,31.47,11,1
1705.09,31.48,11,1
1705.22,31.48,11,1
1705.36,31.49,11,1
1705.5,31.48,11,1
1705.63,31.5,11,1
1705.76,31.49,11,1
1705.9,31.48,11,1
1706.04,31.49,11,1
1706.17,31.49,11,1
1706.3,31.5,11,1
1706.44,31.49,11,1
1706.57,31.5,11,1
1706.71,31.49,11,1
1706.84,31.49,11,1
1706.98,31.5,11,1
1707.11,31.52,11,1
1707.25,31.49,11,1
1707.38,31.49,11,1
1707.52,31.51,11,1
1707.65,31.5,11,1
1707.79,31.51,11,1
1707.92,31.51,11,1
1708.06,31.52,11,1
1708.19,31.51,11,1
1708.33,31.51,11,1
1708.46,31.52,11,1
1708.6,31.51,11,1
1708.73,31.52,11,1
1708.87,31.52,11,1
1709.0,31.52,11,1
1709.14,31.52,11,1
1709.27,31.52,11,1
1709.41,31.52,11,1
1709.54,31.53,11,1
1709.68,31.53,11,1
1709.81,31.53,11,1
1709.95,31.53,11,1
1710.08,31.53,11,1
1710.22,31.55,11,1
1710.35,31.53,11,1
1710.49,31.53,11,1
1710.62,31.53,11,1
1710.76,31.54,11,1
1710.89,31.54,11,1
1711.03,31.54,11,1
1711.16,31.54,11,1
1711.3,31.54,11,1
1711.43,31.54,11,1
1711.56,31.55,11,1
1711.7,31.55,11,1
1711.83,31.55,11,1
1711.97,31.54,11,1
1712.1,31.55,11,1
1712.24,31.56,11,1
1712.37,31.55,11,1
1712.51,31.55,11,1
1712.64,31.54,11,1
1712.78,31.56,11,1
1712.91,31.56,11,1
1713.05,31.55,11,1
1713.18,31.56,11,1
1713.32,31.56,11,1
1713.45,31.56,11,1
1713.59,31.56,11,1
1713.72,31.57,11,1
1713.86,31.57,11,1
1713.99,31.56,11,1
1714.13,31.56,11,1
1714.26,31.56,11,1
1714.4,31.57,11,1
1714.53,31.58,11,1
1714.67,31.56,11,1
1714.8,31.57,11,1
1714.94,31.57,11,1
1715.07,31.56,11,1
1715.21,31.58,11,1
1715.34,31.6,11,1
1715.48,31.58,11,1
1715.61,31.58,11,1
1715.75,31.57,11,1
1715.88,31.58,11,1
1716.02,31.58,11,1
1716.15,31.59,11,1
1716.29,31.59,11,1
1716.42,31.59,11,1
1716.56,31.57,11,1
1716.69,31.6,11,1
1716.83,31.59,11,1
1716.96,31.59,11,1
1717.1,31.6,11,1
1717.23,31.6,11,1
1717.36,31.6,11,1
1717.5,31.6,11,1
1717.64,31.6,11,1
1717.77,31.6,11,1
1717.91,31.6,11,1
1718.04,31.6,11,1
1718.18,31.61,11,1
1718.31,31.62,11,1
1718.44,31.6,11,1
1718.58,31.61,11,1
1718.71,31.61,11,1
1718.85,31.61,11,1
1718.98,31.62,11,1
1719.12,31.61,11,1
1719.25,31.62,11,1
1719.39,31.62,11,1
1719.52,31.62,11,1
1719.66,31.61,11,1
1719.79,31.62,11,1
1719.93,31.62,11,1
1720.06,31.62,11,1
1720.2,31.62,11,1
1720.33,31.63,11,1
1720.47,31.63,11,1
1720.6,31.63,11,1
1720.74,31.61,11,1
1720.87,31.62,11,1
1721.01,31.63,11,1
1721.14,31.63,11,1
1721.28,31.63,11,1
1721.41,31.64,11,1
1721.55,31.65,11,1
1721.68,31.64,11,1
1721.82,31.63,11,1
1721.95,31.64,11,1
1722.09,31.64,11,1
1722.22,31.64,11,1
1722.36,31.64,11,1
1722.49,31.64,11,1
1722.63,31.65,11,1
1722.76,31.65,11,1
1722.9,31.65,11,1
1723.03,31.66,11,1
1723.17,31.65,11,1
1723.3,31.66,11,1
1723.44,31.65,11,1
1723.57,31.66,11,1
1723.71,31.66,11,1
1723.84,31.66,11,1
1723.97,31.66,11,1
1724.11,31.66,11,1
1724.24,31.67,11,1
1724.38,31.66,11,1
1724.52,31.67,11,1
1724.65,31.66,11,1
1724.78,31.66,11,1
1724.92,31.67,11,1
1725.05,31.67,11,1
1725.19,31.66,11,1
1725.32,31.68,11,1
1725.46,31.67,11,1
1725.59,31.67,11,1
1725.73,31.68,11,1
1725.86,31.67,11,1
1726.0,31.67,11,1
1726.13,31.68,11,1
1726.27,31.66,11,1
1726.4,31.68,11,1
1726.54,31.67,11,1
1726.67,31.68,11,1
1726.81,31.67,11,1
1726.94,31.68,11,1
1727.08,31.68,11,1
1727.21,31.69,11,1
1727.35,31.69,11,1
1727.48,31.69,11,1
1727.62,31.69,11,1
1727.75,31.69,11,1
1727.89,31.7,11,1
1728.02,31.69,11,1
1728.16,31.7,11,1
1728.29,31.68,11,1
1728.43,31.7,11,1
1728.56,31.7,11,1
1728.7,31.7,11,1
1728.83,31.7,11,1
1728.97,31.7,11,1
1729.1,31.69,11,1
1729.23,31.69,11,1
1729.37,31.7,11,1
1729.51,31.7,11,1
1729.64,31.7,11,1
1729.78,31.7,11,1
1729.91,31.71,11,1
1730.05,31.71,11,1
1730.18,31.72,11,1
1730.31,31.71,11,1
1730.45,31.72,11,1
1730.58,31.71,11,1
1730.72,31.71,11,1
1730.85,31.71,11,1
1730.99,31.71,11,1
1731.13,31.72,11,1
1731.26,31.71,11,1
1731.39,31.73,11,1
1731.53,31.72,11,1
1731.66,31.74,11,1
1731.8,31.72,11,1
1731.93,31.72,11,1
1732.07,31.72,11,1
1732.2,31.72,11,1
1732.34,31.73,11,1
1732.47,31.73,11,1
1732.61,31.73,11,1
1732.74,31.73,11,1
1732.88,31.74,11,1
1733.01,31.75,11,1
1733.15,31.74,11,1
1733.28,31.73,11,1
1733.42,31.73,11,1
1733.55,31.74,11,1
1733.69,31.74,11,1
1733.82,31.74,11,1
1733.96,31.75,11,1
1734.09,31.75,11,1
1734.23,31.75,11,1
1734.36,31.75,11,1
1734.5,31.74,11,1
1734.63,31.75,11,1
1734.77,31.75,11,1
1734.9,31.76,11,1
1735.04,31.76,11,1
1735.17,31.76,11,1
1735.31,31.76,11,1
1735.44,31.75,11,1
1735.58,31.76,11,1
1735.71,31.76,11,1
1735.84,31.76,11,1
1735.98,31.76,11,1
1736.12,31.76,11,1
1736.25,31.75,11,1
1736.39,31.76,11,1
1736.52,31.76,11,1
1736.66,31.77,11,1
1736.79,31.77,11,1
1736.93,31.77,11,1
1737.06,31.77,11,1
1737.19,31.77,11,1
1737.33,31.77,11,1
1737.46,31.77,11,1
1737.6,31.77,11,1
1737.73,31.78,11,1
1737.87,31.76,11,1
1738.0,31.78,11,1
1738.14,31.78,11,1
1738.27,31.77,11,1
1738.41,31.78,11,1
1738.54,31.77,11,1
1738.68,31.78,11,1
1738.81,31.8,11,1
1738.95,31.79,11,1
1739.08,31.79,11,1
1739.22,31.78,11,1
1739.35,31.79,11,1
1739.49,31.79,11,1
1739.62,31.79,11,1
1739.76,31.79,11,1
1739.89,31.79,11,1
1740.03,31.79,11,1
1740.16,31.78,11,1
1740.3,31.79,11,1
1740.43,31.8,11,1
1740.57,31.8,11,1
1740.7,31.8,11,1
1740.84,31.8,11,1
1740.97,31.8,11,1
1741.11,31.8,11,1
1741.24,31.79,11,1
1741.38,31.8,11,1
1741.51,31.8,11,1
1741.65,31.81,11,1
1741.78,31.82,11,1
1741.92,31.8,11,1
1742.05,31.81,11,1
1742.19,31.8,11,1
1742.32,31.81,11,1
1742.45,31.81,11,1
1742.59,31.81,11,1
1742.73,31.8,11,1
1742.86,31.81,11,1
1743.0,31.82,11,1
1743.13,31.82,11,1
1743.26,31.83,11,1
1743.4,31.82,11,1
1743.54,31.82,11,1
1743.67,31.81,11,1
1743.8,31.82,11,1
1743.94,31.82,11,1
1744.07,31.83,11,1
1744.21,31.83,11,1
1744.34,31.82,11,1
1744.48,31.82,11,1
1744.61,31.82,11,1
1744.75,31.82,11,1
1744.88,31.82,11,1
1745.02,31.82,11,1
1745.15,31.83,11,1
1745.29,31.83,11,1
1745.42,31.84,11,1
1745.56,31.83,11,1
1745.69,31.84,11,1
1745.83,31.82,11,1
1745.96,31.83,11,1
1746.1,31.84,11,1
1746.23,31.83,11,1
1746.37,31.82,11,1
1746.5,31.84,11,1
1746.64,31.83,11,1
1746.77,31.85,11,1
1746.91,31.84,11,1
1747.04,31.85,11,1
1747.18,31.85,11,1
1747.31,31.84,11,1
1747.45,31.84,11,1
1747.58,31.84,11,1
1747.72,31.84,11,1
1747.85,31.84,11,1
1747.99,31.84,11,1
1748.12,31.85,11,1
1748.26,31.84,11,1
1748.39,31.86,11,1
1748.53,31.85,11,1
1748.66,31.85,11,1
1748.8,31.86,11,1
1748.93,31.85,11,1
1749.06,31.86,11,1
1749.2,31.86,11,1
1749.33,31.85,11,1
1749.47,31.86,11,1
1749.6,31.86,11,1
1749.74,31.86,11,1
1749.87,31.88,11,1
1750.01,31.86,11,1
1750.15,31.87,11,1
1750.28,31.86,11,1
1750.41,31.86,11,1
1750.55,31.86,11,1
1750.68,31.85,11,1
1750.82,31.86,11,1
1750.95,31.87,11,1
1751.09,31.87,11,1
1751.22,31.89,11,1
1751.36,31.87,11,1
1751.49,31.87,11,1
1751.63,31.87,11,1
1751.76,31.87,11,1
1751.9,31.85,11,1
1752.03,31.88,11,1
1752.17,31.87,11,1
1752.3,31.88,11,1
1752.44,31.87,11,1
1752.57,31.88,11,1
1752.71,31.89,11,1
1752.84,31.88,11,1
1752.98,31.88,11,1
1753.11,31.88,11,1
1753.25,31.88,11,1
1753.38,31.89,11,1
1753.52,31.89,11,1
1753.65,31.9,11,1
1753.79,31.89,11,1
1753.92,31.88,11,1
1754.06,31.89,11,1
1754.19,31.89,11,1
1754.33,31.9,11,1
1754.46,31.89,11,1
1754.6,31.89,11,1
1754.73,31.9,11,1
1754.87,31.88,11,1
1755.0,31.89,11,1
1755.14,31.9,11,1
1755.27,31.9,11,1
1755.41,31.88,11,1
1755.54,31.9,11,1
1755.68,31.89,11,1
1755.81,31.9,11,1
1755.94,31.91,11,1
1756.08,31.91,11,1
1756.21,31.9,11,1
1756.35,31.9,11,1
1756.48,31.91,11,1
1756.62,31.92,11,1
1756.75,31.9,11,1
1756.89,31.9,11,1
1757.02,31.9,11,1
1757.16,31.9,11,1
1757.29,31.93,11,1
1757.43,31.91,11,1
1757.56,31.9,11,1
1757.7,31.91,11,1
1757.83,31.91,11,1
1757.97,31.91,11,1
1758.1,31.9,11,1
1758.24,31.92,11,1
1758.37,31.92,11,1
1758.51,31.91,11,1
1758.64,31.92,11,1
1758.78,31.91,11,1
1758.91,31.92,11,1
1759.05,31.92,11,1
1759.18,31.91,11,1
1759.32,31.92,11,1
1759.45,31.92,11,1
1759.59,31.92,11,1
1759.72,31.92,11,1
1759.86,31.93,11,1
1759.99,31.93,11,1
1760.13,31.93,11,1
1760.26,31.93,11,1
1760.4,31.92,11,1
1760.53,31.91,11,1
1760.67,31.92,11,1
1760.8,31.94,11,1
1760.94,31.93,11,1
1761.07,31.92,11,1
1761.21,31.92,11,1
1761.34,31.93,11,1
1761.48,31.92,11,1
1761.61,31.93,11,1
1761.75,31.93,11,1
1761.88,31.92,11,1
1762.02,31.94,11,1
1762.15,31.92,11,1
1762.29,31.93,11,1
1762.42,31.93,11,1
1762.55,31.94,11,1
1762.69,31.94,11,1
1762.82,31.94,11,1
1762.96,31.95,11,1
1763.09,31.94,11,1
1763.23,31.95,11,1
1763.36,31.93,11,1
1763.5,31.94,11,1
1763.63,31.94,11,1
1763.77,31.93,11,1
1763.9,31.94,11,1
1764.04,31.95,11,1
1764.17,31.95,11,1
1764.31,31.94,11,1
1764.44,31.95,11,1
1764.58,31.94,11,1
1764.71,31.95,11,1
1764.85,31.95,11,1
1764.98,31.96,11,1
1765.12,31.95,11,1
1765.25,31.96,11,1
1765.39,31.95,11,1
1765.52,31.94,11,1
1765.66,31.95,11,1
1765.79,31.96,11,1
1765.93,31.95,11,1
1766.06,31.97,11,1
1766.2,31.96,11,1
1766.33,31.96,11,1
1766.47,31.96,11,1
1766.6,31.96,11,1
1766.74,31.95,11,1
1766.87,31.96,11,1
1767.01,31.97,11,1
1767.14,31.97,11,1
1767.28,31.96,11,1
1767.41,31.97,11,1
1767.55,31.97,11,1
1767.68,31.96,11,1
1767.82,31.96,11,1
1767.95,31.99,11,1
1768.09,31.95,11,1
1768.22,31.95,11,1
1768.35,31.95,11,1
1768.49,31.96,11,1
1768.63,31.96,11,1
1768.76,31.96,11,1
1768.9,31.96,11,1
1769.03,31.97,11,1
1769.16,31.97,11,1
1769.3,31.97,11,1
1769.44,31.97,11,1
1769.57,31.98,11,1
1769.7,31.98,11,1
1769.84,31.97,11,1
1769.97,31.97,11,1
1770.11,31.98,11,1
1770.24,31.99,11,1
1770.38,31.98,11,1
1770.51,31.98,11,1
1770.65,31.98,11,1
1770.78,31.98,11,1
1770.92,31.98,11,1
1771.05,31.98,11,1
1771.19,32.0,11,1
1771.32,31.99,11,1
1771.46,31.99,11,1
1771.59,31.98,11,1
1771.73,31.98,11,1
1771.86,31.99,11,1
1772.0,31.99,11,1
1772.13,32.0,11,1
1772.27,31.99,11,1
1772.4,32.0,11,1
1772.54,31.99,11,1
1772.67,31.98,11,1
1772.81,31.99,11,1
1772.94,32.0,11,1
1773.08,31.98,11,1
1773.21,31.99,11,1
1773.35,32.0,11,1
1773.48,32.01,11,1
1773.62,32.01,11,1
1773.75,32.0,11,1
1773.89,32.0,11,1
1774.02,32.0,11,1
1774.16,32.01,11,1
1774.29,32.0,11,1
1774.43,32.01,11,1
1774.56,32.0,11,1
1774.7,32.0,11,1
1774.83,32.01,11,1
1774.96,32.0,11,1
1775.1,32.0,11,1
1775.24,32.01,11,1
1775.37,32.0,11,1
1775.51,32.01,11,1
1775.64,32.02,11,1
1775.77,32.01,11,1
1775.91,31.99,11,1
1776.05,32.0,11,1
1776.18,31.99,11,1
1776.31,32.02,11,1
1776.45,32.01,11,1
1776.58,32.01,11,1
1776.72,32.01,11,1
1776.85,32.01,11,1
1776.99,32.01,11,1
1777.12,32.01,11,1
1777.26,32.02,11,1
1777.39,32.02,11,1
1777.53,32.01,11,1
1777.66,32.01,11,1
1777.8,32.02,11,1
1777.93,32.02,11,1
1778.07,32.03,11,1
1778.2,32.02,11,1
1778.34,32.04,11,1
1778.47,32.03,11,1
1778.61,32.02,11,1
1778.74,32.02,11,1
1778.88,32.02,11,1
1779.01,32.02,11,1
1779.15,32.02,11,1
1779.28,32.01,11,1
1779.42,32.02,11,1
1779.55,32.03,11,1
1779.69,32.03,11,1
1779.82,32.02,11,1
1779.96,32.02,11,1
1780.09,32.03,11,1
1780.23,32.04,11,1
1780.36,32.03,11,1
1780.5,32.03,11,1
1780.63,32.03,11,1
1780.77,32.02,11,1
1780.9,32.03,11,1
1781.04,32.04,11,1
1781.17,32.04,11,1
1781.31,32.04,11,1
1781.44,32.04,11,1
1781.57,32.04,11,1
1781.71,32.06,11,1
1781.85,32.04,11,1
1781.98,32.04,11,1
1782.11,32.04,11,1
1782.25,32.04,11,1
1782.39,32.04,11,1
1782.52,32.07,11,1
1782.65,32.04,11,1
1782.79,32.05,11,1
1782.93,32.06,11,1
1783.06,32.04,11,1
1783.19,32.04,11,1
1783.33,32.05,11,1
1783.46,32.05,11,1
1783.6,32.02,11,1
1783.73,32.04,11,1
1783.87,32.05,11,1
1784.0,32.04,11,1
1784.14,32.05,11,1
1784.27,32.05,11,1
1784.41,32.05,11,1
1784.54,32.06,11,1
1784.68,32.05,11,1
1784.81,32.07,11,1
1784.95,32.06,11,1
1785.08,32.05,11,1
1785.22,32.06,11,1
1785.35,32.06,11,1
1785.49,32.05,11,1
1785.62,32.06,11,1
1785.76,32.07,11,1
1785.89,32.05,11,1
1786.03,32.07,11,1
1786.16,32.07,11,1
1786.3,32.06,11,1
1786.43,32.06,11,1
1786.57,32.06,11,1
1786.7,32.07,11,1
1786.84,32.06,11,1
1786.97,32.08,11,1
1787.11,32.05,11,1
1787.24,32.07,11,1
1787.38,32.06,11,1
1787.51,32.05,11,1
1787.65,32.07,11,1
1787.78,32.07,11,1
1787.92,32.07,11,1
1788.05,32.07,11,1
1788.19,32.07,11,1
1788.32,32.07,11,1
1788.45,32.07,11,1
1788.59,32.07,11,1
1788.72,32.08,11,1
1788.86,32.08,11,1
1789.0,32.08,11,1
1789.13,32.08,11,1
1789.26,32.08,11,1
1789.4,32.07,11,1
1789.54,32.07,11,1
1789.67,32.07,11,1
1789.8,32.08,11,1
1789.94,32.08,11,1
1790.07,32.08,11,1
1790.21,32.08,11,1
1790.34,32.08,11,1
1790.48,32.08,11,1
1790.61,32.07,11,1
1790.75,32.08,11,1
1790.88,32.08,11,1
1791.02,32.09,11,1
1791.15,32.07,11,1
1791.29,32.09,11,1
1791.42,32.09,11,1
1791.56,32.1,11,1
1791.69,32.09,11,1
1791.83,32.07,11,1
1791.96,32.09,11,1
1792.1,32.08,11,1
1792.23,32.09,11,1
1792.37,32.09,11,1
1792.5,32.08,11,1
1792.64,32.1,11,1
1792.77,32.09,11,1
1792.91,32.11,11,1
1793.04,32.11,11,1
1793.18,32.09,11,1
1793.31,32.1,11,1
1793.45,32.09,11,1
1793.58,32.1,11,1
1793.72,32.09,11,1
1793.85,32.1,11,1
1793.99,32.11,11,1
1794.12,32.11,11,1
1794.26,32.11,11,1
1794.39,32.12,11,1
1794.53,32.11,11,1
1794.66,32.11,11,1
1794.8,32.11,11,1
1794.93,32.1,11,1
1795.06,32.11,11,1
1795.2,32.11,11,1
1795.33,32.11,11,1
1795.47,32.1,11,1
1795.6,32.11,11,1
1795.74,32.11,11,1
1795.87,32.11,11,1
1796.01,32.11,11,1
1796.15,32.11,11,1
1796.28,32.11,11,1
1796.41,32.11,11,1
1796.55,32.11,11,1
1796.68,32.12,11,1
1796.82,32.12,11,1
1796.95,32.12,11,1
1797.09,32.13,11,1
1797.22,32.12,11,1
1797.36,32.12,11,1
1797.49,32.11,11,1
1797.63,32.12,11,1
1797.76,32.13,11,1
1797.9,32.12,11,1
1798.03,32.12,11,1
1798.17,32.14,11,1
1798.3,32.12,11,1
1798.44,32.12,11,1
1798.57,32.11,11,1
1798.71,32.12,11,1
1798.84,32.12,11,1
1798.98,32.13,11,1
1799.11,32.13,11,1
1799.25,32.11,11,1
1799.38,32.13,11,1
1799.52,32.11,11,1
1799.65,32.13,11,1
1799.79,32.12,11,1
1799.92,32.13,11,1
1800.06,32.13,11,1
1800.19,32.14,11,1
1800.33,32.13,11,1
1800.46,32.14,11,1
1800.6,32.14,11,1
1800.73,32.13,11,1
1800.86,32.13,11,1
1801.0,32.13,11,1
1801.14,32.13,11,1
1801.27,32.16,11,1
1801.41,32.13,11,1
1801.54,32.14,11,1
1801.68,32.12,11,1
1801.81,32.13,11,1
1801.94,32.15,11,1
1802.08,32.13,11,1
1802.21,32.13,11,1
1802.35,32.14,11,1
1802.48,32.13,11,1
1802.62,32.15,11,1
1802.76,32.14,11,1
1802.89,32.14,11,1
1803.02,32.14,11,1
1803.16,32.14,11,1
1803.29,32.14,11,1
1803.43,32.13,11,1
1803.56,32.14,11,1
1803.7,32.15,11,1
1803.83,32.13,11,1
1803.97,32.14,11,1
1804.1,32.14,11,1
1804.24,32.15,11,1
1804.37,32.14,11,1
1804.51,32.14,11,1
1804.64,32.13,11,1
1804.78,32.14,11,1
1804.91,32.16,11,1
1805.05,32.13,11,1
1805.18,32.14,11,1
1805.32,32.15,11,1
1805.45,32.14,11,1
1805.59,32.14,11,1
1805.72,32.15,11,1
1805.86,32.15,11,1
1805.99,32.15,11,1
1806.13,32.14,11,1
1806.26,32.13,11,1
1806.4,32.15,11,1
1806.53,32.14,11,1
1806.67,32.15,11,1
1806.8,32.15,11,1
1806.94,32.16,11,1
1807.07,32.15,11,1
1807.21,32.16,11,1
1807.34,32.16,11,1
1807.47,32.15,11,1
1807.61,32.16,11,1
1807.75,32.15,11,1
1807.88,32.16,11,1
1808.02,32.16,11,1
1808.15,32.16,11,1
1808.29,32.15,11,1
1808.42,32.16,11,1
1808.56,32.16,11,1
1808.69,32.16,11,1
1808.82,32.17,11,1
1808.96,32.16,11,1
1809.09,32.18,11,1
1809.23,32.18,11,1
1809.36,32.16,11,1
1809.5,32.16,11,1
1809.63,32.17,11,1
1809.77,32.16,11,1
1809.9,32.16,11,1
1810.04,32.17,11,1
1810.17,32.18,11,1
1810.31,32.17,11,1
1810.44,32.17,11,1
1810.58,32.18,11,1
1810.71,32.17,11,1
1810.85,32.16,11,1
1810.98,32.17,11,1
1811.12,32.17,11,1
1811.25,32.17,11,1
1811.39,32.17,11,1
1811.52,32.18,11,1
1811.66,32.18,11,1
1811.79,32.17,11,1
1811.93,32.18,11,1
1812.06,32.17,11,1
1812.2,32.17,11,1
1812.33,32.17,11,1
1812.47,32.17,11,1
1812.6,32.17,11,1
1812.74,32.17,11,1
1812.87,32.16,11,1
1813.01,32.18,11,1
1813.14,32.18,11,1
1813.28,32.19,11,1
1813.41,32.18,11,1
1813.55,32.18,11,1
1813.68,32.17,11,1
1813.82,32.17,11,1
1813.95,32.16,11,1
1814.08,32.18,11,1
1814.22,32.19,11,1
1814.35,32.18,11,1
1814.49,32.18,11,1
1814.63,32.18,11,1
1814.76,32.19,11,1
1814.89,32.18,11,1
1815.03,32.18,11,1
1815.16,32.19,11,1
1815.3,32.2,11,1
1815.43,32.17,11,1
1815.57,32.19,11,1
1815.7,32.19,11,1
1815.84,32.18,11,1
1815.97,32.2,11,1
1816.11,32.19,11,1
1816.24,32.2,11,1
1816.38,32.19,11,1
1816.51,32.18,11,1
1816.65,32.18,11,1
1816.78,32.19,11,1
1816.92,32.19,11,1
1817.05,32.19,11,1
1817.19,32.18,11,1
1817.32,32.18,11,1
1817.46,32.18,11,1
1817.59,32.19,11,1
1817.73,32.19,11,1
1817.86,32.18,11,1
1818.0,32.18,11,1
1818.13,32.19,11,1
1818.27,32.18,11,1
1818.4,32.19,11,1
1818.54,32.19,11,1
1818.67,32.2,11,1
1818.81,32.2,11,1
1818.94,32.2,11,1
1819.08,32.19,23,1
1819.22,32.2,23,1
1819.35,32.17,23,1
1819.49,32.19,23,1
1819.62,32.19,23,1
1819.76,32.2,23,1
1819.89,32.2,23,1
1820.03,32.21,23,1
1820.16,32.22,23,1
1820.3,32.23,23,1
1820.43,32.22,23,1
1820.57,32.24,23,1
1820.7,32.26,23,1
1820.84,32.27,23,1
1820.97,32.28,23,1
1821.11,32.3,23,1
1821.24,32.32,23,1
1821.38,32.31,23,1
1821.51,32.33,23,1
1821.65,32.35,23,1
1821.78,32.37,23,1
1821.92,32.37,23,1
1822.05,32.4,23,1
1822.19,32.4,23,1
1822.32,32.43,23,1
1822.46,32.45,23,1
1822.59,32.46,23,1
1822.73,32.47,23,1
1822.86,32.48,23,1
1823.0,32.5,23,1
1823.13,32.52,23,1
1823.27,32.54,23,1
1823.4,32.55,23,1
1823.54,32.56,23,1
1823.67,32.59,23,1
1823.81,32.61,23,1
1823.94,32.62,23,1
1824.07,32.63,23,1
1824.21,32.64,23,1
1824.34,32.65,23,1
1824.48,32.67,23,1
1824.61,32.7,23,1
1824.75,32.71,23,1
1824.88,32.73,23,1
1825.02,32.75,23,1
1825.16,32.76,23,1
1825.29,32.77,23,1
1825.42,32.79,23,1
1825.56,32.8,23,1
1825.69,32.81,23,1
1825.83,32.83,23,1
1825.96,32.84,23,1
1826.1,32.85,23,1
1826.23,32.87,23,1
1826.37,32.9,23,1
1826.5,32.9,23,1
1826.64,32.92,23,1
1826.77,32.94,23,1
1826.91,32.95,23,1
1827.04,32.96,23,1
1827.18,32.97,23,1
1827.31,32.97,23,1
1827.45,32.99,23,1
1827.58,33.01,23,1
1827.72,33.01,23,1
1827.85,33.03,23,1
1827.99,33.04,23,1
1828.12,33.06,23,1
1828.26,33.07,23,1
1828.39,33.07,23,1
1828.53,33.09,23,1
1828.66,33.11,23,1
1828.8,33.12,23,1
1828.93,33.14,23,1
1829.07,33.13,23,1
1829.2,33.16,23,1
1829.34,33.16,23,1
1829.47,33.18,23,1
1829.61,33.19,23,1
1829.74,33.19,23,1
1829.88,33.21,23,1
1830.01,33.21,23,1
1830.15,33.23,23,1
1830.28,33.25,23,1
1830.42,33.26,23,1
1830.55,33.26,23,1
1830.69,33.29,23,1
1830.82,33.3,23,1
1830.95,33.3,23,1
1831.09,33.31,23,1
1831.22,33.33,23,1
1831.36,33.35,23,1
1831.49,33.35,23,1
1831.63,33.36,23,1
1831.76,33.37,23,1
1831.9,33.39,23,1
1832.03,33.39,23,1
1832.17,33.39,23,1
1832.3,33.42,23,1
1832.44,33.42,23,1
1832.57,33.44,23,1
1832.71,33.44,23,1
1832.84,33.45,23,1
1832.98,33.47,23,1
1833.11,33.48,23,1
1833.25,33.49,23,1
1833.38,33.49,23,1
1833.52,33.51,23,1
1833.65,33.52,23,1
1833.79,33.52,23,1
1833.92,33.53,23,1
1834.06,33.55,23,1
1834.19,33.56,23,1
1834.33,33.58,23,1
1834.46,33.56,23,1
1834.6,33.59,23,1
1834.73,33.6,23,1
1834.87,33.61,23,1
1835.0,33.6,23,1
1835.14,33.62,23,1
1835.27,33.63,23,1
1835.41,33.64,23,1
1835.54,33.64,23,1
1835.68,33.67,23,1
1835.81,33.66,23,1
1835.95,33.68,23,1
1836.08,33.7,23,1
1836.22,33.7,23,1
1836.35,33.7,23,1
1836.49,33.71,23,1
1836.62,33.73,23,1
1836.76,33.74,23,1
1836.89,33.75,23,1
1837.03,33.75,23,1
1837.16,33.77,23,1
1837.3,33.77,23,1
1837.43,33.78,23,1
1837.56,33.8,23,1
1837.7,33.81,23,1
1837.83,33.8,23,1
1837.97,33.83,23,1
1838.1,33.83,23,1
1838.24,33.84,23,1
1838.37,33.85,23,1
1838.51,33.86,23,1
1838.64,33.87,23,1
1838.78,33.89,23,1
1838.91,33.89,23,1
1839.05,33.89,23,1
1839.18,33.91,23,1
1839.32,33.91,23,1
1839.45,33.92,23,1
1839.59,33.93,23,1
1839.72,33.94,23,1
1839.86,33.94,23,1
1839.99,33.96,23,1
1840.13,33.96,23,1
1840.26,33.97,23,1
1840.4,33.99,23,1
1840.53,33.98,23,1
1840.67,34.0,23,1
1840.8,34.0,23,1
1840.94,34.03,23,1
1841.07,34.03,23,1
1841.21,34.04,23,1
1841.34,34.04,23,1
1841.48,34.05,23,1
1841.61,34.07,23,1
1841.75,34.08,23,1
1841.88,34.08,23,1
1842.02,34.09,23,1
1842.15,34.09,23,1
1842.29,34.1,23,1
1842.42,34.12,23,1
1842.56,34.11,23,1
1842.69,34.13,23,1
1842.83,34.12,23,1
1842.96,34.14,23,1
1843.09,34.16,23,1
1843.23,34.18,23,1
1843.36,34.16,23,1
1843.5,34.17,23,1
1843.64,34.19,23,1
1843.77,34.2,23,1
1843.91,34.2,23,1
1844.04,34.2,23,1
1844.17,34.22,23,1
1844.31,34.23,23,1
1844.44,34.23,23,1
1844.58,34.24,23,1
1844.71,34.25,23,1
1844.85,34.26,23,1
1844.98,34.28,23,1
1845.12,34.27,23,1
1845.25,34.29,23,1
1845.39,34.28,23,1
1845.52,34.3,23,1
1845.66,34.31,23,1
1845.79,34.32,23,1
1845.93,34.34,23,1
1846.06,34.33,23,1
1846.2,34.34,23,1
1846.33,34.36,23,1
1846.47,34.35,23,1
1846.6,34.37,23,1
1846.74,34.37,23,1
1846.87,34.38,23,1
1847.01,34.39,23,1
1847.14,34.39,23,1
1847.28,34.38,23,1
1847.41,34.42,23,1
1847.55,34.44,23,1
1847.68,34.49,23,1
1847.82,34.49,23,1
1847.95,34.41,23,1
1848.09,34.42,23,1
1848.22,34.45,23,1
1848.36,34.46,23,1
1848.49,34.46,23,1
1848.63,34.47,23,1
1848.76,34.48,23,1
1848.9,34.49,23,1
1849.03,34.51,23,1
1849.17,34.52,23,1
1849.3,34.53,23,1
1849.44,34.54,23,1
1849.57,34.55,23,1
1849.7,34.55,23,1
1849.84,34.56,23,1
1849.97,34.57,23,1
1850.11,34.59,23,1
1850.25,34.59,23,1
1850.38,34.6,23,1
1850.52,34.61,23,1
1850.65,34.62,23,1
1850.78,34.63,23,1
1850.92,34.63,23,1
1851.06,34.65,23,1
1851.19,34.65,23,1
1851.32,34.66,23,1
1851.46,34.67,23,1
1851.59,34.68,23,1
1851.73,34.68,23,1
1851.86,34.69,23,1
1852.0,34.69,23,1
1852.13,34.7,23,1
1852.27,34.72,23,1
1852.4,34.71,23,1
1852.54,34.72,23,1
1852.67,34.71,23,1
1852.81,34.72,23,1
1852.94,34.72,23,1
1853.08,34.73,23,1
1853.21,34.74,23,1
1853.35,34.74,23,1
1853.48,34.75,23,1
1853.62,34.75,23,1
1853.75,34.77,23,1
1853.89,34.76,23,1
1854.02,34.77,23,1
1854.16,34.78,23,1
1854.29,34.79,23,1
1854.43,34.79,23,1
1854.56,34.8,23,1
1854.7,34.81,23,1
1854.83,34.84,23,1
1854.97,34.86,23,1
1855.1,34.88,23,1
1855.24,34.88,23,1
1855.37,34.89,23,1
1855.51,34.89,23,1
1855.64,34.9,23,1
1855.78,34.93,23,1
1855.91,34.91,23,1
1856.05,34.93,23,1
1856.18,34.93,23,1
1856.31,34.94,23,1
1856.45,34.94,23,1
1856.58,34.96,23,1
1856.72,34.96,23,1
1856.85,34.97,23,1
1856.99,34.98,23,1
1857.13,34.99,23,1
1857.26,35.0,23,1
1857.39,35.0,23,1
1857.53,35.0,23,1
1857.67,35.01,23,1
1857.8,35.01,23,1
1857.93,35.02,23,1
1858.07,35.03,23,1
1858.2,35.02,23,1
1858.34,35.03,23,1
1858.47,35.04,23,1
1858.61,35.03,23,1
1858.74,35.04,23,1
1858.88,35.03,23,1
1859.01,35.05,23,1
1859.15,35.06,23,1
1859.28,35.08,23,1
1859.42,35.09,23,1
1859.55,35.09,23,1
1859.69,35.1,23,1
1859.82,35.11,23,1
1859.96,35.11,23,1
1860.09,35.11,23,1
1860.23,35.13,23,1
1860.36,35.14,23,1
1860.5,35.16,23,1
1860.63,35.15,23,1
1860.77,35.17,23,1
1860.9,35.16,23,1
1861.04,35.18,23,1
1861.17,35.18,23,1
1861.31,35.19,23,1
1861.44,35.21,23,1
1861.58,35.2,23,1
1861.71,35.22,23,1
1861.85,35.22,23,1
1861.98,35.23,23,1
1862.12,35.23,23,1
1862.25,35.24,23,1
1862.39,35.25,23,1
1862.52,35.26,23,1
1862.66,35.25,23,1
1862.79,35.26,23,1
1862.93,35.26,23,1
1863.06,35.28,23,1
1863.19,35.28,23,1
1863.33,35.29,23,1
1863.46,35.29,23,1
1863.6,35.3,23,1
1863.73,35.31,23,1
1863.87,35.31,23,1
1864.01,35.31,23,1
1864.14,35.32,23,1
1864.27,35.32,23,1
1864.41,35.33,23,1
1864.55,35.33,23,1
1864.68,35.35,23,1
1864.81,35.35,23,1
1864.95,35.35,23,1
1865.08,35.37,23,1
1865.22,35.37,23,1
1865.35,35.37,23,1
1865.49,35.39,23,1
1865.62,35.39,23,1
1865.76,35.39,23,1
1865.89,35.39,23,1
1866.03,35.4,23,1
1866.16,35.41,23,1
1866.3,35.42,23,1
1866.43,35.43,23,1
1866.57,35.44,23,1
1866.7,35.45,23,1
1866.84,35.44,23,1
1866.97,35.45,23,1
1867.11,35.47,23,1
1867.24,35.47,23,1
1867.38,35.47,23,1
1867.51,35.48,23,1
1867.65,35.48,23,1
1867.78,35.48,23,1
1867.92,35.49,23,1
1868.05,35.51,23,1
1868.19,35.51,23,1
1868.32,35.51,23,1
1868.46,35.52,23,1
1868.59,35.53,23,1
1868.73,35.53,23,1
1868.86,35.54,23,1
1869.0,35.55,23,1
1869.13,35.55,23,1
1869.27,35.55,23,1
1869.4,35.54,23,1
1869.54,35.57,23,1
1869.67,35.57,23,1
1869.81,35.58,23,1
1869.94,35.58,23,1
1870.07,35.6,23,1
1870.21,35.6,23,1
1870.35,35.6,23,1
1870.48,35.6,23,1
1870.61,35.61,23,1
1870.75,35.62,23,1
1870.89,35.62,23,1
1871.02,35.63,23,1
1871.16,35.64,23,1
1871.29,35.65,23,1
1871.43,35.65,23,1
1871.56,35.65,23,1
1871.69,35.66,23,1
1871.83,35.67,23,1
1871.96,35.68,23,1
1872.1,35.68,23,1
1872.23,35.68,23,1
1872.37,35.7,23,1
1872.5,35.69,23,1
1872.64,35.69,23,1
1872.77,35.7,23,1
1872.91,35.71,23,1
1873.04,35.73,23,1
1873.18,35.72,23,1
1873.31,35.73,23,1
1873.45,35.74,23,1
1873.58,35.73,23,1
1873.72,35.74,23,1
1873.85,35.75,23,1
1873.99,35.76,23,1
1874.12,35.75,23,1
1874.26,35.77,23,1
1874.39,35.77,23,1
1874.53,35.76,23,1
1874.66,35.79,23,1
1874.8,35.79,23,1
1874.93,35.79,23,1
1875.07,35.8,23,1
1875.2,35.81,23,1
1875.34,35.8,23,1
1875.47,35.83,23,1
1875.61,35.83,23,1
1875.74,35.83,23,1
1875.88,35.83,23,1
1876.01,35.84,23,1
1876.15,35.84,23,1
1876.28,35.83,23,1
1876.42,35.85,23,1
1876.55,35.86,23,1
1876.69,35.86,23,1
1876.82,35.87,23,1
1876.96,35.87,23,1
1877.09,35.89,23,1
1877.23,35.88,23,1
1877.36,35.89,23,1
1877.5,35.89,23,1
1877.63,35.9,23,1
1877.77,35.92,23,1
1877.9,35.92,23,1
1878.04,35.91,23,1
1878.17,35.92,23,1
1878.31,35.92,23,1
1878.44,35.93,23,1
1878.58,35.94,23,1
1878.71,35.95,23,1
1878.84,35.95,23,1
1878.98,35.96,23,1
1879.11,35.96,23,1
1879.25,35.97,23,1
1879.39,35.98,23,1
1879.52,35.97,23,1
1879.65,35.98,23,1
1879.79,35.99,23,1
1879.92,35.98,23,1
1880.06,35.99,23,1
1880.19,36.0,23,1
1880.33,36.01,23,1
1880.46,36.01,23,1
1880.6,36.01,23,1
1880.73,36.01,23,1
1880.87,36.03,23,1
1881.0,36.03,23,1
1881.14,36.04,23,1
1881.27,36.03,23,1
1881.41,36.05,23,1
1881.54,36.05,23,1
1881.68,36.05,23,1
1881.81,36.04,23,1
1881.95,36.06,23,1
1882.08,36.07,23,1
1882.22,36.07,23,1
1882.35,36.07,23,1
1882.49,36.09,23,1
1882.62,36.1,23,1
1882.76,36.09,23,1
1882.89,36.09,23,1
1883.03,36.09,23,1
1883.16,36.11,23,1
1883.3,36.1,23,1
1883.43,36.11,23,1
1883.57,36.12,23,1
1883.7,36.13,23,1
1883.84,36.13,23,1
1883.97,36.13,23,1
1884.1,36.13,23,1
1884.24,36.15,23,1
1884.38,36.16,23,1
1884.51,36.16,23,1
1884.65,36.15,23,1
1884.78,36.16,23,1
1884.92,36.17,23,1
1885.05,36.17,23,1
1885.19,36.18,23,1
1885.32,36.18,23,1
1885.45,36.2,23,1
1885.59,36.19,23,1
1885.72,36.2,23,1
1885.86,36.2,23,1
1886.0,36.2,23,1
1886.13,36.21,23,1
1886.26,36.21,23,1
1886.4,36.22,23,1
1886.53,36.23,23,1
1886.67,36.23,23,1
1886.8,36.24,23,1
1886.94,36.24,23,1
1887.07,36.25,23,1
1887.21,36.25,23,1
1887.34,36.25,23,1
1887.48,36.26,23,1
1887.61,36.27,23,1
1887.75,36.26,23,1
1887.88,36.27,23,1
1888.02,36.28,23,1
1888.15,36.28,23,1
1888.29,36.28,23,1
1888.42,36.28,23,1
1888.56,36.29,23,1
1888.69,36.3,23,1
1888.83,36.29,23,1
1888.96,36.3,23,1
1889.1,36.31,23,1
1889.23,36.32,23,1
1889.37,36.31,23,1
1889.5,36.33,23,1
1889.64,36.33,23,1
1889.77,36.33,23,1
1889.91,36.33,23,1
1890.04,36.34,23,1
1890.18,36.34,23,1
1890.31,36.35,23,1
1890.45,36.34,23,1
1890.58,36.36,23,1
1890.71,36.37,23,1
1890.85,36.36,23,1
1890.98,36.38,23,1
1891.12,36.37,23,1
1891.26,36.38,23,1
1891.39,36.4,23,1
1891.53,36.39,23,1
1891.66,36.38,23,1
1891.79,36.39,23,1
1891.93,36.4,23,1
1892.06,36.41,23,1
1892.2,36.41,23,1
1892.33,36.42,23,1
1892.47,36.42,23,1
1892.6,36.42,23,1
1892.74,36.42,23,1
1892.87,36.43,23,1
1893.01,36.43,23,1
1893.14,36.45,23,1
1893.28,36.45,23,1
1893.41,36.45,23,1
1893.55,36.46,23,1
1893.68,36.45,23,1
1893.82,36.47,23,1
1893.95,36.47,23,1
1894.09,36.46,23,1
1894.22,36.47,23,1
1894.36,36.48,23,1
1894.49,36.49,23,1
1894.63,36.48,23,1
1894.76,36.49,23,1
1894.9,36.51,23,1
1895.03,36.49,23,1
1895.17,36.5,23,1
1895.3,36.5,23,1
1895.44,36.51,23,1
1895.57,36.51,23,1
1895.71,36.53,23,1
1895.84,36.52,23,1
1895.98,36.53,23,1
1896.11,36.53,23,1
1896.25,36.54,23,1
1896.38,36.53,23,1
1896.52,36.53,23,1
1896.65,36.55,23,1
1896.79,36.55,23,1
1896.92,36.56,23,1
1897.06,36.56,23,1
1897.19,36.57,23,1
1897.32,36.57,23,1
1897.46,36.57,23,1
1897.59,36.57,23,1
1897.73,36.58,23,1
1897.86,36.58,23,1
1898.0,36.59,23,1
1898.14,36.61,23,1
1898.27,36.6,23,1
1898.4,36.6,23,1
1898.54,36.61,23,1
1898.68,36.62,23,1
1898.81,36.62,23,1
1898.94,36.62,23,1
1899.08,36.62,23,1
1899.21,36.63,23,1
1899.35,36.63,23,1
1899.48,36.64,23,1
1899.62,36.63,23,1
1899.75,36.63,23,1
1899.89,36.64,23,1
1900.02,36.65,23,1
1900.16,36.66,23,1
1900.29,36.67,23,1
1900.43,36.67,23,1
1900.56,36.67,23,1
1900.7,36.67,23,1
1900.83,36.67,23,1
1900.97,36.68,23,1
1901.1,36.68,23,1
1901.24,36.69,23,1
1901.37,36.69,23,1
1901.51,36.69,23,1
1901.64,36.7,23,1
1901.78,36.71,23,1
1901.91,36.7,23,1
1902.05,36.7,23,1
1902.18,36.72,23,1
1902.32,36.71,23,1
1902.45,36.72,23,1
1902.59,36.72,23,1
1902.72,36.73,23,1
1902.86,36.73,23,1
1902.99,36.72,23,1
1903.13,36.74,23,1
1903.26,36.73,23,1
1903.4,36.75,23,1
1903.53,36.75,23,1
1903.67,36.75,23,1
1903.8,36.76,23,1
1903.94,36.77,23,1
1904.07,36.76,23,1
1904.2,36.76,23,1
1904.34,36.77,23,1
1904.48,36.77,23,1
1904.61,36.78,23,1
1904.75,36.79,23,1
1904.88,36.78,23,1
1905.01,36.79,23,1
1905.15,36.79,23,1
1905.29,36.78,23,1
1905.42,36.8,23,1
1905.55,36.81,23,1
1905.69,36.8,23,1
1905.82,36.82,23,1
1905.96,36.82,23,1
1906.09,36.82,23,1
1906.23,36.82,23,1
1906.36,36.82,23,1
1906.5,36.82,23,1
1906.63,36.83,23,1
1906.77,36.84,23,1
1906.9,36.84,23,1
1907.04,36.84,23,1
1907.17,36.83,23,1
1907.31,36.85,23,1
1907.44,36.85,23,1
1907.58,36.86,23,1
1907.71,36.86,23,1
1907.85,36.85,23,1
1907.98,36.85,23,1
1908.12,36.87,23,1
1908.25,36.86,23,1
1908.39,36.88,23,1
1908.52,36.88,23,1
1908.66,36.88,23,1
1908.79,36.89,23,1
1908.93,36.89,23,1
1909.06,36.89,23,1
1909.2,36.88,23,1
1909.33,36.9,23,1
1909.47,36.9,23,1
1909.6,36.91,23,1
1909.74,36.9,23,1
1909.87,36.91,23,1
1910.01,36.91,23,1
1910.14,36.91,23,1
1910.28,36.92,23,1
1910.41,36.92,23,1
1910.55,36.93,23,1
1910.68,36.93,23,1
1910.81,36.93,23,1
1910.95,36.94,23,1
1911.09,36.94,23,1
1911.22,36.95,23,1
1911.35,36.94,23,1
1911.49,36.95,23,1
1911.62,36.95,23,1
1911.76,36.97,23,1
1911.9,36.95,23,1
1912.03,36.97,23,1
1912.16,36.97,23,1
1912.3,36.97,23,1
1912.43,36.98,23,1
1912.57,36.97,23,1
1912.7,36.97,23,1
1912.84,36.98,23,1
1912.97,36.99,23,1
1913.11,36.98,23,1
1913.24,36.99,23,1
1913.38,37.01,23,1
1913.51,37.0,23,1
1913.65,37.0,23,1
1913.78,36.99,23,1
1913.92,37.01,23,1
1914.05,37.0,23,1
1914.19,37.02,23,1
1914.32,37.02,23,1
1914.46,37.02,23,1
1914.59,37.02,23,1
1914.73,37.02,23,1
1914.86,37.03,23,1
1915.0,37.03,23,1
1915.13,37.03,23,1
1915.27,37.04,23,1
1915.4,37.05,23,1
1915.54,37.05,23,1
1915.67,37.04,23,1
1915.81,37.05,23,1
1915.94,37.05,23,1
1916.08,37.05,23,1
1916.21,37.06,23,1
1916.35,37.06,23,1
1916.48,37.07,23,1
1916.62,37.07,23,1
1916.75,37.07,23,1
1916.89,37.08,23,1
1917.02,37.07,23,1
1917.16,37.08,23,1
1917.29,37.08,23,1
1917.43,37.08,23,1
1917.56,37.09,23,1
1917.69,37.09,23,1
1917.83,37.09,23,1
1917.96,37.1,23,1
1918.1,37.11,23,1
1918.23,37.09,23,1
1918.37,37.11,23,1
1918.5,37.12,23,1
1918.64,37.11,23,1
1918.77,37.13,23,1
1918.91,37.13,23,1
1919.04,37.13,23,1
1919.18,37.13,23,1
1919.31,37.13,23,1
1919.45,37.13,23,1
1919.58,37.14,23,1
1919.72,37.13,23,1
1919.85,37.14,23,1
1919.99,37.15,23,1
1920.12,37.14,23,1
1920.26,37.16,23,1
1920.39,37.16,23,1
1920.53,37.16,23,1
1920.66,37.16,23,1
1920.8,37.15,23,1
1920.93,37.15,23,1
1921.07,37.17,23,1
1921.2,37.18,23,1
1921.34,37.18,23,1
1921.47,37.18,23,1
1921.61,37.18,23,1
1921.74,37.18,23,1
1921.88,37.17,23,1
1922.01,37.19,23,1
1922.15,37.19,23,1
1922.28,37.2,23,1
1922.42,37.2,23,1
1922.55,37.21,23,1
1922.69,37.19,23,1
1922.82,37.21,23,1
1922.96,37.2,23,1
1923.09,37.22,23,1
1923.23,37.22,23,1
1923.36,37.22,23,1
1923.5,37.21,23,1
1923.63,37.23,23,1
1923.77,37.22,23,1
1923.9,37.22,23,1
1924.04,37.24,23,1
1924.17,37.24,23,1
1924.31,37.23,23,1
1924.44,37.25,23,1
1924.57,37.24,23,1
1924.71,37.25,23,1
1924.84,37.25,23,1
1924.98,37.27,23,1
1925.11,37.26,23,1
1925.25,37.25,23,1
1925.39,37.27,23,1
1925.52,37.28,23,1
1925.65,37.25,23,1
1925.79,37.27,23,1
1925.92,37.27,23,1
1926.06,37.27,23,1
1926.19,37.29,23,1
1926.33,37.27,23,1
1926.46,37.29,23,1
1926.6,37.29,23,1
1926.73,37.28,23,1
1926.87,37.29,23,1
1927.0,37.3,23,1
1927.14,37.31,23,1
1927.27,37.31,23,1
1927.41,37.31,23,1
1927.54,37.31,23,1
1927.68,37.31,23,1
1927.81,37.32,23,1
1927.95,37.32,23,1
1928.08,37.32,23,1
1928.22,37.32,23,1
1928.35,37.33,23,1
1928.49,37.34,23,1
1928.62,37.33,23,1
1928.76,37.34,23,1
1928.89,37.34,23,1
1929.03,37.34,23,1
1929.16,37.34,23,1
1929.3,37.32,23,1
1929.43,37.35,23,1
1929.57,37.36,23,1
1929.7,37.35,23,1
1929.84,37.37,23,1
1929.97,37.36,23,1
1930.11,37.36,23,1
1930.24,37.37,23,1
1930.38,37.36,23,1
1930.51,37.37,23,1
1930.65,37.37,23,1
1930.78,37.39,23,1
1930.92,37.37,23,1
1931.05,37.39,23,1
1931.19,37.39,23,1
1931.32,37.4,23,1
1931.45,37.4,23,1
1931.59,37.39,23,1
1931.72,37.39,23,1
1931.86,37.4,23,1
1932.0,37.4,23,1
1932.13,37.4,23,1
1932.27,37.41,23,1
1932.4,37.42,23,1
1932.53,37.42,23,1
1932.67,37.42,23,1
1932.81,37.42,23,1
1932.94,37.42,23,1
1933.07,37.43,23,1
1933.21,37.42,23,1
1933.34,37.43,23,1
1933.48,37.44,23,1
1933.61,37.44,23,1
1933.75,37.44,23,1
1933.88,37.44,23,1
1934.02,37.45,23,1
1934.15,37.45,23,1
1934.29,37.45,23,1
1934.42,37.45,23,1
1934.56,37.46,23,1
1934.69,37.46,23,1
1934.83,37.46,23,1
1934.96,37.46,23,1
1935.1,37.46,23,1
1935.23,37.46,23,1
1935.37,37.47,23,1
1935.5,37.47,23,1
1935.64,37.48,23,1
1935.77,37.48,23,1
1935.91,37.48,23,1
1936.04,37.48,23,1
1936.18,37.48,23,1
1936.31,37.49,23,1
1936.45,37.5,23,1
1936.58,37.49,23,1
1936.72,37.5,23,1
1936.85,37.5,23,1
1936.99,37.49,23,1
1937.12,37.5,23,1
1937.26,37.51,23,1
1937.39,37.5,23,1
1937.53,37.51,23,1
1937.66,37.51,23,1
1937.8,37.52,23,1
1937.93,37.52,23,1
1938.06,37.52,23,1
1938.2,37.52,23,1
1938.33,37.52,23,1
1938.47,37.54,23,1
1938.6,37.53,23,1
1938.74,37.53,23,1
1938.88,37.53,23,1
1939.01,37.54,23,1
1939.14,37.54,23,1
1939.28,37.54,23,1
1939.42,37.54,23,1
1939.55,37.52,23,1
1939.68,37.53,23,1
1939.82,37.53,23,1
1939.95,37.54,23,1
1940.09,37.53,23,1
1940.22,37.54,23,1
1940.36,37.54,23,1
1940.49,37.55,23,1
1940.63,37.55,23,1
1940.76,37.56,23,1
1940.9,37.56,23,1
1941.03,37.56,23,1
1941.17,37.56,23,1
1941.3,37.56,23,1
1941.44,37.58,23,1
1941.57,37.58,23,1
1941.71,37.58,23,1
1941.84,37.57,23,1
1941.98,37.58,23,1
1942.11,37.59,23,1
1942.25,37.59,23,1
1942.38,37.59,23,1
1942.52,37.59,23,1
1942.65,37.59,23,1
1942.79,37.6,23,1
1942.92,37.59,23,1
1943.06,37.6,23,1
1943.19,37.61,23,1
1943.33,37.61,23,1
1943.46,37.61,23,1
1943.6,37.61,23,1
1943.73,37.61,23,1
1943.87,37.64,23,1
1944.0,37.62,23,1
1944.14,37.64,23,1
1944.27,37.62,23,1
1944.41,37.63,23,1
1944.54,37.62,23,1
1944.68,37.64,23,1
1944.81,37.62,23,1
1944.94,37.63,23,1
1945.08,37.63,23,1
1945.22,37.64,23,1
1945.35,37.63,23,1
1945.48,37.64,23,1
1945.62,37.64,23,1
1945.76,37.63,23,1
1945.89,37.64,23,1
1946.02,37.65,23,1
1946.16,37.66,23,1
1946.3,37.65,23,1
1946.43,37.65,23,1
1946.56,37.65,23,1
1946.7,37.66,23,1
1946.83,37.67,23,1
1946.97,37.67,23,1
1947.1,37.66,23,1
1947.24,37.68,23,1
1947.37,37.67,23,1
1947.51,37.67,23,1
1947.64,37.67,23,1
1947.78,37.68,23,1
1947.91,37.69,23,1
1948.05,37.68,23,1
1948.18,37.69,23,1
1948.32,37.69,23,1
1948.45,37.69,23,1
1948.59,37.69,23,1
1948.72,37.69,23,1
1948.86,37.7,23,1
1948.99,37.7,23,1
1949.13,37.7,23,1
1949.26,37.7,23,1
1949.4,37.7,23,1
1949.53,37.7,23,1
1949.67,37.71,23,1
1949.8,37.7,23,1
1949.94,37.72,23,1
1950.07,37.7,23,1
1950.21,37.71,23,1
1950.34,37.72,23,1
1950.48,37.72,23,1
1950.61,37.73,23,1
1950.75,37.72,23,1
1950.88,37.72,23,1
1951.02,37.74,23,1
1951.15,37.73,23,1
1951.29,37.74,23,1
1951.42,37.74,23,1
1951.56,37.74,23,1
1951.69,37.75,23,1
1951.82,37.75,23,1
1951.96,37.75,23,1
1952.1,37.75,23,1
1952.23,37.75,23,1
1952.36,37.76,23,1
1952.5,37.76,23,1
1952.64,37.76,23,1
1952.77,37.76,23,1
1952.91,37.76,23,1
1953.04,37.76,23,1
1953.18,37.78,23,1
1953.31,37.76,23,1
1953.44,37.79,23,1
1953.58,37.77,23,1
1953.71,37.77,23,1
1953.85,37.77,23,1
1953.98,37.78,23,1
1954.12,37.8,23,1
1954.25,37.79,23,1
1954.39,37.79,23,1
1954.52,37.8,23,1
1954.66,37.8,23,1
1954.79,37.8,23,1
1954.93,37.79,23,1
1955.06,37.8,23,1
1955.2,37.81,23,1
1955.33,37.8,23,1
1955.47,37.8,23,1
1955.6,37.8,23,1
1955.74,37.81,23,1
1955.87,37.81,23,1
1956.01,37.82,23,1
1956.14,37.8,23,1
1956.28,37.79,23,1
1956.41,37.77,23,1
1956.55,37.79,23,1
1956.68,37.81,23,1
1956.82,37.81,23,1
1956.95,37.82,23,1
1957.09,37.83,23,1
1957.22,37.82,23,1
1957.36,37.83,23,1
1957.49,37.82,23,1
1957.63,37.83,23,1
1957.76,37.83,23,1
1957.9,37.84,23,1
1958.03,37.84,23,1
1958.17,37.84,23,1
1958.3,37.84,23,1
1958.44,37.85,23,1
1958.57,37.86,23,1
1958.71,37.85,23,1
1958.84,37.86,23,1
1958.97,37.86,23,1
1959.11,37.86,23,1
1959.25,37.88,23,1
1959.38,37.87,23,1
1959.52,37.87,23,1
1959.65,37.89,23,1
1959.79,37.89,23,1
1959.92,37.94,23,1
1960.05,37.95,23,1
1960.19,37.94,23,1
1960.32,37.95,23,1
1960.46,37.94,23,1
1960.59,37.95,23,1
1960.73,37.96,23,1
1960.86,37.93,23,1
1961.0,37.94,23,1
1961.13,37.95,23,1
1961.27,37.93,23,1
1961.4,37.92,23,1
1961.54,37.93,23,1
1961.67,37.99,23,1
1961.81,38.0,23,1
1961.94,38.02,23,1
1962.08,37.97,23,1
1962.21,37.96,23,1
1962.35,37.97,23,1
1962.48,37.95,23,1
1962.62,37.99,23,1
1962.75,38.0,23,1
1962.89,38.01,23,1
1963.02,38.0,23,1
1963.16,38.02,23,1
1963.29,37.98,23,1
1963.43,38.05,23,1
1963.56,38.09,23,1
1963.7,38.05,23,1
1963.83,38.0,23,1
1963.97,38.0,23,1
1964.1,37.99,23,1
1964.24,38.0,23,1
1964.37,38.01,23,1
1964.51,38.03,23,1
1964.64,38.05,23,1
1964.78,38.07,23,1
1964.91,38.02,23,1
1965.05,38.02,23,1
1965.18,38.03,23,1
1965.32,38.07,23,1
1965.45,38.09,23,1
1965.59,38.03,23,1
1965.72,38.04,23,1
1965.85,38.08,23,1
1965.99,38.07,23,1
1966.13,38.07,23,1
1966.26,38.05,23,1
1966.4,38.03,23,1
1966.53,38.07,23,1
1966.67,38.06,23,1
1966.8,38.08,23,1
1966.94,38.08,23,1
1967.07,38.12,23,1
1967.2,38.11,23,1
1967.34,38.13,23,1
1967.47,38.07,23,1
1967.61,38.07,23,1
1967.75,38.06,23,1
1967.88,38.06,23,1
1968.01,38.08,23,1
1968.15,38.09,23,1
1968.28,38.14,23,1
1968.42,38.12,23,1
1968.55,38.11,23,1
1968.69,38.07,23,1
1968.82,38.08,23,1
1968.96,38.09,23,1
1969.09,38.1,23,1
1969.23,38.11,23,1
1969.36,38.1,23,1
1969.5,38.11,23,1
1969.63,38.11,23,1
1969.77,38.12,23,1
1969.9,38.11,23,1
1970.04,38.09,23,1
1970.17,38.1,23,1
1970.31,38.09,23,1
1970.44,38.1,23,1
1970.58,38.09,23,1
1970.71,38.09,23,1
1970.85,38.09,23,1
1970.98,38.09,23,1
1971.12,38.1,23,1
1971.25,38.1,23,1
1971.39,38.1,23,1
1971.52,38.09,23,1
1971.66,38.1,23,1
1971.79,38.1,23,1
1971.93,38.11,23,1
1972.06,38.1,23,1
1972.2,38.1,23,1
1972.33,38.11,23,1
1972.47,38.1,23,1
1972.6,38.11,23,1
1972.74,38.11,23,1
1972.87,38.11,23,1
1973.01,38.12,23,1
1973.14,38.11,23,1
1973.28,38.12,23,1
1973.41,38.13,23,1
1973.55,38.12,23,1
1973.68,38.14,23,1
1973.81,38.14,23,1
1973.95,38.11,23,1
1974.08,38.14,23,1
1974.22,38.12,23,1
1974.35,38.13,23,1
1974.49,38.15,23,1
1974.63,38.13,23,1
1974.76,38.13,23,1
1974.89,38.14,23,1
1975.03,38.15,23,1
1975.16,38.15,23,1
1975.3,38.15,23,1
1975.43,38.15,23,1
1975.57,38.15,23,1
1975.7,38.15,23,1
1975.84,38.15,23,1
1975.97,38.15,23,1
1976.11,38.15,23,1
1976.24,38.16,23,1
1976.38,38.15,23,1
1976.51,38.16,23,1
1976.65,38.15,23,1
1976.78,38.17,23,1
1976.92,38.17,23,1
1977.05,38.16,23,1
1977.19,38.17,23,1
1977.32,38.17,23,1
1977.46,38.18,23,1
1977.59,38.19,23,1
1977.73,38.17,23,1
1977.86,38.18,23,1
1978.0,38.17,23,1
1978.13,38.19,23,1
1978.27,38.18,23,1
1978.4,38.19,23,1
1978.54,38.19,23,1
1978.67,38.17,23,1
1978.81,38.16,23,1
1978.94,38.15,23,1
1979.08,38.18,23,1
1979.21,38.19,23,1
1979.35,38.2,23,1
1979.48,38.2,23,1
1979.62,38.16,23,1
1979.75,38.17,23,1
1979.89,38.16,23,1
1980.02,38.18,23,1
1980.16,38.16,23,1
1980.29,38.18,23,1
1980.43,38.17,23,1
1980.56,38.17,23,1
1980.69,38.17,23,1
1980.83,38.17,23,1
1980.96,38.17,23,1
1981.1,38.17,23,1
1981.23,38.18,23,1
1981.37,38.18,23,1
1981.51,38.18,23,1
1981.64,38.2,23,1
1981.77,38.2,23,1
1981.91,38.19,23,1
1982.05,38.18,23,1
1982.18,38.17,23,1
1982.31,38.18,23,1
1982.45,38.19,23,1
1982.58,38.19,23,1
1982.72,38.2,23,1
1982.85,38.19,23,1
1982.99,38.2,23,1
1983.12,38.19,23,1
1983.26,38.19,23,1
1983.39,38.21,23,1
1983.53,38.21,23,1
1983.66,38.19,23,1
1983.8,38.22,23,1
1983.93,38.22,23,1
1984.07,38.23,23,1
1984.2,38.22,23,1
1984.34,38.24,23,1
1984.47,38.24,23,1
1984.61,38.23,23,1
1984.74,38.24,23,1
1984.88,38.24,23,1
1985.01,38.23,23,1
1985.15,38.24,23,1
1985.28,38.24,23,1
1985.42,38.25,23,1
1985.55,38.23,23,1
1985.69,38.24,23,1
1985.82,38.25,23,1
1985.96,38.25,23,1
1986.09,38.24,23,1
1986.23,38.25,23,1
1986.36,38.24,23,1
1986.5,38.25,23,1
1986.63,38.26,23,1
1986.77,38.28,23,1
1986.9,38.28,23,1
1987.04,38.26,23,1
1987.17,38.25,23,1
1987.31,38.25,23,1
1987.44,38.29,23,1
1987.57,38.29,23,1
1987.71,38.29,23,1
1987.85,38.32,23,1
1987.98,38.26,23,1
1988.11,38.25,23,1
1988.25,38.25,23,1
1988.39,38.25,23,1
1988.52,38.27,23,1
1988.66,38.23,23,1
1988.79,38.25,23,1
1988.93,38.25,23,1
1989.06,38.28,23,1
1989.19,38.27,23,1
1989.33,38.28,23,1
1989.46,38.29,23,1
1989.6,38.26,23,1
1989.73,38.26,23,1
1989.87,38.28,23,1
1990.0,38.31,23,1
1990.14,38.31,23,1
1990.27,38.3,23,1
1990.41,38.29,23,1
1990.54,38.28,23,1
1990.68,38.28,23,1
1990.81,38.26,23,1
1990.95,38.27,23,1
1991.08,38.28,23,1
1991.22,38.29,23,1
1991.35,38.29,23,1
1991.49,38.29,23,1
1991.62,38.31,23,1
1991.76,38.3,23,1
1991.89,38.29,23,1
1992.03,38.3,23,1
1992.16,38.3,23,1
1992.3,38.3,23,1
1992.43,38.3,23,1
1992.57,38.31,23,1
1992.7,38.3,23,1
1992.84,38.31,23,1
1992.97,38.3,23,1
1993.11,38.3,23,1
1993.24,38.3,23,1
1993.38,38.31,23,1
1993.51,38.31,23,1
1993.65,38.31,23,1
1993.78,38.32,23,1
1993.92,38.33,23,1
1994.05,38.32,23,1
1994.19,38.32,23,1
1994.32,38.33,23,1
1994.46,38.32,23,1
1994.59,38.33,23,1
1994.73,38.31,23,1
1994.86,38.33,23,1
1995.0,38.34,23,1
1995.13,38.34,23,1
1995.27,38.34,23,1
1995.4,38.32,23,1
1995.54,38.34,23,1
1995.67,38.33,23,1
1995.81,38.33,23,1
1995.94,38.32,23,1
1996.08,38.33,23,1
1996.21,38.34,23,1
1996.34,38.35,23,1
1996.48,38.34,23,1
1996.61,38.35,23,1
1996.75,38.34,23,1
1996.88,38.35,23,1
1997.02,38.35,23,1
1997.15,38.34,23,1
1997.29,38.35,23,1
1997.42,38.36,23,1
1997.56,38.35,23,1
1997.69,38.35,23,1
1997.83,38.35,23,1
1997.96,38.35,23,1
1998.1,38.35,23,1
1998.23,38.35,23,1
1998.37,38.35,23,1
1998.5,38.35,23,1
1998.64,38.36,23,1
1998.77,38.37,23,1
1998.91,38.37,23,1
1999.04,38.36,23,1
1999.18,38.37,23,1
1999.31,38.37,23,1
1999.45,38.37,23,1
1999.58,38.36,23,1
1999.72,38.37,23,1
1999.85,38.38,23,1
1999.99,38.38,23,1
2000.12,38.37,23,1
2000.26,38.37,23,1
2000.39,38.37,23,1
2000.53,38.37,23,1
2000.66,38.37,23,1
2000.8,38.38,23,1
2000.93,38.38,23,1
2001.07,38.39,23,1
2001.2,38.38,23,1
2001.34,38.37,23,1
2001.47,38.37,23,1
2001.61,38.38,23,1
2001.74,38.38,23,1
2001.88,38.39,23,1
2002.01,38.39,23,1
2002.15,38.39,23,1
2002.28,38.39,23,1
2002.42,38.4,23,1
2002.55,38.41,23,1
2002.69,38.41,23,1
2002.82,38.4,23,1
2002.95,38.4,23,1
2003.09,38.4,23,1
2003.22,38.41,23,1
2003.36,38.41,23,1
2003.49,38.4,23,1
2003.63,38.4,23,1
2003.77,38.41,23,1
2003.9,38.42,23,1
2004.03,38.42,23,1
2004.17,38.41,23,1
2004.3,38.43,23,1
2004.44,38.42,23,1
2004.57,38.43,23,1
2004.71,38.43,23,1
2004.84,38.41,23,1
2004.98,38.41,23,1
2005.11,38.42,23,1
2005.25,38.43,23,1
2005.38,38.43,23,1
2005.52,38.41,23,1
2005.65,38.43,23,1
2005.79,38.42,23,1
2005.92,38.42,23,1
2006.06,38.43,23,1
2006.19,38.44,23,1
2006.33,38.42,23,1
2006.46,38.44,23,1
2006.6,38.45,23,1
2006.73,38.45,23,1
2006.87,38.44,23,1
2007.0,38.44,23,1
2007.14,38.44,23,1
2007.27,38.45,23,1
2007.41,38.43,23,1
2007.54,38.44,23,1
2007.68,38.45,23,1
2007.81,38.45,23,1
2007.95,38.44,23,1
2008.08,38.45,23,1
2008.22,38.45,23,1
2008.35,38.44,23,1
2008.49,38.45,23,1
2008.62,38.45,23,1
2008.76,38.45,23,1
2008.89,38.47,23,1
2009.03,38.45,23,1
2009.16,38.45,23,1
2009.3,38.45,23,1
2009.43,38.46,23,1
2009.57,38.47,23,1
2009.7,38.45,23,1
2009.83,38.46,23,1
2009.97,38.45,23,1
2010.1,38.45,23,1
2010.24,38.46,23,1
2010.38,38.47,23,1
2010.51,38.47,23,1
2010.65,38.46,23,1
2010.78,38.48,23,1
2010.91,38.47,23,1
2011.05,38.47,23,1
2011.19,38.47,23,1
2011.32,38.46,23,1
2011.45,38.48,23,1
2011.59,38.47,23,1
2011.72,38.47,23,1
2011.86,38.48,23,1
2011.99,38.48,23,1
2012.13,38.48,23,1
2012.26,38.48,23,1
2012.4,38.48,23,1
2012.53,38.48,23,1
2012.67,38.48,23,1
2012.8,38.48,23,1
2012.94,38.48,23,1
2013.07,38.48,23,1
2013.21,38.49,23,1
2013.34,38.5,23,1
2013.48,38.48,23,1
2013.61,38.48,23,1
2013.75,38.49,23,1
2013.88,38.5,23,1
2014.02,38.49,23,1
2014.15,38.5,23,1
2014.29,38.49,23,1
2014.42,38.5,23,1
2014.56,38.5,23,1
2014.69,38.47,23,1
2014.83,38.5,23,1
2014.96,38.5,23,1
2015.1,38.5,23,1
2015.23,38.5,23,1
2015.37,38.52,23,1
2015.5,38.51,23,1
2015.64,38.51,23,1
2015.77,38.51,23,1
2015.91,38.52,23,1
2016.04,38.51,23,1
2016.18,38.51,23,1
2016.31,38.51,23,1
2016.44,38.52,23,1
2016.58,38.53,23,1
2016.71,38.52,23,1
2016.85,38.52,23,1
2016.98,38.52,23,1
2017.12,38.53,23,1
2017.26,38.52,23,1
2017.39,38.52,23,1
2017.52,38.53,23,1
2017.66,38.53,23,1
2017.8,38.53,23,1
2017.93,38.53,23,1
2018.06,38.53,23,1
2018.2,38.52,23,1
2018.33,38.52,23,1
2018.47,38.53,23,1
2018.6,38.53,23,1
2018.74,38.52,23,1
2018.87,38.53,23,1
2019.01,38.54,23,1
2019.14,38.54,23,1
2019.28,38.55,23,1
2019.41,38.53,23,1
2019.55,38.53,23,1
2019.68,38.54,23,1
2019.82,38.54,23,1
2019.95,38.54,23,1
2020.09,38.56,23,1
2020.22,38.54,23,1
2020.36,38.55,23,1
2020.49,38.55,23,1
2020.63,38.54,23,1
2020.76,38.55,23,1
2020.9,38.55,23,1
2021.03,38.54,23,1
2021.17,38.55,23,1
2021.3,38.54,23,1
2021.44,38.55,23,1
2021.57,38.55,23,1
2021.71,38.56,23,1
2021.84,38.55,23,1
2021.98,38.56,23,1
2022.11,38.56,23,1
2022.25,38.56,23,1
2022.38,38.56,23,1
2022.52,38.56,23,1
2022.65,38.56,23,1
2022.79,38.56,23,1
2022.92,38.56,23,1
2023.06,38.57,23,1
2023.19,38.57,23,1
2023.33,38.58,23,1
2023.46,38.56,23,1
2023.6,38.57,23,1
2023.73,38.57,23,1
2023.87,38.57,23,1
2024.0,38.57,23,1
2024.14,38.57,23,1
2024.27,38.56,23,1
2024.41,38.58,23,1
2024.54,38.57,23,1
2024.68,38.57,23,1
2024.81,38.58,23,1
2024.94,38.57,23,1
2025.08,38.57,23,1
2025.21,38.58,23,1
2025.35,38.58,23,1
2025.48,38.58,23,1
2025.62,38.58,23,1
2025.75,38.58,23,1
2025.89,38.56,23,1
2026.02,38.57,23,1
2026.16,38.57,23,1
2026.29,38.58,23,1
2026.43,38.57,23,1
2026.56,38.57,23,1
2026.7,38.57,23,1
2026.83,38.57,23,1
2026.97,38.59,23,1
2027.1,38.57,23,1
2027.24,38.57,23,1
2027.37,38.58,23,1
2027.51,38.57,23,1
2027.64,38.58,23,1
2027.78,38.57,23,1
2027.91,38.59,23,1
2028.05,38.58,23,1
2028.18,38.58,23,1
2028.32,38.58,23,1
2028.45,38.59,23,1
2028.59,38.57,23,1
2028.72,38.6,23,1
2028.86,38.59,23,1
2028.99,38.58,23,1
2029.13,38.59,23,1
2029.26,38.59,23,1
2029.4,38.59,23,1
2029.53,38.58,23,1
2029.67,38.58,23,1
2029.8,38.58,23,1
2029.94,38.58,23,1
2030.07,38.58,23,1
2030.21,38.59,23,1
2030.34,38.59,23,1
2030.48,38.6,23,1
2030.61,38.59,23,1
2030.75,38.58,23,1
2030.88,38.59,23,1
2031.02,38.59,23,1
2031.15,38.6,23,1
2031.29,38.6,23,1
2031.42,38.61,23,1
2031.56,38.6,23,1
2031.69,38.6,23,1
2031.82,38.6,23,1
2031.96,38.61,23,1
2032.09,38.62,23,1
2032.23,38.61,23,1
2032.36,38.62,23,1
2032.5,38.62,23,1
2032.63,38.62,23,1
2032.77,38.6,23,1
2032.91,38.61,23,1
2033.04,38.62,23,1
2033.17,38.61,23,1
2033.31,38.61,23,1
2033.44,38.61,23,1
2033.58,38.6,23,1
2033.71,38.6,23,1
2033.85,38.61,23,1
2033.98,38.6,23,1
2034.12,38.61,23,1
2034.25,38.61,23,1
2034.39,38.61,23,1
2034.52,38.6,23,1
2034.66,38.61,23,1
2034.79,38.6,23,1
2034.93,38.61,23,1
2035.06,38.6,23,1
2035.2,38.6,23,1
2035.33,38.62,23,1
2035.47,38.62,23,1
2035.6,38.62,23,1
2035.74,38.61,23,1
2035.87,38.62,23,1
2036.01,38.62,23,1
2036.14,38.61,23,1
2036.28,38.62,23,1
2036.41,38.61,23,1
2036.55,38.62,23,1
2036.68,38.63,23,1
2036.82,38.62,23,1
2036.95,38.62,23,1
2037.09,38.63,23,1
2037.22,38.62,23,1
2037.36,38.64,23,1
2037.49,38.63,23,1
2037.63,38.63,23,1
2037.76,38.63,23,1
2037.9,38.64,23,1
2038.03,38.64,23,1
2038.17,38.64,23,1
2038.3,38.64,23,1
2038.44,38.65,23,1
2038.57,38.63,23,1
2038.71,38.63,23,1
2038.84,38.64,23,1
2038.97,38.65,23,1
2039.11,38.66,23,1
2039.25,38.67,23,1
2039.38,38.64,23,1
2039.52,38.65,23,1
2039.65,38.66,23,1
2039.79,38.66,23,1
2039.92,38.66,23,1
2040.05,38.67,23,1
2040.19,38.66,23,1
2040.32,38.7,23,1
2040.46,38.68,23,1
2040.59,38.65,23,1
2040.73,38.66,23,1
2040.86,38.65,23,1
2041.0,38.65,23,1
2041.13,38.66,23,1
2041.27,38.66,23,1
2041.4,38.66,23,1
2041.54,38.65,23,1
2041.67,38.66,23,1
2041.81,38.66,23,1
2041.94,38.65,23,1
2042.08,38.66,23,1
2042.21,38.66,23,1
2042.35,38.66,23,1
2042.48,38.65,23,1
2042.62,38.65,23,1
2042.75,38.44,23,1
2042.89,38.43,23,1
2043.02,38.46,23,1
2043.16,38.47,23,1
2043.29,38.48,23,1
2043.43,38.51,23,1
2043.56,38.46,23,1
2043.7,38.44,23,1
2043.83,38.46,23,1
2043.97,38.48,23,1
2044.1,38.46,23,1
2044.24,38.48,23,1
2044.37,38.48,23,1
2044.51,38.49,23,1
2044.64,38.48,23,1
2044.78,38.5,23,1
2044.91,38.49,23,1
2045.05,38.49,23,1
2045.18,38.49,23,1
2045.32,38.49,23,1
2045.45,38.51,23,1
2045.59,38.51,23,1
2045.72,38.5,23,1
2045.85,38.51,23,1
2045.99,38.51,23,1
2046.13,38.51,23,1
2046.26,38.51,23,1
2046.4,38.51,23,1
2046.53,38.53,23,1
2046.67,38.54,23,1
2046.8,38.54,23,1
2046.94,38.5,23,1
2047.07,38.51,23,1
2047.2,38.52,23,1
2047.34,38.5,23,1
2047.47,38.5,23,1
2047.61,38.49,23,1
2047.75,38.49,23,1
2047.88,38.5,23,1
2048.01,38.49,23,1
2048.15,38.49,23,1
2048.28,38.49,23,1
2048.42,38.48,23,1
2048.55,38.51,23,1
2048.69,38.5,23,1
2048.82,38.49,23,1
2048.96,38.5,23,1
2049.09,38.5,23,1
2049.23,38.5,23,1
2049.36,38.5,23,1
2049.5,38.5,23,1
2049.63,38.51,23,1
2049.77,38.5,23,1
2049.9,38.52,23,1
2050.04,38.52,23,1
2050.17,38.5,23,1
2050.31,38.51,23,1
2050.44,38.5,23,1
2050.58,38.52,23,1
2050.71,38.51,23,1
2050.85,38.51,23,1
2050.98,38.51,23,1
2051.12,38.5,23,1
2051.25,38.52,23,1
2051.39,38.52,23,1
2051.52,38.51,23,1
2051.66,38.51,23,1
2051.79,38.51,23,1
2051.93,38.51,23,1
2052.06,38.52,23,1
2052.2,38.51,23,1
2052.33,38.51,23,1
2052.47,38.49,23,1
2052.6,38.51,23,1
2052.74,38.53,23,1
2052.87,38.52,23,1
2053.01,38.52,23,1
2053.14,38.52,23,1
2053.28,38.52,23,1
2053.41,38.52,23,1
2053.54,38.52,23,1
2053.68,38.53,23,1
2053.82,38.52,23,1
2053.95,38.53,23,1
2054.08,38.51,23,1
2054.22,38.51,23,1
2054.35,38.52,23,1
2054.49,38.51,23,1
2054.62,38.52,23,1
2054.76,38.53,23,1
2054.89,38.51,23,1
2055.03,38.51,23,1
2055.16,38.51,23,1
2055.3,38.5,23,1
2055.43,38.52,23,1
2055.57,38.52,23,1
2055.7,38.51,23,1
2055.84,38.51,23,1
2055.97,38.5,23,1
2056.11,38.51,23,1
2056.24,38.51,23,1
2056.38,38.5,23,1
2056.51,38.51,23,1
2056.65,38.51,23,1
2056.78,38.51,23,1
2056.92,38.51,23,1
2057.05,38.5,23,1
2057.19,38.5,23,1
2057.32,38.49,23,1
2057.46,38.5,23,1
2057.59,38.5,23,1
2057.73,38.51,23,1
2057.86,38.51,23,1
2058.0,38.5,23,1
2058.13,38.51,23,1
2058.27,38.5,23,1
2058.4,38.5,23,1
2058.54,38.52,23,1
2058.67,38.51,23,1
2058.81,38.52,23,1
2058.94,38.51,23,1
2059.08,38.51,23,1
2059.21,38.51,23,1
2059.35,38.52,23,1
2059.48,38.51,23,1
2059.62,38.5,23,1
2059.75,38.51,23,1
2059.89,38.49,23,1
2060.02,38.49,23,1
2060.15,38.51,23,1
2060.29,38.51,23,1
2060.43,38.51,23,1
2060.56,38.51,23,1
2060.69,38.52,23,1
2060.83,38.52,23,1
2060.96,38.53,23,1
2061.1,38.51,23,1
2061.23,38.52,23,1
2061.37,38.51,23,1
2061.5,38.52,23,1
2061.64,38.51,23,1
2061.77,38.52,23,1
2061.91,38.51,23,1
2062.04,38.51,23,1
2062.18,38.5,23,1
2062.31,38.51,23,1
2062.45,38.51,23,1
2062.58,38.52,23,1
2062.72,38.52,23,1
2062.85,38.51,23,1
2062.99,38.52,23,1
2063.12,38.52,23,1
2063.26,38.52,23,1
2063.39,38.52,23,1
2063.53,38.51,23,1
2063.66,38.52,23,1
2063.8,38.51,23,1
2063.93,38.51,23,1
2064.07,38.52,23,1
2064.2,38.52,23,1
2064.34,38.52,23,1
2064.47,38.52,23,1
2064.61,38.53,23,1
2064.74,38.53,23,1
2064.88,38.53,23,1
2065.01,38.52,23,1
2065.15,38.51,23,1
2065.28,38.53,23,1
2065.42,38.53,23,1
2065.55,38.54,23,1
2065.69,38.54,23,1
2065.82,38.53,23,1
2065.96,38.54,23,1
2066.09,38.53,23,1
2066.23,38.53,23,1
2066.36,38.54,23,1
2066.5,38.53,23,1
2066.63,38.53,23,1
2066.77,38.53,23,1
2066.9,38.54,23,1
2067.04,38.54,23,1
2067.17,38.54,23,1
2067.31,38.53,23,1
2067.44,38.54,23,1
2067.57,38.53,23,1
2067.71,38.55,23,1
2067.85,38.54,23,1
2067.98,38.54,23,1
2068.11,38.54,23,1
2068.25,38.55,23,1
2068.38,38.54,23,1
2068.52,38.55,23,1
2068.65,38.54,23,1
2068.79,38.54,23,1
2068.92,38.55,23,1
2069.06,38.55,23,1
2069.19,38.55,23,1
2069.33,38.56,23,1
2069.46,38.55,23,1
2069.6,38.54,23,1
2069.73,38.55,23,1
2069.87,38.54,23,1
2070.0,38.55,23,1
2070.14,38.56,23,1
2070.27,38.56,23,1
2070.41,38.56,23,1
2070.54,38.56,23,1
2070.68,38.55,23,1
2070.81,38.56,23,1
2070.95,38.56,23,1
2071.08,38.55,23,1
2071.22,38.55,23,1
2071.35,38.57,23,1
2071.49,38.56,23,1
2071.62,38.55,23,1
2071.76,38.56,23,1
2071.89,38.55,23,1
2072.03,38.57,23,1
2072.16,38.56,23,1
2072.3,38.56,23,1
2072.43,38.57,23,1
2072.57,38.57,23,1
2072.7,38.57,23,1
2072.84,38.55,23,1
2072.97,38.57,23,1
2073.11,38.57,23,1
2073.24,38.56,23,1
2073.38,38.55,23,1
2073.51,38.56,23,1
2073.65,38.56,23,1
2073.78,38.57,23,1
2073.92,38.57,23,1
2074.05,38.57,23,1
2074.19,38.58,23,1
2074.32,38.57,23,1
2074.46,38.57,23,1
2074.59,38.57,23,1
2074.73,38.57,23,1
2074.86,38.58,23,1
2075.0,38.58,23,1
2075.13,38.58,23,1
2075.27,38.57,23,1
2075.4,38.59,23,1
2075.53,38.57,23,1
2075.67,38.57,23,1
2075.8,38.58,23,1
2075.94,38.57,23,1
2076.07,38.57,23,1
2076.21,38.57,23,1
2076.34,38.58,23,1
2076.48,38.57,23,1
2076.61,38.57,23,1
2076.75,38.58,23,1
2076.88,38.57,23,1
2077.02,38.58,23,1
2077.15,38.57,23,1
2077.29,38.57,23,1
2077.42,38.57,23,1
2077.56,38.57,23,1
2077.69,38.58,23,1
2077.83,38.57,23,1
2077.96,38.58,23,1
2078.1,38.58,23,1
2078.23,38.58,23,1
2078.37,38.58,23,1
2078.5,38.58,23,1
2078.64,38.59,23,1
2078.77,38.58,23,1
2078.91,38.59,23,1
2079.04,38.58,23,1
2079.18,38.57,23,1
2079.31,38.59,23,1
2079.45,38.58,23,1
2079.58,38.59,23,1
2079.72,38.59,23,1
2079.85,38.59,23,1
2079.99,38.58,23,1
2080.12,38.6,23,1
2080.26,38.57,23,1
2080.39,38.58,23,1
2080.53,38.58,23,1
2080.66,38.58,23,1
2080.8,38.58,23,1
2080.93,38.59,23,1
2081.06,38.58,23,1
2081.2,38.59,23,1
2081.34,38.58,23,1
2081.47,38.59,23,1
2081.6,38.59,23,1
2081.74,38.58,23,1
2081.87,38.59,23,1
2082.01,38.6,23,1
2082.14,38.59,23,1
2082.28,38.59,23,1
2082.41,38.59,23,1
2082.55,38.58,23,1
2082.68,38.58,23,1
2082.82,38.6,23,1
2082.95,38.59,23,1
2083.09,38.59,23,1
2083.22,38.59,23,1
2083.36,38.6,23,1
2083.49,38.6,23,1
2083.63,38.59,23,1
2083.76,38.59,23,1
2083.9,38.6,23,1
2084.03,38.6,23,1
2084.17,38.59,23,1
2084.3,38.6,23,1
2084.44,38.61,23,1
2084.57,38.6,23,1
2084.71,38.59,23,1
2084.84,38.6,23,1
2084.98,38.62,23,1
2085.11,38.62,23,1
2085.25,38.61,23,1
2085.38,38.62,23,1
2085.52,38.62,23,1
2085.65,38.63,23,1
2085.79,38.63,23,1
2085.92,38.63,23,1
2086.06,38.63,23,1
2086.19,38.64,23,1
2086.33,38.64,23,1
2086.46,38.63,23,1
2086.6,38.63,23,1
2086.73,38.63,23,1
2086.87,38.64,23,1
2087.0,38.64,23,1
2087.14,38.62,23,1
2087.27,38.63,23,1
2087.41,38.64,23,1
2087.54,38.63,23,1
2087.68,38.62,23,1
2087.81,38.63,23,1
2087.95,38.62,23,1
2088.08,38.64,23,1
2088.22,38.65,23,1
2088.35,38.64,23,1
2088.48,38.63,23,1
2088.62,38.64,23,1
2088.76,38.65,23,1
2088.89,38.63,23,1
2089.02,38.64,23,1
2089.16,38.64,23,1
2089.29,38.64,23,1
2089.43,38.63,23,1
2089.56,38.63,23,1
2089.7,38.63,23,1
2089.83,38.65,23,1
2089.97,38.64,23,1
2090.1,38.64,23,1
2090.24,38.64,23,1
2090.37,38.64,23,1
2090.51,38.64,23,1
2090.64,38.64,23,1
2090.78,38.63,23,1
2090.91,38.64,23,1
2091.05,38.63,23,1
2091.18,38.64,23,1
2091.32,38.65,23,1
2091.45,38.64,23,1
2091.59,38.64,23,1
2091.72,38.64,23,1
2091.86,38.65,23,1
2091.99,38.66,23,1
2092.13,38.64,23,1
2092.26,38.64,23,1
2092.4,38.64,23,1
2092.53,38.64,23,1
2092.67,38.64,23,1
2092.8,38.64,23,1
2092.94,38.63,23,1
2093.07,38.65,23,1
2093.21,38.63,23,1
2093.34,38.64,23,1
2093.48,38.64,23,1
2093.61,38.62,23,1
2093.75,38.65,23,1
2093.88,38.65,23,1
2094.02,38.64,23,1
2094.15,38.64,23,1
2094.29,38.64,23,1
2094.42,38.64,23,1
2094.56,38.64,23,1
2094.69,38.65,23,1
2094.83,38.63,23,1
2094.96,38.63,23,1
2095.1,38.63,23,1
2095.23,38.63,23,1
2095.37,38.63,23,1
2095.5,38.62,23,1
2095.64,38.63,23,1
2095.77,38.63,23,1
2095.9,38.65,23,1
2096.04,38.64,23,1
2096.18,38.64,23,1
2096.31,38.64,23,1
2096.44,38.63,23,1
2096.58,38.62,23,1
2096.71,38.63,23,1
2096.85,38.62,23,1
2096.98,38.63,23,1
2097.12,38.62,23,1
2097.25,38.62,23,1
2097.39,38.64,23,1
2097.52,38.64,23,1
2097.66,38.62,23,1
2097.79,38.61,23,1
2097.93,38.63,23,1
2098.06,38.63,23,1
2098.2,38.62,23,1
2098.33,38.63,23,1
2098.47,38.64,23,1
2098.6,38.63,23,1
2098.74,38.64,23,1
2098.87,38.64,23,1
2099.01,38.63,23,1
2099.14,38.62,23,1
2099.28,38.62,23,1
2099.41,38.64,23,1
2099.55,38.62,23,1
2099.68,38.62,23,1
2099.82,38.62,23,1
2099.95,38.64,23,1
2100.09,38.64,23,1
2100.22,38.62,23,1
2100.36,38.63,23,1
2100.49,38.63,23,1
2100.63,38.62,23,1
2100.76,38.63,23,1
2100.9,38.63,23,1
2101.03,38.64,23,1
2101.17,38.63,23,1
2101.3,38.64,23,1
2101.44,38.62,23,1
2101.57,38.63,23,1
2101.71,38.64,23,1
2101.84,38.64,23,1
2101.98,38.63,23,1
2102.11,38.63,23,1
2102.25,38.63,23,1
2102.38,38.63,23,1
2102.52,38.63,23,1
2102.65,38.62,23,1
2102.79,38.63,23,1
2102.92,38.65,23,1
2103.06,38.62,23,1
2103.19,38.63,23,1
2103.32,38.64,23,1
2103.46,38.63,23,1
2103.6,38.63,23,1
2103.73,38.63,23,1
2103.86,38.63,23,1
2104.0,38.63,23,1
2104.13,38.63,23,1
2104.27,38.63,23,1
2104.4,38.63,23,1
2104.54,38.63,23,1
2104.67,38.64,23,1
2104.81,38.64,23,1
2104.94,38.63,23,1
2105.08,38.64,23,1
2105.21,38.62,23,1
2105.35,38.64,23,1
2105.48,38.63,23,1
2105.62,38.63,23,1
2105.75,38.62,23,1
2105.89,38.64,23,1
2106.02,38.63,23,1
2106.16,38.65,23,1
2106.29,38.63,23,1
2106.43,38.64,23,1
2106.56,38.63,23,1
2106.7,38.64,23,1
2106.83,38.63,23,1
2106.97,38.62,23,1
2107.1,38.62,23,1
2107.24,38.64,23,1
2107.37,38.62,23,1
2107.51,38.64,23,1
2107.64,38.63,23,1
2107.78,38.63,23,1
2107.91,38.64,23,1
2108.05,38.65,23,1
2108.18,38.64,23,1
2108.32,38.63,23,1
2108.45,38.63,23,1
2108.59,38.63,23,1
2108.72,38.63,23,1
2108.86,38.63,23,1
2108.99,38.63,23,1
2109.13,38.63,23,1
2109.26,38.63,23,1
2109.4,38.63,23,1
2109.53,38.63,23,1
2109.67,38.63,23,1
2109.8,38.63,23,1
2109.94,38.63,23,1
2110.07,38.63,23,1
2110.2,38.62,23,1
2110.34,38.62,23,1
2110.48,38.64,23,1
2110.61,38.62,23,1
2110.75,38.62,23,1
2110.88,38.63,23,1
2111.01,38.64,23,1
2111.15,38.63,23,1
2111.28,38.64,23,1
2111.42,38.64,23,1
2111.55,38.62,23,1
2111.69,38.63,23,1
2111.82,38.63,23,1
2111.96,38.63,23,1
2112.09,38.63,23,1
2112.23,38.63,23,1
2112.36,38.64,23,1
2112.5,38.64,23,1
2112.63,38.64,23,1
2112.77,38.63,23,1
2112.9,38.64,23,1
2113.04,38.63,23,1
2113.17,38.63,23,1
2113.31,38.64,23,1
2113.44,38.64,23,1
2113.58,38.64,23,1
2113.71,38.63,23,1
2113.85,38.63,23,1
2113.98,38.63,23,1
2114.12,38.63,23,1
2114.25,38.63,23,1
2114.39,38.63,23,1
2114.52,38.64,23,1
2114.66,38.64,23,1
2114.79,38.63,23,1
2114.93,38.64,23,1
2115.06,38.62,23,1
2115.2,38.63,23,1
2115.33,38.64,23,1
2115.47,38.63,23,1
2115.6,38.63,23,1
2115.74,38.64,23,1
2115.87,38.64,23,1
2116.01,38.63,23,1
2116.14,38.64,23,1
2116.28,38.63,23,1
2116.41,38.64,23,1
2116.55,38.64,23,1
2116.68,38.64,23,1
2116.81,38.64,23,1
2116.95,38.64,23,1
2117.09,38.63,23,1
2117.22,38.65,23,1
2117.35,38.62,23,1
2117.49,38.64,23,1
2117.62,38.63,23,1
2117.76,38.64,23,1
2117.89,38.64,23,1
2118.03,38.64,23,1
2118.16,38.63,23,1
2118.3,38.63,23,1
2118.43,38.64,23,1
2118.57,38.63,23,1
2118.7,38.62,23,1
2118.84,38.63,23,1
2118.97,38.63,23,1
2119.11,38.63,23,1
2119.24,38.61,23,1
2119.38,38.63,23,1
2119.51,38.62,23,1
2119.65,38.62,23,1
2119.78,38.63,23,1
2119.92,38.63,23,1
2120.05,38.64,23,1
2120.19,38.64,23,1
2120.32,38.63,23,1
2120.46,38.63,23,1
2120.59,38.63,23,1
2120.73,38.64,23,1
2120.86,38.63,23,1
2121.0,38.63,23,1
2121.13,38.63,23,1
2121.27,38.64,23,1
2121.4,38.64,23,1
2121.54,38.63,23,1
2121.67,38.63,23,1
2121.81,38.64,23,1
2121.94,38.63,23,1
2122.08,38.63,23,1
2122.21,38.63,23,1
2122.35,38.63,23,1
2122.48,38.63,23,1
2122.62,38.64,23,1
2122.75,38.64,23,1
2122.89,38.64,23,1
2123.02,38.64,23,1
2123.16,38.63,23,1
2123.29,38.63,23,1
2123.43,38.65,23,1
2123.56,38.64,23,1
2123.7,38.63,23,1
2123.83,38.64,23,1
2123.97,38.63,23,1
2124.1,38.64,23,1
2124.24,38.62,23,1
2124.37,38.65,23,1
2124.51,38.64,23,1
2124.64,38.62,23,1
2124.78,38.64,23,1
2124.91,38.64,23,1
2125.04,38.64,23,1
2125.18,38.65,23,1
2125.32,38.64,23,1
2125.45,38.64,23,1
2125.58,38.63,23,1
2125.72,38.61,23,1
2125.85,38.64,23,1
2125.99,38.65,23,1
2126.12,38.65,23,1
2126.26,38.64,23,1
2126.39,38.65,23,1
2126.53,38.65,23,1
2126.66,38.63,23,1
2126.8,38.65,23,1
2126.93,38.64,23,1
2127.07,38.65,23,1
2127.2,38.64,23,1
2127.34,38.64,23,1
2127.47,38.63,23,1
2127.61,38.64,23,1
2127.74,38.65,23,1
2127.88,38.67,23,1
2128.01,38.64,23,1
2128.15,38.65,23,1
2128.28,38.65,23,1
2128.42,38.62,23,1
2128.55,38.65,23,1
2128.69,38.64,23,1
2128.82,38.64,23,1
2128.96,38.64,23,1
2129.09,38.64,23,1
2129.23,38.64,23,1
2129.36,38.65,23,1
2129.5,38.65,23,1
2129.63,38.65,23,1
2129.77,38.64,23,1
2129.9,38.64,23,1
2130.04,38.65,23,1
2130.17,38.66,23,1
2130.31,38.64,23,1
2130.44,38.66,23,1
2130.58,38.64,23,1
2130.71,38.63,23,1
2130.85,38.66,23,1
2130.98,38.66,23,1
2131.12,38.64,23,1
2131.25,38.64,23,1
2131.39,38.65,23,1
2131.52,38.67,23,1
2131.65,38.65,23,1
2131.79,38.67,23,1
2131.93,38.66,23,1
2132.06,38.65,23,1
2132.2,38.65,23,1
2132.33,38.64,23,1
2132.46,38.64,23,1
2132.6,38.66,23,1
2132.74,38.64,23,1
2132.87,38.64,23,1
2133.0,38.65,23,1
2133.14,38.67,23,1
2133.27,38.65,23,1
2133.41,38.65,23,1
2133.54,38.65,23,1
2133.68,38.65,23,1
2133.81,38.65,23,1
2133.95,38.64,23,1
2134.08,38.65,23,1
2134.22,38.66,23,1
2134.35,38.65,23,1
2134.49,38.67,23,1
2134.62,38.65,23,1
2134.76,38.66,23,1
2134.89,38.65,23,1
2135.03,38.66,23,1
2135.16,38.66,23,1
2135.3,38.65,23,1
2135.43,38.64,23,1
2135.57,38.66,23,1
2135.7,38.65,23,1
2135.84,38.66,23,1
2135.97,38.67,23,1
2136.11,38.65,23,1
2136.24,38.67,23,1
2136.38,38.66,23,1
2136.51,38.65,23,1
2136.65,38.65,23,1
2136.78,38.65,23,1
2136.92,38.66,23,1
2137.05,38.65,23,1
2137.19,38.65,23,1
2137.32,38.65,23,1
2137.46,38.65,23,1
2137.59,38.65,23,1
2137.73,38.65,23,1
2137.86,38.65,23,1
2138.0,38.65,23,1
2138.13,38.65,23,1
2138.27,38.65,23,1
2138.4,38.65,23,1
2138.54,38.67,23,1
2138.67,38.66,23,1
2138.81,38.65,23,1
2138.94,38.65,23,1
2139.07,38.66,23,1
2139.21,38.65,23,1
2139.34,38.66,23,1
2139.48,38.66,23,1
2139.61,38.66,23,1
2139.75,38.65,23,1
2139.88,38.66,23,1
2140.02,38.65,23,1
2140.15,38.64,23,1
2140.29,38.66,23,1
2140.42,38.66,23,1
2140.56,38.67,23,1
2140.69,38.65,23,1
2140.83,38.65,23,1
2140.96,38.67,23,1
2141.1,38.67,23,1
2141.23,38.66,23,1
2141.37,38.66,23,1
2141.5,38.65,23,1
2141.64,38.65,23,1
2141.77,38.67,23,1
2141.91,38.67,23,1
2142.04,38.66,23,1
2142.18,38.66,23,1
2142.31,38.66,23,1
2142.45,38.68,23,1
2142.58,38.66,23,1
2142.72,38.66,23,1
2142.85,38.66,23,1
2142.99,38.67,23,1
2143.12,38.66,23,1
2143.26,38.67,23,1
2143.39,38.66,23,1
2143.53,38.67,23,1
2143.66,38.67,23,1
2143.8,38.67,23,1
2143.93,38.67,23,1
2144.07,38.68,23,1
2144.2,38.66,23,1
2144.34,38.68,23,1
2144.47,38.66,23,1
2144.61,38.67,23,1
2144.74,38.68,23,1
2144.88,38.67,23,1
2145.01,38.67,23,1
2145.15,38.68,23,1
2145.28,38.68,23,1
2145.42,38.68,23,1
2145.55,38.67,23,1
2145.69,38.67,23,1
2145.82,38.67,23,1
2145.95,38.68,23,1
2146.09,38.67,23,1
2146.23,38.67,23,1
2146.36,38.67,23,1
2146.5,38.67,23,1
2146.63,38.67,23,1
2146.76,38.67,23,1
2146.9,38.67,23,1
2147.03,38.68,23,1
2147.17,38.68,23,1
2147.3,38.67,23,1
2147.44,38.67,23,1
2147.57,38.67,23,1
2147.71,38.66,23,1
2147.84,38.68,23,1
2147.98,38.67,23,1
2148.11,38.67,23,1
2148.25,38.67,23,1
2148.38,38.67,23,1
2148.52,38.67,23,1
2148.65,38.67,23,1
2148.79,38.68,23,1
2148.92,38.69,23,1
2149.06,38.68,23,1
2149.19,38.69,23,1
2149.33,38.68,23,1
2149.46,38.67,23,1
2149.6,38.68,23,1
2149.73,38.68,23,1
2149.87,38.67,23,1
2150.0,38.68,23,1
2150.14,38.69,23,1
2150.27,38.69,23,1
2150.41,38.68,23,1
2150.54,38.67,23,1
2150.68,38.67,23,1
2150.81,38.68,23,1
2150.95,38.68,23,1
2151.08,38.69,23,1
2151.22,38.68,23,1
2151.35,38.68,23,1
2151.49,38.69,23,1
2151.62,38.68,23,1
2151.76,38.68,23,1
2151.89,38.69,23,1
2152.03,38.67,23,1
2152.16,38.69,23,1
2152.3,38.68,23,1
2152.43,38.68,23,1
2152.57,38.67,23,1
2152.7,38.69,23,1
2152.84,38.69,23,1
2152.97,38.68,23,1
2153.11,38.69,23,1
2153.24,38.7,23,1
2153.37,38.69,23,1
2153.51,38.69,23,1
2153.64,38.69,23,1
2153.78,38.69,23,1
2153.91,38.68,23,1
2154.05,38.7,23,1
2154.18,38.69,23,1
2154.32,38.69,23,1
2154.45,38.72,23,1
2154.59,38.7,23,1
2154.72,38.7,23,1
2154.86,38.7,23,1
2154.99,38.71,23,1
2155.13,38.71,23,1
2155.26,38.69,23,1
2155.4,38.69,23,1
2155.53,38.7,23,1
2155.67,38.7,23,1
2155.8,38.69,23,1
2155.94,38.69,23,1
2156.07,38.71,23,1
2156.21,38.69,23,1
2156.34,38.7,23,1
2156.48,38.72,23,1
2156.61,38.7,23,1
2156.75,38.7,23,1
2156.88,38.69,23,1
2157.02,38.7,23,1
2157.15,38.69,23,1
2157.29,38.7,23,1
2157.42,38.7,23,1
2157.56,38.69,23,1
2157.69,38.7,23,1
2157.83,38.7,23,1
2157.96,38.7,23,1
2158.1,38.71,23,1
2158.23,38.7,23,1
2158.37,38.71,23,1
2158.5,38.7,23,1
2158.64,38.71,23,1
2158.77,38.7,23,1
2158.91,38.7,23,1
2159.04,38.7,23,1
2159.18,38.69,23,1
2159.31,38.69,23,1
2159.45,38.71,23,1
2159.58,38.7,23,1
2159.72,38.69,23,1
2159.85,38.7,23,1
2159.98,38.7,23,1
2160.12,38.69,23,1
2160.26,38.7,23,1
2160.39,38.73,23,1
2160.52,38.69,23,1
2160.66,38.7,23,1
2160.79,38.71,23,1
2160.93,38.71,23,1
2161.06,38.7,23,1
2161.2,38.71,23,1
2161.33,38.7,23,1
2161.47,38.71,23,1
2161.6,38.71,23,1
2161.74,38.71,23,1
2161.87,38.7,23,1
2162.01,38.7,23,1
2162.14,38.7,23,1
2162.28,38.7,23,1
2162.41,38.69,23,1
2162.55,38.7,23,1
2162.68,38.7,23,1
2162.82,38.7,23,1
2162.95,38.7,23,1
2163.09,38.7,23,1
2163.22,38.71,23,1
2163.36,38.71,23,1
2163.49,38.7,23,1
2163.63,38.7,23,1
2163.76,38.7,23,1
2163.9,38.71,23,1
2164.03,38.71,23,1
2164.17,38.71,23,1
2164.3,38.71,23,1
2164.44,38.72,23,1
2164.57,38.71,23,1
2164.71,38.71,23,1
2164.84,38.71,23,1
2164.98,38.69,23,1
2165.11,38.72,23,1
2165.25,38.7,23,1
2165.38,38.71,23,1
2165.52,38.71,23,1
2165.65,38.7,23,1
2165.79,38.71,23,1
2165.92,38.71,23,1
2166.06,38.7,23,1
2166.19,38.7,23,1
2166.33,38.7,23,1
2166.46,38.7,23,1
2166.6,38.7,23,1
2166.73,38.71,23,1
2166.86,38.71,23,1
2167.0,38.7,23,1
2167.14,38.71,23,1
2167.27,38.7,23,1
2167.4,38.7,23,1
2167.54,38.68,23,1
2167.67,38.71,23,1
2167.81,38.7,23,1
2167.94,38.72,23,1
2168.08,38.71,23,1
2168.21,38.7,23,1
2168.35,38.7,23,1
2168.48,38.71,23,1
2168.62,38.71,23,1
2168.75,38.73,23,1
2168.89,38.7,23,1
2169.02,38.7,23,1
2169.16,38.71,23,1
2169.29,38.71,23,1
2169.43,38.71,23,1
2169.56,38.7,23,1
2169.7,38.72,23,1
2169.83,38.72,23,1
2169.97,38.7,23,1
2170.1,38.71,23,1
2170.24,38.71,23,1
2170.37,38.72,23,1
2170.51,38.7,23,1
2170.64,38.7,23,1
2170.78,38.71,23,1
2170.91,38.7,23,1
2171.05,38.72,23,1
2171.18,38.72,23,1
2171.32,38.72,23,1
2171.45,38.71,23,1
2171.59,38.72,23,1
2171.72,38.71,23,1
2171.86,38.7,23,1
2171.99,38.71,23,1
2172.13,38.7,23,1
2172.26,38.7,23,1
2172.4,38.69,23,1
2172.53,38.69,23,1
2172.67,38.7,23,1
2172.8,38.7,23,1
2172.94,38.71,23,1
2173.07,38.71,23,1
2173.21,38.71,23,1
2173.34,38.72,23,1
2173.48,38.7,23,1
2173.61,38.69,23,1
2173.75,38.72,23,1
2173.88,38.71,23,1
2174.02,38.71,23,1
2174.15,38.7,23,1
2174.28,38.71,23,1
2174.42,38.7,23,1
2174.56,38.7,23,1
2174.69,38.7,23,1
2174.82,38.7,23,1
2174.96,38.7,23,1
2175.09,38.7,23,1
2175.23,38.71,23,1
2175.36,38.7,23,1
2175.5,38.71,23,1
2175.63,38.71,23,1
2175.77,38.7,23,1
2175.9,38.7,23,1
2176.04,38.71,23,1
2176.17,38.7,23,1
2176.31,38.71,23,1
2176.44,38.7,23,1
2176.58,38.71,23,1
2176.71,38.71,23,1
2176.85,38.7,23,1
2176.98,38.71,23,1
2177.12,38.7,23,1
2177.25,38.71,23,1
2177.39,38.7,23,1
2177.52,38.7,23,1
2177.66,38.71,23,1
2177.79,38.7,23,1
2177.93,38.7,23,1
2178.06,38.7,23,1
2178.2,38.69,23,1
2178.33,38.69,23,1
2178.47,38.69,23,1
2178.6,38.71,23,1
2178.74,38.7,23,1
2178.87,38.71,23,1
2179.01,38.71,23,1
2179.14,38.71,23,1
2179.28,38.71,23,1
2179.41,38.7,23,1
2179.55,38.69,23,1
2179.68,38.71,23,1
2179.82,38.71,23,1
2179.95,38.7,23,1
2180.09,38.7,23,1
2180.22,38.7,23,1
2180.36,38.69,23,1
2180.49,38.7,23,1
2180.63,38.7,23,1
2180.76,38.7,23,1
2180.9,38.7,23,1
2181.03,38.7,23,1
2181.17,38.69,23,1
2181.3,38.7,23,1
2181.44,38.68,23,1
2181.57,38.69,23,1
2181.7,38.71,23,1
2181.84,38.71,23,1
2181.98,38.7,23,1
2182.11,38.7,23,1
2182.25,38.7,23,1
2182.38,38.71,23,1
2182.51,38.7,23,1
2182.65,38.7,23,1
2182.78,38.7,23,1
2182.92,38.69,23,1
2183.05,38.7,23,1
2183.19,38.68,23,1
2183.32,38.69,23,1
2183.46,38.7,23,1
2183.59,38.7,23,1
2183.73,38.7,23,1
2183.86,38.71,23,1
2184.0,38.7,23,1
2184.13,38.7,23,1
2184.27,38.7,23,1
2184.4,38.69,23,1
2184.54,38.71,23,1
2184.67,38.7,23,1
2184.81,38.73,23,1
2184.94,38.69,23,1
2185.08,38.7,23,1
2185.21,38.69,23,1
2185.35,38.71,23,1
2185.48,38.7,23,1
2185.62,38.71,23,1
2185.75,38.7,23,1
2185.89,38.69,23,1
2186.02,38.68,23,1
2186.16,38.69,23,1
2186.29,38.7,23,1
2186.43,38.7,23,1
2186.56,38.7,23,1
2186.7,38.7,23,1
2186.83,38.69,23,1
2186.97,38.7,23,1
2187.1,38.69,23,1
2187.24,38.71,23,1
2187.37,38.7,23,1
2187.51,38.7,23,1
2187.64,38.69,23,1
2187.78,38.7,23,1
2187.91,38.69,23,1
2188.05,38.7,23,1
2188.18,38.71,23,1
2188.32,38.71,23,1
2188.45,38.69,23,1
2188.58,38.69,23,1
2188.72,38.68,23,1
2188.86,38.69,23,1
2188.99,38.69,23,1
2189.12,38.68,23,1
2189.26,38.68,23,1
2189.39,38.71,23,1
2189.53,38.69,23,1
2189.66,38.67,23,1
2189.8,38.69,23,1
2189.93,38.71,23,1
2190.07,38.69,23,1
2190.2,38.69,23,1
2190.34,38.68,23,1
2190.47,38.68,23,1
2190.61,38.68,23,1
2190.74,38.69,23,1
2190.88,38.7,23,1
2191.01,38.68,23,1
2191.15,38.69,23,1
2191.28,38.69,23,1
2191.42,38.7,23,1
2191.55,38.69,23,1
2191.69,38.69,23,1
2191.82,38.7,23,1
2191.96,38.7,23,1
2192.09,38.69,23,1
2192.23,38.69,23,1
2192.36,38.69,23,1
2192.5,38.69,23,1
2192.63,38.69,23,1
2192.77,38.69,23,1
2192.9,38.69,23,1
2193.04,38.71,23,1
2193.17,38.7,23,1
2193.31,38.7,23,1
2193.44,38.69,23,1
2193.58,38.7,23,1
2193.71,38.7,23,1
2193.85,38.7,23,1
2193.98,38.69,23,1
2194.12,38.68,23,1
2194.25,38.69,23,1
2194.39,38.7,23,1
2194.52,38.7,23,1
2194.66,38.71,23,1
2194.79,38.69,23,1
2194.93,38.7,23,1
2195.06,38.7,23,1
2195.2,38.69,23,1
2195.33,38.69,23,1
2195.47,38.69,23,1
2195.6,38.7,23,1
2195.74,38.7,23,1
2195.87,38.69,23,1
2196.0,38.68,23,1
2196.14,38.7,23,1
2196.28,38.7,23,1
2196.41,38.71,23,1
2196.54,38.7,23,1
2196.68,38.69,23,1
2196.81,38.68,23,1
2196.95,38.69,23,1
2197.08,38.72,23,1
2197.22,38.71,23,1
2197.35,38.72,23,1
2197.49,38.71,23,1
2197.62,38.71,23,1
2197.76,38.72,23,1
2197.89,38.7,23,1
2198.03,38.7,23,1
2198.16,38.72,23,1
2198.3,38.73,23,1
2198.43,38.72,23,1
2198.57,38.74,23,1
2198.7,38.77,23,1
2198.84,38.75,23,1
2198.97,38.76,23,1
2199.11,38.76,23,1
2199.24,38.75,23,1
2199.38,38.77,23,1
2199.51,38.77,23,1
2199.65,38.76,23,1
2199.78,38.76,23,1
2199.92,38.76,23,1
2200.05,38.74,23,1
2200.19,38.74,23,1
2200.32,38.76,23,1
2200.46,38.73,23,1
2200.59,38.71,23,1
2200.73,38.68,23,1
2200.86,38.69,23,1
2201.0,38.66,23,1
2201.13,38.68,23,1
2201.27,38.68,23,1
2201.4,38.69,23,1
2201.54,38.71,23,1
2201.67,38.71,23,1
2201.81,38.72,23,1
2201.94,38.74,23,1
2202.08,38.75,23,1
2202.21,38.76,23,1
2202.35,38.77,23,1
2202.48,38.74,23,1
2202.62,38.74,23,1
2202.75,38.75,23,1
2202.89,38.72,23,1
2203.02,38.73,23,1
2203.16,38.72,23,1
2203.29,38.72,23,1
2203.42,38.74,23,1
2203.56,38.74,23,1
2203.7,38.75,23,1
2203.83,38.73,23,1
2203.96,38.77,23,1
2204.1,38.77,23,1
2204.23,38.69,23,1
2204.37,38.68,23,1
2204.5,38.67,23,1
2204.64,38.67,23,1
2204.77,38.67,23,1
2204.91,38.67,23,1
2205.04,38.66,23,1
2205.18,38.67,23,1
2205.31,38.66,23,1
2205.45,38.67,23,1
2205.58,38.67,23,1
2205.72,38.67,23,1
2205.85,38.67,23,1
2205.99,38.68,23,1
2206.12,38.68,23,1
2206.26,38.67,23,1
2206.39,38.69,23,1
2206.53,38.67,23,1
2206.66,38.67,23,1
2206.8,38.68,23,1
2206.93,38.68,23,1
2207.07,38.72,23,1
2207.2,38.71,23,1
2207.34,38.68,23,1
2207.47,38.68,23,1
2207.61,38.69,23,1
2207.74,38.71,23,1
2207.88,38.69,23,1
2208.01,38.69,23,1
2208.15,38.68,23,1
2208.28,38.66,23,1
2208.42,38.68,23,1
2208.55,38.68,23,1
2208.69,38.69,23,1
2208.82,38.69,23,1
2208.96,38.68,23,1
2209.09,38.68,23,1
2209.23,38.69,23,1
2209.36,38.71,23,1
2209.5,38.7,23,1
2209.63,38.7,23,1
2209.77,38.66,23,1
2209.9,38.67,23,1
2210.03,38.66,23,1
2210.17,38.68,23,1
2210.31,38.67,23,1
2210.44,38.68,23,1
2210.57,38.66,23,1
2210.71,38.67,23,1
2210.84,38.66,23,1
2210.98,38.67,23,1
2211.11,38.66,23,1
2211.25,38.67,23,1
2211.38,38.69,23,1
2211.52,38.67,23,1
2211.65,38.67,23,1
2211.79,38.67,23,1
2211.92,38.68,23,1
2212.06,38.68,23,1
2212.19,38.66,23,1
2212.33,38.67,23,1
2212.46,38.66,23,1
2212.6,38.65,23,1
2212.73,38.66,23,1
2212.87,38.67,23,1
2213.0,38.66,23,1
2213.14,38.67,23,1
2213.27,38.66,23,1
2213.41,38.66,23,1
2213.54,38.64,23,1
2213.68,38.65,23,1
2213.81,38.66,23,1
2213.95,38.67,23,1
2214.08,38.67,23,1
2214.22,38.64,23,1
2214.35,38.67,23,1
2214.49,38.71,23,1
2214.62,38.69,23,1
2214.76,38.71,23,1
2214.89,38.71,23,1
2215.03,38.7,23,1
2215.16,38.7,23,1
2215.3,38.71,23,1
2215.43,38.7,23,1
2215.57,38.71,23,1
2215.7,38.71,23,1
2215.84,38.7,23,1
2215.97,38.71,23,1
2216.11,38.7,23,1
2216.24,38.69,23,1
2216.38,38.71,23,1
2216.51,38.7,23,1
2216.65,38.7,23,1
2216.78,38.68,23,1
2216.92,38.68,23,1
2217.05,38.69,23,1
2217.19,38.69,23,1
2217.32,38.7,23,1
2217.46,38.68,23,1
2217.59,38.7,23,1
2217.72,38.68,23,1
2217.86,38.68,23,1
2218.0,38.69,23,1
2218.13,38.7,23,1
2218.26,38.71,23,1
2218.4,38.7,23,1
2218.53,38.69,23,1
2218.67,38.68,23,1
2218.8,38.67,23,1
2218.94,38.68,23,1
2219.07,38.67,23,1
2219.21,38.7,23,1
2219.34,38.69,23,1
2219.48,38.68,23,1
2219.61,38.68,23,1
2219.75,38.69,23,1
2219.88,38.69,23,1
2220.02,38.69,23,1
2220.15,38.69,23,1
2220.29,38.68,23,1
2220.42,38.68,23,1
2220.56,38.68,23,1
2220.69,38.68,23,1
2220.83,38.68,23,1
2220.96,38.69,23,1
2221.1,38.69,23,1
2221.23,38.68,23,1
2221.37,38.7,23,1
2221.5,38.68,23,1
2221.64,38.68,23,1
2221.77,38.69,23,1
2221.91,38.68,23,1
2222.04,38.68,23,1
2222.18,38.69,23,1
2222.31,38.69,23,1
2222.45,38.69,23,1
2222.58,38.68,23,1
2222.72,38.68,23,1
2222.85,38.69,23,1
2222.99,38.7,23,1
2223.12,38.69,23,1
2223.26,38.69,23,1
2223.39,38.69,23,1
2223.53,38.68,23,1
2223.66,38.67,23,1
2223.8,38.69,23,1
2223.93,38.68,23,1
2224.07,38.69,23,1
2224.2,38.68,23,1
2224.33,38.69,23,1
2224.47,38.69,23,1
2224.61,38.69,23,1
2224.74,38.67,23,1
2224.87,38.68,23,1
2225.01,38.68,23,1
2225.14,38.69,23,1
2225.28,38.69,23,1
2225.41,38.69,23,1
2225.55,38.69,23,1
2225.68,38.7,23,1
2225.82,38.65,23,1
2225.95,38.68,23,1
2226.09,38.69,23,1
2226.22,38.69,23,1
2226.36,38.66,23,1
2226.49,38.68,23,1
2226.63,38.68,23,1
2226.76,38.68,23,1
2226.9,38.68,23,1
2227.03,38.69,23,1
2227.17,38.68,23,1
2227.3,38.69,23,1
2227.44,38.69,23,1
2227.57,38.68,23,1
2227.71,38.72,23,1
2227.84,38.69,23,1
2227.98,38.68,23,1
2228.11,38.7,23,1
2228.25,38.68,23,1
2228.38,38.69,23,1
2228.52,38.69,23,1
2228.65,38.69,23,1
2228.79,38.69,23,1
2228.92,38.69,23,1
2229.06,38.71,23,1
2229.19,38.7,23,1
2229.33,38.7,23,1
2229.46,38.66,23,1
2229.6,38.69,23,1
2229.73,38.71,23,1
2229.87,38.68,23,1
2230.0,38.71,23,1
2230.14,38.69,23,1
2230.27,38.69,23,1
2230.41,38.68,23,1
2230.54,38.69,23,1
2230.68,38.68,23,1
2230.81,38.69,23,1
2230.95,38.69,23,1
2231.08,38.68,23,1
2231.22,38.68,23,1
2231.35,38.69,23,1
2231.49,38.66,23,1
2231.62,38.68,23,1
2231.75,38.69,23,1
2231.89,38.69,23,1
2232.03,38.7,23,1
2232.16,38.69,23,1
2232.29,38.7,23,1
2232.43,38.7,23,1
2232.56,38.69,23,1
2232.7,38.69,23,1
2232.83,38.7,23,1
2232.97,38.69,23,1
2233.1,38.69,23,1
2233.24,38.68,23,1
2233.37,38.71,23,1
2233.51,38.7,23,1
2233.64,38.7,23,1
2233.78,38.69,23,1
2233.91,38.7,23,1
2234.05,38.7,23,1
2234.18,38.69,23,1
2234.32,38.69,23,1
2234.45,38.69,23,1
2234.59,38.69,23,1
2234.72,38.68,23,1
2234.86,38.68,23,1
2234.99,38.7,23,1
2235.13,38.68,23,1
2235.26,38.69,23,1
2235.4,38.71,23,1
2235.53,38.68,23,1
2235.67,38.7,23,1
2235.8,38.71,23,1
2235.94,38.69,23,1
2236.07,38.69,23,1
2236.21,38.7,23,1
2236.34,38.7,23,1
2236.48,38.7,23,1
2236.61,38.7,23,1
2236.75,38.7,23,1
2236.88,38.68,23,1
2237.02,38.7,23,1
2237.15,38.68,23,1
2237.29,38.69,23,1
2237.42,38.69,23,1
2237.56,38.69,23,1
2237.69,38.68,23,1
2237.83,38.69,23,1
2237.96,38.7,23,1
2238.1,38.69,23,1
2238.23,38.69,23,1
2238.37,38.69,23,1
2238.5,38.69,23,1
2238.64,38.69,23,1
2238.77,38.69,23,1
2238.9,38.71,23,1
2239.04,38.69,23,1
2239.17,38.67,23,1
2239.31,38.67,23,1
2239.44,38.68,23,1
2239.58,38.68,23,1
2239.71,38.69,23,1
2239.85,38.69,23,1
2239.98,38.68,23,1
2240.12,38.64,23,1
2240.25,38.71,23,1
2240.39,38.73,23,1
2240.52,38.73,23,1
2240.66,38.72,23,1
2240.79,38.69,23,1
2240.93,38.67,23,1
2241.06,38.68,23,1
2241.2,38.69,23,1
2241.33,38.72,23,1
2241.47,38.67,23,1
2241.6,38.74,23,1
2241.74,38.77,23,1
2241.87,38.74,23,1
2242.01,38.77,23,1
2242.14,38.74,23,1
2242.28,38.71,23,1
2242.41,38.66,23,1
2242.55,38.67,23,1
2242.68,38.65,23,1
2242.82,38.66,23,1
2242.95,38.59,23,1
2243.09,38.58,23,1
2243.22,38.61,23,1
2243.36,38.59,23,1
2243.49,38.6,23,1
2243.63,38.59,23,1
2243.76,38.59,23,1
2243.9,38.58,23,1
2244.03,38.61,23,1
2244.17,38.58,23,1
2244.3,38.59,23,1
2244.44,38.59,23,1
2244.57,38.57,23,1
2244.71,38.57,23,1
2244.84,38.57,23,1
2244.98,38.57,23,1
2245.11,38.58,23,1
2245.25,38.59,23,1
2245.38,38.59,23,1
2245.52,38.6,23,1
2245.65,38.6,23,1
2245.79,38.6,23,1
2245.92,38.61,23,1
2246.05,38.59,23,1
2246.19,38.59,23,1
2246.33,38.58,23,1
2246.46,38.58,23,1
2246.59,38.56,23,1
2246.73,38.58,23,1
2246.86,38.57,23,1
2247.0,38.57,23,1
2247.13,38.57,23,1
2247.27,38.58,23,1
2247.4,38.57,23,1
2247.54,38.57,23,1
2247.67,38.56,23,1
2247.81,38.56,23,1
2247.94,38.55,23,1
2248.08,38.55,23,1
2248.21,38.58,23,1
2248.35,38.57,23,1
2248.48,38.55,23,1
2248.62,38.57,23,1
2248.75,38.56,23,1
2248.89,38.57,23,1
2249.02,38.56,23,1
2249.16,38.55,23,1
2249.29,38.57,23,1
2249.43,38.56,23,1
2249.56,38.56,23,1
2249.7,38.56,23,1
2249.83,38.56,23,1
2249.97,38.56,23,1
2250.1,38.56,23,1
2250.24,38.57,23,1
2250.37,38.56,23,1
2250.51,38.56,23,1
2250.64,38.55,23,1
2250.78,38.55,23,1
2250.91,38.57,23,1
2251.05,38.57,23,1
2251.18,38.56,23,1
2251.32,38.57,23,1
2251.45,38.57,23,1
2251.59,38.57,23,1
2251.72,38.57,23,1
2251.86,38.59,23,1
2251.99,38.58,23,1
2252.13,38.59,23,1
2252.26,38.59,23,1
2252.4,38.58,23,1
2252.53,38.59,23,1
2252.67,38.59,23,1
2252.8,38.58,23,1
2252.94,38.58,23,1
2253.07,38.6,23,1
2253.2,38.59,23,1
2253.34,38.55,23,1
2253.47,38.58,23,1
2253.61,38.58,23,1
2253.75,38.57,23,1
2253.88,38.57,23,1
2254.01,38.61,23,1
2254.15,38.58,23,1
2254.28,38.59,23,1
2254.42,38.6,23,1
2254.55,38.6,23,1
2254.69,38.58,23,1
2254.82,38.58,23,1
2254.96,38.58,23,1
2255.09,38.58,23,1
2255.23,38.57,23,1
2255.36,38.59,23,1
2255.5,38.58,23,1
2255.63,38.59,23,1
2255.77,38.6,23,1
2255.9,38.58,23,1
2256.04,38.58,23,1
2256.17,38.58,23,1
2256.31,38.59,23,1
2256.44,38.59,23,1
2256.58,38.58,23,1
2256.71,38.59,23,1
2256.85,38.6,23,1
2256.98,38.59,23,1
2257.12,38.6,23,1
2257.25,38.6,23,1
2257.39,38.59,23,1
2257.52,38.6,23,1
2257.66,38.61,23,1
2257.79,38.61,23,1
2257.93,38.6,23,1
2258.06,38.61,23,1
2258.2,38.61,23,1
2258.33,38.61,23,1
2258.47,38.6,23,1
2258.6,38.62,23,1
2258.74,38.62,23,1
2258.87,38.62,23,1
2259.01,38.6,23,1
2259.14,38.62,23,1
2259.28,38.62,23,1
2259.41,38.59,23,1
2259.55,38.62,23,1
2259.68,38.63,23,1
2259.82,38.62,23,1
2259.95,38.63,23,1
2260.09,38.62,23,1
2260.22,38.63,23,1
2260.36,38.63,23,1
2260.49,38.64,23,1
2260.63,38.61,23,1
2260.76,38.62,23,1
2260.89,38.62,23,1
2261.03,38.63,23,1
2261.17,38.63,23,1
2261.3,38.63,23,1
2261.43,38.63,23,1
2261.57,38.62,23,1
2261.7,38.63,23,1
2261.84,38.62,23,1
2261.97,38.63,23,1
2262.11,38.63,23,1
2262.25,38.63,23,1
2262.38,38.64,23,1
2262.51,38.64,23,1
2262.65,38.64,23,1
2262.78,38.63,23,1
2262.92,38.63,23,1
2263.05,38.65,23,1
2263.19,38.63,23,1
2263.32,38.63,23,1
2263.46,38.64,23,1
2263.59,38.63,23,1
2263.73,38.63,23,1
2263.86,38.64,23,1
2264.0,38.64,23,1
2264.13,38.64,23,1
2264.27,38.62,23,1
2264.4,38.63,23,1
2264.54,38.64,23,1
2264.67,38.64,23,1
2264.81,38.62,23,1
2264.94,38.64,23,1
2265.08,38.64,23,1
2265.21,38.66,23,1
2265.35,38.62,23,1
2265.48,38.63,23,1
2265.62,38.63,23,1
2265.75,38.63,23,1
2265.89,38.63,23,1
2266.02,38.63,23,1
2266.16,38.63,23,1
2266.29,38.63,23,1
2266.43,38.63,23,1
2266.56,38.62,23,1
2266.7,38.66,23,1
2266.83,38.62,23,1
2266.97,38.61,23,1
2267.1,38.62,23,1
2267.24,38.61,23,1
2267.37,38.61,23,1
2267.51,38.61,23,1
2267.64,38.61,23,1
2267.78,38.6,23,1
2267.91,38.63,23,1
2268.05,38.61,23,1
2268.18,38.59,23,1
2268.31,38.6,23,1
2268.45,38.6,23,1
2268.58,38.6,23,1
2268.72,38.58,23,1
2268.85,38.61,23,1
2268.99,38.6,23,1
2269.12,38.6,23,1
2269.26,38.6,23,1
2269.39,38.58,23,1
2269.53,38.6,23,1
2269.66,38.59,23,1
2269.8,38.6,23,1
2269.93,38.59,23,1
2270.07,38.61,23,1
2270.2,38.6,23,1
2270.34,38.61,23,1
2270.47,38.6,23,1
2270.61,38.63,23,1
2270.74,38.61,23,1
2270.88,38.6,23,1
2271.01,38.61,23,1
2271.15,38.6,23,1
2271.28,38.62,23,1
2271.42,38.62,23,1
2271.55,38.62,23,1
2271.69,38.61,23,1
2271.82,38.59,23,1
2271.96,38.61,23,1
2272.09,38.63,23,1
2272.23,38.61,23,1
2272.36,38.61,23,1
2272.5,38.6,23,1
2272.63,38.63,23,1
2272.77,38.62,23,1
2272.9,38.61,23,1
2273.04,38.62,23,1
2273.17,38.62,23,1
2273.31,38.61,23,1
2273.44,38.62,23,1
2273.58,38.62,23,1
2273.71,38.61,23,1
2273.85,38.61,23,1
2273.98,38.61,23,1
2274.12,38.62,23,1
2274.25,38.61,23,1
2274.39,38.6,23,1
2274.52,38.63,23,1
2274.66,38.61,23,1
2274.79,38.61,23,1
2274.93,38.62,23,1
2275.06,38.61,23,1
2275.19,38.61,23,1
2275.33,38.61,23,1
2275.47,38.61,23,1
2275.6,38.61,23,1
2275.73,38.62,23,1
2275.87,38.6,23,1
2276.0,38.61,23,1
2276.14,38.61,23,1
2276.27,38.61,23,1
2276.41,38.63,23,1
2276.54,38.62,23,1
2276.68,38.61,23,1
2276.81,38.61,23,1
2276.95,38.64,23,1
2277.08,38.63,23,1
2277.22,38.62,23,1
2277.35,38.62,23,1
2277.49,38.62,23,1
2277.62,38.61,23,1
2277.76,38.62,23,1
2277.89,38.61,23,1
2278.03,38.62,23,1
2278.16,38.64,23,1
2278.3,38.62,23,1
2278.43,38.61,23,1
2278.57,38.62,23,1
2278.7,38.61,23,1
2278.84,38.62,23,1
2278.97,38.61,23,1
2279.11,38.61,23,1
2279.24,38.61,23,1
2279.38,38.62,23,1
2279.51,38.6,23,1
2279.65,38.64,23,1
2279.78,38.61,23,1
2279.92,38.62,23,1
2280.05,38.61,23,1
2280.19,38.62,23,1
2280.32,38.61,23,1
2280.46,38.61,23,1
2280.59,38.61,23,1
2280.73,38.59,23,1
2280.86,38.61,23,1
2281.0,38.6,23,1
2281.13,38.62,23,1
2281.27,38.61,23,1
2281.4,38.61,23,1
2281.54,38.62,23,1
2281.67,38.61,23,1
2281.81,38.61,23,1
2281.94,38.6,23,1
2282.08,38.61,23,1
2282.21,38.6,23,1
2282.35,38.6,23,1
2282.48,38.61,23,1
2282.61,38.61,23,1
2282.75,38.61,23,1
2282.89,38.6,23,1
2283.02,38.61,23,1
2283.15,38.6,23,1
2283.29,38.62,23,1
2283.42,38.6,23,1
2283.56,38.58,23,1
2283.69,38.6,23,1
2283.83,38.61,23,1
2283.96,38.61,23,1
2284.1,38.61,23,1
2284.23,38.61,23,1
2284.37,38.6,23,1
2284.5,38.6,23,1
2284.64,38.61,23,1
2284.77,38.6,23,1
2284.91,38.6,23,1
2285.04,38.61,23,1
2285.18,38.61,23,1
2285.31,38.61,23,1
2285.45,38.62,23,1
2285.58,38.61,23,1
2285.72,38.61,23,1
2285.85,38.61,23,1
2285.99,38.6,23,1
2286.12,38.61,23,1
2286.26,38.61,23,1
2286.39,38.61,23,1
2286.53,38.6,23,1
2286.66,38.61,23,1
2286.8,38.6,23,1
2286.93,38.62,23,1
2287.07,38.62,23,1
2287.2,38.61,23,1
2287.34,38.61,23,1
2287.47,38.62,23,1
2287.61,38.63,23,1
2287.74,38.61,23,1
2287.88,38.61,23,1
2288.01,38.63,23,1
2288.15,38.61,23,1
2288.28,38.6,23,1
2288.42,38.62,23,1
2288.55,38.62,23,1
2288.69,38.6,23,1
2288.82,38.61,23,1
2288.96,38.63,23,1
2289.09,38.62,23,1
2289.23,38.61,23,1
2289.36,38.62,23,1
2289.5,38.62,23,1
2289.63,38.62,23,1
2289.77,38.62,23,1
2289.9,38.62,23,1
2290.03,38.62,23,1
2290.17,38.62,23,1
2290.31,38.61,23,1
2290.44,38.64,23,1
2290.57,38.62,23,1
2290.71,38.61,23,1
2290.84,38.62,23,1
2290.98,38.62,23,1
2291.11,38.62,23,1
2291.25,38.66,23,1
2291.38,38.64,23,1
2291.52,38.63,23,1
2291.65,38.63,23,1
2291.79,38.63,23,1
2291.92,38.62,23,1
2292.06,38.62,23,1
2292.19,38.64,23,1
2292.33,38.64,23,1
2292.46,38.67,23,1
2292.6,38.66,23,1
2292.73,38.67,23,1
2292.87,38.65,23,1
2293.0,38.67,23,1
2293.14,38.63,23,1
2293.27,38.64,23,1
2293.41,38.65,23,1
2293.54,38.66,23,1
2293.68,38.63,23,1
2293.81,38.63,23,1
2293.95,38.64,23,1
2294.08,38.64,23,1
2294.22,38.64,23,1
2294.35,38.63,23,1
2294.49,38.63,23,1
2294.62,38.64,23,1
2294.76,38.64,23,1
2294.89,38.63,23,1
2295.03,38.64,23,1
2295.16,38.63,23,1
2295.3,38.64,23,1
2295.43,38.64,23,1
2295.57,38.63,23,1
2295.7,38.63,23,1
2295.84,38.63,23,1
2295.97,38.63,23,1
2296.11,38.61,23,1
2296.24,38.64,23,1
2296.38,38.63,23,1
2296.51,38.64,23,1
2296.65,38.63,23,1
2296.78,38.63,23,1
2296.91,38.63,23,1
2297.05,38.63,23,1
2297.19,38.64,23,1
2297.32,38.63,23,1
2297.45,38.63,23,1
2297.59,38.63,23,1
2297.72,38.63,23,1
2297.86,38.63,23,1
2298.0,38.63,23,1
2298.13,38.65,23,1
2298.26,38.63,23,1
2298.4,38.63,23,1
2298.53,38.64,23,1
2298.67,38.64,23,1
2298.8,38.64,23,1
2298.94,38.62,23,1
2299.07,38.63,23,1
2299.21,38.64,23,1
2299.34,38.62,23,1
2299.48,38.63,23,1
2299.61,38.63,23,1
2299.75,38.64,23,1
2299.88,38.64,23,1
2300.02,38.63,23,1
2300.15,38.64,23,1
2300.29,38.65,23,1
2300.42,38.65,23,1
2300.56,38.66,23,1
2300.69,38.64,23,1
2300.83,38.64,23,1
2300.96,38.65,23,1
2301.1,38.64,23,1
2301.23,38.67,23,1
2301.37,38.65,23,1
2301.5,38.65,23,1
2301.64,38.63,23,1
2301.77,38.63,23,1
2301.91,38.63,23,1
2302.04,38.64,23,1
2302.18,38.63,23,1
2302.31,38.62,23,1
2302.45,38.63,23,1
2302.58,38.64,23,1
2302.72,38.64,23,1
2302.85,38.64,23,1
2302.99,38.64,23,1
2303.12,38.65,23,1
2303.26,38.63,23,1
2303.39,38.63,23,1
2303.53,38.64,23,1
2303.66,38.64,23,1
2303.8,38.64,23,1
2303.93,38.64,23,1
2304.07,38.63,23,1
2304.2,38.64,23,1
2304.33,38.63,23,1
2304.47,38.64,23,1
2304.61,38.64,23,1
2304.74,38.66,23,1
2304.87,38.63,23,1
2305.01,38.64,23,1
2305.14,38.64,23,1
2305.28,38.63,23,1
2305.41,38.64,23,1
2305.55,38.64,23,1
2305.68,38.64,23,1
2305.82,38.63,23,1
2305.95,38.64,23,1
2306.09,38.64,23,1
2306.22,38.63,23,1
2306.36,38.63,23,1
2306.49,38.63,23,1
2306.63,38.63,23,1
2306.76,38.64,23,1
2306.9,38.64,23,1
2307.03,38.64,23,1
2307.17,38.64,23,1
2307.3,38.63,23,1
2307.44,38.64,23,1
2307.57,38.64,23,1
2307.71,38.65,23,1
2307.84,38.62,23,1
2307.98,38.63,23,1
2308.11,38.63,23,1
2308.25,38.63,23,1
2308.38,38.64,23,1
2308.52,38.64,23,1
2308.65,38.63,23,1
2308.79,38.63,23,1
2308.92,38.63,23,1
2309.06,38.63,23,1
2309.19,38.63,23,1
2309.33,38.65,23,1
2309.46,38.64,23,1
2309.6,38.63,23,1
2309.73,38.63,23,1
2309.87,38.63,23,1
2310.0,38.62,23,1
2310.14,38.63,23,1
2310.27,38.63,23,1
2310.41,38.63,23,1
2310.54,38.63,23,1
2310.68,38.62,23,1
2310.81,38.63,23,1
2310.94,38.63,23,1
2311.08,38.62,23,1
2311.22,38.61,23,1
2311.35,38.63,23,1
2311.48,38.63,23,1
2311.62,38.64,23,1
2311.75,38.62,23,1
2311.89,38.63,23,1
2312.02,38.62,23,1
2312.16,38.62,23,1
2312.29,38.62,23,1
2312.43,38.6,23,1
2312.56,38.62,23,1
2312.7,38.62,23,1
2312.83,38.62,23,1
2312.97,38.61,23,1
2313.1,38.63,23,1
2313.24,38.62,23,1
2313.37,38.63,23,1
2313.51,38.61,23,1
2313.64,38.63,23,1
2313.78,38.63,23,1
2313.91,38.6,23,1
2314.05,38.61,23,1
2314.18,38.63,23,1
2314.32,38.62,23,1
2314.45,38.63,23,1
2314.59,38.63,23,1
2314.72,38.64,23,1
2314.86,38.62,23,1
2314.99,38.62,23,1
2315.13,38.62,23,1
2315.26,38.61,23,1
2315.4,38.62,23,1
2315.53,38.63,23,1
2315.67,38.63,23,1
2315.8,38.61,23,1
2315.94,38.63,23,1
2316.07,38.62,23,1
2316.21,38.61,23,1
2316.34,38.62,23,1
2316.48,38.63,23,1
2316.61,38.62,23,1
2316.75,38.61,23,1
2316.88,38.61,23,1
2317.02,38.62,23,1
2317.15,38.62,23,1
2317.29,38.63,23,1
2317.42,38.61,23,1
2317.56,38.6,23,1
2317.69,38.61,23,1
2317.83,38.62,23,1
2317.96,38.62,34,1
2318.1,38.61,34,1
2318.23,38.62,34,1
2318.37,38.61,34,1
2318.5,38.61,34,1
2318.64,38.62,34,1
2318.77,38.63,34,1
2318.91,38.64,34,1
2319.04,38.64,34,1
2319.17,38.64,34,1
2319.31,38.66,34,1
2319.45,38.67,34,1
2319.58,38.67,34,1
2319.71,38.67,34,1
2319.85,38.69,34,1
2319.98,38.73,34,1
2320.12,38.72,34,1
2320.26,38.73,34,1
2320.39,38.74,34,1
2320.53,38.76,34,1
2320.66,38.75,34,1
2320.79,38.77,34,1
2320.93,38.8,34,1
2321.06,38.79,34,1
2321.2,38.81,34,1
2321.33,38.82,34,1
2321.47,38.85,34,1
2321.6,38.86,34,1
2321.74,38.88,34,1
2321.87,38.89,34,1
2322.01,38.89,34,1
2322.14,38.91,34,1
2322.28,38.96,34,1
2322.41,38.93,34,1
2322.55,38.96,34,1
2322.68,38.98,34,1
2322.82,38.98,34,1
2322.95,38.98,34,1
2323.09,39.01,34,1
2323.22,39.02,34,1
2323.36,39.03,34,1
2323.49,39.06,34,1
2323.63,39.06,34,1
2323.76,39.06,34,1
2323.9,39.08,34,1
2324.03,39.11,34,1
2324.17,39.11,34,1
2324.3,39.11,34,1
2324.44,39.14,34,1
2324.57,39.14,34,1
2324.71,39.17,34,1
2324.84,39.16,34,1
2324.98,39.19,34,1
2325.11,39.18,34,1
2325.25,39.19,34,1
2325.38,39.22,34,1
2325.52,39.22,34,1
2325.65,39.25,34,1
2325.79,39.25,34,1
2325.92,39.26,34,1
2326.06,39.26,34,1
2326.19,39.26,34,1
2326.33,39.31,34,1
2326.46,39.29,34,1
2326.6,39.28,34,1
2326.73,39.31,34,1
2326.86,39.34,34,1
2327.0,39.34,34,1
2327.14,39.35,34,1
2327.27,39.36,34,1
2327.4,39.37,34,1
2327.54,39.38,34,1
2327.67,39.39,34,1
2327.81,39.42,34,1
2327.94,39.4,34,1
2328.08,39.41,34,1
2328.21,39.41,34,1
2328.35,39.43,34,1
2328.48,39.47,34,1
2328.62,39.46,34,1
2328.75,39.5,34,1
2328.89,39.49,34,1
2329.02,39.5,34,1
2329.16,39.51,34,1
2329.29,39.51,34,1
2329.43,39.52,34,1
2329.56,39.52,34,1
2329.7,39.52,34,1
2329.83,39.57,34,1
2329.97,39.57,34,1
2330.1,39.57,34,1
2330.24,39.58,34,1
2330.37,39.59,34,1
2330.51,39.62,34,1
2330.64,39.64,34,1
2330.78,39.62,34,1
2330.91,39.62,34,1
2331.05,39.63,34,1
2331.18,39.65,34,1
2331.32,39.64,34,1
2331.45,39.68,34,1
2331.59,39.66,34,1
2331.72,39.7,34,1
2331.86,39.71,34,1
2331.99,39.71,34,1
2332.13,39.72,34,1
2332.26,39.7,34,1
2332.4,39.77,34,1
2332.53,39.76,34,1
2332.67,39.76,34,1
2332.8,39.77,34,1
2332.94,39.77,34,1
2333.07,39.77,34,1
2333.21,39.8,34,1
2333.34,39.79,34,1
2333.47,39.8,34,1
2333.61,39.81,34,1
2333.75,39.81,34,1
2333.88,39.85,34,1
2334.01,39.84,34,1
2334.15,39.85,34,1
2334.28,39.87,34,1
2334.42,39.84,34,1
2334.55,39.88,34,1
2334.69,39.89,34,1
2334.82,39.89,34,1
2334.96,39.89,34,1
2335.09,39.91,34,1
2335.23,39.91,34,1
2335.36,39.93,34,1
2335.5,39.94,34,1
2335.63,39.95,34,1
2335.77,39.95,34,1
2335.9,39.96,34,1
2336.04,39.96,34,1
2336.17,39.98,34,1
2336.31,40.02,34,1
2336.44,39.99,34,1
2336.58,40.0,34,1
2336.71,40.01,34,1
2336.85,40.04,34,1
2336.98,40.04,34,1
2337.12,40.04,34,1
2337.25,40.03,34,1
2337.39,40.07,34,1
2337.52,40.07,34,1
2337.66,40.07,34,1
2337.79,40.06,34,1
2337.93,40.08,34,1
2338.06,40.08,34,1
2338.2,40.07,34,1
2338.33,40.11,34,1
2338.47,40.12,34,1
2338.6,40.13,34,1
2338.74,40.15,34,1
2338.87,40.14,34,1
2339.01,40.12,34,1
2339.14,40.16,34,1
2339.28,40.16,34,1
2339.41,40.16,34,1
2339.55,40.18,34,1
2339.68,40.18,34,1
2339.82,40.2,34,1
2339.95,40.2,34,1
2340.08,40.21,34,1
2340.22,40.22,34,1
2340.36,40.2,34,1
2340.49,40.21,34,1
2340.62,40.24,34,1
2340.76,40.25,34,1
2340.89,40.25,34,1
2341.03,40.27,34,1
2341.16,40.28,34,1
2341.3,40.28,34,1
2341.43,40.29,34,1
2341.57,40.35,34,1
2341.7,40.35,34,1
2341.84,40.36,34,1
2341.97,40.36,34,1
2342.11,40.37,34,1
2342.24,40.37,34,1
2342.38,40.39,34,1
2342.51,40.4,34,1
2342.65,40.4,34,1
2342.78,40.39,34,1
2342.92,40.41,34,1
2343.05,40.4,34,1
2343.19,40.4,34,1
2343.32,40.43,34,1
2343.46,40.41,34,1
2343.59,40.43,34,1
2343.73,40.41,34,1
2343.86,40.44,34,1
2344.0,40.45,34,1
2344.13,40.47,34,1
2344.27,40.46,34,1
2344.4,40.47,34,1
2344.54,40.49,34,1
2344.67,40.51,34,1
2344.81,40.49,34,1
2344.94,40.51,34,1
2345.08,40.51,34,1
2345.21,40.51,34,1
2345.35,40.53,34,1
2345.48,40.53,34,1
2345.62,40.55,34,1
2345.75,40.54,34,1
2345.89,40.55,34,1
2346.02,40.55,34,1
2346.16,40.57,34,1
2346.29,40.58,34,1
2346.43,40.58,34,1
2346.56,40.59,34,1
2346.7,40.59,34,1
2346.83,40.6,34,1
2346.97,40.6,34,1
2347.1,40.61,34,1
2347.24,40.61,34,1
2347.37,40.59,34,1
2347.5,40.63,34,1
2347.64,40.63,34,1
2347.78,40.65,34,1
2347.91,40.65,34,1
2348.05,40.65,34,1
2348.18,40.66,34,1
2348.31,40.66,34,1
2348.45,40.67,34,1
2348.58,40.68,34,1
2348.72,40.68,34,1
2348.85,40.69,34,1
2348.99,40.68,34,1
2349.12,40.71,34,1
2349.26,40.71,34,1
2349.39,40.71,34,1
2349.53,40.72,34,1
2349.66,40.73,34,1
2349.8,40.73,34,1
2349.93,40.75,34,1
2350.07,40.74,34,1
2350.2,40.75,34,1
2350.34,40.76,34,1
2350.47,40.75,34,1
2350.61,40.76,34,1
2350.74,40.78,34,1
2350.88,40.79,34,1
2351.01,40.8,34,1
2351.15,40.79,34,1
2351.28,40.79,34,1
2351.42,40.81,34,1
2351.55,40.81,34,1
2351.69,40.83,34,1
2351.82,40.84,34,1
2351.96,40.83,34,1
2352.09,40.84,34,1
2352.23,40.85,34,1
2352.36,40.86,34,1
2352.5,40.87,34,1
2352.63,40.85,34,1
2352.77,40.88,34,1
2352.9,40.88,34,1
2353.04,40.88,34,1
2353.17,40.9,34,1
2353.31,40.89,34,1
2353.44,40.9,34,1
2353.58,40.91,34,1
2353.71,40.94,34,1
2353.85,40.93,34,1
2353.98,40.93,34,1
2354.12,40.93,34,1
2354.25,40.95,34,1
2354.39,40.95,34,1
2354.52,40.94,34,1
2354.66,40.95,34,1
2354.79,40.95,34,1
2354.93,40.97,34,1
2355.06,40.97,34,1
2355.19,40.98,34,1
2355.33,40.96,34,1
2355.47,40.98,34,1
2355.6,41.01,34,1
2355.73,41.0,34,1
2355.87,41.02,34,1
2356.0,41.02,34,1
2356.14,41.04,34,1
2356.27,41.05,34,1
2356.41,41.03,34,1
2356.54,41.01,34,1
2356.68,41.03,34,1
2356.81,41.05,34,1
2356.95,41.05,34,1
2357.08,41.07,34,1
2357.22,41.04,34,1
2357.35,41.06,34,1
2357.49,41.07,34,1
2357.62,41.07,34,1
2357.76,41.09,34,1
2357.89,41.07,34,1
2358.03,41.08,34,1
2358.16,41.09,34,1
2358.3,41.1,34,1
2358.43,41.11,34,1
2358.57,41.12,34,1
2358.7,41.14,34,1
2358.84,41.13,34,1
2358.97,41.14,34,1
2359.11,41.12,34,1
2359.24,41.14,34,1
2359.38,41.15,34,1
2359.51,41.15,34,1
2359.65,41.16,34,1
2359.78,41.17,34,1
2359.92,41.18,34,1
2360.05,41.18,34,1
2360.19,41.19,34,1
2360.32,41.2,34,1
2360.46,41.19,34,1
2360.59,41.21,34,1
2360.73,41.21,34,1
2360.86,41.2,34,1
2361.0,41.22,34,1
2361.13,41.23,34,1
2361.27,41.25,34,1
2361.4,41.25,34,1
2361.54,41.25,34,1
2361.67,41.26,34,1
2361.81,41.26,34,1
2361.94,41.28,34,1
2362.08,41.27,34,1
2362.21,41.28,34,1
2362.35,41.3,34,1
2362.48,41.3,34,1
2362.61,41.3,34,1
2362.75,41.32,34,1
2362.89,41.31,34,1
2363.02,41.32,34,1
2363.15,41.32,34,1
2363.29,41.3,34,1
2363.42,41.32,34,1
2363.56,41.32,34,1
2363.69,41.35,34,1
2363.83,41.34,34,1
2363.96,41.33,34,1
2364.1,41.36,34,1
2364.23,41.36,34,1
2364.37,41.36,34,1
2364.5,41.37,34,1
2364.64,41.37,34,1
2364.77,41.38,34,1
2364.91,41.38,34,1
2365.04,41.39,34,1
2365.18,41.39,34,1
2365.31,41.38,34,1
2365.45,41.41,34,1
2365.58,41.4,34,1
2365.72,41.41,34,1
2365.85,41.42,34,1
2365.99,41.43,34,1
2366.12,41.42,34,1
2366.26,41.44,34,1
2366.39,41.43,34,1
2366.53,41.44,34,1
2366.66,41.45,34,1
2366.8,41.45,34,1
2366.93,41.45,34,1
2367.07,41.48,34,1
2367.2,41.47,34,1
2367.34,41.48,34,1
2367.47,41.49,34,1
2367.61,41.5,34,1
2367.74,41.5,34,1
2367.88,41.5,34,1
2368.01,41.51,34,1
2368.15,41.52,34,1
2368.28,41.52,34,1
2368.42,41.53,34,1
2368.55,41.53,34,1
2368.69,41.53,34,1
2368.82,41.53,34,1
2368.96,41.53,34,1
2369.09,41.55,34,1
2369.23,41.57,34,1
2369.36,41.55,34,1
2369.5,41.56,34,1
2369.63,41.56,34,1
2369.77,41.55,34,1
2369.9,41.57,34,1
2370.03,41.59,34,1
2370.17,41.58,34,1
2370.31,41.61,34,1
2370.44,41.58,34,1
2370.57,41.59,34,1
2370.71,41.6,34,1
2370.84,41.6,34,1
2370.98,41.6,34,1
2371.11,41.61,34,1
2371.25,41.63,34,1
2371.38,41.63,34,1
2371.52,41.63,34,1
2371.65,41.63,34,1
2371.79,41.63,34,1
2371.92,41.63,34,1
2372.06,41.65,34,1
2372.19,41.65,34,1
2372.33,41.65,34,1
2372.46,41.67,34,1
2372.6,41.66,34,1
2372.73,41.67,34,1
2372.87,41.65,34,1
2373.0,41.67,34,1
2373.14,41.68,34,1
2373.27,41.68,34,1
2373.41,41.7,34,1
2373.54,41.69,34,1
2373.68,41.71,34,1
2373.81,41.7,34,1
2373.95,41.71,34,1
2374.08,41.7,34,1
2374.22,41.71,34,1
2374.35,41.72,34,1
2374.49,41.73,34,1
2374.62,41.73,34,1
2374.76,41.75,34,1
2374.89,41.75,34,1
2375.03,41.73,34,1
2375.16,41.74,34,1
2375.3,41.74,34,1
2375.43,41.75,34,1
2375.57,41.75,34,1
2375.7,41.75,34,1
2375.84,41.77,34,1
2375.97,41.75,34,1
2376.11,41.78,34,1
2376.24,41.76,34,1
2376.38,41.77,34,1
2376.51,41.78,34,1
2376.65,41.79,34,1
2376.78,41.81,34,1
2376.91,41.8,34,1
2377.05,41.79,34,1
2377.19,41.8,34,1
2377.32,41.82,34,1
2377.45,41.81,34,1
2377.59,41.82,34,1
2377.72,41.81,34,1
2377.86,41.83,34,1
2378.0,41.82,34,1
2378.13,41.81,34,1
2378.26,41.84,34,1
2378.4,41.83,34,1
2378.53,41.85,34,1
2378.67,41.84,34,1
2378.8,41.84,34,1
2378.94,41.86,34,1
2379.07,41.85,34,1
2379.21,41.86,34,1
2379.34,41.88,34,1
2379.48,41.86,34,1
2379.61,41.88,34,1
2379.75,41.89,34,1
2379.88,41.88,34,1
2380.02,41.89,34,1
2380.15,41.9,34,1
2380.29,41.9,34,1
2380.42,41.9,34,1
2380.56,41.95,34,1
2380.69,41.92,34,1
2380.83,41.92,34,1
2380.96,41.91,34,1
2381.1,41.93,34,1
2381.23,41.92,34,1
2381.37,41.94,34,1
2381.5,41.92,34,1
2381.64,41.93,34,1
2381.77,41.95,34,1
2381.91,41.94,34,1
2382.04,41.95,34,1
2382.18,41.94,34,1
2382.31,41.97,34,1
2382.45,41.96,34,1
2382.58,41.96,34,1
2382.72,41.96,34,1
2382.85,41.98,34,1
2382.99,41.98,34,1
2383.12,41.97,34,1
2383.26,41.97,34,1
2383.39,41.96,34,1
2383.53,42.0,34,1
2383.66,41.99,34,1
2383.8,41.99,34,1
2383.93,42.0,34,1
2384.07,42.01,34,1
2384.2,41.98,34,1
2384.34,42.02,34,1
2384.47,42.01,34,1
2384.61,42.03,34,1
2384.74,42.02,34,1
2384.88,42.03,34,1
2385.01,42.03,34,1
2385.14,42.05,34,1
2385.28,42.04,34,1
2385.42,42.05,34,1
2385.55,42.05,34,1
2385.68,42.04,34,1
2385.82,42.06,34,1
2385.95,42.05,34,1
2386.09,42.03,34,1
2386.22,42.06,34,1
2386.36,42.06,34,1
2386.5,42.11,34,1
2386.63,42.07,34,1
2386.76,42.08,34,1
2386.9,42.1,34,1
2387.03,42.08,34,1
2387.17,42.08,34,1
2387.3,42.1,34,1
2387.44,42.11,34,1
2387.57,42.09,34,1
2387.71,42.1,34,1
2387.84,42.11,34,1
2387.98,42.11,34,1
2388.11,42.13,34,1
2388.25,42.13,34,1
2388.38,42.13,34,1
2388.52,42.15,34,1
2388.65,42.14,34,1
2388.79,42.14,34,1
2388.92,42.13,34,1
2389.06,42.15,34,1
2389.19,42.14,34,1
2389.33,42.15,34,1
2389.46,42.16,34,1
2389.6,42.15,34,1
2389.73,42.15,34,1
2389.87,42.19,34,1
2390.0,42.18,34,1
2390.14,42.17,34,1
2390.27,42.19,34,1
2390.41,42.17,34,1
2390.54,42.18,34,1
2390.68,42.2,34,1
2390.81,42.19,34,1
2390.95,42.18,34,1
2391.08,42.2,34,1
2391.22,42.2,34,1
2391.35,42.21,34,1
2391.49,42.21,34,1
2391.62,42.21,34,1
2391.76,42.21,34,1
2391.89,42.23,34,1
2392.03,42.23,34,1
2392.16,42.22,34,1
2392.3,42.23,34,1
2392.43,42.25,34,1
2392.57,42.24,34,1
2392.7,42.24,34,1
2392.84,42.24,34,1
2392.97,42.26,34,1
2393.11,42.25,34,1
2393.24,42.24,34,1
2393.37,42.27,34,1
2393.51,42.25,34,1
2393.65,42.27,34,1
2393.78,42.26,34,1
2393.91,42.28,34,1
2394.05,42.28,34,1
2394.18,42.27,34,1
2394.32,42.27,34,1
2394.45,42.28,34,1
2394.59,42.26,34,1
2394.72,42.28,34,1
2394.86,42.29,34,1
2394.99,42.31,34,1
2395.13,42.31,34,1
2395.26,42.3,34,1
2395.4,42.32,34,1
2395.53,42.32,34,1
2395.67,42.31,34,1
2395.8,42.31,34,1
2395.94,42.33,34,1
2396.07,42.32,34,1
2396.21,42.32,34,1
2396.34,42.33,34,1
2396.48,42.33,34,1
2396.61,42.34,34,1
2396.75,42.34,34,1
2396.88,42.34,34,1
2397.02,42.35,34,1
2397.15,42.35,34,1
2397.29,42.35,34,1
2397.42,42.36,34,1
2397.56,42.36,34,1
2397.69,42.36,34,1
2397.83,42.36,34,1
2397.96,42.37,34,1
2398.1,42.37,34,1
2398.23,42.37,34,1
2398.37,42.37,34,1
2398.5,42.39,34,1
2398.64,42.39,34,1
2398.77,42.39,34,1
2398.91,42.39,34,1
2399.04,42.38,34,1
2399.18,42.41,34,1
2399.31,42.4,34,1
2399.45,42.41,34,1
2399.58,42.4,34,1
2399.72,42.43,34,1
2399.85,42.39,34,1
2399.99,42.42,34,1
2400.12,42.42,34,1
2400.26,42.41,34,1
2400.39,42.43,34,1
2400.53,42.45,34,1
2400.66,42.43,34,1
2400.79,42.44,34,1
2400.93,42.44,34,1
2401.06,42.45,34,1
2401.2,42.44,34,1
2401.33,42.45,34,1
2401.47,42.46,34,1
2401.6,42.45,34,1
2401.74,42.46,34,1
2401.87,42.46,34,1
2402.01,42.45,34,1
2402.14,42.45,34,1
2402.28,42.47,34,1
2402.41,42.47,34,1
2402.55,42.47,34,1
2402.68,42.48,34,1
2402.82,42.47,34,1
2402.95,42.48,34,1
2403.09,42.5,34,1
2403.22,42.5,34,1
2403.36,42.5,34,1
2403.49,42.48,34,1
2403.63,42.51,34,1
2403.76,42.5,34,1
2403.9,42.51,34,1
2404.03,42.52,34,1
2404.17,42.5,34,1
2404.3,42.51,34,1
2404.44,42.51,34,1
2404.57,42.5,34,1
2404.71,42.51,34,1
2404.84,42.51,34,1
2404.98,42.52,34,1
2405.11,42.53,34,1
2405.25,42.52,34,1
2405.38,42.54,34,1
2405.52,42.53,34,1
2405.65,42.53,34,1
2405.79,42.54,34,1
2405.92,42.55,34,1
2406.06,42.54,34,1
2406.19,42.55,34,1
2406.33,42.56,34,1
2406.46,42.55,34,1
2406.6,42.56,34,1
2406.73,42.54,34,1
2406.87,42.55,34,1
2407.0,42.56,34,1
2407.14,42.57,34,1
2407.27,42.55,34,1
2407.41,42.6,34,1
2407.54,42.59,34,1
2407.67,42.58,34,1
2407.81,42.58,34,1
2407.95,42.58,34,1
2408.08,42.58,34,1
2408.21,42.59,34,1
2408.35,42.59,34,1
2408.48,42.59,34,1
2408.62,42.59,34,1
2408.75,42.61,34,1
2408.89,42.59,34,1
2409.02,42.6,34,1
2409.16,42.61,34,1
2409.29,42.61,34,1
2409.43,42.61,34,1
2409.56,42.61,34,1
2409.7,42.61,34,1
2409.83,42.63,34,1
2409.97,42.61,34,1
2410.1,42.62,34,1
2410.24,42.63,34,1
2410.37,42.62,34,1
2410.51,42.64,34,1
2410.64,42.63,34,1
2410.78,42.65,34,1
2410.91,42.64,34,1
2411.05,42.63,34,1
2411.18,42.64,34,1
2411.32,42.64,34,1
2411.45,42.66,34,1
2411.59,42.64,34,1
2411.72,42.65,34,1
2411.86,42.67,34,1
2411.99,42.65,34,1
2412.13,42.67,34,1
2412.26,42.67,34,1
2412.4,42.69,34,1
2412.53,42.68,34,1
2412.67,42.68,34,1
2412.8,42.68,34,1
2412.94,42.68,34,1
2413.07,42.67,34,1
2413.21,42.68,34,1
2413.34,42.68,34,1
2413.48,42.7,34,1
2413.61,42.71,34,1
2413.75,42.68,34,1
2413.88,42.69,34,1
2414.02,42.71,34,1
2414.15,42.7,34,1
2414.29,42.69,34,1
2414.42,42.72,34,1
2414.56,42.71,34,1
2414.69,42.72,34,1
2414.83,42.71,34,1
2414.96,42.72,34,1
2415.09,42.72,34,1
2415.23,42.74,34,1
2415.37,42.72,34,1
2415.5,42.72,34,1
2415.64,42.72,34,1
2415.77,42.74,34,1
2415.9,42.73,34,1
2416.04,42.73,34,1
2416.17,42.72,34,1
2416.31,42.72,34,1
2416.44,42.74,34,1
2416.58,42.74,34,1
2416.71,42.76,34,1
2416.85,42.77,34,1
2416.98,42.74,34,1
2417.12,42.76,34,1
2417.25,42.76,34,1
2417.39,42.76,34,1
2417.52,42.78,34,1
2417.66,42.77,34,1
2417.79,42.77,34,1
2417.93,42.77,34,1
2418.06,42.78,34,1
2418.2,42.79,34,1
2418.33,42.78,34,1
2418.47,42.78,34,1
2418.6,42.78,34,1
2418.74,42.79,34,1
2418.87,42.78,34,1
2419.01,42.79,34,1
2419.14,42.79,34,1
2419.28,42.8,34,1
2419.41,42.8,34,1
2419.55,42.79,34,1
2419.68,42.82,34,1
2419.82,42.81,34,1
2419.95,42.83,34,1
2420.09,42.82,34,1
2420.22,42.82,34,1
2420.36,42.83,34,1
2420.49,42.82,34,1
2420.63,42.82,34,1
2420.76,42.83,34,1
2420.9,42.84,34,1
2421.03,42.83,34,1
2421.17,42.83,34,1
2421.3,42.84,34,1
2421.44,42.84,34,1
2421.57,42.85,34,1
2421.71,42.84,34,1
2421.84,42.84,34,1
2421.98,42.86,34,1
2422.11,42.86,34,1
2422.25,42.85,34,1
2422.38,42.84,34,1
2422.52,42.86,34,1
2422.65,42.85,34,1
2422.79,42.86,34,1
2422.92,42.88,34,1
2423.06,42.87,34,1
2423.19,42.88,34,1
2423.32,42.87,34,1
2423.46,42.88,34,1
2423.59,42.87,34,1
2423.73,42.88,34,1
2423.86,42.88,34,1
2424.0,42.87,34,1
2424.13,42.88,34,1
2424.27,42.9,34,1
2424.4,42.89,34,1
2424.54,42.89,34,1
2424.67,42.9,34,1
2424.81,42.89,34,1
2424.94,42.9,34,1
2425.08,42.89,34,1
2425.21,42.9,34,1
2425.35,42.9,34,1
2425.48,42.91,34,1
2425.62,42.91,34,1
2425.75,42.91,34,1
2425.89,42.9,34,1
2426.02,42.9,34,1
2426.16,42.92,34,1
2426.29,42.91,34,1
2426.43,42.9,34,1
2426.56,42.92,34,1
2426.7,42.93,34,1
2426.83,42.93,34,1
2426.97,42.93,34,1
2427.1,42.93,34,1
2427.24,42.93,34,1
2427.37,42.94,34,1
2427.51,42.94,34,1
2427.64,42.96,34,1
2427.78,42.95,34,1
2427.91,42.96,34,1
2428.05,42.94,34,1
2428.18,42.94,34,1
2428.32,42.97,34,1
2428.45,42.95,34,1
2428.59,43.0,34,1
2428.72,42.96,34,1
2428.86,42.96,34,1
2428.99,42.97,34,1
2429.13,42.96,34,1
2429.26,42.97,34,1
2429.39,42.98,34,1
2429.53,42.98,34,1
2429.67,42.97,34,1
2429.8,42.98,34,1
2429.93,42.98,34,1
2430.07,42.97,34,1
2430.2,42.98,34,1
2430.34,42.99,34,1
2430.47,42.97,34,1
2430.61,42.98,34,1
2430.75,43.0,34,1
2430.88,42.99,34,1
2431.01,42.99,34,1
2431.15,42.99,34,1
2431.28,43.0,34,1
2431.42,42.99,34,1
2431.55,42.99,34,1
2431.69,43.01,34,1
2431.82,43.01,34,1
2431.96,43.0,34,1
2432.09,43.01,34,1
2432.23,43.01,34,1
2432.36,43.01,34,1
2432.5,43.01,34,1
2432.63,43.02,34,1
2432.77,43.01,34,1
2432.9,43.02,34,1
2433.04,43.01,34,1
2433.17,43.02,34,1
2433.31,43.04,34,1
2433.44,43.05,34,1
2433.58,43.03,34,1
2433.71,43.04,34,1
2433.85,43.02,34,1
2433.98,43.04,34,1
2434.12,43.04,34,1
2434.25,43.05,34,1
2434.39,43.03,34,1
2434.52,43.04,34,1
2434.66,43.03,34,1
2434.79,43.05,34,1
2434.93,43.05,34,1
2435.06,43.05,34,1
2435.2,43.06,34,1
2435.33,43.07,34,1
2435.47,43.07,34,1
2435.6,43.06,34,1
2435.74,43.06,34,1
2435.87,43.05,34,1
2436.01,43.05,34,1
2436.14,43.04,34,1
2436.28,43.07,34,1
2436.41,43.07,34,1
2436.55,43.06,34,1
2436.68,43.07,34,1
2436.81,43.07,34,1
2436.95,43.05,34,1
2437.09,43.08,34,1
2437.22,43.08,34,1
2437.35,43.08,34,1
2437.49,43.09,34,1
2437.62,43.07,34,1
2437.76,43.07,34,1
2437.89,43.07,34,1
2438.03,43.09,34,1
2438.16,43.08,34,1
2438.3,43.09,34,1
2438.43,43.1,34,1
2438.57,43.08,34,1
2438.7,43.1,34,1
2438.84,43.11,34,1
2438.97,43.12,34,1
2439.11,43.1,34,1
2439.24,43.1,34,1
2439.38,43.1,34,1
2439.51,43.09,34,1
2439.65,43.11,34,1
2439.78,43.12,34,1
2439.92,43.1,34,1
2440.05,43.08,34,1
2440.19,43.1,34,1
2440.32,43.11,34,1
2440.46,43.11,34,1
2440.59,43.1,34,1
2440.73,43.1,34,1
2440.86,43.13,34,1
2441.0,43.13,34,1
2441.13,43.13,34,1
2441.27,43.14,34,1
2441.4,43.14,34,1
2441.54,43.13,34,1
2441.67,43.14,34,1
2441.81,43.15,34,1
2441.94,43.14,34,1
2442.08,43.15,34,1
2442.21,43.13,34,1
2442.35,43.15,34,1
2442.48,43.13,34,1
2442.62,43.13,34,1
2442.75,43.14,34,1
2442.89,43.15,34,1
2443.02,43.15,34,1
2443.16,43.15,34,1
2443.29,43.15,34,1
2443.43,43.15,34,1
2443.56,43.16,34,1
2443.7,43.16,34,1
2443.83,43.17,34,1
2443.97,43.15,34,1
2444.1,43.15,34,1
2444.23,43.16,34,1
2444.37,43.2,34,1
2444.51,43.17,34,1
2444.64,43.15,34,1
2444.78,43.19,34,1
2444.91,43.18,34,1
2445.04,43.17,34,1
2445.18,43.18,34,1
2445.32,43.17,34,1
2445.45,43.18,34,1
2445.58,43.18,34,1
2445.72,43.19,34,1
2445.85,43.19,34,1
2445.99,43.2,34,1
2446.12,43.19,34,1
2446.26,43.19,34,1
2446.39,43.2,34,1
2446.53,43.19,34,1
2446.66,43.19,34,1
2446.8,43.19,34,1
2446.93,43.19,34,1
2447.07,43.21,34,1
2447.2,43.2,34,1
2447.34,43.19,34,1
2447.47,43.19,34,1
2447.61,43.2,34,1
2447.74,43.2,34,1
2447.88,43.2,34,1
2448.01,43.2,34,1
2448.15,43.21,34,1
2448.28,43.22,34,1
2448.42,43.2,34,1
2448.55,43.22,34,1
2448.69,43.23,34,1
2448.82,43.23,34,1
2448.96,43.22,34,1
2449.09,43.23,34,1
2449.23,43.23,34,1
2449.36,43.23,34,1
2449.5,43.23,34,1
2449.63,43.23,34,1
2449.77,43.23,34,1
2449.9,43.25,34,1
2450.04,43.23,34,1
2450.17,43.23,34,1
2450.31,43.24,34,1
2450.44,43.22,34,1
2450.58,43.24,34,1
2450.71,43.24,34,1
2450.85,43.24,34,1
2450.98,43.24,34,1
2451.12,43.26,34,1
2451.25,43.26,34,1
2451.39,43.27,34,1
2451.52,43.28,34,1
2451.65,43.26,34,1
2451.79,43.26,34,1
2451.93,43.26,34,1
2452.06,43.25,34,1
2452.19,43.27,34,1
2452.33,43.27,34,1
2452.46,43.26,34,1
2452.6,43.26,34,1
2452.73,43.28,34,1
2452.87,43.26,34,1
2453.0,43.26,34,1
2453.14,43.27,34,1
2453.27,43.29,34,1
2453.41,43.27,34,1
2453.54,43.28,34,1
2453.68,43.27,34,1
2453.81,43.27,34,1
2453.95,43.28,34,1
2454.08,43.28,34,1
2454.22,43.29,34,1
2454.35,43.29,34,1
2454.49,43.31,34,1
2454.62,43.31,34,1
2454.76,43.3,34,1
2454.89,43.3,34,1
2455.03,43.28,34,1
2455.16,43.29,34,1
2455.3,43.3,34,1
2455.43,43.3,34,1
2455.57,43.29,34,1
2455.7,43.31,34,1
2455.84,43.3,34,1
2455.97,43.3,34,1
2456.11,43.29,34,1
2456.24,43.31,34,1
2456.38,43.32,34,1
2456.51,43.32,34,1
2456.65,43.33,34,1
2456.78,43.32,34,1
2456.92,43.31,34,1
2457.05,43.34,34,1
2457.19,43.34,34,1
2457.32,43.33,34,1
2457.46,43.32,34,1
2457.59,43.33,34,1
2457.73,43.34,34,1
2457.86,43.35,34,1
2458.0,43.32,34,1
2458.13,43.33,34,1
2458.27,43.33,34,1
2458.4,43.34,34,1
2458.53,43.34,34,1
2458.67,43.35,34,1
2458.81,43.35,34,1
2458.94,43.36,34,1
2459.07,43.36,34,1
2459.21,43.36,34,1
2459.34,43.36,34,1
2459.48,43.35,34,1
2459.61,43.36,34,1
2459.75,43.38,34,1
2459.88,43.35,34,1
2460.02,43.34,34,1
2460.15,43.35,34,1
2460.29,43.36,34,1
2460.42,43.37,34,1
2460.56,43.38,34,1
2460.69,43.38,34,1
2460.83,43.37,34,1
2460.96,43.36,34,1
2461.1,43.38,34,1
2461.23,43.36,34,1
2461.37,43.36,34,1
2461.5,43.33,34,1
2461.64,43.32,34,1
2461.77,43.34,34,1
2461.91,43.32,34,1
2462.04,43.36,34,1
2462.18,43.38,34,1
2462.31,43.39,34,1
2462.45,43.4,34,1
2462.58,43.39,34,1
2462.72,43.39,34,1
2462.85,43.35,34,1
2462.99,43.34,34,1
2463.12,43.35,34,1
2463.26,43.37,34,1
2463.39,43.37,34,1
2463.53,43.37,34,1
2463.66,43.39,34,1
2463.8,43.38,34,1
2463.93,43.4,34,1
2464.07,43.38,34,1
2464.2,43.38,34,1
2464.34,43.39,34,1
2464.47,43.38,34,1
2464.61,43.4,34,1
2464.74,43.39,34,1
2464.88,43.42,34,1
2465.01,43.4,34,1
2465.14,43.41,34,1
2465.28,43.43,34,1
2465.42,43.42,34,1
2465.55,43.43,34,1
2465.69,43.41,34,1
2465.82,43.41,34,1
2465.95,43.42,34,1
2466.09,43.44,34,1
2466.22,43.42,34,1
2466.36,43.43,34,1
2466.5,43.41,34,1
2466.63,43.43,34,1
2466.76,43.42,34,1
2466.9,43.42,34,1
2467.03,43.39,34,1
2467.17,43.38,34,1
2467.3,43.38,34,1
2467.44,43.4,34,1
2467.57,43.38,34,1
2467.71,43.4,34,1
2467.84,43.4,34,1
2467.98,43.39,34,1
2468.11,43.41,34,1
2468.25,43.4,34,1
2468.38,43.42,34,1
2468.52,43.4,34,1
2468.65,43.42,34,1
2468.79,43.4,34,1
2468.92,43.4,34,1
2469.06,43.4,34,1
2469.19,43.41,34,1
2469.33,43.4,34,1
2469.46,43.41,34,1
2469.6,43.42,34,1
2469.73,43.43,34,1
2469.87,43.41,34,1
2470.0,43.41,34,1
2470.14,43.41,34,1
2470.27,43.42,34,1
2470.41,43.42,34,1
2470.54,43.43,34,1
2470.68,43.42,34,1
2470.81,43.42,34,1
2470.95,43.44,34,1
2471.08,43.43,34,1
2471.22,43.45,34,1
2471.35,43.45,34,1
2471.49,43.45,34,1
2471.62,43.46,34,1
2471.76,43.45,34,1
2471.89,43.45,34,1
2472.03,43.45,34,1
2472.16,43.44,34,1
2472.3,43.47,34,1
2472.43,43.46,34,1
2472.56,43.47,34,1
2472.7,43.46,34,1
2472.84,43.45,34,1
2472.97,43.45,34,1
2473.1,43.45,34,1
2473.24,43.46,34,1
2473.37,43.47,34,1
2473.51,43.47,34,1
2473.64,43.46,34,1
2473.78,43.46,34,1
2473.91,43.45,34,1
2474.05,43.48,34,1
2474.18,43.47,34,1
2474.32,43.48,34,1
2474.45,43.47,34,1
2474.59,43.47,34,1
2474.72,43.49,34,1
2474.86,43.49,34,1
2474.99,43.48,34,1
2475.13,43.48,34,1
2475.26,43.49,34,1
2475.4,43.49,34,1
2475.53,43.48,34,1
2475.67,43.49,34,1
2475.8,43.49,34,1
2475.94,43.49,34,1
2476.07,43.49,34,1
2476.21,43.48,34,1
2476.34,43.48,34,1
2476.48,43.5,34,1
2476.61,43.49,34,1
2476.75,43.48,34,1
2476.88,43.48,34,1
2477.02,43.49,34,1
2477.15,43.49,34,1
2477.29,43.5,34,1
2477.42,43.5,34,1
2477.56,43.52,34,1
2477.69,43.5,34,1
2477.83,43.5,34,1
2477.96,43.5,34,1
2478.1,43.5,34,1
2478.23,43.54,34,1
2478.37,43.51,34,1
2478.5,43.51,34,1
2478.64,43.51,34,1
2478.77,43.5,34,1
2478.91,43.51,34,1
2479.04,43.51,34,1
2479.18,43.52,34,1
2479.31,43.51,34,1
2479.45,43.51,34,1
2479.58,43.51,34,1
2479.72,43.51,34,1
2479.85,43.51,34,1
2479.98,43.51,34,1
2480.12,43.52,34,1
2480.25,43.53,34,1
2480.39,43.52,34,1
2480.52,43.51,34,1
2480.66,43.52,34,1
2480.79,43.54,34,1
2480.93,43.54,34,1
2481.06,43.54,34,1
2481.2,43.51,34,1
2481.33,43.52,34,1
2481.47,43.53,34,1
2481.6,43.52,34,1
2481.74,43.53,34,1
2481.87,43.52,34,1
2482.01,43.52,34,1
2482.14,43.52,34,1
2482.28,43.54,34,1
2482.41,43.53,34,1
2482.55,43.55,34,1
2482.68,43.53,34,1
2482.82,43.55,34,1
2482.95,43.52,34,1
2483.09,43.54,34,1
2483.22,43.56,34,1
2483.36,43.55,34,1
2483.49,43.56,34,1
2483.63,43.56,34,1
2483.76,43.55,34,1
2483.9,43.55,34,1
2484.03,43.56,34,1
2484.17,43.57,34,1
2484.3,43.57,34,1
2484.44,43.56,34,1
2484.57,43.55,34,1
2484.71,43.56,34,1
2484.84,43.55,34,1
2484.98,43.57,34,1
2485.11,43.58,34,1
2485.25,43.58,34,1
2485.38,43.58,34,1
2485.52,43.58,34,1
2485.65,43.57,34,1
2485.79,43.59,34,1
2485.92,43.57,34,1
2486.05,43.56,34,1
2486.19,43.57,34,1
2486.33,43.56,34,1
2486.46,43.58,34,1
2486.59,43.56,34,1
2486.73,43.58,34,1
2486.86,43.6,34,1
2487.0,43.59,34,1
2487.13,43.58,34,1
2487.27,43.56,34,1
2487.4,43.58,34,1
2487.54,43.57,34,1
2487.67,43.58,34,1
2487.81,43.57,34,1
2487.94,43.6,34,1
2488.08,43.57,34,1
2488.21,43.59,34,1
2488.35,43.58,34,1
2488.48,43.57,34,1
2488.62,43.57,34,1
2488.75,43.58,34,1
2488.89,43.58,34,1
2489.02,43.58,34,1
2489.16,43.59,34,1
2489.29,43.6,34,1
2489.43,43.6,34,1
2489.56,43.58,34,1
2489.7,43.57,34,1
2489.83,43.6,34,1
2489.97,43.6,34,1
2490.1,43.59,34,1
2490.24,43.6,34,1
2490.37,43.6,34,1
2490.51,43.59,34,1
2490.64,43.61,34,1
2490.78,43.61,34,1
2490.91,43.59,34,1
2491.05,43.59,34,1
2491.18,43.59,34,1
2491.32,43.6,34,1
2491.45,43.6,34,1
2491.59,43.61,34,1
2491.72,43.61,34,1
2491.86,43.59,34,1
2491.99,43.6,34,1
2492.13,43.59,34,1
2492.26,43.6,34,1
2492.4,43.59,34,1
2492.53,43.6,34,1
2492.67,43.59,34,1
2492.8,43.62,34,1
2492.94,43.6,34,1
2493.07,43.61,34,1
2493.21,43.62,34,1
2493.34,43.62,34,1
2493.48,43.6,34,1
2493.61,43.61,34,1
2493.75,43.6,34,1
2493.88,43.59,34,1
2494.02,43.6,34,1
2494.15,43.61,34,1
2494.28,43.56,34,1
2494.42,43.58,34,1
2494.56,43.57,34,1
2494.69,43.58,34,1
2494.82,43.58,34,1
2494.96,43.57,34,1
2495.09,43.58,34,1
2495.23,43.57,34,1
2495.36,43.56,34,1
2495.5,43.56,34,1
2495.63,43.57,34,1
2495.77,43.58,34,1
2495.9,43.59,34,1
2496.04,43.59,34,1
2496.17,43.61,34,1
2496.31,43.62,34,1
2496.44,43.6,34,1
2496.58,43.62,34,1
2496.71,43.6,34,1
2496.85,43.61,34,1
2496.98,43.62,34,1
2497.12,43.63,34,1
2497.25,43.59,34,1
2497.39,43.59,34,1
2497.52,43.6,34,1
2497.66,43.6,34,1
2497.79,43.59,34,1
2497.93,43.58,34,1
2498.06,43.59,34,1
2498.2,43.6,34,1
2498.33,43.61,34,1
2498.47,43.6,34,1
2498.6,43.6,34,1
2498.74,43.6,34,1
2498.87,43.6,34,1
2499.01,43.59,34,1
2499.14,43.6,34,1
2499.28,43.61,34,1
2499.41,43.61,34,1
2499.55,43.6,34,1
2499.68,43.6,34,1
2499.82,43.6,34,1
2499.95,43.61,34,1
2500.09,43.62,34,1
2500.22,43.6,34,1
2500.36,43.61,34,1
2500.49,43.62,34,1
2500.62,43.6,34,1
2500.76,43.61,34,1
2500.89,43.59,34,1
2501.03,43.59,34,1
2501.16,43.6,34,1
2501.3,43.6,34,1
2501.43,43.61,34,1
2501.57,43.59,34,1
2501.7,43.6,34,1
2501.84,43.61,34,1
2501.97,43.61,34,1
2502.11,43.6,34,1
2502.24,43.62,34,1
2502.38,43.63,34,1
2502.51,43.62,34,1
2502.65,43.62,34,1
2502.78,43.64,34,1
2502.92,43.63,34,1
2503.05,43.64,34,1
2503.19,43.66,34,1
2503.32,43.67,34,1
2503.46,43.66,34,1
2503.59,43.67,34,1
2503.73,43.68,34,1
2503.86,43.71,34,1
2504.0,43.68,34,1
2504.13,43.7,34,1
2504.27,43.67,34,1
2504.4,43.68,34,1
2504.54,43.67,34,1
2504.67,43.67,34,1
2504.81,43.66,34,1
2504.94,43.64,34,1
2505.08,43.66,34,1
2505.21,43.64,34,1
2505.35,43.64,34,1
2505.48,43.65,34,1
2505.62,43.64,34,1
2505.75,43.63,34,1
2505.89,43.64,34,1
2506.02,43.64,34,1
2506.16,43.63,34,1
2506.29,43.65,34,1
2506.43,43.63,34,1
2506.56,43.63,34,1
2506.7,43.65,34,1
2506.83,43.65,34,1
2506.97,43.63,34,1
2507.1,43.63,34,1
2507.24,43.64,34,1
2507.37,43.64,34,1
2507.51,43.65,34,1
2507.64,43.64,34,1
2507.78,43.64,34,1
2507.91,43.65,34,1
2508.04,43.64,34,1
2508.18,43.62,34,1
2508.31,43.65,34,1
2508.45,43.66,34,1
2508.58,43.64,34,1
2508.72,43.66,34,1
2508.85,43.65,34,1
2508.99,43.66,34,1
2509.12,43.66,34,1
2509.26,43.66,34,1
2509.39,43.68,34,1
2509.53,43.69,34,1
2509.66,43.66,34,1
2509.8,43.66,34,1
2509.93,43.67,34,1
2510.07,43.65,34,1
2510.2,43.66,34,1
2510.34,43.65,34,1
2510.47,43.68,34,1
2510.61,43.67,34,1
2510.74,43.67,34,1
2510.88,43.68,34,1
2511.01,43.68,34,1
2511.15,43.68,34,1
2511.28,43.69,34,1
2511.42,43.69,34,1
2511.55,43.69,34,1
2511.69,43.67,34,1
2511.82,43.69,34,1
2511.96,43.67,34,1
2512.09,43.67,34,1
2512.23,43.66,34,1
2512.36,43.65,34,1
2512.5,43.66,34,1
2512.63,43.66,34,1
2512.77,43.67,34,1
2512.9,43.66,34,1
2513.04,43.67,34,1
2513.17,43.65,34,1
2513.31,43.67,34,1
2513.44,43.67,34,1
2513.58,43.67,34,1
2513.71,43.68,34,1
2513.85,43.67,34,1
2513.98,43.66,34,1
2514.12,43.67,34,1
2514.25,43.67,34,1
2514.38,43.67,34,1
2514.52,43.67,34,1
2514.66,43.68,34,1
2514.79,43.68,34,1
2514.92,43.67,34,1
2515.06,43.67,34,1
2515.19,43.68,34,1
2515.33,43.68,34,1
2515.46,43.67,34,1
2515.6,43.68,34,1
2515.73,43.67,34,1
2515.87,43.66,34,1
2516.0,43.69,34,1
2516.14,43.68,34,1
2516.27,43.67,34,1
2516.41,43.68,34,1
2516.54,43.67,34,1
2516.68,43.67,34,1
2516.81,43.67,34,1
2516.95,43.68,34,1
2517.08,43.67,34,1
2517.22,43.68,34,1
2517.35,43.69,34,1
2517.49,43.7,34,1
2517.62,43.7,34,1
2517.76,43.67,34,1
2517.89,43.68,34,1
2518.03,43.67,34,1
2518.16,43.69,34,1
2518.3,43.7,34,1
2518.43,43.68,34,1
2518.57,43.69,34,1
2518.7,43.69,34,1
2518.84,43.71,34,1
2518.97,43.71,34,1
2519.11,43.71,34,1
2519.24,43.71,34,1
2519.38,43.71,34,1
2519.51,43.71,34,1
2519.65,43.7,34,1
2519.78,43.69,34,1
2519.92,43.7,34,1
2520.05,43.69,34,1
2520.19,43.7,34,1
2520.32,43.69,34,1
2520.46,43.69,34,1
2520.59,43.7,34,1
2520.73,43.7,34,1
2520.86,43.71,34,1
2521.0,43.67,34,1
2521.13,43.71,34,1
2521.27,43.7,34,1
2521.4,43.71,34,1
2521.54,43.71,34,1
2521.67,43.71,34,1
2521.8,43.71,34,1
2521.94,43.71,34,1
2522.07,43.71,34,1
2522.21,43.7,34,1
2522.34,43.71,34,1
2522.48,43.72,34,1
2522.61,43.72,34,1
2522.75,43.7,34,1
2522.88,43.7,34,1
2523.02,43.7,34,1
2523.15,43.7,34,1
2523.29,43.72,34,1
2523.42,43.71,34,1
2523.56,43.71,34,1
2523.69,43.72,34,1
2523.83,43.71,34,1
2523.96,43.72,34,1
2524.1,43.7,34,1
2524.23,43.71,34,1
2524.37,43.71,34,1
2524.5,43.7,34,1
2524.64,43.69,34,1
2524.77,43.71,34,1
2524.91,43.7,34,1
2525.04,43.69,34,1
2525.18,43.72,34,1
2525.31,43.71,34,1
2525.45,43.7,34,1
2525.58,43.72,34,1
2525.72,43.7,34,1
2525.85,43.7,34,1
2525.99,43.7,34,1
2526.12,43.7,34,1
2526.26,43.7,34,1
2526.39,43.7,34,1
2526.53,43.7,34,1
2526.66,43.69,34,1
2526.8,43.69,34,1
2526.93,43.71,34,1
2527.07,43.7,34,1
2527.2,43.72,34,1
2527.34,43.76,34,1
2527.47,43.73,34,1
2527.61,43.71,34,1
2527.74,43.7,34,1
2527.88,43.72,34,1
2528.01,43.71,34,1
2528.15,43.69,34,1
2528.28,43.71,34,1
2528.41,43.71,34,1
2528.55,43.73,34,1
2528.69,43.72,34,1
2528.82,43.71,34,1
2528.95,43.7,34,1
2529.09,43.7,34,1
2529.22,43.7,34,1
2529.36,43.69,34,1
2529.5,43.72,34,1
2529.63,43.71,34,1
2529.76,43.72,34,1
2529.9,43.72,34,1
2530.03,43.71,34,1
2530.17,43.72,34,1
2530.3,43.7,34,1
2530.44,43.7,34,1
2530.57,43.72,34,1
2530.71,43.71,34,1
2530.84,43.71,34,1
2530.98,43.72,34,1
2531.11,43.71,34,1
2531.25,43.71,34,1
2531.38,43.71,34,1
2531.52,43.71,34,1
2531.65,43.73,34,1
2531.79,43.73,34,1
2531.92,43.72,34,1
2532.06,43.72,34,1
2532.19,43.71,34,1
2532.33,43.73,34,1
2532.46,43.71,34,1
2532.6,43.71,34,1
2532.73,43.7,34,1
2532.87,43.72,34,1
2533.0,43.72,34,1
2533.14,43.72,34,1
2533.27,43.73,34,1
2533.41,43.73,34,1
2533.54,43.72,34,1
2533.68,43.73,34,1
2533.81,43.74,34,1
2533.95,43.73,34,1
2534.08,43.72,34,1
2534.22,43.72,34,1
2534.35,43.72,34,1
2534.49,43.73,34,1
2534.62,43.72,34,1
2534.76,43.72,34,1
2534.89,43.72,34,1
2535.03,43.71,34,1
2535.16,43.72,34,1
2535.3,43.71,34,1
2535.43,43.73,34,1
2535.57,43.73,34,1
2535.7,43.74,34,1
2535.83,43.71,34,1
2535.97,43.72,34,1
2536.1,43.74,34,1
2536.24,43.7,34,1
2536.37,43.69,34,1
2536.51,43.72,34,1
2536.64,43.71,34,1
2536.78,43.72,34,1
2536.91,43.71,34,1
2537.05,43.7,34,1
2537.18,43.71,34,1
2537.32,43.72,34,1
2537.45,43.72,34,1
2537.59,43.7,34,1
2537.72,43.7,34,1
2537.86,43.7,34,1
2537.99,43.71,34,1
2538.13,43.7,34,1
2538.26,43.72,34,1
2538.4,43.72,34,1
2538.53,43.71,34,1
2538.67,43.71,34,1
2538.8,43.71,34,1
2538.94,43.71,34,1
2539.07,43.74,34,1
2539.21,43.75,34,1
2539.34,43.72,34,1
2539.48,43.71,34,1
2539.61,43.73,34,1
2539.75,43.74,34,1
2539.88,43.64,34,1
2540.02,43.64,34,1
2540.15,43.64,34,1
2540.29,43.64,34,1
2540.42,43.61,34,1
2540.56,43.6,34,1
2540.69,43.61,34,1
2540.83,43.63,34,1
2540.96,43.62,34,1
2541.1,43.62,34,1
2541.23,43.62,34,1
2541.37,43.62,34,1
2541.5,43.64,34,1
2541.64,43.63,34,1
2541.77,43.64,34,1
2541.9,43.67,34,1
2542.04,43.67,34,1
2542.18,43.69,34,1
2542.31,43.68,34,1
2542.44,43.66,34,1
2542.58,43.66,34,1
2542.71,43.67,34,1
2542.85,43.68,34,1
2542.98,43.67,34,1
2543.12,43.67,34,1
2543.25,43.67,34,1
2543.39,43.66,34,1
2543.52,43.68,34,1
2543.66,43.66,34,1
2543.79,43.64,34,1
2543.93,43.65,34,1
2544.06,43.66,34,1
2544.2,43.66,34,1
2544.33,43.66,34,1
2544.47,43.64,34,1
2544.6,43.66,34,1
2544.74,43.66,34,1
2544.87,43.66,34,1
2545.01,43.66,34,1
2545.14,43.67,34,1
2545.28,43.65,34,1
2545.41,43.64,34,1
2545.55,43.67,34,1
2545.68,43.65,34,1
2545.82,43.66,34,1
2545.95,43.67,34,1
2546.09,43.66,34,1
2546.22,43.68,34,1
2546.36,43.66,34,1
2546.49,43.65,34,1
2546.63,43.67,34,1
2546.76,43.66,34,1
2546.9,43.68,34,1
2547.03,43.67,34,1
2547.17,43.67,34,1
2547.3,43.67,34,1
2547.44,43.67,34,1
2547.57,43.67,34,1
2547.71,43.65,34,1
2547.84,43.67,34,1
2547.98,43.67,34,1
2548.11,43.66,34,1
2548.25,43.68,34,1
2548.38,43.67,34,1
2548.52,43.68,34,1
2548.65,43.67,34,1
2548.79,43.68,34,1
2548.92,43.67,34,1
2549.06,43.69,34,1
2549.19,43.7,34,1
2549.32,43.68,34,1
2549.46,43.68,34,1
2549.6,43.69,34,1
2549.73,43.69,34,1
2549.86,43.71,34,1
2550.0,43.68,34,1
2550.13,43.69,34,1
2550.27,43.68,34,1
2550.4,43.69,34,1
2550.54,43.69,34,1
2550.67,43.71,34,1
2550.81,43.71,34,1
2550.94,43.69,34,1
2551.08,43.7,34,1
2551.21,43.7,34,1
2551.35,43.69,34,1
2551.48,43.68,34,1
2551.62,43.71,34,1
2551.75,43.7,34,1
2551.89,43.68,34,1
2552.02,43.68,34,1
2552.16,43.66,34,1
2552.29,43.66,34,1
2552.43,43.67,34,1
2552.56,43.67,34,1
2552.7,43.66,34,1
2552.83,43.67,34,1
2552.97,43.68,34,1
2553.1,43.66,34,1
2553.24,43.67,34,1
2553.37,43.68,34,1
2553.51,43.69,34,1
2553.64,43.68,34,1
2553.78,43.67,34,1
2553.91,43.68,34,1
2554.05,43.68,34,1
2554.18,43.69,34,1
2554.32,43.7,34,1
2554.45,43.67,34,1
2554.59,43.68,34,1
2554.72,43.68,34,1
2554.86,43.68,34,1
2554.99,43.69,34,1
2555.13,43.67,34,1
2555.26,43.67,34,1
2555.4,43.68,34,1
2555.53,43.67,34,1
2555.67,43.67,34,1
2555.8,43.68,34,1
2555.94,43.69,34,1
2556.07,43.67,34,1
2556.21,43.68,34,1
2556.34,43.66,34,1
2556.48,43.66,34,1
2556.61,43.68,34,1
2556.75,43.68,34,1
2556.88,43.67,34,1
2557.02,43.67,34,1
2557.15,43.69,34,1
2557.28,43.67,34,1
2557.42,43.68,34,1
2557.55,43.7,34,1
2557.69,43.68,34,1
2557.82,43.69,34,1
2557.96,43.67,34,1
2558.09,43.67,34,1
2558.23,43.67,34,1
2558.36,43.66,34,1
2558.5,43.69,34,1
2558.63,43.69,34,1
2558.77,43.68,34,1
2558.9,43.68,34,1
2559.04,43.68,34,1
2559.17,43.67,34,1
2559.31,43.67,34,1
2559.44,43.66,34,1
2559.58,43.67,34,1
2559.71,43.67,34,1
2559.85,43.68,34,1
2559.98,43.68,34,1
2560.12,43.68,34,1
2560.25,43.69,34,1
2560.39,43.68,34,1
2560.52,43.69,34,1
2560.66,43.67,34,1
2560.79,43.68,34,1
2560.93,43.68,34,1
2561.06,43.68,34,1
2561.2,43.69,34,1
2561.33,43.68,34,1
2561.47,43.67,34,1
2561.6,43.67,34,1
2561.74,43.68,34,1
2561.87,43.67,34,1
2562.01,43.7,34,1
2562.14,43.7,34,1
2562.28,43.69,34,1
2562.41,43.69,34,1
2562.55,43.7,34,1
2562.68,43.7,34,1
2562.82,43.69,34,1
2562.95,43.69,34,1
2563.09,43.69,34,1
2563.22,43.65,34,1
2563.35,43.68,34,1
2563.49,43.67,34,1
2563.62,43.69,34,1
2563.76,43.69,34,1
2563.9,43.69,34,1
2564.03,43.69,34,1
2564.16,43.7,34,1
2564.3,43.69,34,1
2564.43,43.69,34,1
2564.57,43.67,34,1
2564.7,43.7,34,1
2564.84,43.69,34,1
2564.97,43.69,34,1
2565.11,43.69,34,1
2565.24,43.69,34,1
2565.38,43.67,34,1
2565.51,43.69,34,1
2565.65,43.69,34,1
2565.78,43.69,34,1
2565.92,43.69,34,1
2566.05,43.68,34,1
2566.19,43.7,34,1
2566.32,43.68,34,1
2566.46,43.69,34,1
2566.59,43.69,34,1
2566.73,43.69,34,1
2566.86,43.7,34,1
2567.0,43.7,34,1
2567.13,43.69,34,1
2567.27,43.69,34,1
2567.4,43.69,34,1
2567.54,43.7,34,1
2567.67,43.71,34,1
2567.81,43.67,34,1
2567.94,43.69,34,1
2568.08,43.71,34,1
2568.21,43.69,34,1
2568.35,43.7,34,1
2568.48,43.7,34,1
2568.62,43.7,34,1
2568.75,43.7,34,1
2568.89,43.69,34,1
2569.02,43.68,45,1
2569.16,43.7,45,1
2569.29,43.69,45,1
2569.43,43.7,45,1
2569.56,43.7,45,1
2569.7,43.71,45,1
2569.83,43.71,45,1
2569.97,43.72,45,1
2570.1,43.71,45,1
2570.24,43.73,45,1
2570.37,43.72,45,1
2570.51,43.73,45,1
2570.64,43.76,45,1
2570.78,43.77,45,1
2570.91,43.77,45,1
2571.05,43.78,45,1
2571.18,43.81,45,1
2571.32,43.84,45,1
2571.45,43.83,45,1
2571.59,43.83,45,1
2571.72,43.85,45,1
2571.85,43.87,45,1
2571.99,43.88,45,1
2572.13,43.9,45,1
2572.26,43.9,45,1
2572.39,43.93,45,1
2572.53,43.93,45,1
2572.66,43.95,45,1
2572.8,43.95,45,1
2572.93,43.97,45,1
2573.07,43.99,45,1
2573.2,44.01,45,1
2573.34,43.99,45,1
2573.47,44.02,45,1
2573.61,44.03,45,1
2573.75,44.05,45,1
2573.88,44.06,45,1
2574.01,44.07,45,1
2574.15,44.09,45,1
2574.28,44.1,45,1
2574.42,44.12,45,1
2574.55,44.14,45,1
2574.69,44.16,45,1
2574.82,44.15,45,1
2574.96,44.17,45,1
2575.09,44.19,45,1
2575.23,44.21,45,1
2575.36,44.2,45,1
2575.5,44.22,45,1
2575.63,44.23,45,1
2575.77,44.25,45,1
2575.9,44.27,45,1
2576.04,44.29,45,1
2576.17,44.3,45,1
2576.31,44.31,45,1
2576.44,44.31,45,1
2576.58,44.33,45,1
2576.71,44.34,45,1
2576.85,44.35,45,1
2576.98,44.37,45,1
2577.12,44.38,45,1
2577.25,44.38,45,1
2577.39,44.38,45,1
2577.52,44.41,45,1
2577.66,44.4,45,1
2577.79,44.41,45,1
2577.93,44.42,45,1
2578.06,44.46,45,1
2578.2,44.47,45,1
2578.33,44.43,45,1
2578.47,44.49,45,1
2578.6,44.49,45,1
2578.74,44.5,45,1
2578.87,44.52,45,1
2579.01,44.5,45,1
2579.14,44.54,45,1
2579.27,44.56,45,1
2579.41,44.55,45,1
2579.55,44.58,45,1
2579.68,44.57,45,1
2579.81,44.59,45,1
2579.95,44.59,45,1
2580.08,44.61,45,1
2580.22,44.61,45,1
2580.35,44.62,45,1
2580.49,44.61,45,1
2580.62,44.62,45,1
2580.76,44.62,45,1
2580.89,44.67,45,1
2581.03,44.68,45,1
2581.16,44.69,45,1
2581.3,44.68,45,1
2581.43,44.69,45,1
2581.57,44.71,45,1
2581.7,44.72,45,1
2581.84,44.7,45,1
2581.97,44.71,45,1
2582.11,44.73,45,1
2582.24,44.75,45,1
2582.38,44.77,45,1
2582.51,44.78,45,1
2582.65,44.77,45,1
2582.78,44.78,45,1
2582.92,44.81,45,1
2583.05,44.8,45,1
2583.19,44.8,45,1
2583.32,44.82,45,1
2583.46,44.84,45,1
2583.59,44.84,45,1
2583.73,44.85,45,1
2583.86,44.83,45,1
2584.0,44.85,45,1
2584.13,44.87,45,1
2584.27,44.86,45,1
2584.4,44.89,45,1
2584.54,44.89,45,1
2584.67,44.89,45,1
2584.81,44.9,45,1
2584.94,44.92,45,1
2585.08,44.92,45,1
2585.21,44.91,45,1
2585.35,44.93,45,1
2585.48,44.95,45,1
2585.62,44.93,45,1
2585.75,44.98,45,1
2585.88,44.95,45,1
2586.02,44.99,45,1
2586.16,44.97,45,1
2586.29,44.98,45,1
2586.42,44.98,45,1
2586.56,45.0,45,1
2586.69,45.0,45,1
2586.83,45.0,45,1
2586.96,45.02,45,1
2587.1,45.03,45,1
2587.23,45.03,45,1
2587.37,45.06,45,1
2587.5,45.04,45,1
2587.64,45.06,45,1
2587.77,45.07,45,1
2587.91,45.09,45,1
2588.04,45.09,45,1
2588.18,45.09,45,1
2588.31,45.1,45,1
2588.45,45.12,45,1
2588.58,45.12,45,1
2588.72,45.14,45,1
2588.85,45.14,45,1
2588.99,45.15,45,1
2589.12,45.15,45,1
2589.26,45.16,45,1
2589.39,45.13,45,1
2589.53,45.18,45,1
2589.66,45.18,45,1
2589.8,45.19,45,1
2589.93,45.19,45,1
2590.07,45.2,45,1
2590.2,45.21,45,1
2590.34,45.21,45,1
2590.47,45.22,45,1
2590.61,45.23,45,1
2590.74,45.24,45,1
2590.88,45.23,45,1
2591.01,45.25,45,1
2591.15,45.26,45,1
2591.28,45.27,45,1
2591.42,45.27,45,1
2591.55,45.28,45,1
2591.69,45.31,45,1
2591.82,45.3,45,1
2591.96,45.29,45,1
2592.09,45.31,45,1
2592.23,45.32,45,1
2592.36,45.33,45,1
2592.5,45.32,45,1
2592.63,45.34,45,1
2592.76,45.36,45,1
2592.9,45.37,45,1
2593.04,45.36,45,1
2593.17,45.36,45,1
2593.3,45.41,45,1
2593.44,45.38,45,1
2593.57,45.4,45,1
2593.71,45.42,45,1
2593.84,45.41,45,1
2593.98,45.41,45,1
2594.11,45.43,45,1
2594.25,45.43,45,1
2594.38,45.43,45,1
2594.52,45.45,45,1
2594.65,45.44,45,1
2594.79,45.45,45,1
2594.92,45.47,45,1
2595.06,45.49,45,1
2595.19,45.48,45,1
2595.33,45.49,45,1
2595.46,45.51,45,1
2595.6,45.51,45,1
2595.73,45.51,45,1
2595.87,45.51,45,1
2596.0,45.52,45,1
2596.14,45.52,45,1
2596.27,45.54,45,1
2596.41,45.54,45,1
2596.54,45.53,45,1
2596.68,45.55,45,1
2596.81,45.57,45,1
2596.95,45.57,45,1
2597.08,45.57,45,1
2597.22,45.59,45,1
2597.35,45.58,45,1
2597.49,45.61,45,1
2597.62,45.6,45,1
2597.76,45.6,45,1
2597.89,45.64,45,1
2598.03,45.64,45,1
2598.16,45.63,45,1
2598.3,45.64,45,1
2598.43,45.65,45,1
2598.56,45.65,45,1
2598.7,45.66,45,1
2598.84,45.67,45,1
2598.97,45.69,45,1
2599.1,45.69,45,1
2599.24,45.71,45,1
2599.37,45.7,45,1
2599.51,45.72,45,1
2599.64,45.73,45,1
2599.78,45.74,45,1
2599.91,45.74,45,1
2600.05,45.75,45,1
2600.18,45.76,45,1
2600.32,45.76,45,1
2600.45,45.77,45,1
2600.59,45.76,45,1
2600.72,45.77,45,1
2600.86,45.81,45,1
2600.99,45.77,45,1
2601.13,45.81,45,1
2601.26,45.79,45,1
2601.4,45.82,45,1
2601.53,45.84,45,1
2601.67,45.84,45,1
2601.8,45.82,45,1
2601.94,45.86,45,1
2602.07,45.85,45,1
2602.21,45.86,45,1
2602.34,45.87,45,1
2602.48,45.89,45,1
2602.61,45.87,45,1
2602.75,45.87,45,1
2602.88,45.87,45,1
2603.02,45.89,45,1
2603.15,45.9,45,1
2603.29,45.9,45,1
2603.42,45.92,45,1
2603.56,45.93,45,1
2603.69,45.93,45,1
2603.83,45.94,45,1
2603.96,45.93,45,1
2604.1,45.95,45,1
2604.23,45.95,45,1
2604.37,45.97,45,1
2604.5,45.98,45,1
2604.64,45.98,45,1
2604.77,46.0,45,1
2604.91,45.99,45,1
2605.04,45.99,45,1
2605.18,46.02,45,1
2605.31,46.0,45,1
2605.45,46.03,45,1
2605.58,46.01,45,1
2605.71,46.04,45,1
2605.85,46.02,45,1
2605.98,46.04,45,1
2606.12,46.03,45,1
2606.25,46.06,45,1
2606.39,46.06,45,1
2606.52,46.09,45,1
2606.66,46.06,45,1
2606.79,46.09,45,1
2606.93,46.07,45,1
2607.06,46.09,45,1
2607.2,46.1,45,1
2607.33,46.1,45,1
2607.47,46.11,45,1
2607.6,46.1,45,1
2607.74,46.11,45,1
2607.87,46.14,45,1
2608.01,46.14,45,1
2608.14,46.14,45,1
2608.28,46.14,45,1
2608.41,46.15,45,1
2608.55,46.17,45,1
2608.68,46.16,45,1
2608.82,46.18,45,1
2608.95,46.19,45,1
2609.09,46.19,45,1
2609.22,46.18,45,1
2609.36,46.19,45,1
2609.49,46.19,45,1
2609.63,46.21,45,1
2609.76,46.23,45,1
2609.9,46.21,45,1
2610.03,46.22,45,1
2610.17,46.22,45,1
2610.3,46.24,45,1
2610.44,46.23,45,1
2610.57,46.25,45,1
2610.71,46.27,45,1
2610.84,46.25,45,1
2610.98,46.28,45,1
2611.11,46.27,45,1
2611.25,46.28,45,1
2611.38,46.29,45,1
2611.52,46.28,45,1
2611.65,46.3,45,1
2611.78,46.3,45,1
2611.92,46.32,45,1
2612.06,46.31,45,1
2612.19,46.32,45,1
2612.32,46.31,45,1
2612.46,46.32,45,1
2612.59,46.33,45,1
2612.73,46.33,45,1
2612.86,46.36,45,1
2613.0,46.35,45,1
2613.13,46.37,45,1
2613.27,46.35,45,1
2613.4,46.35,45,1
2613.54,46.37,45,1
2613.67,46.38,45,1
2613.81,46.38,45,1
2613.94,46.39,45,1
2614.08,46.39,45,1
2614.21,46.39,45,1
2614.35,46.4,45,1
2614.48,46.39,45,1
2614.62,46.42,45,1
2614.75,46.41,45,1
2614.89,46.42,45,1
2615.02,46.42,45,1
2615.16,46.44,45,1
2615.29,46.42,45,1
2615.43,46.44,45,1
2615.56,46.44,45,1
2615.7,46.44,45,1
2615.83,46.45,45,1
2615.97,46.44,45,1
2616.1,46.48,45,1
2616.24,46.47,45,1
2616.37,46.45,45,1
2616.51,46.48,45,1
2616.64,46.48,45,1
2616.78,46.48,45,1
2616.91,46.49,45,1
2617.05,46.5,45,1
2617.18,46.49,45,1
2617.32,46.5,45,1
2617.45,46.51,45,1
2617.59,46.5,45,1
2617.72,46.51,45,1
2617.86,46.52,45,1
2617.99,46.5,45,1
2618.13,46.55,45,1
2618.26,46.53,45,1
2618.39,46.55,45,1
2618.53,46.55,45,1
2618.66,46.55,45,1
2618.8,46.55,45,1
2618.93,46.54,45,1
2619.07,46.56,45,1
2619.2,46.56,45,1
2619.34,46.58,45,1
2619.47,46.57,45,1
2619.61,46.57,45,1
2619.74,46.58,45,1
2619.88,46.57,45,1
2620.01,46.58,45,1
2620.15,46.6,45,1
2620.28,46.6,45,1
2620.42,46.59,45,1
2620.55,46.6,45,1
2620.69,46.61,45,1
2620.82,46.6,45,1
2620.96,46.62,45,1
2621.09,46.61,45,1
2621.23,46.63,45,1
2621.36,46.63,45,1
2621.5,46.63,45,1
2621.63,46.66,45,1
2621.77,46.64,45,1
2621.9,46.64,45,1
2622.04,46.66,45,1
2622.17,46.66,45,1
2622.31,46.67,45,1
2622.44,46.68,45,1
2622.58,46.67,45,1
2622.71,46.68,45,1
2622.85,46.67,45,1
2622.98,46.69,45,1
2623.12,46.68,45,1
2623.25,46.68,45,1
2623.39,46.69,45,1
2623.52,46.71,45,1
2623.66,46.7,45,1
2623.79,46.71,45,1
2623.93,46.7,45,1
2624.06,46.71,45,1
2624.2,46.71,45,1
2624.33,46.72,45,1
2624.46,46.71,45,1
2624.6,46.73,45,1
2624.74,46.74,45,1
2624.87,46.74,45,1
2625.0,46.75,45,1
2625.14,46.75,45,1
2625.27,46.77,45,1
2625.41,46.77,45,1
2625.54,46.78,45,1
2625.68,46.77,45,1
2625.81,46.79,45,1
2625.95,46.78,45,1
2626.08,46.8,45,1
2626.22,46.77,45,1
2626.35,46.82,45,1
2626.49,46.82,45,1
2626.62,46.79,45,1
2626.76,46.81,45,1
2626.89,46.82,45,1
2627.03,46.83,45,1
2627.16,46.81,45,1
2627.3,46.84,45,1
2627.43,46.82,45,1
2627.57,46.85,45,1
2627.7,46.85,45,1
2627.84,46.85,45,1
2627.97,46.85,45,1
2628.11,46.87,45,1
2628.24,46.85,45,1
2628.38,46.86,45,1
2628.51,46.89,45,1
2628.65,46.87,45,1
2628.78,46.86,45,1
2628.92,46.87,45,1
2629.05,46.89,45,1
2629.19,46.87,45,1
2629.32,46.88,45,1
2629.46,46.89,45,1
2629.59,46.9,45,1
2629.73,46.9,45,1
2629.86,46.92,45,1
2630.0,46.9,45,1
2630.13,46.93,45,1
2630.27,46.93,45,1
2630.4,46.93,45,1
2630.54,46.94,45,1
2630.67,46.93,45,1
2630.81,46.95,45,1
2630.94,46.94,45,1
2631.07,46.96,45,1
2631.21,46.96,45,1
2631.35,46.97,45,1
2631.48,46.98,45,1
2631.61,47.0,45,1
2631.75,46.99,45,1
2631.88,47.0,45,1
2632.02,47.02,45,1
2632.15,47.02,45,1
2632.29,47.02,45,1
2632.42,47.01,45,1
2632.56,47.02,45,1
2632.69,47.03,45,1
2632.83,47.02,45,1
2632.96,47.05,45,1
2633.1,47.05,45,1
2633.23,47.03,45,1
2633.37,47.06,45,1
2633.5,47.04,45,1
2633.64,47.06,45,1
2633.77,47.05,45,1
2633.91,47.05,45,1
2634.04,47.08,45,1
2634.18,47.06,45,1
2634.31,47.08,45,1
2634.45,47.07,45,1
2634.58,47.09,45,1
2634.72,47.07,45,1
2634.85,47.09,45,1
2634.99,47.1,45,1
2635.12,47.09,45,1
2635.26,47.11,45,1
2635.39,47.1,45,1
2635.53,47.11,45,1
2635.66,47.12,45,1
2635.8,47.11,45,1
2635.93,47.12,45,1
2636.07,47.13,45,1
2636.2,47.13,45,1
2636.34,47.13,45,1
2636.47,47.15,45,1
2636.61,47.15,45,1
2636.74,47.15,45,1
2636.88,47.15,45,1
2637.01,47.15,45,1
2637.15,47.17,45,1
2637.28,47.16,45,1
2637.41,47.18,45,1
2637.55,47.18,45,1
2637.68,47.17,45,1
2637.82,47.2,45,1
2637.95,47.18,45,1
2638.09,47.19,45,1
2638.22,47.2,45,1
2638.36,47.21,45,1
2638.49,47.19,45,1
2638.63,47.19,45,1
2638.76,47.21,45,1
2638.9,47.22,45,1
2639.03,47.23,45,1
2639.17,47.21,45,1
2639.3,47.23,45,1
2639.44,47.23,45,1
2639.57,47.22,45,1
2639.71,47.24,45,1
2639.84,47.25,45,1
2639.98,47.22,45,1
2640.11,47.25,45,1
2640.25,47.24,45,1
2640.38,47.27,45,1
2640.52,47.25,45,1
2640.65,47.27,45,1
2640.79,47.25,45,1
2640.92,47.26,45,1
2641.06,47.27,45,1
2641.19,47.27,45,1
2641.33,47.29,45,1
2641.46,47.28,45,1
2641.6,47.3,45,1
2641.73,47.28,45,1
2641.87,47.27,45,1
2642.0,47.31,45,1
2642.14,47.28,45,1
2642.27,47.29,45,1
2642.41,47.32,45,1
2642.54,47.31,45,1
2642.68,47.31,45,1
2642.81,47.32,45,1
2642.95,47.32,45,1
2643.08,47.34,45,1
2643.22,47.33,45,1
2643.35,47.34,45,1
2643.48,47.33,45,1
2643.62,47.35,45,1
2643.76,47.34,45,1
2643.89,47.34,45,1
2644.02,47.35,45,1
2644.16,47.35,45,1
2644.29,47.37,45,1
2644.43,47.38,45,1
2644.56,47.38,45,1
2644.7,47.36,45,1
2644.83,47.38,45,1
2644.97,47.39,45,1
2645.1,47.39,45,1
2645.24,47.39,45,1
2645.37,47.38,45,1
2645.51,47.4,45,1
2645.64,47.39,45,1
2645.78,47.41,45,1
2645.91,47.4,45,1
2646.05,47.4,45,1
2646.18,47.41,45,1
2646.32,47.42,45,1
2646.45,47.42,45,1
2646.59,47.42,45,1
2646.72,47.42,45,1
2646.86,47.43,45,1
2646.99,47.43,45,1
2647.13,47.43,45,1
2647.26,47.43,45,1
2647.4,47.42,45,1
2647.53,47.46,45,1
2647.67,47.44,45,1
2647.8,47.45,45,1
2647.94,47.45,45,1
2648.07,47.46,45,1
2648.21,47.45,45,1
2648.34,47.44,45,1
2648.48,47.47,45,1
2648.61,47.46,45,1
2648.75,47.48,45,1
2648.88,47.47,45,1
2649.02,47.48,45,1
2649.15,47.48,45,1
2649.29,47.48,45,1
2649.42,47.49,45,1
2649.56,47.48,45,1
2649.69,47.49,45,1
2649.83,47.51,45,1
2649.96,47.51,45,1
2650.1,47.51,45,1
2650.23,47.52,45,1
2650.36,47.5,45,1
2650.5,47.52,45,1
2650.64,47.51,45,1
2650.77,47.53,45,1
2650.9,47.52,45,1
2651.04,47.56,45,1
2651.17,47.55,45,1
2651.31,47.53,45,1
2651.44,47.56,45,1
2651.58,47.54,45,1
2651.71,47.54,45,1
2651.85,47.55,45,1
2651.98,47.55,45,1
2652.12,47.56,45,1
2652.25,47.57,45,1
2652.39,47.58,45,1
2652.52,47.57,45,1
2652.66,47.58,45,1
2652.79,47.58,45,1
2652.93,47.58,45,1
2653.06,47.59,45,1
2653.2,47.58,45,1
2653.33,47.59,45,1
2653.47,47.61,45,1
2653.6,47.58,45,1
2653.74,47.61,45,1
2653.87,47.59,45,1
2654.01,47.61,45,1
2654.14,47.61,45,1
2654.28,47.61,45,1
2654.41,47.6,45,1
2654.55,47.61,45,1
2654.68,47.62,45,1
2654.82,47.61,45,1
2654.95,47.64,45,1
2655.09,47.63,45,1
2655.22,47.64,45,1
2655.36,47.64,45,1
2655.49,47.63,45,1
2655.63,47.65,45,1
2655.76,47.66,45,1
2655.9,47.64,45,1
2656.03,47.66,45,1
2656.17,47.62,45,1
2656.3,47.65,45,1
2656.44,47.65,45,1
2656.57,47.66,45,1
2656.71,47.66,45,1
2656.84,47.65,45,1
2656.97,47.68,45,1
2657.11,47.66,45,1
2657.25,47.67,45,1
2657.38,47.7,45,1
2657.51,47.68,45,1
2657.65,47.69,45,1
2657.78,47.71,45,1
2657.92,47.69,45,1
2658.05,47.7,45,1
2658.19,47.7,45,1
2658.32,47.68,45,1
2658.46,47.7,45,1
2658.59,47.7,45,1
2658.73,47.72,45,1
2658.86,47.71,45,1
2659.0,47.7,45,1
2659.13,47.74,45,1
2659.27,47.72,45,1
2659.4,47.72,45,1
2659.54,47.73,45,1
2659.67,47.71,45,1
2659.81,47.72,45,1
2659.94,47.76,45,1
2660.08,47.75,45,1
2660.21,47.76,45,1
2660.35,47.76,45,1
2660.48,47.77,45,1
2660.62,47.76,45,1
2660.75,47.74,45,1
2660.89,47.76,45,1
2661.02,47.76,45,1
2661.16,47.76,45,1
2661.29,47.77,45,1
2661.43,47.77,45,1
2661.56,47.76,45,1
2661.7,47.79,45,1
2661.83,47.79,45,1
2661.97,47.78,45,1
2662.1,47.8,45,1
2662.24,47.78,45,1
2662.37,47.79,45,1
2662.51,47.78,45,1
2662.64,47.8,45,1
2662.77,47.8,45,1
2662.91,47.81,45,1
2663.05,47.81,45,1
2663.18,47.82,45,1
2663.31,47.81,45,1
2663.45,47.82,45,1
2663.58,47.82,45,1
2663.72,47.83,45,1
2663.85,47.82,45,1
2663.99,47.84,45,1
2664.12,47.83,45,1
2664.26,47.82,45,1
2664.39,47.83,45,1
2664.53,47.83,45,1
2664.66,47.83,45,1
2664.8,47.85,45,1
2664.93,47.85,45,1
2665.07,47.84,45,1
2665.2,47.86,45,1
2665.34,47.84,45,1
2665.47,47.86,45,1
2665.61,47.88,45,1
2665.74,47.85,45,1
2665.88,47.87,45,1
2666.01,47.87,45,1
2666.15,47.86,45,1
2666.28,47.87,45,1
2666.42,47.87,45,1
2666.55,47.88,45,1
2666.69,47.88,45,1
2666.82,47.9,45,1
2666.96,47.89,45,1
2667.09,47.89,45,1
2667.23,47.9,45,1
2667.36,47.91,45,1
2667.5,47.91,45,1
2667.63,47.9,45,1
2667.77,47.9,45,1
2667.9,47.93,45,1
2668.04,47.91,45,1
2668.17,47.91,45,1
2668.31,47.92,45,1
2668.44,47.91,45,1
2668.58,47.92,45,1
2668.71,47.93,45,1
2668.85,47.93,45,1
2668.98,47.94,45,1
2669.12,47.92,45,1
2669.25,47.94,45,1
2669.38,47.94,45,1
2669.52,47.94,45,1
2669.66,47.95,45,1
2669.79,47.95,45,1
2669.92,47.96,45,1
2670.06,47.96,45,1
2670.19,47.95,45,1
2670.33,47.94,45,1
2670.46,47.97,45,1
2670.6,47.96,45,1
2670.73,47.97,45,1
2670.87,47.97,45,1
2671.0,47.96,45,1
2671.14,47.97,45,1
2671.27,47.96,45,1
2671.41,47.98,45,1
2671.54,47.98,45,1
2671.68,47.97,45,1
2671.81,48.0,45,1
2671.95,47.98,45,1
2672.08,47.99,45,1
2672.22,48.0,45,1
2672.35,47.98,45,1
2672.49,47.99,45,1
2672.62,48.01,45,1
2672.76,48.0,45,1
2672.89,48.01,45,1
2673.03,48.02,45,1
2673.16,48.0,45,1
2673.3,48.0,45,1
2673.43,48.01,45,1
2673.57,48.02,45,1
2673.7,48.01,45,1
2673.84,48.02,45,1
2673.97,48.02,45,1
2674.11,48.02,45,1
2674.24,48.02,45,1
2674.38,48.03,45,1
2674.51,48.02,45,1
2674.65,48.04,45,1
2674.78,48.05,45,1
2674.92,48.04,45,1
2675.05,48.03,45,1
2675.19,48.02,45,1
2675.32,48.04,45,1
2675.46,48.06,45,1
2675.59,48.03,45,1
2675.73,48.04,45,1
2675.86,48.06,45,1
2676.0,48.05,45,1
2676.13,48.04,45,1
2676.26,48.05,45,1
2676.4,48.06,45,1
2676.53,48.06,45,1
2676.67,48.07,45,1
2676.8,48.08,45,1
2676.94,48.05,45,1
2677.07,48.06,45,1
2677.21,48.08,45,1
2677.34,48.08,45,1
2677.48,48.08,45,1
2677.61,48.07,45,1
2677.75,48.08,45,1
2677.88,48.1,45,1
2678.02,48.1,45,1
2678.15,48.09,45,1
2678.29,48.08,45,1
2678.42,48.09,45,1
2678.56,48.12,45,1
2678.69,48.11,45,1
2678.83,48.12,45,1
2678.96,48.12,45,1
2679.1,48.11,45,1
2679.23,48.11,45,1
2679.37,48.11,45,1
2679.5,48.13,45,1
2679.64,48.12,45,1
2679.77,48.12,45,1
2679.91,48.15,45,1
2680.04,48.14,45,1
2680.18,48.14,45,1
2680.31,48.16,45,1
2680.45,48.15,45,1
2680.58,48.15,45,1
2680.72,48.16,45,1
2680.85,48.16,45,1
2680.99,48.17,45,1
2681.12,48.16,45,1
2681.26,48.16,45,1
2681.39,48.18,45,1
2681.53,48.16,45,1
2681.66,48.19,45,1
2681.8,48.17,45,1
2681.93,48.18,45,1
2682.06,48.22,45,1
2682.2,48.19,45,1
2682.34,48.17,45,1
2682.47,48.19,45,1
2682.6,48.2,45,1
2682.74,48.16,45,1
2682.87,48.19,45,1
2683.01,48.2,45,1
2683.14,48.18,45,1
2683.28,48.2,45,1
2683.41,48.22,45,1
2683.55,48.2,45,1
2683.68,48.21,45,1
2683.82,48.22,45,1
2683.95,48.2,45,1
2684.09,48.22,45,1
2684.22,48.23,45,1
2684.36,48.24,45,1
2684.49,48.21,45,1
2684.63,48.24,45,1
2684.76,48.24,45,1
2684.9,48.27,45,1
2685.03,48.24,45,1
2685.17,48.24,45,1
2685.3,48.25,45,1
2685.44,48.24,45,1
2685.57,48.27,45,1
2685.71,48.26,45,1
2685.84,48.26,45,1
2685.98,48.27,45,1
2686.11,48.26,45,1
2686.25,48.26,45,1
2686.38,48.26,45,1
2686.52,48.27,45,1
2686.65,48.28,45,1
2686.79,48.27,45,1
2686.92,48.28,45,1
2687.06,48.31,45,1
2687.19,48.27,45,1
2687.33,48.28,45,1
2687.46,48.27,45,1
2687.6,48.3,45,1
2687.73,48.29,45,1
2687.87,48.29,45,1
2688.0,48.29,45,1
2688.14,48.29,45,1
2688.27,48.29,45,1
2688.41,48.3,45,1
2688.54,48.3,45,1
2688.67,48.32,45,1
2688.81,48.31,45,1
2688.95,48.3,45,1
2689.08,48.34,45,1
2689.21,48.32,45,1
2689.35,48.32,45,1
2689.48,48.31,45,1
2689.62,48.34,45,1
2689.75,48.34,45,1
2689.89,48.33,45,1
2690.02,48.33,45,1
2690.16,48.35,45,1
2690.29,48.34,45,1
2690.43,48.36,45,1
2690.56,48.35,45,1
2690.7,48.34,45,1
2690.83,48.36,45,1
2690.97,48.34,45,1
2691.1,48.36,45,1
2691.24,48.37,45,1
2691.37,48.36,45,1
2691.51,48.37,45,1
2691.64,48.37,45,1
2691.78,48.38,45,1
2691.91,48.36,45,1
2692.05,48.38,45,1
2692.18,48.37,45,1
2692.32,48.36,45,1
2692.45,48.38,45,1
2692.59,48.37,45,1
2692.72,48.39,45,1
2692.86,48.39,45,1
2692.99,48.38,45,1
2693.13,48.38,45,1
2693.26,48.38,45,1
2693.4,48.4,45,1
2693.53,48.41,45,1
2693.67,48.38,45,1
2693.8,48.4,45,1
2693.94,48.39,45,1
2694.07,48.42,45,1
2694.21,48.4,45,1
2694.34,48.42,45,1
2694.48,48.4,45,1
2694.61,48.42,45,1
2694.75,48.42,45,1
2694.88,48.42,45,1
2695.02,48.43,45,1
2695.15,48.42,45,1
2695.28,48.44,45,1
2695.42,48.41,45,1
2695.55,48.44,45,1
2695.69,48.44,45,1
2695.82,48.47,45,1
2695.96,48.43,45,1
2696.09,48.44,45,1
2696.23,48.47,45,1
2696.36,48.45,45,1
2696.5,48.45,45,1
2696.63,48.47,45,1
2696.77,48.46,45,1
2696.9,48.47,45,1
2697.04,48.46,45,1
2697.17,48.46,45,1
2697.31,48.48,45,1
2697.44,48.48,45,1
2697.58,48.46,45,1
2697.71,48.48,45,1
2697.85,48.46,45,1
2697.98,48.5,45,1
2698.12,48.47,45,1
2698.25,48.5,45,1
2698.39,48.48,45,1
2698.52,48.49,45,1
2698.66,48.48,45,1
2698.79,48.5,45,1
2698.93,48.51,45,1
2699.06,48.5,45,1
2699.2,48.52,45,1
2699.33,48.52,45,1
2699.47,48.5,45,1
2699.6,48.51,45,1
2699.74,48.52,45,1
2699.87,48.5,45,1
2700.01,48.52,45,1
2700.14,48.52,45,1
2700.28,48.51,45,1
2700.41,48.51,45,1
2700.55,48.5,45,1
2700.68,48.51,45,1
2700.82,48.54,45,1
2700.95,48.53,45,1
2701.09,48.53,45,1
2701.22,48.54,45,1
2701.36,48.55,45,1
2701.49,48.55,45,1
2701.63,48.56,45,1
2701.76,48.54,45,1
2701.89,48.55,45,1
2702.03,48.54,45,1
2702.17,48.56,45,1
2702.3,48.56,45,1
2702.43,48.56,45,1
2702.57,48.57,45,1
2702.7,48.56,45,1
2702.84,48.57,45,1
2702.97,48.56,45,1
2703.11,48.57,45,1
2703.24,48.56,45,1
2703.38,48.58,45,1
2703.51,48.58,45,1
2703.65,48.59,45,1
2703.78,48.56,45,1
2703.92,48.59,45,1
2704.05,48.58,45,1
2704.19,48.59,45,1
2704.32,48.59,45,1
2704.46,48.59,45,1
2704.59,48.6,45,1
2704.73,48.59,45,1
2704.86,48.59,45,1
2705.0,48.58,45,1
2705.13,48.6,45,1
2705.27,48.61,45,1
2705.4,48.61,45,1
2705.54,48.61,45,1
2705.67,48.6,45,1
2705.81,48.6,45,1
2705.94,48.61,45,1
2706.08,48.6,45,1
2706.21,48.61,45,1
2706.35,48.63,45,1
2706.48,48.62,45,1
2706.62,48.63,45,1
2706.75,48.61,45,1
2706.89,48.62,45,1
2707.02,48.62,45,1
2707.16,48.63,45,1
2707.29,48.64,45,1
2707.43,48.63,45,1
2707.56,48.63,45,1
2707.69,48.64,45,1
2707.83,48.62,45,1
2707.96,48.64,45,1
2708.1,48.65,45,1
2708.23,48.64,45,1
2708.37,48.63,45,1
2708.5,48.65,45,1
2708.64,48.64,45,1
2708.77,48.64,45,1
2708.91,48.66,45,1
2709.04,48.65,45,1
2709.18,48.64,45,1
2709.31,48.68,45,1
2709.45,48.66,45,1
2709.58,48.64,45,1
2709.72,48.66,45,1
2709.85,48.67,45,1
2709.99,48.66,45,1
2710.12,48.67,45,1
2710.26,48.68,45,1
2710.39,48.66,45,1
2710.53,48.67,45,1
2710.66,48.67,45,1
2710.8,48.68,45,1
2710.93,48.67,45,1
2711.07,48.66,45,1
2711.2,48.68,45,1
2711.34,48.67,45,1
2711.47,48.7,45,1
2711.61,48.67,45,1
2711.74,48.7,45,1
2711.88,48.69,45,1
2712.01,48.68,45,1
2712.15,48.7,45,1
2712.28,48.68,45,1
2712.42,48.71,45,1
2712.55,48.69,45,1
2712.69,48.71,45,1
2712.82,48.7,45,1
2712.96,48.7,45,1
2713.09,48.69,45,1
2713.23,48.71,45,1
2713.36,48.69,45,1
2713.5,48.69,45,1
2713.63,48.74,45,1
2713.77,48.68,45,1
2713.9,48.7,45,1
2714.04,48.71,45,1
2714.17,48.69,45,1
2714.31,48.73,45,1
2714.44,48.7,45,1
2714.57,48.72,45,1
2714.71,48.71,45,1
2714.85,48.7,45,1
2714.98,48.73,45,1
2715.11,48.71,45,1
2715.25,48.73,45,1
2715.38,48.73,45,1
2715.52,48.72,45,1
2715.65,48.74,45,1
2715.79,48.72,45,1
2715.92,48.73,45,1
2716.06,48.72,45,1
2716.19,48.74,45,1
2716.33,48.72,45,1
2716.46,48.72,45,1
2716.6,48.72,45,1
2716.73,48.73,45,1
2716.87,48.74,45,1
2717.0,48.73,45,1
2717.14,48.71,45,1
2717.27,48.74,45,1
2717.41,48.73,45,1
2717.54,48.73,45,1
2717.68,48.74,45,1
2717.81,48.75,45,1
2717.95,48.74,45,1
2718.08,48.75,45,1
2718.22,48.74,45,1
2718.35,48.74,45,1
2718.49,48.76,45,1
2718.62,48.72,45,1
2718.76,48.77,45,1
2718.89,48.77,45,1
2719.03,48.75,45,1
2719.16,48.74,45,1
2719.3,48.75,45,1
2719.43,48.76,45,1
2719.57,48.75,45,1
2719.7,48.77,45,1
2719.84,48.76,45,1
2719.97,48.77,45,1
2720.11,48.77,45,1
2720.24,48.76,45,1
2720.37,48.76,45,1
2720.51,48.77,45,1
2720.65,48.76,45,1
2720.78,48.77,45,1
2720.91,48.77,45,1
2721.05,48.76,45,1
2721.18,48.79,45,1
2721.32,48.76,45,1
2721.45,48.76,45,1
2721.59,48.78,45,1
2721.72,48.8,45,1
2721.86,48.76,45,1
2721.99,48.78,45,1
2722.13,48.77,45,1
2722.26,48.78,45,1
2722.4,48.77,45,1
2722.53,48.78,45,1
2722.67,48.78,45,1
2722.8,48.77,45,1
2722.94,48.79,45,1
2723.07,48.79,45,1
2723.21,48.78,45,1
2723.34,48.79,45,1
2723.48,48.8,45,1
2723.61,48.78,45,1
2723.75,48.81,45,1
2723.88,48.78,45,1
2724.02,48.79,45,1
2724.15,48.77,45,1
2724.29,48.79,45,1
2724.42,48.82,45,1
2724.56,48.78,45,1
2724.69,48.82,45,1
2724.83,48.8,45,1
2724.96,48.78,45,1
2725.1,48.8,45,1
2725.23,48.8,45,1
2725.37,48.82,45,1
2725.5,48.78,45,1
2725.64,48.81,45,1
2725.77,48.81,45,1
2725.91,48.79,45,1
2726.04,48.82,45,1
2726.18,48.81,45,1
2726.31,48.82,45,1
2726.45,48.8,45,1
2726.58,48.82,45,1
2726.72,48.81,45,1
2726.85,48.8,45,1
2726.98,48.82,45,1
2727.12,48.81,45,1
2727.26,48.79,45,1
2727.39,48.81,45,1
2727.52,48.83,45,1
2727.66,48.82,45,1
2727.79,48.82,45,1
2727.93,48.8,45,1
2728.06,48.83,45,1
2728.2,48.83,45,1
2728.33,48.82,45,1
2728.47,48.83,45,1
2728.6,48.84,45,1
2728.74,48.82,45,1
2728.87,48.84,45,1
2729.01,48.82,45,1
2729.14,48.85,45,1
2729.28,48.81,45,1
2729.41,48.83,45,1
2729.55,48.84,45,1
2729.68,48.82,45,1
2729.82,48.83,45,1
2729.95,48.84,45,1
2730.09,48.84,45,1
2730.22,48.84,45,1
2730.36,48.83,45,1
2730.49,48.81,45,1
2730.63,48.82,45,1
2730.76,48.85,45,1
2730.9,48.84,45,1
2731.03,48.82,45,1
2731.17,48.85,45,1
2731.3,48.85,45,1
2731.44,48.81,45,1
2731.57,48.86,45,1
2731.71,48.86,45,1
2731.84,48.84,45,1
2731.98,48.86,45,1
2732.11,48.83,45,1
2732.25,48.85,45,1
2732.38,48.84,45,1
2732.52,48.87,45,1
2732.65,48.85,45,1
2732.79,48.84,45,1
2732.92,48.85,45,1
2733.06,48.85,45,1
2733.19,48.87,45,1
2733.33,48.85,45,1
2733.46,48.83,45,1
2733.59,48.86,45,1
2733.73,48.84,45,1
2733.86,48.87,45,1
2734.0,48.86,45,1
2734.13,48.88,45,1
2734.27,48.87,45,1
2734.4,48.86,45,1
2734.54,48.87,45,1
2734.67,48.88,45,1
2734.81,48.87,45,1
2734.94,48.87,45,1
2735.08,48.89,45,1
2735.21,48.87,45,1
2735.35,48.87,45,1
2735.48,48.9,45,1
2735.62,48.9,45,1
2735.75,48.89,45,1
2735.89,48.88,45,1
2736.02,48.88,45,1
2736.16,48.89,45,1
2736.29,48.89,45,1
2736.43,48.87,45,1
2736.56,48.91,45,1
2736.7,48.91,45,1
2736.83,48.89,45,1
2736.97,48.91,45,1
2737.1,48.89,45,1
2737.24,48.89,45,1
2737.37,48.9,45,1
2737.51,48.89,45,1
2737.64,48.91,45,1
2737.78,48.91,45,1
2737.91,48.9,45,1
2738.05,48.89,45,1
2738.18,48.92,45,1
2738.32,48.9,45,1
2738.45,48.89,45,1
2738.59,48.91,45,1
2738.72,48.9,45,1
2738.86,48.92,45,1
2738.99,48.91,45,1
2739.13,48.92,45,1
2739.26,48.9,45,1
2739.4,48.92,45,1
2739.53,48.94,45,1
2739.66,48.92,45,1
2739.8,48.93,45,1
2739.93,48.91,45,1
2740.07,48.91,45,1
2740.2,48.93,45,1
2740.34,48.93,45,1
2740.47,48.91,45,1
2740.61,48.93,45,1
2740.75,48.94,45,1
2740.88,48.92,45,1
2741.01,48.93,45,1
2741.15,48.93,45,1
2741.28,48.93,45,1
2741.42,48.94,45,1
2741.55,48.94,45,1
2741.69,48.92,45,1
2741.82,48.94,45,1
2741.96,48.94,45,1
2742.09,48.94,45,1
2742.23,48.91,45,1
2742.36,48.96,45,1
2742.5,48.94,45,1
2742.63,48.93,45,1
2742.77,48.95,45,1
2742.9,48.95,45,1
2743.04,48.91,45,1
2743.17,48.94,45,1
2743.31,48.95,45,1
2743.44,48.95,45,1
2743.58,48.95,45,1
2743.71,48.96,45,1
2743.85,48.92,45,1
2743.98,48.95,45,1
2744.12,48.94,45,1
2744.25,48.97,45,1
2744.39,48.95,45,1
2744.52,48.95,45,1
2744.66,48.96,45,1
2744.79,48.97,45,1
2744.93,48.95,45,1
2745.06,48.96,45,1
2745.2,48.97,45,1
2745.33,48.96,45,1
2745.47,48.97,45,1
2745.6,48.97,45,1
2745.74,48.96,45,1
2745.87,48.96,45,1
2746.01,48.99,45,1
2746.14,48.96,45,1
2746.27,48.97,45,1
2746.41,48.99,45,1
2746.55,48.98,45,1
2746.68,48.96,45,1
2746.81,48.98,45,1
2746.95,48.99,45,1
2747.08,48.99,45,1
2747.22,48.97,45,1
2747.35,48.99,45,1
2747.49,48.99,45,1
2747.62,48.97,45,1
2747.76,48.99,45,1
2747.89,48.97,45,1
2748.03,48.98,45,1
2748.16,49.01,45,1
2748.3,49.0,45,1
2748.43,49.0,45,1
2748.57,48.97,45,1
2748.7,48.98,45,1
2748.84,49.0,45,1
2748.97,49.03,45,1
2749.11,49.01,45,1
2749.24,49.0,45,1
2749.38,48.99,45,1
2749.51,49.01,45,1
2749.65,49.02,45,1
2749.78,49.0,45,1
2749.92,49.02,45,1
2750.05,49.01,45,1
2750.19,49.01,45,1
2750.32,49.01,45,1
2750.46,49.01,45,1
2750.59,49.01,45,1
2750.73,49.01,45,1
2750.86,49.03,45,1
2751.0,49.02,45,1
2751.13,49.03,45,1
2751.27,49.01,45,1
2751.4,49.04,45,1
2751.54,49.01,45,1
2751.67,49.02,45,1
2751.81,49.01,45,1
2751.94,49.02,45,1
2752.08,49.03,45,1
2752.21,49.03,45,1
2752.35,49.04,45,1
2752.48,49.01,45,1
2752.62,49.04,45,1
2752.75,49.02,45,1
2752.88,49.03,45,1
2753.02,49.03,45,1
2753.16,49.04,45,1
2753.29,49.04,45,1
2753.42,49.04,45,1
2753.56,49.03,45,1
2753.69,49.03,45,1
2753.83,49.04,45,1
2753.96,49.04,45,1
2754.1,49.03,45,1
2754.23,49.04,45,1
2754.37,49.03,45,1
2754.5,49.03,45,1
2754.64,49.04,45,1
2754.77,49.06,45,1
2754.91,49.02,45,1
2755.04,49.04,45,1
2755.18,49.05,45,1
2755.31,49.03,45,1
2755.45,49.05,45,1
2755.58,49.06,45,1
2755.72,49.03,45,1
2755.85,49.06,45,1
2755.99,49.07,45,1
2756.12,49.05,45,1
2756.26,49.06,45,1
2756.39,49.05,45,1
2756.53,49.06,45,1
2756.66,49.04,45,1
2756.8,49.07,45,1
2756.93,49.03,45,1
2757.07,49.06,45,1
2757.2,49.06,45,1
2757.34,49.05,45,1
2757.47,49.08,45,1
2757.61,49.05,45,1
2757.74,49.07,45,1
2757.88,49.07,45,1
2758.01,49.07,45,1
2758.15,49.07,45,1
2758.28,49.06,45,1
2758.42,49.08,45,1
2758.55,49.05,45,1
2758.69,49.08,45,1
2758.82,49.06,45,1
2758.96,49.09,45,1
2759.09,49.1,45,1
2759.23,49.06,45,1
2759.36,49.06,45,1
2759.5,49.09,45,1
2759.63,49.08,45,1
2759.77,49.07,45,1
2759.9,49.08,45,1
2760.03,49.08,45,1
2760.17,49.08,45,1
2760.3,49.08,45,1
2760.44,49.07,45,1
2760.57,49.08,45,1
2760.71,49.09,45,1
2760.84,49.09,45,1
2760.98,49.08,45,1
2761.11,49.07,45,1
2761.25,49.06,45,1
2761.38,49.09,45,1
2761.52,49.09,45,1
2761.65,49.08,45,1
2761.79,49.09,45,1
2761.92,49.07,45,1
2762.06,49.09,45,1
2762.19,49.08,45,1
2762.33,49.09,45,1
2762.46,49.09,45,1
2762.6,49.1,45,1
2762.73,49.09,45,1
2762.87,49.09,45,1
2763.0,49.08,45,1
2763.14,49.09,45,1
2763.27,49.1,45,1
2763.41,49.1,45,1
2763.54,49.09,45,1
2763.68,49.11,45,1
2763.81,49.1,45,1
2763.95,49.11,45,1
2764.08,49.13,45,1
2764.22,49.08,45,1
2764.35,49.1,45,1
2764.49,49.1,45,1
2764.62,49.11,45,1
2764.76,49.09,45,1
2764.89,49.12,45,1
2765.03,49.11,45,1
2765.16,49.1,45,1
2765.3,49.09,45,1
2765.43,49.09,45,1
2765.56,49.12,45,1
2765.7,49.11,45,1
2765.84,49.09,45,1
2765.97,49.12,45,1
2766.1,49.12,45,1
2766.24,49.11,45,1
2766.37,49.12,45,1
2766.51,49.12,45,1
2766.64,49.11,45,1
2766.78,49.13,45,1
2766.91,49.14,45,1
2767.05,49.11,45,1
2767.18,49.13,45,1
2767.32,49.11,45,1
2767.45,49.14,45,1
2767.59,49.13,45,1
2767.72,49.12,45,1
2767.86,49.12,45,1
2767.99,49.13,45,1
2768.13,49.12,45,1
2768.26,49.1,45,1
2768.4,49.12,45,1
2768.53,49.13,45,1
2768.67,49.11,45,1
2768.8,49.14,45,1
2768.94,49.11,45,1
2769.07,49.12,45,1
2769.21,49.14,45,1
2769.34,49.13,45,1
2769.48,49.13,45,1
2769.61,49.13,45,1
2769.75,49.15,45,1
2769.88,49.14,45,1
2770.02,49.13,45,1
2770.15,49.13,45,1
2770.29,49.14,45,1
2770.42,49.15,45,1
2770.56,49.14,45,1
2770.69,49.13,45,1
2770.83,49.14,45,1
2770.96,49.14,45,1
2771.1,49.13,45,1
2771.23,49.14,45,1
2771.37,49.14,45,1
2771.5,49.12,45,1
2771.64,49.14,45,1
2771.77,49.15,45,1
2771.9,49.14,45,1
2772.04,49.14,45,1
2772.17,49.13,45,1
2772.31,49.14,45,1
2772.44,49.15,45,1
2772.58,49.12,45,1
2772.71,49.13,45,1
2772.85,49.16,45,1
2772.98,49.15,45,1
2773.12,49.14,45,1
2773.25,49.15,45,1
2773.39,49.16,45,1
2773.52,49.15,45,1
2773.66,49.15,45,1
2773.79,49.13,45,1
2773.93,49.11,45,1
2774.06,49.15,45,1
2774.2,49.13,45,1
2774.33,49.14,45,1
2774.47,49.15,45,1
2774.6,49.17,45,1
2774.74,49.14,45,1
2774.87,49.13,45,1
2775.01,49.15,45,1
2775.14,49.14,45,1
2775.28,49.16,45,1
2775.41,49.15,45,1
2775.55,49.19,45,1
2775.68,49.13,45,1
2775.82,49.17,45,1
2775.95,49.15,45,1
2776.09,49.17,45,1
2776.22,49.15,45,1
2776.36,49.15,45,1
2776.49,49.16,45,1
2776.63,49.15,45,1
2776.76,49.17,45,1
2776.9,49.17,45,1
2777.03,49.16,45,1
2777.17,49.14,45,1
2777.3,49.16,45,1
2777.44,49.16,45,1
2777.57,49.16,45,1
2777.71,49.13,45,1
2777.84,49.17,45,1
2777.97,49.14,45,1
2778.11,49.15,45,1
2778.25,49.16,45,1
2778.38,49.14,45,1
2778.51,49.15,45,1
2778.65,49.16,45,1
2778.78,49.16,45,1
2778.92,49.15,45,1
2779.05,49.16,45,1
2779.19,49.15,45,1
2779.32,49.15,45,1
2779.46,49.16,45,1
2779.59,49.16,45,1
2779.73,49.16,45,1
2779.86,49.14,45,1
2780.0,49.16,45,1
2780.13,49.17,45,1
2780.27,49.17,45,1
2780.4,49.16,45,1
2780.54,49.16,45,1
2780.67,49.16,45,1
2780.81,49.17,45,1
2780.94,49.16,45,1
2781.08,49.18,45,1
2781.21,49.16,45,1
2781.35,49.16,45,1
2781.48,49.16,45,1
2781.62,49.18,45,1
2781.75,49.15,45,1
2781.89,49.17,45,1
2782.02,49.18,45,1
2782.16,49.18,45,1
2782.29,49.16,45,1
2782.43,49.17,45,1
2782.56,49.18,45,1
2782.7,49.17,45,1
2782.83,49.16,45,1
2782.97,49.17,45,1
2783.1,49.18,45,1
2783.24,49.16,45,1
2783.37,49.13,45,1
2783.51,49.17,45,1
2783.64,49.18,45,1
2783.78,49.19,45,1
2783.91,49.18,45,1
2784.05,49.17,45,1
2784.18,49.19,45,1
2784.32,49.17,45,1
2784.45,49.18,45,1
2784.58,49.17,45,1
2784.72,49.18,45,1
2784.86,49.18,45,1
2784.99,49.21,45,1
2785.12,49.18,45,1
2785.26,49.16,45,1
2785.39,49.2,45,1
2785.53,49.2,45,1
2785.66,49.18,45,1
2785.8,49.18,45,1
2785.93,49.18,45,1
2786.07,49.2,45,1
2786.2,49.19,45,1
2786.34,49.19,45,1
2786.47,49.21,45,1
2786.61,49.18,45,1
2786.74,49.21,45,1
2786.88,49.19,45,1
2787.01,49.19,45,1
2787.15,49.2,45,1
2787.28,49.19,45,1
2787.42,49.19,45,1
2787.55,49.19,45,1
2787.69,49.18,45,1
2787.82,49.18,45,1
2787.96,49.23,45,1
2788.09,49.2,45,1
2788.23,49.19,45,1
2788.36,49.2,45,1
2788.5,49.2,45,1
2788.63,49.2,45,1
2788.77,49.18,45,1
2788.9,49.2,45,1
2789.04,49.19,45,1
2789.17,49.19,45,1
2789.31,49.19,45,1
2789.44,49.18,45,1
2789.58,49.2,45,1
2789.71,49.2,45,1
2789.85,49.2,45,1
2789.98,49.19,45,1
2790.12,49.21,45,1
2790.25,49.2,45,1
2790.39,49.19,45,1
2790.52,49.18,45,1
2790.66,49.19,45,1
2790.79,49.2,45,1
2790.93,49.19,45,1
2791.06,49.2,45,1
2791.19,49.21,45,1
2791.33,49.19,45,1
2791.47,49.2,45,1
2791.6,49.2,45,1
2791.74,49.21,45,1
2791.87,49.21,45,1
2792.01,49.21,45,1
2792.14,49.21,45,1
2792.28,49.21,45,1
2792.41,49.21,45,1
2792.55,49.21,45,1
2792.68,49.21,45,1
2792.82,49.21,45,1
2792.95,49.19,45,1
2793.09,49.2,45,1
2793.22,49.21,45,1
2793.36,49.21,45,1
2793.49,49.2,45,1
2793.63,49.21,45,1
2793.76,49.21,45,1
2793.9,49.2,45,1
2794.03,49.24,45,1
2794.17,49.22,45,1
2794.3,49.21,45,1
2794.44,49.21,45,1
2794.57,49.21,45,1
2794.71,49.22,45,1
2794.84,49.21,45,1
2794.98,49.21,45,1
2795.11,49.19,45,1
2795.25,49.23,45,1
2795.38,49.21,45,1
2795.52,49.21,45,1
2795.65,49.21,45,1
2795.79,49.21,45,1
2795.92,49.23,45,1
2796.05,49.22,45,1
2796.19,49.23,45,1
2796.32,49.23,45,1
2796.46,49.22,45,1
2796.59,49.21,45,1
2796.73,49.22,45,1
2796.86,49.22,45,1
2797.0,49.23,45,1
2797.13,49.23,45,1
2797.27,49.22,45,1
2797.4,49.23,45,1
2797.54,49.19,45,1
2797.67,49.22,45,1
2797.81,49.21,45,1
2797.94,49.23,45,1
2798.08,49.23,45,1
2798.21,49.2,45,1
2798.35,49.23,45,1
2798.48,49.21,45,1
2798.62,49.21,45,1
2798.75,49.2,45,1
2798.89,49.23,45,1
2799.02,49.23,45,1
2799.16,49.22,45,1
2799.29,49.22,45,1
2799.43,49.22,45,1
2799.56,49.24,45,1
2799.7,49.2,45,1
2799.83,49.19,45,1
2799.97,49.22,45,1
2800.1,49.21,45,1
2800.24,49.22,45,1
2800.37,49.24,45,1
2800.51,49.22,45,1
2800.64,49.24,45,1
2800.78,49.21,45,1
2800.91,49.22,45,1
2801.05,49.21,45,1
2801.18,49.21,45,1
2801.32,49.23,45,1
2801.45,49.25,45,1
2801.59,49.23,45,1
2801.72,49.22,45,1
2801.86,49.21,45,1
2801.99,49.24,45,1
2802.12,49.21,45,1
2802.26,49.22,45,1
2802.4,49.24,45,1
2802.53,49.27,45,1
2802.66,49.23,45,1
2802.8,49.22,45,1
2802.93,49.2,45,1
2803.07,49.24,45,1
2803.2,49.25,45,1
2803.34,49.21,45,1
2803.47,49.24,45,1
2803.61,49.25,45,1
2803.74,49.25,45,1
2803.88,49.21,45,1
2804.01,49.21,45,1
2804.15,49.25,45,1
2804.28,49.24,45,1
2804.42,49.26,45,1
2804.55,49.24,45,1
2804.69,49.22,45,1
2804.82,49.23,45,1
2804.96,49.24,45,1
2805.09,49.24,45,1
2805.23,49.28,45,1
2805.36,49.25,45,1
2805.5,49.23,45,1
2805.63,49.23,45,1
2805.77,49.25,45,1
2805.9,49.25,45,1
2806.04,49.25,45,1
2806.17,49.25,45,1
2806.31,49.24,45,1
2806.44,49.24,45,1
2806.58,49.24,45,1
2806.71,49.24,45,1
2806.85,49.24,45,1
2806.98,49.23,45,1
2807.12,49.23,45,1
2807.25,49.26,45,1
2807.39,49.25,45,1
2807.52,49.25,45,1
2807.66,49.25,45,1
2807.79,49.24,45,1
2807.93,49.24,45,1
2808.06,49.24,45,1
2808.2,49.25,45,1
2808.33,49.26,45,1
2808.47,49.26,45,1
2808.6,49.25,45,1
2808.73,49.23,45,1
2808.87,49.24,45,1
2809.01,49.25,45,1
2809.14,49.24,45,1
2809.27,49.24,45,1
2809.41,49.25,45,1
2809.54,49.25,45,1
2809.68,49.23,45,1
2809.81,49.26,45,1
2809.95,49.24,45,1
2810.08,49.23,45,1
2810.22,49.25,45,1
2810.35,49.25,45,1
2810.49,49.25,45,1
2810.62,49.25,45,1
2810.76,49.25,45,1
2810.89,49.25,45,1
2811.03,49.25,45,1
2811.16,49.25,45,1
2811.3,49.25,45,1
2811.43,49.25,45,1
2811.57,49.24,45,1
2811.7,49.23,45,1
2811.84,49.25,45,1
2811.97,49.26,45,1
2812.11,49.25,45,1
2812.24,49.28,45,1
2812.38,49.24,45,1
2812.51,49.27,45,1
2812.65,49.25,45,1
2812.78,49.26,45,1
2812.92,49.26,45,1
2813.05,49.25,45,1
2813.19,49.25,45,1
2813.32,49.26,45,1
2813.46,49.27,45,1
2813.59,49.27,45,1
2813.73,49.25,45,1
2813.86,49.25,45,1
2814.0,49.26,45,1
2814.13,49.26,45,1
2814.27,49.26,45,1
2814.4,49.25,45,1
2814.54,49.26,45,1
2814.67,49.24,45,1
2814.81,49.25,45,1
2814.94,49.25,45,1
2815.08,49.26,45,1
2815.21,49.26,45,1
2815.34,49.25,45,1
2815.48,49.27,45,1
2815.62,49.26,45,1
2815.75,49.26,45,1
2815.88,49.25,45,1
2816.02,49.24,45,1
2816.15,49.26,45,1
2816.29,49.27,45,1
2816.42,49.26,45,1
2816.56,49.28,45,1
2816.69,49.24,45,1
2816.83,49.27,45,1
2816.96,49.26,45,1
2817.1,49.27,45,1
2817.23,49.25,45,1
2817.37,49.24,45,1
2817.5,49.27,45,1
2817.64,49.25,45,1
2817.77,49.26,45,1
2817.91,49.25,45,1
2818.04,49.24,45,1
2818.18,49.25,45,1
2818.31,49.25,45,1
2818.45,49.26,45,1
2818.58,49.27,45,1
2818.72,49.26,45,1
2818.85,49.27,45,1
2818.99,49.26,45,1
2819.12,49.26,45,1
2819.26,49.27,45,1
2819.39,49.25,45,1
2819.53,49.27,45,1
2819.66,49.26,45,1
2819.8,49.28,45,1
2819.93,49.25,45,1
2820.07,49.25,45,1
2820.2,49.27,45,1
2820.34,49.25,45,1
2820.47,49.25,45,1
2820.61,49.27,45,1
2820.74,49.25,45,1
2820.88,49.27,45,1
2821.01,49.26,45,1
2821.15,49.24,45,1
2821.28,49.24,45,1
2821.41,49.27,45,1
2821.55,49.27,45,1
2821.69,49.28,45,1
2821.82,49.24,45,1
2821.95,49.26,45,1
2822.09,49.27,45,1
2822.22,49.29,45,1
2822.36,49.26,45,1
2822.5,49.28,45,1
2822.63,49.28,45,1
2822.76,49.24,45,1
2822.9,49.28,45,1
2823.03,49.25,45,1
2823.17,49.27,45,1
2823.3,49.25,45,1
2823.44,49.26,45,1
2823.57,49.26,45,1
2823.71,49.27,45,1
2823.84,49.25,45,1
2823.98,49.26,45,1
2824.11,49.28,45,1
2824.25,49.27,45,1
2824.38,49.26,45,1
2824.52,49.26,45,1
2824.65,49.26,45,1
2824.79,49.28,45,1
2824.92,49.24,45,1
2825.06,49.29,45,1
2825.19,49.26,45,1
2825.33,49.26,45,1
2825.46,49.3,45,1
2825.6,49.26,45,1
2825.73,49.28,45,1
2825.87,49.27,45,1
2826.0,49.28,45,1
2826.14,49.26,45,1
2826.27,49.26,45,1
2826.41,49.26,45,1
2826.54,49.27,45,1
2826.68,49.26,45,1
2826.81,49.26,45,1
2826.95,49.28,45,1
2827.08,49.26,45,1
2827.22,49.28,45,1
2827.35,49.26,45,1
2827.49,49.3,45,1
2827.62,49.26,45,1
2827.76,49.28,45,1
2827.89,49.28,45,1
2828.02,49.27,45,1
2828.16,49.27,45,1
2828.3,49.28,45,1
2828.43,49.26,45,1
2828.56,49.29,45,1
2828.7,49.26,45,1
2828.83,49.28,45,1
2828.97,49.28,45,1
2829.1,49.28,45,1
2829.24,49.26,45,1
2829.37,49.27,45,1
2829.51,49.26,45,1
2829.64,49.28,45,1
2829.78,49.27,45,1
2829.91,49.26,45,1
2830.05,49.28,45,1
2830.18,49.29,45,1
2830.32,49.28,45,1
2830.45,49.28,45,1
2830.59,49.28,45,1
2830.72,49.27,45,1
2830.86,49.3,45,1
2830.99,49.27,45,1
2831.13,49.28,45,1
2831.26,49.3,45,1
2831.4,49.3,45,1
2831.53,49.28,45,1
2831.67,49.28,45,1
2831.8,49.29,45,1
2831.94,49.29,45,1
2832.07,49.27,45,1
2832.21,49.3,45,1
2832.34,49.29,45,1
2832.48,49.28,45,1
2832.61,49.3,45,1
2832.75,49.28,45,1
2832.88,49.26,45,1
2833.02,49.28,45,1
2833.15,49.3,45,1
2833.29,49.29,45,1
2833.42,49.3,45,1
2833.56,49.29,45,1
2833.69,49.3,45,1
2833.83,49.27,45,1
2833.96,49.3,45,1
2834.1,49.28,45,1
2834.23,49.27,45,1
2834.37,49.28,45,1
2834.5,49.28,45,1
2834.63,49.3,45,1
2834.77,49.28,45,1
2834.91,49.28,45,1
2835.04,49.29,45,1
2835.17,49.28,45,1
2835.31,49.3,45,1
2835.44,49.29,45,1
2835.58,49.27,45,1
2835.71,49.3,45,1
2835.85,49.27,45,1
2835.98,49.29,45,1
2836.12,49.29,45,1
2836.25,49.28,45,1
2836.39,49.29,45,1
2836.52,49.31,45,1
2836.66,49.29,45,1
2836.79,49.3,45,1
2836.93,49.29,45,1
2837.06,49.29,45,1
2837.2,49.29,45,1
2837.33,49.28,45,1
2837.47,49.3,45,1
2837.6,49.3,45,1
2837.74,49.3,45,1
2837.87,49.29,45,1
2838.01,49.3,45,1
2838.14,49.29,45,1
2838.28,49.31,45,1
2838.41,49.3,45,1
2838.55,49.3,45,1
2838.68,49.3,45,1
2838.82,49.31,45,1
2838.95,49.29,45,1
2839.09,49.31,45,1
2839.22,49.3,45,1
2839.36,49.31,45,1
2839.49,49.3,45,1
2839.63,49.28,45,1
2839.76,49.28,45,1
2839.9,49.33,45,1
2840.03,49.3,45,1
2840.17,49.31,45,1
2840.3,49.31,45,1
2840.44,49.29,45,1
2840.57,49.29,45,1
2840.71,49.29,45,1
2840.84,49.3,45,1
2840.98,49.3,45,1
2841.11,49.3,45,1
2841.25,49.3,45,1
2841.38,49.3,45,1
2841.51,49.28,45,1
2841.65,49.34,45,1
2841.78,49.29,45,1
2841.92,49.3,45,1
2842.05,49.28,45,1
2842.19,49.3,45,1
2842.32,49.28,45,1
2842.46,49.31,45,1
2842.59,49.29,45,1
2842.73,49.29,45,1
2842.86,49.28,45,1
2843.0,49.31,45,1
2843.13,49.31,45,1
2843.27,49.3,45,1
2843.4,49.31,45,1
2843.54,49.3,45,1
2843.67,49.31,45,1
2843.81,49.31,45,1
2843.94,49.29,45,1
2844.08,49.32,45,1
2844.21,49.31,45,1
2844.35,49.3,45,1
2844.48,49.32,45,1
2844.62,49.3,45,1
2844.75,49.31,45,1
2844.89,49.29,45,1
2845.02,49.28,45,1
2845.16,49.3,45,1
2845.29,49.3,45,1
2845.43,49.3,45,1
2845.56,49.3,45,1
2845.7,49.29,45,1
2845.83,49.29,45,1
2845.97,49.3,45,1
2846.1,49.32,45,1
2846.24,49.3,45,1
2846.37,49.32,45,1
2846.51,49.3,45,1
2846.64,49.29,45,1
2846.78,49.3,45,1
2846.91,49.32,45,1
2847.05,49.33,45,1
2847.18,49.32,45,1
2847.31,49.34,45,1
2847.45,49.34,45,1
2847.59,49.35,45,1
2847.72,49.34,45,1
2847.85,49.34,45,1
2847.99,49.33,45,1
2848.12,49.31,45,1
2848.26,49.31,45,1
2848.39,49.33,45,1
2848.53,49.32,45,1
2848.66,49.33,45,1
2848.8,49.33,45,1
2848.93,49.31,45,1
2849.07,49.32,45,1
2849.2,49.34,45,1
2849.34,49.32,45,1
2849.47,49.32,45,1
2849.61,49.3,45,1
2849.74,49.32,45,1
2849.88,49.32,45,1
2850.01,49.32,45,1
2850.15,49.28,45,1
2850.28,49.3,45,1
2850.42,49.31,45,1
2850.55,49.29,45,1
2850.69,49.29,45,1
2850.82,49.3,45,1
2850.96,49.31,45,1
2851.09,49.27,45,1
2851.23,49.32,45,1
2851.36,49.3,45,1
2851.5,49.31,45,1
2851.63,49.29,45,1
2851.77,49.29,45,1
2851.9,49.3,45,1
2852.04,49.32,45,1
2852.17,49.29,45,1
2852.31,49.29,45,1
2852.44,49.31,45,1
2852.58,49.31,45,1
2852.71,49.31,45,1
2852.85,49.32,45,1
2852.98,49.33,45,1
2853.12,49.33,45,1
2853.25,49.33,45,1
2853.39,49.35,45,1
2853.52,49.33,45,1
2853.66,49.33,45,1
2853.79,49.33,45,1
2853.92,49.34,45,1
2854.06,49.33,45,1
2854.19,49.34,45,1
2854.33,49.31,45,1
2854.46,49.3,45,1
2854.6,49.31,45,1
2854.73,49.28,45,1
2854.87,49.29,45,1
2855.0,49.3,45,1
2855.14,49.32,45,1
2855.27,49.29,45,1
2855.41,49.31,45,1
2855.54,49.31,45,1
2855.68,49.32,45,1
2855.81,49.35,45,1
2855.95,49.34,45,0
2856.08,49.37,45,0
2856.22,49.36,45,0
2856.35,49.31,45,0
2856.49,49.29,45,0
2856.62,49.24,45,0
2856.76,49.23,45,0
2856.89,49.23,45,0
2857.03,49.18,45,0
2857.16,49.13,45,0
2857.3,49.08,45,0
2857.43,49.05,45,0
2857.57,49.03,45,0
2857.7,48.92,45,0
2857.84,48.91,0,0
2857.97,48.84,0,0
2858.11,48.77,0,0
2858.24,48.69,0,0
2858.37,48.64,0,0
2858.51,48.56,0,0
2858.64,48.5,0,0
2858.78,48.44,0,0
2858.91,48.38,0,0
2859.04,48.32,0,0
2859.18,48.27,0,0
2859.31,48.22,0,0
2859.44,48.16,0,0
2859.58,48.11,0,0
2859.71,48.07,0,0
2859.85,48.01,0,0
2859.98,47.96,0,0
2860.11,47.91,0,0
2860.25,47.85,0,0
2860.38,47.79,0,0
2860.52,47.76,0,0
2860.65,47.73,0,0
2860.78,47.69,0,0
2860.92,47.65,0,0
2861.05,47.6,0,0
2861.19,47.55,0,0
2861.32,47.51,0,0
2861.45,47.47,0,0
2861.59,47.47,0,0
2861.72,47.41,0,0
2861.85,47.37,0,0
2861.99,47.33,0,0
2862.12,47.29,0,0
2862.26,47.24,0,0
2862.39,47.21,0,0
2862.52,47.16,0,0
2862.66,47.11,0,0
2862.79,47.01,0,0
2862.92,46.98,0,0
2863.06,46.93,0,0
2863.19,46.9,0,0
2863.33,46.88,0,0
2863.46,46.84,0,0
2863.59,46.8,0,0
2863.73,46.77,0,0
2863.86,46.72,0,0
2864.0,46.69,0,0
2864.13,46.65,0,0
2864.26,46.64,0,0
2864.4,46.59,0,0
2864.53,46.56,0,0
2864.66,46.52,0,0
2864.8,46.49,0,0
2864.93,46.43,0,0
2865.07,46.39,0,0
2865.2,46.35,0,0
2865.33,46.33,0,0
2865.47,46.29,0,0
2865.6,46.26,0,0
2865.74,46.21,0,0
2865.87,46.16,0,0
2866.0,46.13,0,0
2866.14,46.09,0,0
2866.27,46.07,0,0
2866.41,46.01,0,0
2866.54,45.97,0,0
2866.67,45.93,0,0
2866.81,45.9,0,0
2866.94,45.87,0,0
2867.07,45.83,0,0
2867.21,45.8,0,0
2867.34,45.77,0,0
2867.48,45.71,0,0
2867.61,45.71,0,0
2867.74,45.67,0,0
2867.88,45.67,0,0
2868.01,45.63,0,0
2868.15,45.6,0,0
2868.28,45.56,0,0
2868.41,45.53,0,0
2868.55,45.5,0,0
2868.68,45.45,0,0
2868.81,45.42,0,0
2868.95,45.41,0,0
2869.08,45.38,0,0
2869.22,45.32,0,0
2869.35,45.27,0,0
2869.48,45.25,0,0
2869.62,45.21,0,0
2869.75,45.18,0,0
2869.88,45.14,0,0
2870.02,45.1,0,0
2870.15,45.07,0,0
2870.29,45.05,0,0
2870.42,45.0,0,0
2870.55,44.97,0,0
2870.69,44.94,0,0
2870.82,44.92,0,0
2870.96,44.89,0,0
2871.09,44.86,0,0
2871.22,44.84,0,0
2871.36,44.8,0,0
2871.49,44.75,0,0
2871.63,44.72,0,0
2871.76,44.67,0,0
2871.89,44.63,0,0
2872.03,44.6,0,0
2872.16,44.57,0,0
2872.29,44.54,0,0
2872.43,44.49,0,0
2872.56,44.46,0,0
2872.7,44.42,0,0
2872.83,44.39,0,0
2872.96,44.35,0,0
2873.1,44.3,0,0
2873.23,44.29,0,0
2873.37,44.24,0,0
2873.5,44.21,0,0
2873.63,44.17,0,0
2873.77,44.15,0,0
2873.9,44.11,0,0
2874.04,44.1,0,0
2874.17,44.06,0,0
2874.3,44.03,0,0
2874.44,44.01,0,0
2874.57,43.97,0,0
2874.7,43.95,0,0
2874.84,43.92,0,0
2874.97,43.88,0,0
2875.11,43.84,0,0
2875.24,43.81,0,0
2875.37,43.78,0,0
2875.51,43.76,0,0
2875.64,43.72,0,0
2875.78,43.7,0,0
2875.91,43.66,0,0
2876.04,43.61,0,0
2876.18,43.61,0,0
2876.31,43.59,0,0
2876.44,43.55,0,0
2876.58,43.53,0,0
2876.71,43.5,0,0
2876.85,43.47,0,0
2876.98,43.43,0,0
2877.11,43.42,0,0
2877.25,43.38,0,0
2877.38,43.33,0,0
2877.52,43.32,0,0
2877.65,43.31,0,0
2877.78,43.26,0,0
2877.92,43.23,0,0
2878.05,43.2,0,0
2878.18,43.17,0,0
2878.32,43.16,0,0
2878.45,43.12,0,0
2878.59,43.1,0,0
2878.72,43.06,0,0
2878.85,43.04,0,0
2878.99,43.03,0,0
2879.12,42.98,0,0
2879.26,42.94,0,0
2879.39,42.92,0,0
2879.52,42.91,0,0
2879.66,42.86,0,0
2879.79,42.83,0,0
2879.93,42.82,0,0
2880.06,42.78,0,0
2880.19,42.76,0,0
2880.33,42.72,0,0
2880.46,42.69,0,0
2880.59,42.67,0,0
2880.73,42.65,0,0
2880.86,42.61,0,0
2881.0,42.6,0,0
2881.13,42.57,0,0
2881.26,42.54,0,0
2881.4,42.5,0,0
2881.53,42.48,0,0
2881.67,42.46,0,0
2881.8,42.43,0,0
2881.93,42.41,0,0
2882.07,42.36,0,0
2882.2,42.36,0,0
2882.33,42.32,0,0
2882.47,42.29,0,0
2882.6,42.27,0,0
2882.74,42.23,0,0
2882.87,42.22,0,0
2883.0,42.19,0,0
2883.14,42.16,0,0
2883.27,42.13,0,0
2883.41,42.1,0,0
2883.54,42.07,0,0
2883.67,42.04,0,0
2883.81,42.03,0,0
2883.94,42.0,0,0
2884.08,41.98,0,0
2884.21,41.93,0,0
2884.34,41.93,0,0
2884.48,41.9,0,0
2884.61,41.85,0,0
2884.75,41.84,0,0
2884.88,41.82,0,0
2885.01,41.79,0,0
2885.15,41.78,0,0
2885.28,41.73,0,0
2885.41,41.72,0,0
2885.55,41.7,0,0
2885.68,41.66,0,0
2885.82,41.64,0,0
2885.95,41.62,0,0
2886.08,41.6,0,0
2886.22,41.57,0,0
2886.35,41.53,0,0
2886.49,41.51,0,0
2886.62,41.47,0,0
2886.75,41.46,0,0
2886.89,41.44,0,0
2887.02,41.43,0,0
2887.15,41.39,0,0
2887.29,41.37,0,0
2887.42,41.34,0,0
2887.56,41.32,0,0
2887.69,41.28,0,0
2887.82,41.26,0,0
2887.96,41.25,0,0
2888.09,41.22,0,0
2888.22,41.19,0,0
2888.36,41.16,0,0
2888.49,41.13,0,0
2888.63,41.12,0,0
2888.76,41.1,0,0
2888.89,41.05,0,0
2889.03,41.03,0,0
2889.16,41.01,0,0
2889.3,40.99,0,0
2889.43,40.98,0,0
2889.56,40.93,0,0
2889.7,40.92,0,0
2889.83,40.9,0,0
2889.97,40.86,0,0
2890.1,40.85,0,0
2890.23,40.82,0,0
2890.37,40.79,0,0
2890.5,40.76,0,0
2890.64,40.75,0,0
2890.77,40.73,0,0
2890.9,40.69,0,0
2891.04,40.68,0,0
2891.17,40.65,0,0
2891.3,40.62,0,0
2891.44,40.6,0,0
2891.57,40.58,0,0
2891.71,40.56,0,0
2891.84,40.52,0,0
2891.97,40.51,0,0
2892.11,40.48,0,0
2892.24,40.47,0,0
2892.38,40.43,0,0
2892.51,40.43,0,0
2892.64,40.38,0,0
2892.78,40.37,0,0
2892.91,40.36,0,0
2893.04,40.32,0,0
2893.18,40.29,0,0
2893.31,40.27,0,0
2893.45,40.25,0,0
2893.58,40.22,0,0
2893.71,40.2,0,0
2893.85,40.17,0,0
2893.98,40.15,0,0
2894.11,40.13,0,0
2894.25,40.1,0,0
2894.38,40.08,0,0
2894.52,40.06,0,0
2894.65,40.04,0,0
2894.78,40.01,0,0
2894.92,40.0,0,0
2895.05,39.99,0,0
2895.19,39.98,0,0
2895.32,39.93,0,0
2895.45,39.91,0,0
2895.59,39.88,0,0
2895.72,39.87,0,0
2895.86,39.84,0,0
2895.99,39.82,0,0
2896.12,39.83,0,0
2896.26,39.77,0,0
2896.39,39.74,0,0
2896.53,39.73,0,0
2896.66,39.71,0,0
2896.79,39.68,0,0
2896.93,39.67,0,0
2897.06,39.63,0,0
2897.19,39.61,0,0
2897.33,39.59,0,0
2897.46,39.57,0,0
2897.6,39.57,0,0
2897.73,39.53,0,0
2897.86,39.51,0,0
2898.0,39.48,0,0
2898.13,39.46,0,0
2898.27,39.44,0,0
2898.4,39.43,0,0
2898.53,39.41,0,0
2898.67,39.4,0,0
2898.8,39.35,0,0
2898.93,39.34,0,0
2899.07,39.32,0,0
2899.2,39.29,0,0
2899.34,39.28,0,0
2899.47,39.26,0,0
2899.6,39.22,0,0
2899.74,39.2,0,0
2899.87,39.19,0,0
2900.01,39.17,0,0
2900.14,39.13,0,0
2900.27,39.12,0,0
2900.41,39.11,0,0
2900.54,39.08,0,0
2900.67,39.05,0,0
2900.81,39.02,0,0
2900.94,39.02,0,0
2901.08,38.99,0,0
2901.21,38.98,0,0
2901.34,38.96,0,0
2901.48,38.93,0,0
2901.61,38.9,0,0
2901.75,38.89,0,0
2901.88,38.86,0,0
2902.01,38.84,0,0
2902.15,38.82,0,0
2902.28,38.8,0,0
2902.42,38.78,0,0
2902.55,38.77,0,0
2902.68,38.74,0,0
2902.82,38.73,0,0
2902.95,38.71,0,0
2903.08,38.7,0,0
2903.22,38.67,0,0
2903.35,38.65,0,0
2903.49,38.62,0,0
2903.62,38.61,0,0
2903.75,38.59,0,0
2903.89,38.56,0,0
2904.02,38.54,0,0
2904.16,38.53,0,0
2904.29,38.51,0,0
2904.42,38.5,0,0
2904.56,38.46,0,0
2904.69,38.44,0,0
2904.82,38.42,0,0
2904.96,38.39,0,0
2905.09,38.36,0,0
2905.23,38.36,0,0
2905.36,38.34,0,0
2905.5,38.32,0,0
2905.63,38.32,0,0
2905.76,38.29,0,0
2905.9,38.26,0,0
2906.03,38.26,0,0
2906.16,38.23,0,0
2906.3,38.22,0,0
2906.43,38.19,0,0
2906.57,38.16,0,0
2906.7,38.15,0,0
2906.83,38.14,0,0
2906.97,38.12,0,0
2907.1,38.09,0,0
2907.23,38.07,0,0
2907.37,38.05,0,0
2907.5,38.03,0,0
2907.64,38.01,0,0
2907.77,37.99,0,0
2907.9,37.98,0,0
2908.04,37.95,0,0
2908.17,37.93,0,0
2908.31,37.91,0,0
2908.44,37.9,0,0
2908.57,37.89,0,0
2908.71,37.87,0,0
2908.84,37.85,0,0
2908.98,37.81,0,0
2909.11,37.8,0,0
2909.24,37.78,0,0
2909.38,37.74,0,0
2909.51,37.75,0,0
2909.64,37.74,0,0
2909.78,37.7,0,0
2909.91,37.69,0,0
2910.05,37.67,0,0
2910.18,37.65,0,0
2910.31,37.64,0,0
2910.45,37.62,0,0
2910.58,37.6,0,0
2910.71,37.58,0,0
2910.85,37.56,0,0
2910.98,37.54,0,0
2911.12,37.54,0,0
2911.25,37.5,0,0
2911.38,37.49,0,0
2911.52,37.47,0,0
2911.65,37.46,0,0
2911.79,37.43,0,0
2911.92,37.41,0,0
2912.05,37.4,0,0
2912.19,37.38,0,0
2912.32,37.35,0,0
2912.45,37.34,0,0
2912.59,37.33,0,0
2912.72,37.31,0,0
2912.86,37.3,0,0
2912.99,37.27,0,0
2913.12,37.25,0,0
2913.26,37.24,0,0
2913.39,37.21,0,0
2913.53,37.19,0,0
2913.66,37.17,0,0
2913.79,37.16,0,0
2913.93,37.15,0,0
2914.06,37.13,0,0
2914.2,37.11,0,0
2914.33,37.1,0,0
2914.46,37.08,0,0
2914.6,37.07,0,0
2914.73,37.03,0,0
2914.87,37.02,0,0
2915.0,37.0,0,0
2915.13,36.98,0,0
2915.27,36.97,0,0
2915.4,36.96,0,0
2915.53,36.94,0,0
2915.67,36.92,0,0
2915.8,36.91,0,0
2915.94,36.89,0,0
2916.07,36.87,0,0
2916.2,36.86,0,0
2916.34,36.84,0,0
2916.47,36.81,0,0
2916.6,36.79,0,0
2916.74,36.77,0,0
2916.87,36.75,0,0
2917.01,36.75,0,0
2917.14,36.73,0,0
2917.27,36.72,0,0
2917.41,36.7,0,0
2917.54,36.68,0,0
2917.68,36.66,0,0
2917.81,36.63,0,0
2917.94,36.64,0,0
2918.08,36.61,0,0
2918.21,36.59,0,0
2918.35,36.57,0,0
2918.48,36.56,0,0
2918.61,36.54,0,0
2918.75,36.52,0,0
2918.88,36.51,0,0
2919.01,36.49,0,0
2919.15,36.47,0,0
2919.28,36.45,0,0
2919.42,36.43,0,0
2919.55,36.42,0,0
2919.68,36.41,0,0
2919.82,36.39,0,0
2919.95,36.37,0,0
2920.09,36.36,0,0
2920.22,36.34,0,0
2920.35,36.32,0,0
2920.49,36.31,0,0
2920.62,36.29,0,0
2920.75,36.28,0,0
2920.89,36.27,0,0
2921.02,36.22,0,0
2921.16,36.22,0,0
2921.29,36.2,0,0
2921.42,36.2,0,0
2921.56,36.19,0,0
2921.69,36.16,0,0
2921.83,36.15,0,0
2921.96,36.13,0,0
2922.09,36.12,0,0
2922.23,36.1,0,0
2922.36,36.08,0,0
2922.5,36.07,0,0
2922.63,36.04,0,0
2922.76,36.04,0,0
2922.9,36.03,0,0
2923.03,36.02,0,0
2923.16,35.99,0,0
2923.3,35.97,0,0
2923.43,35.96,0,0
2923.57,35.94,0,0
2923.7,35.91,0,0
2923.83,35.9,0,0
2923.97,35.89,0,0
2924.1,35.86,0,0
2924.23,35.85,0,0
2924.37,35.85,0,0
2924.5,35.82,0,0
2924.64,35.81,0,0
2924.77,35.79,0,0
2924.9,35.78,0,0
2925.04,35.77,0,0
2925.17,35.75,0,0
2925.31,35.73,0,0
2925.44,35.71,0,0
2925.57,35.71,0,0
2925.71,35.69,0,0
2925.84,35.65,0,0
2925.98,35.66,0,0
2926.11,35.64,0,0
2926.24,35.63,0,0
2926.38,35.61,0,0
2926.51,35.59,0,0
2926.65,35.59,0,0
2926.78,35.57,0,0
2926.91,35.57,0,0
2927.05,35.54,0,0
2927.18,35.5,0,0
2927.31,35.51,0,0
2927.45,35.49,0,0
2927.58,35.47,0,0
2927.72,35.46,0,0
2927.85,35.44,0,0
2927.98,35.42,0,0
2928.12,35.42,0,0
2928.25,35.4,0,0
2928.39,35.38,0,0
2928.52,35.37,0,0
2928.65,35.36,0,0
2928.79,35.35,0,0
2928.92,35.33,0,0
2929.05,35.31,0,0
2929.19,35.3,0,0
2929.32,35.29,0,0
2929.46,35.26,0,0
2929.59,35.27,0,0
2929.72,35.25,0,0
2929.86,35.23,0,0
2929.99,35.22,0,0
2930.13,35.19,0,0
2930.26,35.18,0,0
2930.39,35.17,0,0
2930.53,35.15,0,0
2930.66,35.15,0,0
2930.79,35.12,0,0
2930.93,35.11,0,0
2931.06,35.11,0,0
2931.2,35.09,0,0
2931.33,35.06,0,0
2931.46,35.05,0,0
2931.6,35.04,0,0
2931.73,35.03,0,0
2931.87,35.01,0,0
2932.0,35.0,0,0
2932.13,34.99,0,0
2932.27,34.97,0,0
2932.4,34.96,0,0
2932.54,34.94,0,0
2932.67,34.92,0,0
2932.8,34.94,0,0
2932.94,34.91,0,0
2933.07,34.89,0,0
2933.2,34.88,0,0
2933.34,34.86,0,0
2933.47,34.84,0,0
2933.61,34.84,0,0
2933.74,34.82,0,0
2933.87,34.81,0,0
2934.01,34.8,0,0
2934.14,34.78,0,0
2934.28,34.76,0,0
2934.41,34.75,0,0
2934.54,34.74,0,0
2934.68,34.72,0,0
2934.81,34.71,0,0
2934.94,34.7,0,0
2935.08,34.68,0,0
2935.21,34.66,0,0
2935.35,34.65,0,0
2935.48,34.64,0,0
2935.61,34.63,0,0
2935.75,34.61,0,0
2935.88,34.6,0,0
2936.02,34.58,0,0
2936.15,34.58,0,0
2936.28,34.56,0,0
2936.42,34.54,0,0
2936.55,34.53,0,0
2936.68,34.51,0,0
2936.82,34.52,0,0
2936.95,34.49,0,0
2937.09,34.49,0,0
2937.22,34.47,0,0
2937.35,34.45,0,0
2937.49,34.44,0,0
2937.62,34.42,0,0
2937.76,34.41,0,0
2937.89,34.41,0,0
2938.02,34.39,0,0
2938.16,34.38,0,0
2938.29,34.36,0,0
2938.43,34.35,0,0
2938.56,34.33,0,0
2938.69,34.33,0,0
2938.83,34.32,0,0
2938.96,34.31,0,0
2939.09,34.29,0,0
2939.23,34.28,0,0
2939.36,34.26,0,0
2939.5,34.24,0,0
2939.63,34.24,0,0
2939.76,34.22,0,0
2939.9,34.22,0,0
2940.03,34.2,0,0
2940.17,34.19,0,0
2940.3,34.18,0,0
2940.43,34.15,0,0
2940.57,34.14,0,0
2940.7,34.13,0,0
2940.83,34.1,0,0
2940.97,34.09,0,0
2941.1,34.1,0,0
2941.24,34.08,0,0
2941.37,34.06,0,0
2941.5,34.04,0,0
2941.64,34.04,0,0
2941.77,34.03,0,0
2941.9,34.01,0,0
2942.04,34.01,0,0
2942.17,34.0,0,0
2942.31,33.99,0,0
2942.44,33.97,0,0
2942.57,33.96,0,0
2942.71,33.95,0,0
2942.84,33.92,0,0
2942.98,33.92,0,0
2943.11,33.9,0,0
2943.25,33.89,0,0
2943.38,33.89,0,0
2943.51,33.87,0,0
2943.65,33.86,0,0
2943.78,33.83,0,0
2943.91,33.84,0,0
2944.05,33.82,0,0
2944.18,33.8,0,0
2944.31,33.8,0,0
2944.45,33.78,0,0
2944.58,33.77,0,0
2944.72,33.76,0,0
2944.85,33.75,0,0
2944.98,33.73,0,0
2945.12,33.72,0,0
2945.25,33.7,0,0
2945.39,33.69,0,0
2945.52,33.69,0,0
2945.65,33.68,0,0
2945.79,33.67,0,0
2945.92,33.64,0,0
2946.06,33.63,0,0
2946.19,33.62,0,0
2946.32,33.62,0,0
2946.46,33.6,0,0
2946.59,33.59,0,0
2946.72,33.57,0,0
2946.86,33.56,0,0
2946.99,33.55,0,0
2947.13,33.54,0,0
2947.26,33.53,0,0
2947.39,33.51,0,0
2947.53,33.51,0,0
2947.66,33.49,0,0
2947.79,33.48,0,0
2947.93,33.47,0,0
2948.06,33.46,0,0
2948.2,33.45,0,0
2948.33,33.44,0,0
2948.46,33.43,0,0
2948.6,33.41,0,0
2948.73,33.4,0,0
2948.87,33.39,0,0
2949.0,33.39,0,0
2949.13,33.36,0,0
2949.27,33.36,0,0
2949.4,33.34,0,0
2949.53,33.34,0,0
2949.67,33.33,0,0
2949.8,33.32,0,0
2949.94,33.31,0,0
2950.07,33.28,0,0
2950.2,33.28,0,0
2950.34,33.27,0,0
2950.47,33.24,0,0
2950.61,33.25,0,0
2950.74,33.23,0,0
2950.87,33.22,0,0
2951.01,33.21,0,0
2951.14,33.2,0,0
2951.27,33.2,0,0
2951.41,33.18,0,0
2951.54,33.17,0,0
2951.68,33.16,0,0
2951.81,33.14,0,0
2951.94,33.13,0,0
2952.08,33.12,0,0
2952.21,33.11,0,0
2952.35,33.11,0,0
2952.48,33.1,0,0
2952.61,33.09,0,0
2952.75,33.07,0,0
2952.88,33.05,0,0
2953.02,33.05,0,0
2953.15,33.04,0,0
2953.28,33.04,0,0
2953.42,33.02,0,0
2953.55,33.0,0,0
2953.68,33.0,0,0
2953.82,32.98,0,0
2953.95,32.97,0,0
2954.09,32.97,0,0
2954.22,32.96,0,0
2954.35,32.94,0,0
2954.49,32.93,0,0
2954.62,32.92,0,0
2954.76,32.91,0,0
2954.89,32.9,0,0
2955.02,32.88,0,0
2955.16,32.88,0,0
2955.29,32.85,0,0
2955.42,32.85,0,0
2955.56,32.84,0,0
2955.69,32.82,0,0
2955.83,32.82,0,0
2955.96,32.81,0,0
2956.09,32.79,0,0
2956.23,32.79,0,0
2956.36,32.77,0,0
2956.5,32.77,0,0
2956.63,32.76,0,0
2956.76,32.74,0,0
2956.9,32.73,0,0
2957.03,32.73,0,0
2957.16,32.71,0,0
2957.3,32.7,0,0
2957.43,32.69,0,0
2957.57,32.67,0,0
2957.7,32.67,0,0
2957.83,32.65,0,0
2957.97,32.65,0,0
2958.1,32.64,0,0
2958.24,32.63,0,0
2958.37,32.62,0,0
2958.5,32.6,0,0
2958.64,32.6,0,0
2958.77,32.59,0,0
2958.9,32.58,0,0
2959.04,32.56,0,0
2959.17,32.55,0,0
2959.31,32.55,0,0
2959.44,32.54,0,0
2959.57,32.53,0,0
2959.71,32.52,0,0
2959.84,32.51,0,0
2959.98,32.48,0,0
2960.11,32.49,0,0
2960.24,32.47,0,0
2960.38,32.48,0,0
2960.51,32.45,0,0
2960.65,32.45,0,0
2960.78,32.44,0,0
2960.91,32.43,0,0
2961.05,32.42,0,0
2961.18,32.41,0,0
2961.31,32.39,0,0
2961.45,32.4,0,0
2961.58,32.37,0,0
2961.72,32.36,0,0
2961.85,32.35,0,0
2961.98,32.34,0,0
2962.12,32.33,0,0
2962.25,32.32,0,0
2962.38,32.31,0,0
2962.52,32.3,0,0
2962.65,32.3,0,0
2962.79,32.29,0,0
2962.92,32.29,0,0
2963.05,32.27,0,0
2963.19,32.26,0,0
2963.32,32.25,0,0
2963.46,32.24,0,0
2963.59,32.24,0,0
2963.72,32.22,0,0
2963.86,32.2,0,0
2963.99,32.2,0,0
2964.12,32.19,0,0
2964.26,32.18,0,0
2964.39,32.17,0,0
2964.53,32.15,0,0
2964.66,32.16,0,0
2964.79,32.15,0,0
2964.93,32.14,0,0
2965.06,32.13,0,0
2965.2,32.11,0,0
2965.33,32.11,0,0
2965.46,32.1,0,0
2965.6,32.08,0,0
2965.73,32.07,0,0
2965.86,32.06,0,0
2966.0,32.07,0,0
2966.13,32.05,0,0
2966.27,32.04,0,0
2966.4,32.03,0,0
2966.53,32.01,0,0
2966.67,32.01,0,0
2966.8,32.0,0,0
2966.94,31.99,0,0
2967.07,32.0,0,0
2967.2,31.97,0,0
2967.34,31.97,0,0
2967.47,31.96,0,0
2967.61,31.96,0,0
2967.74,31.95,0,0
2967.87,31.93,0,0
2968.01,31.91,0,0
2968.14,31.91,0,0
2968.27,31.9,0,0
2968.41,31.89,0,0
2968.54,31.88,0,0
2968.68,31.87,0,0
2968.81,31.86,0,0
2968.94,31.85,0,0
2969.08,31.85,0,0
2969.21,31.84,0,0
2969.35,31.82,0,0
2969.48,31.81,0,0
2969.61,31.8,0,0
2969.75,31.8,0,0
2969.88,31.79,0,0
2970.01,31.79,0,0
2970.15,31.77,0,0
2970.28,31.76,0,0
2970.42,31.75,0,0
2970.55,31.74,0,0
2970.68,31.73,0,0
2970.82,31.73,0,0
2970.95,31.71,0,0
2971.08,31.71,0,0
2971.22,31.7,0,0
2971.35,31.68,0,0
2971.49,31.69,0,0
2971.62,31.68,0,0
2971.75,31.66,0,0
2971.89,31.66,0,0
2972.02,31.64,0,0
2972.16,31.62,0,0
2972.29,31.63,0,0
2972.42,31.62,0,0
2972.56,31.59,0,0
2972.69,31.58,0,0
2972.83,31.59,0,0
2972.96,31.59,0,0
2973.09,31.57,0,0
2973.23,31.57,0,0
2973.36,31.56,0,0
2973.5,31.55,0,0
2973.63,31.54,0,0
2973.76,31.53,0,0
2973.9,31.53,0,0
2974.03,31.52,0,0
2974.16,31.51,0,0
2974.3,31.5,0,0
2974.43,31.48,0,0
2974.57,31.47,0,0
2974.7,31.47,0,0
2974.83,31.46,0,0
2974.97,31.45,0,0
2975.1,31.44,0,0
2975.24,31.42,0,0
2975.37,31.42,0,0
2975.5,31.41,0,0
2975.64,31.41,0,0
2975.77,31.4,0,0
2975.9,31.38,0,0
2976.04,31.4,0,0
2976.17,31.38,0,0
2976.31,31.37,0,0
2976.44,31.36,0,0
2976.57,31.35,0,0
2976.71,31.33,0,0
2976.84,31.33,0,0
2976.98,31.34,0,0
2977.11,31.3,0,0
2977.24,31.29,0,0
2977.38,31.3,0,0
2977.51,31.29,0,0
2977.64,31.28,0,0
2977.78,31.27,0,0
2977.91,31.27,0,0
2978.05,31.26,0,0
2978.18,31.25,0,0
2978.31,31.24,0,0
2978.45,31.24,0,0
2978.58,31.23,0,0
2978.72,31.22,0,0
2978.85,31.21,0,0
2978.98,31.22,0,0
2979.12,31.19,0,0
2979.25,31.17,0,0
2979.39,31.19,0,0
2979.52,31.16,0,0
2979.65,31.15,0,0
2979.79,31.15,0,0
2979.92,31.14,0,0
2980.05,31.13,0,0
2980.19,31.13,0,0
2980.32,31.11,0,0
2980.46,31.11,0,0
2980.59,31.1,0,0
2980.72,31.1,0,0
2980.86,31.07,0,0
2980.99,31.08,0,0
2981.13,31.07,0,0
2981.26,31.06,0,0
2981.39,31.06,0,0
2981.53,31.04,0,0
2981.66,31.02,0,0
2981.79,31.01,0,0
2981.93,31.02,0,0
2982.06,31.02,0,0
2982.2,31.01,0,0
2982.33,31.0,0,0
2982.46,30.99,0,0
2982.6,30.97,0,0
2982.73,30.99,0,0
2982.87,30.97,0,0
2983.0,30.97,0,0
2983.13,30.96,0,0
2983.27,30.96,0,0
2983.4,30.95,0,0
2983.53,30.95,0,0
2983.67,30.94,0,0
2983.8,30.91,0,0
2983.94,30.91,0,0
2984.07,30.91,0,0
2984.2,30.93,0,0
2984.34,30.9,0,0
2984.47,30.88,0,0
2984.61,30.88,0,0
2984.74,30.89,0,0
2984.87,30.87,0,0
2985.01,30.86,0,0
2985.14,30.85,0,0
2985.28,30.84,0,0
2985.41,30.84,0,0
2985.54,30.83,0,0
2985.68,30.82,0,0
2985.81,30.83,0,0
2985.94,30.8,0,0
2986.08,30.8,0,0
2986.21,30.79,0,0
2986.35,30.78,0,0
2986.48,30.77,0,0
2986.61,30.77,0,0
2986.75,30.76,0,0
2986.88,30.77,0,0
2987.02,30.74,0,0
2987.15,30.75,0,0
2987.28,30.74,0,0
2987.42,30.72,0,0
2987.55,30.71,0,0
2987.68,30.71,0,0
2987.82,30.72,0,0
2987.95,30.7,0,0
2988.09,30.69,0,0
2988.22,30.67,0,0
2988.35,30.67,0,0
2988.49,30.66,0,0
2988.64,30.67,0,0
2988.77,30.65,0,0
2988.91,30.64,0,0
2989.04,30.64,0,0
2989.17,30.63,0,0
2989.31,30.61,0,0
2989.44,30.63,0,0
2989.58,30.61,0,0
2989.71,30.6,0,0
2989.84,30.6,0,0
2989.98,30.6,0,0
2990.11,30.58,0,0
2990.25,30.57,0,0
2990.38,30.56,0,0
2990.51,30.56,0,0
2990.65,30.56,0,0
2990.78,30.53,0,0
2990.91,30.54,0,0
2991.05,30.53,0,0
2991.18,30.52,0,0
2991.32,30.52,0,0
2991.45,30.51,0,0
2991.58,30.5,0,0
2991.72,30.49,0,0
2991.85,30.49,0,0
2991.98,30.48,0,0
2992.12,30.47,0,0
2992.25,30.47,0,0
2992.39,30.45,0,0
2992.52,30.45,0,0
2992.65,30.44,0,0
2992.79,30.44,0,0
2992.92,30.45,0,0
2993.06,30.43,0,0
2993.19,30.42,0,0
2993.32,30.42,0,0
2993.46,30.41,0,0
2993.59,30.42,0,0
2993.73,30.38,0,0
2993.86,30.38,0,0
2993.99,30.39,0,0
2994.13,30.38,0,0
2994.26,30.37,0,0
2994.4,30.37,0,0
2994.53,30.35,0,0
2994.66,30.34,0,0
2994.8,30.34,0,0
2994.93,30.33,0,0
2995.06,30.34,0,0
2995.2,30.32,0,0
2995.33,30.32,0,0
2995.47,30.31,0,0
2995.6,30.3,0,0
2995.73,30.28,0,0
2995.87,30.29,0,0
2996.0,30.27,0,0
2996.13,30.24,0,0
2996.27,30.26,0,0
2996.4,30.26,0,0
2996.54,30.25,0,0
2996.67,30.25,0,0
2996.8,30.24,0,0
2996.94,30.24,0,0
2997.07,30.23,0,0
2997.21,30.22,0,0
2997.34,30.22,0,0
2997.47,30.21,0,0
2997.61,30.2,0,0
2997.74,30.2,0,0
2997.88,30.2,0,0
2998.01,30.19,0,0
2998.14,30.19,0,0
2998.28,30.17,0,0
2998.41,30.17,0,0
2998.54,30.15,0,0
2998.68,30.15,0,0
2998.81,30.16,0,0
2998.95,30.14,0,0
2999.08,30.13,0,0
2999.21,30.11,0,0
2999.35,30.12,0,0
2999.48,30.1,0,0
2999.62,30.1,0,0
2999.75,30.09,0,0
2999.88,30.09,0,0
3000.02,30.1,0,0
3000.15,30.06,0,0
3000.29,30.07,0,0
3000.42,30.07,0,0
3000.55,30.07,0,0
3000.69,30.06,0,0
3000.82,30.05,0,0
3000.95,30.04,0,0
3001.09,30.03,0,0
3001.22,30.03,0,0
3001.36,30.02,0,0
3001.49,30.02,0,0
3001.62,30.02,0,0
3001.76,30.0,0,0
3001.89,30.0,0,0
3002.02,30.0,0,0
3002.16,29.99,0,0
3002.29,29.98,0,0
3002.43,29.99,0,0
3002.56,29.97,0,0
3002.69,29.97,0,0
3002.83,29.95,0,0
3002.96,29.95,0,0
3003.1,29.94,0,0
3003.23,29.94,0,0
3003.36,29.93,0,0
3003.5,29.92,0,0
3003.63,29.92,0,0
3003.77,29.91,0,0
3003.9,29.9,0,0
3004.03,29.91,0,0
3004.17,29.89,0,0
3004.3,29.89,0,0
3004.44,29.87,0,0
3004.57,29.88,0,0
3004.7,29.87,0,0
3004.84,29.86,0,0
3004.97,29.85,0,0
3005.1,29.84,0,0
3005.24,29.84,0,0
3005.37,29.85,0,0
3005.51,29.83,0,0
3005.64,29.83,0,0
3005.77,29.83,0,0
3005.91,29.82,0,0
3006.04,29.81,0,0
3006.18,29.81,0,0
3006.31,29.79,0,0
3006.44,29.79,0,0
3006.58,29.8,0,0
3006.71,29.77,0,0
3006.84,29.77,0,0
3006.98,29.77,0,0
3007.11,29.77,0,0
3007.25,29.74,0,0
3007.38,29.75,0,0
3007.51,29.73,0,0
3007.65,29.72,0,0
3007.78,29.73,0,0
3007.92,29.73,0,0
3008.05,29.72,0,0
3008.18,29.71,0,0
3008.32,29.7,0,0
3008.45,29.69,0,0
3008.58,29.69,0,0
3008.72,29.67,0,0
3008.85,29.68,0,0
3008.99,29.67,0,0
3009.12,29.68,0,0
3009.25,29.67,0,0
3009.39,29.66,0,0
3009.52,29.66,0,0
3009.66,29.65,0,0
3009.79,29.64,0,0
3009.92,29.63,0,0
3010.06,29.61,0,0
3010.19,29.63,0,0
3010.33,29.61,0,0
3010.46,29.62,0,0
3010.59,29.61,0,0
3010.73,29.6,0,0
3010.86,29.6,0,0
3011.0,29.6,0,0
3011.13,29.6,0,0
3011.26,29.58,0,0
3011.4,29.58,0,0
3011.53,29.57,0,0
3011.66,29.56,0,0
3011.8,29.56,0,0
3011.93,29.56,0,0
3012.07,29.55,0,0
3012.2,29.54,0,0
3012.33,29.54,0,0
3012.47,29.52,0,0
3012.6,29.52,0,0
3012.74,29.52,0,0
3012.87,29.52,0,0
3013.0,29.49,0,0
3013.14,29.5,0,0
3013.27,29.49,0,0
3013.4,29.48,0,0
3013.54,29.48,0,0
3013.67,29.49,0,0
3013.81,29.46,0,0
3013.94,29.46,0,0
3014.07,29.47,0,0
3014.21,29.47,0,0
3014.34,29.46,0,0
3014.47,29.44,0,0
3014.61,29.44,0,0
3014.74,29.43,0,0
3014.88,29.44,0,0
3015.01,29.43,0,0
3015.14,29.42,0,0
3015.28,29.42,0,0
3015.41,29.41,0,0
3015.55,29.41,0,0
3015.68,29.41,0,0
3015.81,29.4,0,0
3015.95,29.4,0,0
3016.08,29.39,0,0
3016.21,29.39,0,0
3016.35,29.38,0,0
3016.48,29.37,0,0
3016.62,29.37,0,0
3016.75,29.37,0,0
3016.88,29.36,0,0
3017.02,29.35,0,0
3017.15,29.35,0,0
3017.29,29.34,0,0
3017.42,29.35,0,0
3017.55,29.32,0,0
3017.69,29.32,0,0
3017.82,29.31,0,0
3017.96,29.31,0,0
3018.09,29.31,0,0
3018.22,29.31,0,0
3018.36,29.3,0,0
3018.49,29.29,0,0
3018.62,29.29,0,0
3018.76,29.28,0,0
3018.89,29.27,0,0
3019.03,29.26,0,0
3019.16,29.26,0,0
3019.29,29.27,0,0
3019.43,29.25,0,0
3019.56,29.26,0,0
3019.7,29.26,0,0
3019.83,29.24,0,0
3019.96,29.24,0,0
3020.1,29.24,0,0
3020.23,29.23,0,0
3020.36,29.23,0,0
3020.5,29.22,0,0
3020.63,29.23,0,0
3020.77,29.21,0,0
3020.9,29.21,0,0
3021.03,29.2,0,0
3021.17,29.19,0,0
3021.3,29.18,0,0
3021.43,29.18,0,0
3021.57,29.17,0,0
3021.7,29.16,0,0
3021.84,29.18,0,0
3021.97,29.16,0,0
3022.1,29.15,0,0
3022.24,29.15,0,0
3022.37,29.14,0,0
3022.51,29.15,0,0
3022.64,29.13,0,0
3022.77,29.12,0,0
3022.91,29.13,0,0
3023.04,29.12,0,0
3023.18,29.12,0,0
3023.31,29.12,0,0
3023.44,29.1,0,0
3023.58,29.1,0,0
3023.71,29.08,0,0
3023.84,29.08,0,0
3023.98,29.08,0,0
3024.11,29.08,0,0
3024.25,29.08,0,0
3024.38,29.06,0,0
3024.51,29.07,0,0
3024.65,29.06,0,0
3024.78,29.06,0,0
3024.92,29.05,0,0
3025.05,29.04,0,0
3025.18,29.04,0,0
3025.32,29.04,0,0
3025.45,29.04,0,0
3025.59,29.03,0,0
3025.72,29.03,0,0
3025.85,29.03,0,0
3025.99,29.02,0,0
3026.12,29.02,0,0
3026.25,29.01,0,0
3026.39,29.0,0,0
3026.52,29.0,0,0
3026.66,28.99,0,0
3026.79,29.0,0,0
3026.92,28.99,0,0
3027.06,28.98,0,0
3027.19,28.97,0,0
3027.32,28.97,0,0
3027.46,28.97,0,0
3027.59,28.96,0,0
3027.73,28.95,0,0
3027.86,28.94,0,0
3027.99,28.95,0,0
3028.13,28.97,0,0
3028.26,28.93,0,0
3028.4,28.95,0,0
3028.53,28.95,0,0
3028.66,28.95,0,0
3028.8,28.95,0,0
3028.93,28.96,0,0
3029.06,28.96,0,0
3029.2,28.94,0,0
3029.33,28.93,0,0
3029.47,28.92,0,0
3029.6,28.92,0,0
3029.73,28.92,0,0
3029.87,28.92,0,0
3030.0,28.91,0,0
3030.14,28.9,0,0
3030.27,28.87,0,0
3030.4,28.84,0,0
3030.54,28.86,0,0
3030.67,28.83,0,0
3030.8,28.81,0,0
3030.94,28.82,0,0
3031.07,28.82,0,0
3031.21,28.81,0,0
3031.34,28.8,0,0
3031.47,28.8,0,0
3031.61,28.79,0,0
3031.74,28.78,0,0
3031.88,28.77,0,0
3032.01,28.78,0,0
3032.14,28.78,0,0
3032.28,28.77,0,0
3032.41,28.77,0,0
3032.55,28.77,0,0
3032.68,28.76,0,0
3032.81,28.75,0,0
3032.95,28.73,0,0
3033.08,28.73,0,0
3033.21,28.74,0,0
3033.35,28.73,0,0
3033.48,28.72,0,0
3033.62,28.71,0,0
3033.75,28.72,0,0
3033.88,28.73,0,0
3034.02,28.7,0,0
3034.15,28.7,0,0
3034.29,28.7,0,0
3034.42,28.69,0,0
3034.55,28.68,0,0
3034.69,28.66,0,0
3034.82,28.68,0,0
3034.95,28.67,0,0
3035.09,28.66,0,0
3035.22,28.67,0,0
3035.36,28.64,0,0
3035.49,28.66,0,0
3035.62,28.63,0,0
3035.76,28.64,0,0
3035.89,28.63,0,0
3036.03,28.64,0,0
3036.16,28.63,0,0
3036.29,28.62,0,0
3036.43,28.63,0,0
3036.56,28.63,0,0
3036.69,28.59,0,0
3036.83,28.61,0,0
3036.96,28.62,0,0
3037.1,28.6,0,0
3037.23,28.6,0,0
3037.36,28.61,0,0
3037.5,28.59,0,0
3037.63,28.59,0,0
3037.77,28.58,0,0
3037.9,28.58,0,0
3038.03,28.57,0,0
3038.17,28.57,0,0
3038.3,28.56,0,0
3038.43,28.56,0,0
3038.57,28.54,0,0
3038.7,28.55,0,0
3038.84,28.55,0,0
3038.97,28.53,0,0
3039.1,28.54,0,0
3039.24,28.54,0,0
3039.37,28.53,0,0
3039.51,28.53,0,0
3039.64,28.52,0,0
3039.77,28.52,0,0
3039.91,28.51,0,0
3040.04,28.52,0,0
3040.18,28.51,0,0
3040.31,28.51,0,0
3040.44,28.51,0,0
3040.58,28.5,0,0
3040.71,28.49,0,0
3040.84,28.48,0,0
3040.98,28.49,0,0
3041.11,28.48,0,0
3041.25,28.48,0,0
3041.38,28.47,0,0
3041.51,28.47,0,0
3041.65,28.47,0,0
3041.78,28.45,0,0
3041.91,28.46,0,0
3042.05,28.45,0,0
3042.18,28.44,0,0
3042.32,28.45,0,0
3042.45,28.44,0,0
3042.58,28.43,0,0
3042.72,28.44,0,0
3042.85,28.44,0,0
3042.99,28.43,0,0
3043.12,28.42,0,0
3043.25,28.41,0,0
3043.39,28.42,0,0
3043.52,28.44,0,0
3043.66,28.41,0,0
3043.79,28.41,0,0
3043.92,28.38,0,0
3044.06,28.39,0,0
3044.19,28.4,0,0
3044.32,28.37,0,0
3044.46,28.38,0,0
3044.59,28.38,0,0
3044.73,28.37,0,0
3044.86,28.35,0,0
3045.0,28.37,0,0
3045.13,28.36,0,0
3045.26,28.36,0,0
3045.4,28.35,0,0
3045.53,28.35,0,0
3045.66,28.35,0,0
3045.8,28.36,0,0
3045.93,28.33,0,0
3046.06,28.33,0,0
3046.2,28.33,0,0
3046.33,28.31,0,0
3046.47,28.32,0,0
3046.6,28.31,0,0
3046.73,28.31,0,0
3046.87,28.31,0,0
3047.0,28.31,0,0
3047.14,28.28,0,0
3047.27,28.3,0,0
3047.4,28.3,0,0
3047.54,28.29,0,0
3047.67,28.29,0,0
3047.8,28.29,0,0
3047.94,28.28,0,0
3048.07,28.27,0,0
3048.21,28.28,0,0
3048.34,28.27,0,0
3048.47,28.26,0,0
3048.61,28.26,0,0
3048.74,28.25,0,0
3048.88,28.26,0,0
3049.01,28.27,0,0
3049.14,28.24,0,0
3049.28,28.23,0,0
3049.41,28.24,0,0
3049.54,28.23,0,0
3049.68,28.23,0,0
3049.81,28.22,0,0
3049.95,28.22,0,0
3050.08,28.22,0,0
3050.21,28.22,0,0
3050.35,28.21,0,0
3050.48,28.2,0,0
3050.62,28.22,0,0
3050.75,28.21,0,0
3050.88,28.2,0,0
3051.02,28.2,0,0
3051.15,28.19,0,0
3051.29,28.2,0,0
3051.42,28.18,0,0
3051.55,28.18,0,0
3051.69,28.18,0,0
3051.82,28.17,0,0
3051.95,28.17,0,0
3052.09,28.18,0,0
3052.22,28.16,0,0
3052.36,28.16,0,0
3052.49,28.15,0,0
3052.62,28.15,0,0
3052.76,28.14,0,0
3052.89,28.15,0,0
3053.03,28.14,0,0
3053.16,28.14,0,0
3053.29,28.13,0,0
3053.43,28.16,0,0
3053.56,28.13,0,0
3053.7,28.13,0,0
3053.83,28.12,0,0
3053.96,28.12,0,0
3054.1,28.11,0,0
3054.23,28.11,0,0
3054.36,28.1,0,0
3054.5,28.1,0,0
3054.63,28.11,0,0
3054.77,28.1,0,0
3054.9,28.1,0,0
3055.03,28.09,0,0
3055.17,28.09,0,0
3055.3,28.08,0,0
3055.43,28.06,0,0
3055.57,28.07,0,0
3055.7,28.07,0,0
3055.84,28.05,0,0
3055.97,28.06,0,0
3056.1,28.06,0,0
3056.24,28.06,0,0
3056.37,28.07,0,0
3056.51,28.05,0,0
3056.64,28.04,0,0
3056.77,28.05,0,0
3056.91,28.05,0,0
3057.04,28.04,0,0
3057.17,28.03,0,0
3057.31,28.03,0,0
3057.44,28.03,0,0
3057.58,28.05,0,0
3057.71,28.02,0,0
3057.84,28.02,0,0
3057.98,28.02,0,0
3058.11,28.02,0,0
3058.25,28.0,0,0
3058.38,28.0,0,0
3058.51,28.01,0,0
3058.65,28.0,0,0
3058.78,28.0,0,0
3058.92,28.0,0,0
3059.05,27.98,0,0
3059.18,27.99,0,0
3059.32,27.98,0,0
3059.45,27.98,0,0
3059.58,27.98,0,0
3059.72,27.97,0,0
3059.85,27.97,0,0
3059.99,27.96,0,0
3060.12,27.96,0,0
3060.25,27.96,0,0
3060.39,27.94,0,0
3060.52,27.96,0,0
3060.66,27.95,0,0
3060.79,27.95,0,0
3060.92,27.94,0,0
3061.06,27.95,0,0
3061.19,27.94,0,0
3061.32,27.93,0,0
3061.46,27.93,0,0
3061.59,27.93,0,0
3061.73,27.93,0,0
3061.86,27.92,0,0
3061.99,27.91,0,0
3062.13,27.91,0,0
3062.26,27.91,0,0
3062.39,27.91,0,0
3062.53,27.9,0,0
3062.66,27.91,0,0
3062.8,27.9,0,0
3062.93,27.91,0,0
3063.06,27.91,0,0
3063.2,27.89,0,0
3063.33,27.88,0,0
3063.47,27.88,0,0
3063.6,27.88,0,0
3063.73,27.88,0,0
3063.87,27.87,0,0
3064.0,27.87,0,0
3064.13,27.87,0,0
3064.27,27.87,0,0
3064.4,27.88,0,0
3064.54,27.87,0,0
3064.67,27.86,0,0
3064.8,27.86,0,0
3064.94,27.85,0,0
3065.07,27.85,0,0
3065.21,27.85,0,0
3065.34,27.85,0,0
3065.47,27.84,0,0
3065.61,27.86,0,0
3065.74,27.84,0,0
3065.88,27.83,0,0
3066.01,27.83,0,0
3066.14,27.83,0,0
3066.28,27.81,0,0
3066.41,27.82,0,0
3066.54,27.82,0,0
3066.68,27.82,0,0
3066.81,27.81,0,0
3066.95,27.81,0,0
3067.08,27.81,0,0
3067.21,27.81,0,0
3067.35,27.79,0,0
3067.48,27.8,0,0
3067.62,27.8,0,0
3067.75,27.78,0,0
3067.88,27.79,0,0
3068.02,27.81,0,0
3068.15,27.78,0,0
3068.28,27.78,0,0
3068.42,27.77,0,0
3068.55,27.77,0,0
3068.69,27.77,0,0
3068.82,27.77,0,0
3068.95,27.77,0,0
3069.09,27.76,0,0
3069.22,27.76,0,0
3069.36,27.76,0,0
3069.49,27.76,0,0
3069.62,27.75,0,0
3069.76,27.76,0,0
3069.89,27.75,0,0
3070.02,27.75,0,0
3070.16,27.75,0,0
3070.29,27.73,0,0
3070.43,27.74,0,0
3070.56,27.73,0,0
3070.69,27.74,0,0
3070.83,27.71,0,0
3070.96,27.71,0,0
3071.09,27.72,0,0
3071.23,27.71,0,0
3071.36,27.71,0,0
3071.5,27.72,0,0
3071.63,27.7,0,0
3071.76,27.72,0,0
3071.9,27.69,0,0
3072.03,27.71,0,0
3072.17,27.69,0,0
3072.3,27.7,0,0
3072.43,27.69,0,0
3072.57,27.69,0,0
3072.7,27.69,0,0
3072.84,27.68,0,0
3072.97,27.68,0,0
3073.1,27.68,0,0
3073.24,27.69,0,0
3073.37,27.68,0,0
3073.5,27.68,0,0
3073.64,27.67,0,0
3073.77,27.67,0,0
3073.91,27.67,0,0
3074.04,27.66,0,0
3074.17,27.66,0,0
3074.31,27.65,0,0
3074.44,27.65,0,0
3074.58,27.66,0,0
3074.71,27.65,0,0
3074.84,27.64,0,0
3074.98,27.65,0,0
3075.11,27.64,0,0
3075.25,27.64,0,0
3075.38,27.64,0,0
3075.51,27.64,0,0
3075.65,27.61,0,0
3075.78,27.62,0,0
3075.91,27.62,0,0
3076.05,27.62,0,0
3076.18,27.62,0,0
3076.32,27.62,0,0
3076.45,27.61,0,0
3076.58,27.61,0,0
3076.72,27.61,0,0
3076.85,27.61,0,0
3076.98,27.61,0,0
3077.12,27.61,0,0
3077.25,27.59,0,0
3077.39,27.59,0,0
3077.52,27.6,0,0
3077.65,27.59,0,0
3077.79,27.58,0,0
3077.92,27.58,0,0
3078.06,27.58,0,0
3078.19,27.58,0,0
3078.32,27.59,0,0
3078.46,27.57,0,0
3078.59,27.58,0,0
3078.73,27.55,0,0
3078.86,27.57,0,0
3078.99,27.57,0,0
3079.13,27.56,0,0
3079.26,27.56,0,0
3079.39,27.56,0,0
3079.53,27.55,0,0
3079.66,27.55,0,0
3079.8,27.55,0,0
3079.93,27.56,0,0
3080.06,27.54,0,0
3080.2,27.55,0,0
3080.33,27.53,0,0
3080.47,27.54,0,0
3080.6,27.55,0,0
3080.73,27.53,0,0
3080.87,27.54,0,0
3081.0,27.52,0,0
3081.14,27.52,0,0
3081.27,27.52,0,0
3081.4,27.52,0,0
3081.54,27.52,0,0
3081.67,27.52,0,0
3081.8,27.51,0,0
3081.94,27.5,0,0
3082.07,27.51,0,0
3082.21,27.51,0,0
3082.34,27.5,0,0
3082.47,27.5,0,0
3082.61,27.5,0,0
3082.74,27.49,0,0
3082.87,27.49,0,0
3083.01,27.48,0,0
3083.14,27.48,0,0
3083.28,27.48,0,0
3083.41,27.49,0,0
3083.54,27.47,0,0
3083.68,27.47,0,0
3083.81,27.48,0,0
3083.95,27.48,0,0
3084.08,27.47,0,0
3084.21,27.46,0,0
3084.35,27.47,0,0
3084.48,27.45,0,0
3084.61,27.45,0,0
3084.75,27.45,0,0
3084.88,27.46,0,0
3085.02,27.47,0,0
3085.15,27.44,0,0
3085.28,27.45,0,0
3085.42,27.45,0,0
3085.55,27.45,0,0
3085.69,27.44,0,0
3085.82,27.44,0,0
3085.95,27.43,0,0
3086.09,27.43,0,0
3086.22,27.43,0,0
3086.36,27.43,0,0
3086.49,27.41,0,0
3086.62,27.42,0,0
3086.76,27.43,0,0
3086.89,27.41,0,0
3087.03,27.42,0,0
3087.16,27.42,0,0
3087.29,27.41,0,0
3087.43,27.4,0,0
3087.56,27.4,0,0
3087.69,27.41,0,0
3087.83,27.4,0,0
3087.96,27.41,0,0
3088.1,27.4,0,0
3088.23,27.4,0,0
3088.36,27.4,0,0
3088.5,27.38,0,0
3088.63,27.39,0,0
3088.76,27.39,0,0
3088.9,27.39,0,0
3089.03,27.38,0,0
3089.17,27.38,0,0
3089.3,27.38,0,0
3089.43,27.38,0,0
3089.57,27.38,0,0
3089.7,27.38,0,0
3089.84,27.37,0,0
3089.97,27.36,0,0
3090.1,27.38,0,0
3090.24,27.36,0,0
3090.37,27.34,0,0
3090.5,27.37,0,0
3090.64,27.36,0,0
3090.77,27.35,0,0
3090.91,27.35,0,0
3091.04,27.35,0,0
3091.17,27.34,0,0
3091.31,27.36,0,0
3091.44,27.34,0,0
3091.58,27.34,0,0
3091.71,27.34,0,0
3091.84,27.34,0,0
3091.98,27.34,0,0
3092.11,27.34,0,0
3092.25,27.33,0,0
3092.38,27.33,0,0
3092.51,27.32,0,0
3092.65,27.32,0,0
3092.78,27.32,0,0
3092.91,27.32,0,0
3093.05,27.33,0,0
3093.18,27.33,0,0
3093.32,27.31,0,0
3093.45,27.31,0,0
3093.58,27.31,0,0
3093.72,27.32,0,0
3093.85,27.3,0,0
3093.99,27.31,0,0
3094.12,27.28,0,0
3094.25,27.3,0,0
3094.39,27.3,0,0
3094.52,27.28,0,0
3094.66,27.29,0,0
3094.79,27.3,0,0
3094.92,27.3,0,0
3095.06,27.27,0,0
3095.19,27.28,0,0
3095.32,27.28,0,0
3095.46,27.27,0,0
3095.59,27.28,0,0
3095.73,27.27,0,0
3095.86,27.27,0,0
3095.99,27.27,0,0
3096.13,27.27,0,0
3096.26,27.28,0,0
3096.39,27.27,0,0
3096.53,27.27,0,0
3096.66,27.27,0,0
3096.8,27.28,0,0
3096.93,27.27,0,0
3097.06,27.26,0,0
3097.2,27.25,0,0
3097.33,27.25,0,0
3097.47,27.25,0,0
3097.6,27.27,0,0
3097.73,27.25,0,0
3097.87,27.23,0,0
3098.0,27.24,0,0
3098.14,27.24,0,0
3098.27,27.22,0,0
3098.4,27.25,0,0
3098.54,27.22,0,0
3098.67,27.24,0,0
3098.81,27.23,0,0
3098.94,27.23,0,0
3099.07,27.22,0,0
3099.21,27.21,0,0
3099.34,27.23,0,0
3099.47,27.21,0,0
3099.61,27.22,0,0
3099.74,27.21,0,0
3099.88,27.22,0,0
3100.01,27.2,0,0
3100.14,27.23,0,0
3100.28,27.21,0,0
3100.41,27.21,0,0
3100.55,27.21,0,0
3100.68,27.2,0,0
3100.81,27.21,0,0
3100.95,27.18,0,0
3101.08,27.21,0,0
3101.21,27.17,0,0
3101.35,27.2,0,0
3101.48,27.19,0,0
3101.62,27.19,0,0
3101.75,27.18,0,0
3101.88,27.19,0,0
3102.02,27.19,0,0
3102.15,27.17,0,0
3102.29,27.19,0,0
3102.42,27.19,0,0
3102.55,27.18,0,0
3102.69,27.17,0,0
3102.82,27.17,0,0
3102.95,27.18,0,0
3103.09,27.17,0,0
3103.22,27.15,0,0
3103.36,27.17,0,0
3103.49,27.16,0,0
3103.62,27.15,0,0
3103.76,27.16,0,0
3103.89,27.16,0,0
3104.03,27.15,0,0
3104.16,27.15,0,0
3104.29,27.15,0,0
3104.43,27.15,0,0
3104.56,27.14,0,0
3104.7,27.15,0,0
3104.83,27.14,0,0
3104.96,27.15,0,0
3105.1,27.13,0,0
3105.23,27.14,0,0
3105.36,27.13,0,0
3105.5,27.13,0,0
3105.63,27.13,0,0
3105.77,27.12,0,0
3105.9,27.11,0,0
3106.03,27.12,0,0
3106.17,27.13,0,0
3106.3,27.13,0,0
3106.44,27.12,0,0
3106.57,27.11,0,0
3106.7,27.12,0,0
3106.84,27.11,0,0
3106.97,27.09,0,0
3107.1,27.11,0,0
3107.24,27.11,0,0
3107.37,27.1,0,0
3107.51,27.09,0,0
3107.64,27.11,0,0
3107.77,27.1,0,0
3107.91,27.1,0,0
3108.04,27.09,0,0
3108.18,27.1,0,0
3108.31,27.09,0,0
3108.44,27.1,0,0
3108.58,27.09,0,0
3108.71,27.09,0,0
3108.84,27.08,0,0
3108.98,27.1,0,0
3109.11,27.08,0,0
3109.25,27.09,0,0
3109.38,27.08,0,0
3109.51,27.08,0,0
3109.65,27.08,0,0
3109.78,27.1,0,0
3109.92,27.06,0,0
3110.05,27.08,0,0
3110.18,27.08,0,0
3110.32,27.06,0,0
3110.45,27.07,0,0
3110.59,27.05,0,0
3110.72,27.07,0,0
3110.85,27.06,0,0
3110.99,27.07,0,0
3111.12,27.06,0,0
3111.25,27.06,0,0
3111.39,27.05,0,0
3111.52,27.07,0,0
3111.66,27.05,0,0
3111.79,27.05,0,0
3111.92,27.04,0,0
3112.06,27.04,0,0
3112.19,27.03,0,0
3112.33,27.04,0,0
3112.46,27.04,0,0
3112.59,27.03,0,0
3112.73,27.03,0,0
3112.86,27.03,0,0
3113.0,27.04,0,0
3113.13,27.03,0,0
3113.26,27.03,0,0
3113.4,27.04,0,0
3113.53,27.05,0,0
3113.66,27.03,0,0
3113.8,27.01,0,0
3113.93,27.04,0,0
3114.07,27.02,0,0
3114.2,27.01,0,0
3114.33,27.01,0,0
3114.47,27.01,0,0
3114.6,27.03,0,0
3114.73,27.0,0,0
3114.87,27.01,0,0
3115.0,27.0,0,0
3115.14,27.0,0,0
3115.27,27.02,0,0
3115.4,27.0,0,0
3115.54,27.0,0,0
3115.67,27.01,0,0
3115.81,26.99,0,0
3115.94,27.0,0,0
3116.07,26.97,0,0
3116.21,26.99,0,0
3116.34,26.99,0,0
3116.48,26.99,0,0
3116.61,26.98,0,0
3116.74,26.99,0,0
3116.88,26.97,0,0
3117.01,26.99,0,0
3117.15,26.98,0,0
3117.28,26.98,0,0
3117.41,26.98,0,0
3117.55,26.97,0,0
3117.68,26.97,0,0
3117.81,26.97,0,0
3117.95,26.97,0,0
3118.08,26.97,0,0
3118.22,26.98,0,0
3118.35,26.97,0,0
3118.48,26.97,0,0
3118.62,26.96,0,0
3118.75,26.96,0,0
3118.88,26.95,0,0
3119.02,26.95,0,0
3119.15,26.96,0,0
3119.29,26.95,0,0
3119.42,26.95,0,0
3119.55,26.98,0,0
3119.69,26.94,0,0
3119.82,26.95,0,0
3119.96,26.94,0,0
3120.09,26.95,0,0
3120.22,26.94,0,0
3120.36,26.95,0,0
3120.49,26.94,0,0
3120.62,26.94,0,0
3120.76,26.93,0,0
3120.89,26.93,0,0
3121.03,26.93,0,0
3121.16,26.93,0,0
3121.29,26.93,0,0
3121.43,26.94,0,0
3121.56,26.93,0,0
3121.7,26.92,0,0
3121.83,26.91,0,0
3121.96,26.91,0,0
3122.1,26.93,0,0
3122.23,26.91,0,0
3122.37,26.92,0,0
3122.5,26.91,0,0
3122.63,26.9,0,0
3122.77,26.9,0,0
3122.9,26.92,0,0
3123.04,26.91,0,0
3123.17,26.9,0,0
3123.3,26.9,0,0
3123.44,26.9,0,0
3123.57,26.9,0,0
3123.7,26.89,0,0
3123.84,26.9,0,0
3123.97,26.91,0,0
3124.11,26.89,0,0
3124.24,26.9,0,0
3124.37,26.89,0,0
3124.51,26.91,0,0
3124.64,26.9,0,0
3124.77,26.89,0,0
3124.91,26.89,0,0
3125.04,26.89,0,0
3125.18,26.89,0,0
3125.31,26.86,0,0
3125.44,26.89,0,0
3125.58,26.88,0,0
3125.71,26.87,0,0
3125.85,26.89,0,0
3125.98,26.88,0,0
3126.11,26.88,0,0
3126.25,26.88,0,0
3126.38,26.85,0,0
3126.52,26.87,0,0
3126.65,26.88,0,0
3126.78,26.87,0,0
3126.92,26.87,0,0
3127.05,26.87,0,0
3127.18,26.84,0,0
3127.32,26.85,0,0
3127.45,26.87,0,0
3127.59,26.84,0,0
3127.72,26.86,0,0
3127.85,26.86,0,0
3127.99,26.85,0,0
3128.12,26.84,0,0
3128.26,26.85,0,0
3128.39,26.85,0,0
3128.52,26.85,0,0
3128.66,26.84,0,0
3128.79,26.83,0,0
3128.93,26.86,0,0
3129.06,26.84,0,0
3129.19,26.86,0,0
3129.33,26.84,0,0
3129.46,26.82,0,0
3129.59,26.84,0,0
3129.73,26.83,0,0
3129.86,26.83,0,0
3130.0,26.84,0,0
3130.13,26.83,0,0
3130.26,26.82,0,0
3130.4,26.83,0,0
3130.53,26.81,0,0
3130.66,26.83,0,0
3130.8,26.82,0,0
3130.93,26.82,0,0
3131.07,26.81,0,0
3131.2,26.83,0,0
3131.33,26.82,0,0
3131.47,26.8,0,0
3131.6,26.82,0,0
3131.74,26.81,0,0
3131.87,26.8,0,0
3132.0,26.82,0,0
3132.14,26.81,0,0
3132.27,26.81,0,0
3132.41,26.79,0,0
3132.54,26.81,0,0
3132.67,26.8,0,0
3132.81,26.81,0,0
3132.94,26.78,0,0
3133.07,26.81,0,0
3133.21,26.79,0,0
3133.34,26.8,0,0
3133.48,26.8,0,0
3133.61,26.79,0,0
3133.75,26.8,0,0
3133.88,26.79,0,0
3134.01,26.79,0,0
3134.15,26.79,0,0
3134.28,26.79,0,0
3134.41,26.8,0,0
3134.55,26.78,0,0
3134.68,26.78,0,0
3134.82,26.79,0,0
3134.95,26.78,0,0
3135.08,26.78,0,0
3135.22,26.77,0,0
3135.35,26.77,0,0
3135.48,26.78,0,0
3135.62,26.78,0,0
3135.75,26.79,0,0
3135.89,26.78,0,0
3136.02,26.77,0,0
3136.15,26.77,0,0
3136.29,26.77,0,0
3136.42,26.77,0,0
3136.56,26.77,0,0
3136.69,26.76,0,0
3136.82,26.77,0,0
3136.96,26.76,0,0
3137.09,26.76,0,0
3137.22,26.76,0,0
3137.36,26.76,0,0
3137.49,26.76,0,0
3137.63,26.76,0,0
3137.76,26.75,0,0
3137.89,26.76,0,0
3138.03,26.76,0,0
3138.16,26.76,0,0
3138.3,26.74,0,0
3138.43,26.75,0,0
3138.56,26.76,0,0
3138.7,26.74,0,0
3138.83,26.74,0,0
3138.96,26.76,0,0
3139.1,26.75,0,0
3139.23,26.74,0,0
3139.37,26.75,0,0
3139.5,26.75,0,0
3139.63,26.75,0,0
3139.77,26.74,0,0
3139.9,26.75,0,0
3140.04,26.75,0,0
3140.17,26.74,0,0
3140.3,26.74,0,0
3140.44,26.73,0,0
3140.57,26.73,0,0
3140.71,26.73,0,0
3140.84,26.73,0,0
3140.97,26.74,0,0
3141.11,26.73,0,0
3141.24,26.73,0,0
3141.37,26.73,0,0
3141.51,26.72,0,0
3141.64,26.73,0,0
3141.78,26.72,0,0
3141.91,26.73,0,0
3142.04,26.72,0,0
3142.18,26.72,0,0
3142.31,26.72,0,0
3142.45,26.72,0,0
3142.58,26.72,0,0
3142.71,26.72,0,0
3142.85,26.72,0,0
3142.98,26.71,0,0
3143.11,26.71,0,0
3143.25,26.71,0,0
3143.38,26.71,0,0
3143.52,26.7,0,0
3143.65,26.73,0,0
3143.78,26.71,0,0
3143.92,26.71,0,0
3144.05,26.71,0,0
3144.19,26.71,0,0
3144.32,26.71,0,0
3144.45,26.71,0,0
3144.59,26.71,0,0
3144.72,26.71,0,0
3144.85,26.7,0,0
3144.99,26.7,0,0
3145.12,26.69,0,0
3145.26,26.69,0,0
3145.39,26.69,0,0
3145.52,26.69,0,0
3145.66,26.69,0,0
3145.79,26.69,0,0
3145.93,26.69,0,0
3146.06,26.69,0,0
3146.19,26.68,0,0
3146.33,26.69,0,0
3146.46,26.68,0,0
3146.59,26.69,0,0
3146.73,26.69,0,0
3146.86,26.68,0,0
3147.0,26.68,0,0
3147.13,26.68,0,0
3147.26,26.68,0,0
3147.4,26.68,0,0
3147.53,26.68,0,0
3147.67,26.67,0,0
3147.8,26.69,0,0
3147.93,26.68,0,0
3148.07,26.67,0,0
3148.2,26.68,0,0
3148.34,26.67,0,0
3148.47,26.67,0,0
3148.6,26.68,0,0
3148.74,26.66,0,0
3148.87,26.67,0,0
3149.0,26.66,0,0
3149.14,26.67,0,0
3149.27,26.65,0,0
3149.41,26.67,0,0
3149.54,26.67,0,0
3149.67,26.65,0,0
3149.81,26.66,0,0
3149.94,26.66,0,0
3150.07,26.66,0,0
3150.21,26.65,0,0
3150.34,26.65,0,0
3150.48,26.66,0,0
3150.61,26.64,0,0
3150.75,26.64,0,0
3150.88,26.64,0,0
3151.01,26.65,0,0
3151.15,26.65,0,0
3151.28,26.65,0,0
3151.41,26.63,0,0
3151.55,26.63,0,0
3151.68,26.65,0,0
3151.82,26.64,0,0
3151.95,26.65,0,0
3152.08,26.65,0,0
3152.22,26.64,0,0
3152.35,26.65,0,0
3152.48,26.64,0,0
3152.62,26.63,0,0
3152.75,26.63,0,0
3152.89,26.63,0,0
3153.02,26.63,0,0
3153.15,26.64,0,0
3153.29,26.62,0,0
3153.42,26.63,0,0
3153.56,26.64,0,0
3153.69,26.63,0,0
3153.82,26.62,0,0
3153.96,26.62,0,0
3154.09,26.63,0,0
3154.23,26.62,0,0
3154.36,26.63,0,0
3154.49,26.62,0,0
3154.63,26.62,0,0
3154.76,26.62,0,0
3154.89,26.62,0,0
3155.03,26.61,0,0
3155.16,26.62,0,0
3155.3,26.62,0,0
3155.43,26.61,0,0
3155.56,26.61,0,0
3155.7,26.61,0,0
3155.83,26.61,0,0
3155.96,26.61,0,0
3156.1,26.61,0,0
3156.23,26.6,0,0
3156.37,26.61,0,0
3156.5,26.58,0,0
3156.63,26.61,0,0
3156.77,26.59,0,0
3156.9,26.59,0,0
3157.04,26.6,0,0
3157.17,26.59,0,0
3157.3,26.61,0,0
3157.44,26.6,0,0
3157.57,26.6,0,0
3157.71,26.59,0,0
3157.84,26.61,0,0
3157.97,26.59,0,0
3158.11,26.59,0,0
3158.24,26.61,0,0
3158.37,26.6,0,0
3158.51,26.6,0,0
3158.64,26.59,0,0
3158.78,26.6,0,0
3158.91,26.59,0,0
3159.04,26.59,0,0
3159.18,26.6,0,0
3159.31,26.59,0,0
3159.45,26.59,0,0
3159.58,26.58,0,0
3159.71,26.58,0,0
3159.85,26.59,0,0
3159.98,26.58,0,0
3160.12,26.59,0,0
3160.25,26.59,0,0
3160.38,26.58,0,0
3160.52,26.58,0,0
3160.65,26.58,0,0
3160.78,26.58,0,0
3160.92,26.58,0,0
3161.05,26.58,0,0
3161.19,26.58,0,0
3161.32,26.57,0,0
3161.45,26.57,0,0
3161.59,26.56,0,0
3161.72,26.57,0,0
3161.86,26.57,0,0
3161.99,26.58,0,0
3162.12,26.56,0,0
3162.26,26.57,0,0
3162.39,26.57,0,0
3162.52,26.57,0,0
3162.66,26.58,0,0
3162.79,26.57,0,0
3162.93,26.57,0,0
3163.06,26.58,0,0
3163.19,26.57,0,0
3163.33,26.57,0,0
3163.46,26.57,0,0
3163.59,26.56,0,0
3163.73,26.55,0,0
3163.86,26.56,0,0
3164.0,26.56,0,0
3164.13,26.56,0,0
3164.26,26.55,0,0
3164.4,26.55,0,0
3164.53,26.57,0,0
3164.67,26.56,0,0
3164.8,26.56,0,0
3164.93,26.55,0,0
3165.07,26.55,0,0
3165.2,26.55,0,0
3165.34,26.55,0,0
3165.47,26.54,0,0
3165.6,26.55,0,0
3165.74,26.55,0,0
3165.87,26.55,0,0
3166.01,26.54,0,0
3166.14,26.54,0,0
3166.27,26.53,0,0
3166.41,26.54,0,0
3166.54,26.54,0,0
3166.67,26.55,0,0
3166.81,26.54,0,0
3166.94,26.54,0,0
3167.08,26.53,0,0
3167.21,26.53,0,0
3167.34,26.54,0,0
3167.48,26.53,0,0
3167.61,26.53,0,0
3167.75,26.53,0,0
3167.88,26.54,0,0
3168.01,26.53,0,0
3168.15,26.52,0,0
3168.28,26.53,0,0
3168.41,26.53,0,0
3168.55,26.51,0,0
3168.68,26.52,0,0
3168.82,26.53,0,0
3168.95,26.52,0,0
3169.08,26.53,0,0
3169.22,26.53,0,0
3169.35,26.51,0,0
3169.48,26.53,0,0
3169.62,26.53,0,0
3169.75,26.53,0,0
3169.89,26.53,0,0
3170.02,26.53,0,0
3170.15,26.52,0,0
3170.29,26.5,0,0
3170.42,26.51,0,0
3170.56,26.51,0,0
3170.69,26.52,0,0
3170.82,26.52,0,0
3170.96,26.51,0,0
3171.09,26.51,0,0
3171.23,26.52,0,0
3171.36,26.52,0,0
3171.49,26.52,0,0
3171.63,26.51,0,0
3171.76,26.51,0,0
3171.89,26.52,0,0
3172.03,26.51,0,0
3172.16,26.52,0,0
3172.3,26.51,0,0
3172.43,26.52,0,0
3172.56,26.51,0,0
3172.7,26.51,0,0
3172.83,26.5,0,0
3172.97,26.51,0,0
3173.1,26.51,0,0
3173.23,26.51,0,0
3173.37,26.52,0,0
3173.5,26.5,0,0
3173.64,26.51,0,0
3173.77,26.5,0,0
3173.9,26.51,0,0
3174.04,26.51,0,0
3174.17,26.49,0,0
3174.3,26.5,0,0
3174.44,26.49,0,0
3174.57,26.5,0,0
3174.71,26.5,0,0
3174.84,26.5,0,0
3174.97,26.5,0,0
3175.11,26.5,0,0
3175.24,26.49,0,0
3175.37,26.49,0,0
3175.51,26.5,0,0
3175.64,26.49,0,0
3175.78,26.49,0,0
3175.91,26.5,0,0
3176.04,26.49,0,0
3176.18,26.49,0,0
3176.31,26.5,0,0
3176.45,26.49,0,0
3176.58,26.49,0,0
3176.71,26.49,0,0
3176.85,26.48,0,0
3176.98,26.49,0,0
3177.12,26.51,0,0
3177.25,26.48,0,0
3177.38,26.49,0,0
3177.52,26.48,0,0
3177.65,26.48,0,0
3177.78,26.48,0,0
3177.92,26.48,0,0
3178.05,26.48,0,0
3178.19,26.48,0,0
3178.32,26.48,0,0
3178.45,26.49,0,0
3178.59,26.48,0,0
3178.72,26.47,0,0
3178.86,26.47,0,0
3178.99,26.48,0,0
3179.12,26.48,0,0
3179.26,26.47,0,0
3179.39,26.48,0,0
3179.53,26.48,0,0
3179.66,26.48,0,0
3179.79,26.48,0,0
3179.93,26.49,0,0
3180.06,26.47,0,0
3180.19,26.47,0,0
3180.33,26.5,0,0
3180.46,26.47,0,0
3180.6,26.47,0,0
3180.73,26.47,0,0
3180.86,26.47,0,0
3181.0,26.46,0,0
3181.13,26.46,0,0
3181.26,26.47,0,0
3181.4,26.45,0,0
3181.53,26.46,0,0
3181.67,26.46,0,0
3181.8,26.46,0,0
3181.93,26.46,0,0
3182.07,26.47,0,0
3182.2,26.46,0,0
3182.34,26.47,0,0
3182.47,26.47,0,0
3182.6,26.45,0,0
3182.74,26.46,0,0
3182.87,26.45,0,0
3183.01,26.46,0,0
3183.14,26.46,0,0
3183.27,26.46,0,0
3183.41,26.45,0,0
3183.54,26.46,0,0
3183.67,26.46,0,0
3183.81,26.44,0,0
3183.94,26.45,0,0
3184.08,26.45,0,0
3184.21,26.46,0,0
3184.34,26.45,0,0
3184.48,26.43,0,0
3184.61,26.45,0,0
3184.75,26.45,0,0
3184.88,26.45,0,0
3185.01,26.45,0,0
3185.15,26.45,0,0
3185.28,26.45,0,0
3185.42,26.44,0,0
3185.55,26.44,0,0
3185.68,26.46,0,0
3185.82,26.44,0,0
3185.95,26.43,0,0
3186.08,26.44,0,0
3186.22,26.44,0,0
3186.35,26.44,0,0
3186.49,26.44,0,0
3186.62,26.43,0,0
3186.75,26.44,0,0
3186.89,26.43,0,0
3187.02,26.43,0,0
3187.15,26.42,0,0
3187.29,26.43,0,0
3187.42,26.43,0,0
3187.56,26.42,0,0
3187.69,26.43,0,0
3187.82,26.44,0,0
3187.96,26.43,0,0
3188.09,26.42,0,0
3188.23,26.43,0,0
3188.36,26.43,0,0
3188.49,26.42,0,0
3188.63,26.43,0,0
3188.76,26.42,0,0
3188.9,26.42,0,0
3189.03,26.43,0,0
3189.16,26.42,0,0
3189.3,26.41,0,0
3189.43,26.42,0,0
3189.56,26.42,0,0
3189.7,26.41,0,0
3189.83,26.42,0,0
3189.97,26.41,0,0
3190.1,26.42,0,0
3190.23,26.41,0,0
3190.37,26.41,0,0
3190.5,26.41,0,0
3190.64,26.41,0,0
3190.77,26.42,0,0
3190.9,26.41,0,0
3191.04,26.4,0,0
3191.17,26.42,0,0
3191.31,26.41,0,0
3191.44,26.41,0,0
3191.57,26.41,0,0
3191.71,26.41,0,0
3191.84,26.4,0,0
3191.97,26.4,0,0
3192.11,26.41,0,0
3192.24,26.42,0,0
3192.38,26.4,0,0
3192.51,26.4,0,0
3192.64,26.4,0,0
3192.78,26.4,0,0
3192.91,26.4,0,0
3193.05,26.41,0,0
3193.18,26.4,0,0
3193.31,26.4,0,0
3193.45,26.39,0,0
3193.58,26.41,0,0
3193.71,26.4,0,0
3193.85,26.4,0,0
3193.98,26.41,0,0
3194.12,26.41,0,0
3194.25,26.4,0,0
3194.38,26.39,0,0
3194.52,26.39,0,0
3194.65,26.39,0,0
3194.79,26.4,0,0
3194.92,26.39,0,0
3195.05,26.39,0,0
3195.19,26.39,0,0
3195.32,26.4,0,0
3195.45,26.39,0,0
3195.59,26.38,0,0
3195.72,26.4,0,0
3195.86,26.39,0,0
3195.99,26.38,0,0
3196.12,26.38,0,0
3196.26,26.38,0,0
3196.39,26.37,0,0
3196.53,26.39,0,0
3196.66,26.38,0,0
3196.79,26.4,0,0
3196.93,26.38,0,0
3197.06,26.38,0,0
3197.2,26.39,0,0
3197.33,26.38,0,0
3197.46,26.38,0,0
3197.6,26.38,0,0
3197.73,26.39,0,0
3197.86,26.38,0,0
3198.0,26.38,0,0
3198.13,26.39,0,0
3198.27,26.38,0,0
3198.4,26.38,0,0
3198.53,26.38,0,0
3198.67,26.38,0,0
3198.8,26.39,0,0
3198.94,26.37,0,0
3199.07,26.37,0,0
3199.2,26.38,0,0
3199.34,26.38,0,0
3199.47,26.37,0,0
3199.6,26.38,0,0
3199.74,26.37,0,0
3199.87,26.37,0,0
3200.01,26.37,0,0
3200.14,26.36,0,0
3200.27,26.36,0,0
3200.41,26.36,0,0
3200.54,26.36,0,0
3200.68,26.36,0,0
3200.81,26.35,0,0
3200.94,26.38,0,0
3201.08,26.36,0,0
3201.21,26.36,0,0
3201.34,26.35,0,0
3201.48,26.38,0,0
3201.61,26.36,0,0
3201.75,26.36,0,0
3201.88,26.36,0,0
3202.01,26.36,0,0
3202.15,26.37,0,0
3202.28,26.36,0,0
3202.42,26.36,0,0
3202.55,26.36,0,0
3202.68,26.36,0,0
3202.82,26.36,0,0
3202.95,26.35,0,0
3203.09,26.36,0,0
3203.22,26.35,0,0
3203.35,26.36,0,0
3203.49,26.36,0,0
3203.62,26.36,0,0
3203.75,26.35,0,0
3203.89,26.35,0,0
3204.02,26.35,0,0
3204.16,26.35,0,0
3204.29,26.36,0,0
3204.42,26.36,0,0
3204.56,26.35,0,0
3204.69,26.35,0,0
3204.83,26.35,0,0
3204.96,26.35,0,0
3205.09,26.35,0,0
3205.23,26.35,0,0
3205.36,26.35,0,0
3205.5,26.35,0,0
3205.63,26.34,0,0
3205.76,26.35,0,0
3205.9,26.34,0,0
3206.03,26.35,0,0
3206.16,26.34,0,0
3206.3,26.34,0,0
3206.43,26.34,0,0
3206.57,26.34,0,0
3206.7,26.34,0,0
3206.83,26.35,0,0
3206.97,26.35,0,0
3207.1,26.34,0,0
3207.23,26.33,0,0
3207.37,26.33,0,0
3207.5,26.34,0,0
3207.64,26.34,0,0
3207.77,26.33,0,0
3207.9,26.33,0,0
3208.04,26.34,0,0
3208.17,26.33,0,0
3208.31,26.34,0,0
3208.44,26.33,0,0
3208.57,26.34,0,0
3208.71,26.33,0,0
3208.84,26.35,0,0
3208.98,26.32,0,0
3209.11,26.33,0,0
3209.24,26.33,0,0
3209.38,26.33,0,0
3209.51,26.33,0,0
3209.64,26.33,0,0
3209.78,26.32,0,0
3209.91,26.33,0,0
3210.05,26.33,0,0
3210.18,26.32,0,0
3210.31,26.34,0,0
3210.45,26.33,0,0
3210.58,26.33,0,0
3210.72,26.32,0,0
3210.85,26.31,0,0
3210.98,26.33,0,0
3211.12,26.33,0,0
3211.25,26.32,0,0
3211.38,26.34,0,0
3211.52,26.32,0,0
3211.65,26.32,0,0
3211.79,26.32,0,0
3211.92,26.31,0,0
3212.05,26.31,0,0
3212.19,26.32,0,0
3212.32,26.33,0,0
3212.46,26.32,0,0
3212.59,26.32,0,0
3212.72,26.33,0,0
3212.86,26.32,0,0
3212.99,26.32,0,0
3213.13,26.33,0,0
3213.26,26.3,0,0
3213.39,26.32,0,0
3213.53,26.31,0,0
3213.66,26.32,0,0
3213.79,26.32,0,0
3213.93,26.33,0,0
3214.06,26.32,0,0
3214.2,26.31,0,0
3214.33,26.32,0,0
3214.46,26.31,0,0
3214.6,26.31,0,0
3214.73,26.31,0,0
3214.87,26.32,0,0
3215.0,26.32,0,0
3215.13,26.31,0,0
3215.27,26.3,0,0
3215.4,26.3,0,0
3215.54,26.3,0,0
3215.67,26.31,0,0
3215.8,26.3,0,0
3215.94,26.31,0,0
3216.07,26.3,0,0
3216.2,26.29,0,0
3216.34,26.32,0,0
3216.47,26.31,0,0
3216.61,26.31,0,0
3216.74,26.31,0,0
3216.87,26.31,0,0
3217.01,26.31,0,0
3217.14,26.29,0,0
3217.27,26.29,0,0
3217.41,26.29,0,0
3217.54,26.3,0,0
3217.68,26.29,0,0
3217.81,26.31,0,0
3217.94,26.3,0,0
3218.08,26.3,0,0
3218.21,26.29,0,0
3218.35,26.3,0,0
3218.48,26.29,0,0
3218.61,26.28,0,0
3218.75,26.3,0,0
3218.88,26.29,0,0
3219.02,26.29,0,0
3219.15,26.3,0,0
3219.28,26.3,0,0
3219.42,26.29,0,0
3219.55,26.3,0,0
3219.69,26.29,0,0
3219.82,26.29,0,0
3219.95,26.3,0,0
3220.09,26.3,0,0
3220.22,26.29,0,0
3220.35,26.29,0,0
3220.49,26.29,0,0
3220.62,26.29,0,0
3220.76,26.28,0,0
3220.89,26.29,0,0
3221.02,26.29,0,0
3221.16,26.28,0,0
3221.29,26.28,0,0
3221.43,26.29,0,0
3221.56,26.28,0,0
3221.69,26.29,0,0
3221.83,26.28,0,0
3221.96,26.29,0,0
3222.09,26.29,0,0
3222.23,26.27,0,0
3222.36,26.28,0,0
3222.5,26.31,0,0
3222.63,26.29,0,0
3222.76,26.29,0,0
3222.9,26.29,0,0
3223.03,26.28,0,0
3223.16,26.28,0,0
3223.3,26.28,0,0
3223.43,26.28,0,0
3223.57,26.28,0,0
3223.7,26.28,0,0
3223.83,26.28,0,0
3223.97,26.27,0,0
3224.1,26.28,0,0
3224.24,26.28,0,0
3224.37,26.28,0,0
3224.5,26.27,0,0
3224.64,26.28,0,0
3224.77,26.27,0,0
3224.91,26.27,0,0
3225.04,26.27,0,0
3225.17,26.27,0,0
3225.31,26.27,0,0
3225.44,26.27,0,0
3225.57,26.27,0,0
3225.71,26.25,0,0
3225.84,26.27,0,0
3225.98,26.27,0,0
3226.11,26.27,0,0
3226.25,26.28,0,0
3226.38,26.27,0,0
3226.51,26.27,0,0
3226.65,26.27,0,0
3226.78,26.28,0,0
3226.91,26.28,0,0
3227.05,26.27,0,0
3227.18,26.27,0,0
3227.32,26.28,0,0
3227.45,26.28,0,0
3227.58,26.27,0,0
3227.72,26.27,0,0
3227.85,26.26,0,0
3227.98,26.26,0,0
3228.12,26.26,0,0
3228.25,26.26,0,0
3228.39,26.26,0,0
3228.52,26.27,0,0
3228.65,26.27,0,0
3228.79,26.27,0,0
3228.92,26.27,0,0
3229.06,26.26,0,0
3229.19,26.26,0,0
3229.32,26.27,0,0
3229.46,26.26,0,0
3229.59,26.27,0,0
3229.72,26.27,0,0
3229.86,26.26,0,0
3229.99,26.25,0,0
3230.13,26.25,0,0
3230.26,26.24,0,0
3230.39,26.26,0,0
3230.53,26.25,0,0
3230.66,26.27,0,0
3230.8,26.26,0,0
3230.93,26.26,0,0
3231.06,26.25,0,0
3231.2,26.25,0,0
3231.33,26.25,0,0
3231.46,26.26,0,0
3231.6,26.25,0,0
3231.73,26.26,0,0
3231.87,26.25,0,0
3232.0,26.25,0,0
3232.13,26.25,0,0
3232.27,26.25,0,0
3232.4,26.24,0,0
3232.54,26.25,0,0
3232.67,26.26,0,0
3232.8,26.26,0,0
3232.94,26.25,0,0
3233.07,26.26,0,0
3233.21,26.25,0,0
3233.34,26.25,0,0
3233.47,26.24,0,0
3233.61,26.26,0,0
3233.74,26.24,0,0
3233.87,26.25,0,0
3234.01,26.24,0,0
3234.14,26.24,0,0
3234.28,26.25,0,0
3234.41,26.24,0,0
3234.54,26.24,0,0
3234.68,26.26,0,0
3234.81,26.25,0,0
3234.95,26.25,0,0
3235.08,26.25,0,0
3235.21,26.26,0,0
3235.35,26.24,0,0
3235.48,26.22,0,0
3235.61,26.24,0,0
3235.75,26.23,0,0
3235.88,26.24,0,0
3236.02,26.24,0,0
3236.15,26.24,0,0
3236.28,26.23,0,0
3236.42,26.24,0,0
3236.55,26.23,0,0
3236.69,26.24,0,0
3236.82,26.23,0,0
3236.95,26.23,0,0
3237.09,26.25,0,0
3237.22,26.24,0,0
3237.35,26.23,0,0
3237.49,26.24,0,0
3237.62,26.22,0,0
3237.76,26.24,0,0
3237.89,26.24,0,0
3238.02,26.22,0,0
3238.16,26.23,0,0
3238.29,26.23,0,0
3238.43,26.23,0,0
3238.56,26.24,0,0
3238.69,26.23,0,0
3238.83,26.21,0,0
3238.96,26.22,0,0
3239.1,26.23,0,0
3239.23,26.22,0,0
3239.36,26.22,0,0
3239.5,26.22,0,0
3239.63,26.23,0,0
3239.77,26.21,0,0
3239.9,26.23,0,0
3240.03,26.23,0,0
3240.17,26.22,0,0
3240.3,26.22,0,0
3240.43,26.22,0,0
3240.57,26.24,0,0
3240.7,26.22,0,0
3240.84,26.22,0,0
3240.97,26.22,0,0
3241.1,26.22,0,0
3241.24,26.22,0,0
3241.37,26.22,0,0
3241.5,26.21,0,0
3241.64,26.22,0,0
3241.77,26.23,0,0
3241.91,26.21,0,0
3242.04,26.22,0,0
3242.17,26.2,0,0
3242.31,26.22,0,0
3242.44,26.19,0,0
3242.58,26.21,0,0
3242.71,26.22,0,0
3242.84,26.21,0,0
3242.98,26.21,0,0
3243.11,26.21,0,0
3243.25,26.21,0,0
3243.38,26.21,0,0
3243.51,26.2,0,0
3243.65,26.21,0,0
3243.78,26.21,0,0
3243.91,26.21,0,0
3244.05,26.21,0,0
3244.18,26.2,0,0
3244.32,26.2,0,0
3244.45,26.2,0,0
3244.58,26.19,0,0
3244.72,26.19,0,0
3244.85,26.21,0,0
3244.99,26.2,0,0
3245.12,26.19,0,0
3245.25,26.19,0,0
3245.39,26.21,0,0
3245.52,26.2,0,0
3245.66,26.2,0,0
3245.79,26.21,0,0
3245.92,26.19,0,0
3246.06,26.19,0,0
3246.19,26.19,0,0
3246.32,26.21,0,0
3246.46,26.18,0,0
3246.59,26.19,0,0
3246.73,26.19,0,0
3246.86,26.18,0,0
3246.99,26.19,0,0
3247.13,26.19,0,0
3247.26,26.19,0,0
3247.39,26.19,0,0
3247.53,26.19,0,0
3247.66,26.18,0,0
3247.8,26.2,0,0
3247.93,26.19,0,0
3248.06,26.18,0,0
3248.2,26.19,0,0
3248.33,26.19,0,0
3248.47,26.18,0,0
3248.6,26.16,0,0
3248.73,26.18,0,0
3248.87,26.18,0,0
3249.0,26.18,0,0
3249.14,26.18,0,0
3249.27,26.17,0,0
3249.4,26.17,0,0
3249.54,26.19,0,0
3249.67,26.17,0,0
3249.8,26.17,0,0
3249.94,26.18,0,0
3250.07,26.17,0,0
3250.21,26.17,0,0
3250.34,26.18,0,0
3250.47,26.17,0,0
3250.61,26.17,0,0
3250.74,26.17,0,0
3250.88,26.16,0,0
3251.01,26.17,0,0
3251.14,26.16,0,0
3251.28,26.16,0,0
3251.41,26.16,0,0
3251.55,26.16,0,0
3251.68,26.18,0,0
3251.81,26.16,0,0
3251.95,26.17,0,0
3252.08,26.17,0,0
3252.21,26.17,0,0
3252.35,26.16,0,0
3252.48,26.15,0,0
3252.62,26.16,0,0
3252.75,26.16,0,0
3252.88,26.15,0,0
3253.02,26.15,0,0
3253.15,26.17,0,0
3253.28,26.16,0,0
3253.42,26.15,0,0
3253.55,26.14,0,0
3253.69,26.15,0,0
3253.82,26.15,0,0
3253.95,26.15,0,0
3254.09,26.18,0,0
3254.22,26.16,0,0
3254.36,26.15,0,0
3254.49,26.16,0,0
3254.62,26.15,0,0
3254.76,26.16,0,0
3254.89,26.15,0,0
3255.03,26.16,0,0
3255.16,26.15,0,0
3255.29,26.15,0,0
3255.43,26.14,0,0
3255.56,26.14,0,0
3255.69,26.15,0,0
3255.83,26.13,0,0
3255.96,26.16,0,0
3256.1,26.14,0,0
3256.23,26.16,0,0
3256.36,26.13,0,0
3256.5,26.13,0,0
3256.63,26.14,0,0
3256.77,26.13,0,0
3256.9,26.14,0,0
3257.03,26.15,0,0
3257.17,26.11,0,0
3257.3,26.15,0,0
3257.44,26.14,0,0
3257.57,26.13,0,0
3257.7,26.13,0,0
3257.84,26.13,0,0
3257.97,26.14,0,0
3258.1,26.14,0,0
3258.24,26.13,0,0
3258.37,26.13,0,0
3258.51,26.13,0,0
3258.64,26.13,0,0
3258.77,26.13,0,0
3258.91,26.13,0,0
3259.04,26.13,0,0
3259.18,26.12,0,0
3259.31,26.14,0,0
3259.44,26.12,0,0
3259.58,26.14,0,0
3259.71,26.14,0,0
3259.84,26.13,0,0
3259.98,26.14,0,0
3260.11,26.11,0,0
3260.25,26.12,0,0
3260.38,26.13,0,0
3260.51,26.13,0,0
3260.65,26.15,0,0
3260.78,26.13,0,0
3260.92,26.13,0,0
3261.05,26.13,0,0
3261.18,26.12,0,0
3261.32,26.12,0,0
3261.45,26.13,0,0
3261.59,26.12,0,0
3261.72,26.13,0,0
3261.85,26.13,0,0
3261.99,26.13,0,0
3262.12,26.12,0,0
3262.25,26.13,0,0
3262.39,26.13,0,0
3262.52,26.12,0,0
3262.66,26.12,0,0
3262.79,26.13,0,0
3262.92,26.13,0,0
3263.06,26.13,0,0
3263.19,26.12,0,0
3263.33,26.11,0,0
3263.46,26.11,0,0
3263.59,26.1,0,0
3263.73,26.11,0,0
3263.86,26.12,0,0
3264.0,26.14,0,0
3264.13,26.12,0,0
3264.26,26.1,0,0
3264.4,26.11,0,0
3264.53,26.12,0,0
3264.66,26.11,0,0
3264.8,26.12,0,0
3264.93,26.13,0,0
3265.07,26.11,0,0
3265.2,26.14,0,0
3265.33,26.1,0,0
3265.47,26.11,0,0
3265.6,26.1,0,0
3265.73,26.12,0,0
3265.87,26.11,0,0
3266.0,26.11,0,0
3266.14,26.11,0,0
3266.27,26.11,0,0
3266.4,26.11,0,0
3266.54,26.11,0,0
3266.67,26.11,0,0
3266.81,26.1,0,0
3266.94,26.11,0,0
3267.07,26.1,0,0
3267.21,26.11,0,0
3267.34,26.11,0,0
3267.48,26.1,0,0
3267.61,26.11,0,0
3267.74,26.1,0,0
3267.88,26.11,0,0
3268.01,26.1,0,0
3268.14,26.1,0,0
3268.28,26.1,0,0
3268.41,26.09,0,0
3268.55,26.1,0,0
3268.68,26.1,0,0
3268.81,26.11,0,0
3268.95,26.1,0,0
3269.08,26.09,0,0
3269.22,26.11,0,0
3269.35,26.11,0,0
3269.48,26.09,0,0
3269.62,26.1,0,0
3269.75,26.1,0,0
3269.88,26.1,0,0
3270.02,26.1,0,0
3270.15,26.1,0,0
3270.29,26.1,0,0
3270.42,26.1,0,0
3270.55,26.08,0,0
3270.69,26.1,0,0
3270.82,26.11,0,0
3270.96,26.1,0,0
3271.09,26.11,0,0
3271.22,26.11,0,0
3271.36,26.1,0,0
3271.49,26.09,0,0
3271.62,26.09,0,0
3271.76,26.1,0,0
3271.89,26.08,0,0
3272.03,26.09,0,0
3272.16,26.09,0,0
3272.29,26.09,0,0
3272.43,26.1,0,0
3272.56,26.08,0,0
3272.7,26.1,0,0
3272.83,26.1,0,0
3272.96,26.1,0,0
3273.1,26.1,0,0
3273.23,26.09,0,0
3273.37,26.09,0,0
3273.5,26.07,0,0
3273.63,26.09,0,0
3273.77,26.08,0,0
3273.9,26.09,0,0
3274.04,26.08,0,0
3274.17,26.1,0,0
3274.3,26.09,0,0
3274.44,26.08,0,0
3274.57,26.1,0,0
3274.7,26.1,0,0
3274.84,26.08,0,0
3274.97,26.09,0,0
3275.11,26.08,0,0
3275.24,26.08,0,0
3275.37,26.09,0,0
3275.51,26.07,0,0
3275.64,26.08,0,0
3275.78,26.07,0,0
3275.91,26.08,0,0
3276.04,26.07,0,0
3276.18,26.08,0,0
3276.31,26.08,0,0
3276.44,26.07,0,0
3276.58,26.08,0,0
3276.71,26.08,0,0
3276.85,26.08,0,0
3276.98,26.08,0,0
3277.11,26.06,0,0
3277.25,26.09,0,0
3277.38,26.04,0,0
3277.51,26.09,0,0
3277.65,26.07,0,0
3277.78,26.08,0,0
3277.92,26.07,0,0
3278.05,26.07,0,0
3278.18,26.08,0,0
3278.32,26.07,0,0
3278.45,26.08,0,0
3278.59,26.08,0,0
3278.72,26.08,0,0
3278.85,26.08,0,0
3278.99,26.08,0,0
3279.12,26.09,0,0
3279.26,26.08,0,0
3279.39,26.08,0,0
3279.52,26.07,0,0
3279.66,26.09,0,0
3279.79,26.1,0,0
3279.93,26.07,0,0
3280.06,26.07,0,0
3280.19,26.08,0,0
3280.33,26.05,0,0
3280.46,26.07,0,0
3280.59,26.08,0,0
3280.73,26.07,0,0
3280.86,26.06,0,0
3281.0,26.09,0,0
3281.13,26.08,0,0
3281.26,26.08,0,0
3281.4,26.08,0,0
3281.53,26.08,0,0
3281.67,26.06,0,0
3281.8,26.07,0,0
3281.93,26.08,0,0
3282.07,26.07,0,0
3282.2,26.07,0,0
3282.33,26.06,0,0
3282.47,26.07,0,0
3282.6,26.06,0,0
3282.74,26.07,0,0
3282.87,26.07,0,0
3283.0,26.06,0,0
3283.14,26.05,0,0
3283.27,26.06,0,0
3283.41,26.06,0,0
3283.54,26.07,0,0
3283.67,26.06,0,0
3283.81,26.05,0,0
3283.94,26.07,0,0
3284.07,26.07,0,0
3284.21,26.07,0,0
3284.34,26.07,0,0
3284.48,26.06,0,0
3284.61,26.07,0,0
3284.75,26.07,0,0
3284.88,26.06,0,0
3285.01,26.06,0,0
3285.15,26.06,0,0
3285.28,26.07,0,0
3285.41,26.05,0,0
3285.55,26.07,0,0
3285.68,26.06,0,0
3285.82,26.07,0,0
3285.95,26.07,0,0
3286.08,26.06,0,0
3286.22,26.07,0,0
3286.35,26.06,0,0
3286.48,26.06,0,0
3286.62,26.07,0,0
3286.75,26.05,0,0
3286.89,26.06,0,0
3287.02,26.07,0,0
3287.15,26.06,0,0
3287.29,26.04,0,0
3287.42,26.06,0,0
3287.56,26.06,0,0
3287.69,26.06,0,0
3287.82,26.06,0,0
3287.96,26.05,0,0
3288.09,26.05,0,0
3288.22,26.05,0,0
3288.36,26.04,0,0
3288.49,26.07,0,0
3288.63,26.08,0,0
3288.76,26.06,0,0
3288.89,26.05,0,0
3289.03,26.05,0,0
3289.16,26.05,0,0
3289.3,26.06,0,0
3289.43,26.06,0,0
3289.56,26.06,0,0
3289.7,26.06,0,0
3289.83,26.07,0,0
3289.96,26.05,0,0
3290.1,26.04,0,0
3290.23,26.05,0,0
3290.37,26.05,0,0
3290.5,26.06,0,0
3290.63,26.05,0,0
3290.77,26.05,0,0
3290.9,26.07,0,0
3291.04,26.06,0,0
3291.17,26.04,0,0
3291.3,26.05,0,0
3291.44,26.05,0,0
3291.57,26.04,0,0
3291.71,26.05,0,0
3291.84,26.05,0,0
3291.97,26.03,0,0
3292.11,26.04,0,0
3292.24,26.05,0,0
3292.38,26.05,0,0
3292.51,26.04,0,0
3292.64,26.05,0,0
3292.78,26.05,0,0
3292.91,26.06,0,0
3293.04,26.04,0,0
3293.18,26.04,0,0
3293.31,26.04,0,0
3293.45,26.05,0,0
3293.58,26.03,0,0
3293.71,26.06,0,0
3293.85,26.04,0,0
3293.98,26.03,0,0
3294.11,26.04,0,0
3294.25,26.04,0,0
3294.38,26.05,0,0
3294.52,26.04,0,0
3294.65,26.04,0,0
3294.78,26.06,0,0
3294.92,26.06,0,0
3295.05,26.04,0,0
3295.19,26.04,0,0
3295.32,26.04,0,0
3295.45,26.06,0,0
3295.59,26.04,0,0
3295.72,26.04,0,0
3295.86,26.03,0,0
3295.99,26.05,0,0
3296.12,26.04,0,0
3296.26,26.03,0,0
3296.39,26.03,0,0
3296.53,26.03,0,0
3296.66,26.03,0,0
3296.79,26.03,0,0
3296.93,26.04,0,0
3297.06,26.05,0,0
3297.19,26.03,0,0
3297.33,26.04,0,0
3297.46,26.04,0,0
3297.6,26.02,0,0
3297.73,26.03,0,0
3297.86,26.03,0,0
3298.0,26.03,0,0
3298.13,26.04,0,0
3298.27,26.04,0,0
3298.4,26.02,0,0
3298.53,26.05,0,0
3298.67,26.03,0,0
3298.8,26.04,0,0
3298.93,26.04,0,0
3299.07,26.03,0,0
3299.2,26.03,0,0
3299.34,26.04,0,0
3299.47,26.03,0,0
3299.6,26.02,0,0
3299.74,26.03,0,0
3299.87,26.04,0,0
3300.0,26.03,0,0
3300.14,26.02,0,0
3300.27,26.03,0,0
3300.41,26.02,0,0
3300.54,26.03,0,0
3300.67,26.03,0,0
3300.81,26.03,0,0
3300.94,26.03,0,0
3301.08,26.03,0,0
3301.21,26.02,0,0
3301.34,26.03,0,0
3301.48,26.03,0,0
3301.61,26.03,0,0
3301.75,26.01,0,0
3301.88,26.03,0,0
3302.01,26.03,0,0
3302.15,26.03,0,0
3302.28,26.01,0,0
3302.42,26.03,0,0
3302.55,26.02,0,0
3302.68,26.01,0,0
3302.82,26.03,0,0
3302.95,26.02,0,0
3303.08,26.03,0,0
3303.22,26.02,0,0
3303.35,26.02,0,0
3303.49,26.01,0,0
3303.62,26.01,0,0
3303.75,26.02,0,0
3303.89,26.02,0,0
3304.02,26.02,0,0
3304.16,26.02,0,0
3304.29,26.02,0,0
3304.42,26.02,0,0
3304.56,26.02,0,0
3304.69,26.03,0,0
3304.82,26.02,0,0
3304.96,26.02,0,0
3305.09,26.01,0,0
3305.23,26.03,0,0
3305.36,26.01,0,0
3305.49,26.03,0,0
3305.63,26.02,0,0
3305.76,26.01,0,0
3305.89,26.01,0,0
3306.03,26.02,0,0
3306.16,26.01,0,0
3306.3,26.02,0,0
3306.43,26.01,0,0
3306.56,26.02,0,0
3306.7,26.0,0,0
3306.83,26.02,0,0
3306.97,26.01,0,0
3307.1,26.02,0,0
3307.23,26.01,0,0
3307.37,26.04,0,0
3307.5,26.02,0,0
3307.64,26.01,0,0
3307.77,26.02,0,0
3307.9,26.01,0,0
3308.04,25.99,0,0
3308.17,26.01,0,0
3308.3,26.02,0,0
3308.44,26.01,0,0
3308.57,26.01,0,0
3308.71,26.02,0,0
3308.84,26.01,0,0
3308.97,26.02,0,0
3309.11,26.01,0,0
3309.24,26.02,0,0
3309.38,26.02,0,0
3309.51,25.99,0,0
3309.64,26.0,0,0
3309.78,26.01,0,0
3309.91,26.0,0,0
3310.05,26.03,0,0
3310.18,26.01,0,0
3310.31,26.03,0,0
3310.45,26.02,0,0
3310.58,26.0,0,0
3310.71,26.0,0,0
3310.85,26.01,0,0
3310.98,26.0,0,0
3311.12,26.0,0,0
3311.25,26.01,0,0
3311.38,26.0,0,0
3311.52,26.01,0,0
3311.65,26.0,0,0
3311.78,25.98,0,0
3311.92,26.01,0,0
3312.05,26.0,0,0
3312.19,26.01,0,0
3312.32,26.0,0,0
3312.45,26.01,0,0
3312.59,26.01,0,0
3312.72,26.01,0,0
3312.86,26.0,0,0
3312.99,26.0,0,0
3313.12,26.02,0,0
3313.26,26.0,0,0
3313.39,26.0,0,0
3313.53,25.99,0,0
3313.66,26.0,0,0
3313.79,26.0,0,0
3313.93,26.0,0,0
3314.06,26.0,0,0
3314.19,25.99,0,0
3314.33,25.99,0,0
3314.46,26.0,0,0
3314.6,26.0,0,0
3314.73,26.0,0,0
3314.86,26.0,0,0
3315.0,26.0,0,0
3315.13,26.0,0,0
3315.27,26.01,0,0
3315.4,26.0,0,0
3315.53,26.0,0,0
3315.67,25.99,0,0
3315.8,26.01,0,0
3315.94,26.0,0,0
3316.07,26.0,0,0
3316.2,26.0,0,0
3316.34,26.0,0,0
3316.47,25.99,0,0
3316.6,26.0,0,0
3316.74,26.01,0,0
3316.87,26.01,0,0
3317.01,25.99,0,0
3317.14,26.0,0,0
3317.27,26.0,0,0
3317.41,26.0,0,0
3317.54,26.0,0,0
3317.68,26.0,0,0
3317.81,25.99,0,0
3317.94,25.99,0,0
3318.08,26.0,0,0
3318.21,26.0,0,0
3318.34,26.0,0,0
3318.48,25.98,0,0
3318.61,25.99,0,0
3318.75,25.99,0,0
3318.88,26.0,0,0
3319.01,25.99,0,0
3319.15,25.99,0,0
3319.28,25.98,0,0
3319.42,25.98,0,0
3319.55,26.0,0,0
3319.68,25.97,0,0
3319.82,25.97,0,0
3319.95,25.99,0,0
3320.08,26.0,0,0
3320.22,25.99,0,0
3320.35,26.0,0,0
3320.49,25.99,0,0
3320.62,25.99,0,0
3320.75,26.0,0,0
3320.89,25.99,0,0
3321.02,25.99,0,0
3321.16,26.0,0,0
3321.29,25.99,0,0
3321.42,25.99,0,0
3321.56,25.97,0,0
3321.69,25.98,0,0
3321.83,25.98,0,0
3321.96,25.99,0,0
3322.09,25.99,0,0
3322.23,25.99,0,0
3322.36,26.0,0,0
3322.49,25.99,0,0
3322.63,26.01,0,0
3322.76,25.99,0,0
3322.9,25.99,0,0
3323.03,25.98,0,0
3323.16,25.99,0,0
3323.3,26.0,0,0
3323.43,25.98,0,0
3323.57,25.99,0,0
3323.7,25.99,0,0
3323.83,25.99,0,0
3323.97,25.99,0,0
3324.1,25.97,0,0
3324.23,25.97,0,0
3324.37,25.97,0,0
3324.5,25.99,0,0
3324.64,25.98,0,0
3324.77,26.0,0,0
3324.9,25.99,0,0
3325.04,25.98,0,0
3325.17,25.98,0,0
3325.31,25.98,0,0
3325.44,25.97,0,0
3325.57,25.98,0,0
3325.71,25.96,0,0
3325.84,25.99,0,0
3325.98,25.97,0,0
3326.11,25.99,0,0
3326.24,25.98,0,0
3326.38,25.99,0,0
3326.51,25.99,0,0
3326.64,25.99,0,0
3326.78,25.98,0,0
3326.91,25.99,0,0
3327.05,26.0,0,0
3327.18,25.99,0,0
3327.31,25.99,0,0
3327.45,25.99,0,0
3327.58,25.98,0,0
3327.72,25.99,0,0
3327.85,25.97,0,0
3327.98,25.98,0,0
3328.12,25.99,0,0
3328.25,25.96,0,0
3328.39,25.99,0,0
3328.52,25.98,0,0
3328.65,25.99,0,0
3328.79,25.99,0,0
3328.92,25.97,0,0
3329.05,25.99,0,0
3329.19,25.99,0,0
3329.32,25.97,0,0
3329.46,25.98,0,0
3329.59,25.97,0,0
3329.72,25.97,0,0
3329.86,25.98,0,0
3329.99,25.98,0,0
3330.12,25.98,0,0
3330.26,25.97,0,0
3330.39,25.97,0,0
3330.53,25.97,0,0
3330.66,25.98,0,0
3330.79,25.97,0,0
3330.93,25.98,0,0
3331.06,25.98,0,0
3331.2,25.98,0,0
3331.33,25.98,0,0
3331.46,25.97,0,0
3331.6,25.97,0,0
3331.73,25.99,0,0
3331.86,25.97,0,0
3332.0,25.98,0,0
3332.13,25.98,0,0
3332.27,25.98,0,0
3332.4,25.97,0,0
3332.53,25.98,0,0
3332.67,25.99,0,0
3332.8,25.94,0,0
3332.94,25.97,0,0
3333.07,25.97,0,0
3333.2,25.98,0,0
3333.34,25.98,0,0
3333.47,26.0,0,0
3333.61,25.97,0,0
3333.74,25.99,0,0
3333.87,25.98,0,0
3334.01,25.98,0,0
3334.14,26.0,0,0
3334.28,25.98,0,0
3334.41,25.97,0,0
3334.54,25.99,0,0
3334.68,25.97,0,0
3334.81,25.98,0,0
3334.94,25.99,0,0
3335.08,25.97,0,0
3335.21,25.97,0,0
3335.35,25.98,0,0
3335.48,25.97,0,0
3335.61,25.97,0,0
3335.75,25.98,0,0
3335.88,25.98,0,0
3336.01,25.98,0,0
3336.15,25.98,0,0
3336.28,25.98,0,0
3336.42,25.98,0,0
3336.55,25.97,0,0
3336.68,25.97,0,0
3336.82,25.97,0,0
3336.95,25.98,0,0
3337.09,25.98,0,0
3337.22,25.98,0,0
3337.35,25.96,0,0
3337.49,25.97,0,0
3337.62,25.96,0,0
3337.75,25.98,0,0
3337.89,25.98,0,0
3338.02,25.97,0,0
3338.16,25.97,0,0
3338.29,25.98,0,0
3338.42,25.97,0,0
3338.56,25.97,0,0
3338.69,25.97,0,0
3338.83,25.96,0,0
3338.96,25.97,0,0
3339.09,25.97,0,0
3339.23,25.97,0,0
3339.36,25.97,0,0
3339.5,25.95,0,0
3339.63,25.95,0,0
3339.76,25.97,0,0
3339.9,25.98,0,0
3340.03,25.99,0,0
3340.16,25.97,0,0
3340.3,25.96,0,0
3340.43,25.97,0,0
3340.57,25.96,0,0
3340.7,25.98,0,0
3340.83,25.98,0,0
3340.97,25.98,0,0
3341.1,25.98,0,0
3341.24,25.99,0,0
3341.37,25.98,0,0
3341.5,25.94,0,0
3341.64,25.95,0,0
3341.77,25.97,0,0
3341.9,25.96,0,0
3342.04,25.97,0,0
3342.17,25.95,0,0
3342.31,25.97,0,0
3342.44,25.98,0,0
3342.57,25.98,0,0
3342.71,25.96,0,0
3342.84,25.97,0,0
3342.98,25.96,0,0
3343.11,25.97,0,0
3343.24,25.97,0,0
3343.38,25.99,0,0
3343.51,25.97,0,0
3343.64,25.97,0,0
3343.78,25.96,0,0
3343.91,25.98,0,0
3344.05,25.98,0,0
3344.18,25.97,0,0
3344.31,25.96,0,0
3344.45,25.97,0,0
3344.58,25.97,0,0
3344.72,25.97,0,0
3344.85,25.95,0,0
3344.98,25.97,0,0
3345.12,25.98,0,0
3345.25,25.96,0,0
3345.39,25.96,0,0
3345.52,25.97,0,0
3345.65,25.97,0,0
3345.79,25.97,0,0
3345.92,25.97,0,0
3346.05,25.96,0,0
3346.19,25.96,0,0
3346.32,25.98,0,0
3346.46,25.97,0,0
3346.59,25.96,0,0
3346.72,25.97,0,0
3346.86,25.96,0,0
3346.99,25.97,0,0
3347.13,25.96,0,0
3347.26,25.96,0,0
3347.39,25.97,0,0
3347.53,25.96,0,0
3347.66,25.97,0,0
3347.79,25.96,0,0
3347.93,25.96,0,0
3348.06,25.96,0,0
3348.2,25.96,0,0
3348.33,25.96,0,0
3348.46,25.97,0,0
3348.6,25.97,0,0
3348.73,25.97,0,0
3348.87,25.97,0,0
3349.0,25.98,0,0
3349.13,25.96,0,0
3349.27,25.96,0,0
3349.4,25.96,0,0
3349.53,25.97,0,0
3349.67,25.97,0,0
3349.8,25.97,0,0
3349.94,25.96,0,0
3350.07,25.96,0,0
3350.2,25.97,0,0
3350.34,25.96,0,0
3350.47,25.97,0,0
3350.61,25.95,0,0
3350.74,25.97,0,0
3350.87,25.97,0,0
3351.01,25.97,0,0
3351.14,25.97,0,0
3351.28,25.97,0,0
3351.41,25.97,0,0
3351.54,25.97,0,0
3351.68,25.96,0,0
3351.81,25.96,0,0
3351.94,25.95,0,0
3352.08,25.95,0,0
3352.21,25.96,0,0
3352.35,25.96,0,0
3352.48,25.97,0,0
3352.61,25.96,0,0
3352.75,25.96,0,0
3352.88,25.96,0,0
3353.02,25.96,0,0
3353.15,25.96,0,0
3353.28,25.97,0,0
3353.42,25.96,0,0
3353.55,25.96,0,0
3353.69,25.94,0,0
3353.82,25.96,0,0
3353.95,25.97,0,0
3354.09,25.96,0,0
3354.22,25.97,0,0
3354.35,25.95,0,0
3354.49,25.96,0,0
3354.62,25.96,0,0
3354.76,25.93,0,0
3354.89,25.95,0,0
3355.02,25.94,0,0
3355.16,25.94,0,0
3355.29,25.95,0,0
3355.42,25.96,0,0
3355.56,25.96,0,0
3355.69,25.97,0,0
3355.83,25.95,0,0
3355.96,25.96,0,0
3356.09,25.95,0,0
3356.23,25.98,0,0
3356.36,25.97,0,0
3356.5,25.96,0,0
3356.63,25.97,0,0
3356.76,25.94,0,0
3356.9,25.96,0,0
3357.03,25.96,0,0
3357.17,25.95,0,0
3357.3,25.95,0,0
3357.43,25.97,0,0
3357.57,25.96,0,0
3357.7,25.96,0,0
3357.84,25.96,0,0
3357.97,25.96,0,0
3358.1,25.94,0,0
3358.24,25.96,0,0
3358.37,25.95,0,0
3358.5,25.95,0,0
3358.64,25.97,0,0
3358.77,25.95,0,0
3358.91,25.96,0,0
3359.04,25.96,0,0
3359.17,25.95,0,0
3359.31,25.97,0,0
3359.44,25.96,0,0
3359.58,25.95,0,0
3359.71,25.96,0,0
3359.84,25.95,0,0
3359.98,25.95,0,0
3360.11,25.95,0,0
3360.25,25.95,0,0
3360.38,25.95,0,0
3360.51,25.94,0,0
3360.65,25.96,0,0
3360.78,25.94,0,0
3360.91,25.95,0,0
3361.05,25.95,0,0
3361.18,25.95,0,0
3361.32,25.95,0,0
3361.45,25.94,0,0
3361.58,25.95,0,0
3361.72,25.93,0,0
3361.85,25.96,0,0
3361.98,25.95,0,0
3362.12,25.95,0,0
3362.25,25.95,0,0
3362.39,25.95,0,0
3362.52,25.95,0,0
3362.65,25.96,0,0
3362.79,25.95,0,0
3362.92,25.95,0,0
3363.06,25.96,0,0
3363.19,25.95,0,0
3363.32,25.95,0,0
3363.46,25.95,0,0
3363.59,25.94,0,0
3363.73,25.95,0,0
3363.86,25.95,0,0
3363.99,25.94,0,0
3364.13,25.96,0,0
3364.26,25.95,0,0
3364.39,25.94,0,0
3364.53,25.95,0,0
3364.66,25.96,0,0
3364.8,25.95,0,0
3364.93,25.96,0,0
3365.06,25.95,0,0
3365.2,25.95,0,0
3365.33,25.94,0,0
3365.47,25.94,0,0
3365.6,25.94,0,0
3365.73,25.96,0,0
3365.87,25.95,0,0
3366.0,25.95,0,0
3366.13,25.95,0,0
3366.27,25.95,0,0
3366.4,25.95,0,0
3366.54,25.95,0,0
3366.67,25.95,0,0
3366.8,25.96,0,0
3366.94,25.95,0,0
3367.07,25.96,0,0
3367.2,25.95,0,0
3367.34,25.94,0,0
3367.47,25.95,0,0
3367.61,25.95,0,0
3367.74,25.94,0,0
3367.87,25.95,0,0
3368.01,25.97,0,0
3368.14,25.95,0,0
3368.28,25.95,0,0
3368.41,25.95,0,0
3368.54,25.95,0,0
3368.68,25.95,0,0
3368.81,25.95,0,0
3368.95,25.96,0,0
3369.08,25.94,0,0
3369.21,25.94,0,0
3369.35,25.96,0,0
3369.48,25.95,0,0
3369.61,25.95,0,0
3369.75,25.95,0,0
3369.88,25.96,0,0
3370.02,25.95,0,0
3370.15,25.95,0,0
3370.28,25.95,0,0
3370.42,25.93,0,0
3370.55,25.94,0,0
3370.69,25.95,0,0
3370.82,25.96,0,0
3370.95,25.96,0,0
3371.09,25.94,0,0
3371.22,25.95,0,0
3371.36,25.94,0,0
3371.49,25.94,0,0
3371.62,25.95,0,0
3371.76,25.94,0,0
3371.89,25.96,0,0
3372.02,25.95,0,0
3372.16,25.94,0,0
3372.29,25.94,0,0
3372.43,25.94,0,0
3372.56,25.95,0,0
3372.69,25.94,0,0
3372.83,25.95,0,0
3372.96,25.94,0,0
3373.09,25.95,0,0
3373.23,25.94,0,0
3373.36,25.94,0,0
3373.5,25.95,0,0
3373.63,25.95,0,0
3373.76,25.94,0,0
3373.9,25.93,0,0
3374.03,25.95,0,0
3374.17,25.95,0,0
3374.3,25.94,0,0
3374.43,25.95,0,0
3374.57,25.94,0,0
3374.7,25.96,0,0
3374.84,25.92,0,0
3374.97,25.98,0,0
3375.1,25.95,0,0
3375.24,25.94,0,0
3375.37,25.91,0,0
3375.5,25.94,0,0
3375.64,25.95,0,0
3375.77,25.94,0,0
3375.91,25.93,0,0
3376.04,25.94,0,0
3376.17,25.95,0,0
3376.31,25.94,0,0
3376.44,25.94,0,0
3376.58,25.95,0,0
3376.71,25.95,0,0
3376.84,25.95,0,0
3376.98,25.95,0,0
3377.11,25.96,0,0
3377.25,25.94,0,0
3377.38,25.95,0,0
3377.51,25.95,0,0
3377.65,25.95,0,0
3377.78,25.95,0,0
3377.91,25.94,0,0
3378.05,25.94,0,0
3378.18,25.94,0,0
3378.32,25.94,0,0
3378.45,25.94,0,0
3378.58,25.94,0,0
3378.72,25.93,0,0
3378.85,25.94,0,0
3378.98,25.94,0,0
3379.12,25.94,0,0
3379.25,25.95,0,0
3379.39,25.94,0,0
3379.52,25.95,0,0
3379.65,25.94,0,0
3379.79,25.94,0,0
3379.92,25.94,0,0
3380.06,25.95,0,0
3380.19,25.93,0,0
3380.32,25.93,0,0
3380.46,25.95,0,0
3380.59,25.95,0,0
3380.73,25.94,0,0
3380.86,25.94,0,0
3380.99,25.95,0,0
3381.13,25.94,0,0
3381.26,25.94,0,0
3381.4,25.95,0,0
3381.53,25.94,0,0
3381.66,25.96,0,0
3381.8,25.98,0,0
3381.93,25.98,0,0
3382.06,25.98,0,0
3382.2,25.99,0,0
3382.33,25.99,0,0
3382.47,25.98,0,0
3382.6,25.99,0,0
3382.73,25.98,0,0
3382.87,25.99,0,0
3383.0,25.99,0,0
3383.14,25.97,0,0
3383.27,25.98,0,0
3383.4,25.99,0,0
3383.54,25.99,0,0
3383.67,25.98,0,0
3383.8,25.99,0,0
3383.94,25.99,0,0
3384.07,25.98,0,0
3384.21,25.96,0,0
3384.34,25.98,0,0
3384.47,25.98,0,0
3384.61,25.98,0,0
3384.74,25.99,0,0
3384.88,25.98,0,0
3385.01,25.99,0,0
3385.14,25.99,0,0
3385.28,25.98,0,0
3385.41,25.96,0,0
3385.54,25.98,0,0
3385.68,25.98,0,0
3385.81,25.99,0,0
3385.95,25.98,0,0
3386.08,25.99,0,0
3386.21,25.98,0,0
3386.35,26.0,0,0
3386.48,25.98,0,0
3386.62,25.99,0,0
3386.75,25.98,0,0
3386.88,25.98,0,0
3387.02,26.0,0,0
3387.15,25.99,0,0
3387.29,26.0,0,0
3387.42,25.99,0,0
3387.55,25.99,0,0
3387.69,25.99,0,0
3387.82,25.99,0,0
3387.95,26.0,0,0
3388.09,25.99,0,0
3388.22,26.0,0,0
3388.36,25.99,0,0
3388.49,26.0,0,0
3388.62,26.0,0,0
3388.76,26.0,0,0
3388.89,26.0,0,0
3389.03,26.02,0,0
3389.16,26.0,0,0
3389.29,26.01,0,0
3389.43,26.02,0,0
3389.56,26.0,0,0
3389.7,26.01,0,0
3389.83,26.02,0,0
3389.96,26.01,0,0
3390.1,26.0,0,0
3390.23,26.01,0,0
3390.36,26.01,0,0
3390.5,26.01,0,0
3390.63,26.0,0,0
3390.77,26.0,0,0
3390.9,25.99,0,0
3391.03,25.99,0,0
3391.17,26.01,0,0
3391.3,26.0,0,0
3391.43,25.99,0,0
3391.57,26.0,0,0
3391.7,26.0,0,0
3391.84,25.99,0,0
3391.97,26.0,0,0
3392.1,25.99,0,0
3392.24,25.99,0,0
3392.37,25.99,0,0
3392.51,26.0,0,0
3392.64,26.0,0,0
3392.77,26.03,0,0
3392.91,26.0,0,0
3393.04,26.01,0,0
3393.18,26.0,0,0
3393.31,26.0,0,0
3393.44,26.0,0,0
3393.58,26.0,0,0
3393.71,26.02,0,0
3393.84,26.01,0,0
3393.98,26.0,0,0
3394.11,26.0,0,0
3394.25,25.98,0,0
3394.38,26.01,0,0
3394.51,26.0,0,0
3394.65,26.01,0,0
3394.78,26.01,0,0
3394.92,25.99,0,0
3395.05,25.99,0,0
3395.18,26.01,0,0
3395.32,26.0,0,0
3395.45,26.01,0,0
3395.59,26.0,0,0
3395.72,25.99,0,0
3395.85,26.0,0,0
3395.99,26.0,0,0
3396.12,25.98,0,0
3396.25,26.01,0,0
3396.39,26.01,0,0
3396.52,26.0,0,0
3396.66,26.0,0,0
3396.79,26.02,0,0
3396.92,26.0,0,0
3397.06,26.0,0,0
3397.19,26.0,0,0
3397.33,26.0,0,0
3397.46,26.02,0,0
3397.59,26.0,0,0
3397.73,26.01,0,0
3397.86,26.02,0,0
3398.0,26.03,0,0
3398.13,26.02,0,0
3398.26,26.0,0,0
3398.4,26.01,0,0
3398.53,26.01,0,0
3398.66,26.02,0,0
3398.8,26.02,0,0
3398.93,26.01,0,0
3399.07,26.02,0,0
3399.2,26.01,0,0
3399.33,26.01,0,0
3399.47,25.99,0,0
3399.6,26.0,0,0
3399.74,26.01,0,0
3399.87,26.0,0,0
3400.0,25.99,0,0
3400.14,26.0,0,0
3400.27,26.0,0,0
3400.4,26.0,0,0
3400.54,25.99,0,0
3400.67,25.98,29,0
3400.81,25.98,29,0
3400.94,25.97,29,0
3401.08,25.97,29,0
3401.21,25.97,29,0
3401.35,25.98,29,0
3401.48,25.98,29,0
3401.62,25.95,29,0
3401.75,25.92,29,0
3401.89,25.95,29,0
3402.02,25.96,29,0
3402.16,25.92,29,0
3402.29,25.9,29,0
3402.43,25.89,29,0
3402.56,25.87,29,0
3402.7,25.86,29,0
3402.83,25.82,29,0
3402.97,25.82,29,0
3403.1,25.81,29,0
3403.24,25.78,29,0
3403.37,25.77,29,0
3403.51,25.74,29,0
3403.64,25.74,29,0
3403.78,25.72,29,0
3403.91,25.71,29,0
3404.05,25.69,29,0
3404.18,25.67,29,0
3404.32,25.67,29,0
3404.45,25.66,29,0
3404.59,25.63,29,0
3404.72,25.61,29,0
3404.86,25.59,29,0
3404.99,25.63,29,0
3405.13,25.57,29,0
3405.26,25.56,29,0
3405.39,25.55,29,0
3405.53,25.53,29,0
3405.67,25.53,29,0
3405.8,25.49,29,0
3405.93,25.49,29,0
3406.07,25.49,29,0
3406.2,25.48,29,0
3406.34,25.47,29,0
3406.47,25.43,29,0
3406.61,25.44,29,0
3406.75,25.42,29,0
3406.88,25.42,29,0
3407.01,25.4,29,0
3407.15,25.39,29,0
3407.28,25.38,29,0
3407.42,25.38,29,0
3407.55,25.36,29,0
3407.69,25.36,29,0
3407.82,25.36,29,0
3407.96,25.33,29,0
3408.09,25.32,29,0
3408.23,25.3,29,0
3408.36,25.31,29,0
3408.5,25.29,29,0
3408.63,25.28,29,0
3408.77,25.27,29,0
3408.9,25.26,29,0
3409.04,25.23,29,0
3409.17,25.24,29,0
3409.31,25.24,29,0
3409.44,25.24,29,0
3409.58,25.22,29,0
3409.71,25.2,29,0
3409.85,25.21,29,0
3409.98,25.19,29,0
3410.12,25.18,29,0
3410.25,25.19,29,0
3410.39,25.18,29,0
3410.52,25.18,29,0
3410.66,25.17,29,0
3410.79,25.16,29,0
3410.93,25.14,29,0
3411.06,25.14,29,0
3411.2,25.14,29,0
3411.33,25.12,29,0
3411.47,25.14,29,0
3411.6,25.1,29,0
3411.74,25.09,29,0
3411.87,25.1,29,0
3412.01,25.09,29,0
3412.14,25.09,29,0
3412.28,25.08,29,0
3412.41,25.07,29,0
3412.54,25.07,29,0
3412.68,25.06,29,0
3412.81,25.05,29,0
3412.95,25.04,29,0
3413.08,25.04,29,0
3413.22,25.03,29,0
3413.35,25.04,29,0
3413.49,25.04,29,0
3413.62,25.02,29,0
3413.76,25.0,29,0
3413.89,25.01,29,0
3414.03,25.0,29,0
3414.16,25.0,29,0
3414.3,24.97,29,0
3414.43,24.98,29,0
3414.57,24.98,29,0
3414.7,24.97,29,0
3414.84,24.97,29,0
3414.97,24.96,29,0
3415.11,24.97,29,0
3415.24,24.94,29,0
3415.38,24.95,29,0
3415.51,24.94,29,0
3415.65,24.94,29,0
3415.78,24.93,29,0
3415.92,24.93,29,0
3416.05,24.92,29,0
3416.19,24.91,29,0
3416.32,24.9,29,0
3416.46,24.92,29,0
3416.59,24.91,29,0
3416.73,24.88,29,0
3416.86,24.9,29,0
3417.0,24.89,29,0
3417.13,24.88,29,0
3417.27,24.89,29,0
3417.4,24.87,29,0
3417.54,24.87,29,0
3417.67,24.86,29,0
3417.81,24.9,29,0
3417.94,24.88,29,0
3418.08,24.85,29,0
3418.21,24.87,29,0
3418.35,24.85,29,0
3418.48,24.85,29,0
3418.61,24.86,29,0
3418.75,24.86,29,0
3418.89,24.85,29,0
3419.02,24.83,29,0
3419.15,24.81,29,0
3419.29,24.82,29,0
3419.42,24.82,29,0
3419.56,24.82,29,0
3419.69,24.81,29,0
3419.83,24.8,29,0
3419.96,24.81,29,0
3420.1,24.81,29,0
3420.23,24.79,29,0
3420.37,24.79,29,0
3420.5,24.82,29,0
3420.64,24.77,29,0
3420.77,24.78,29,0
3420.91,24.76,29,0
3421.04,24.73,29,0
3421.18,24.75,29,0
3421.31,24.75,29,0
3421.45,24.73,29,0
3421.58,24.74,29,0
3421.72,24.74,29,0
3421.85,24.72,29,0
3421.99,24.73,29,0
3422.12,24.73,29,0
3422.26,24.72,29,0
3422.39,24.72,29,0
3422.53,24.71,29,0
3422.66,24.68,29,0
3422.8,24.7,29,0
3422.93,24.7,29,0
3423.07,24.7,29,0
3423.2,24.68,29,0
3423.34,24.68,29,0
3423.47,24.68,29,0
3423.61,24.68,29,0
3423.74,24.66,29,0
3423.88,24.66,29,0
3424.01,24.65,29,0
3424.15,24.66,29,0
3424.28,24.65,29,0
3424.42,24.64,29,0
3424.55,24.64,29,0
3424.69,24.64,29,0
3424.82,24.61,29,0
3424.96,24.63,29,0
3425.09,24.63,29,0
3425.23,24.63,29,0
3425.36,24.62,29,0
3425.5,24.61,29,0
3425.63,24.61,29,0
3425.77,24.6,29,0
3425.9,24.6,29,0
3426.03,24.61,29,0
3426.17,24.6,29,0
3426.31,24.59,29,0
3426.44,24.59,29,0
3426.57,24.59,29,0
3426.71,24.58,29,0
3426.84,24.58,29,0
3426.98,24.57,29,0
3427.11,24.57,29,0
3427.25,24.58,29,0
3427.38,24.56,29,0
3427.52,24.55,29,0
3427.65,24.56,29,0
3427.79,24.55,29,0
3427.92,24.56,29,0
3428.06,24.54,29,0
3428.19,24.54,29,0
3428.33,24.54,29,0
3428.46,24.53,29,0
3428.6,24.53,29,0
3428.73,24.51,29,0
3428.87,24.51,29,0
3429.0,24.51,29,0
3429.14,24.52,29,0
3429.27,24.51,29,0
3429.41,24.51,29,0
3429.54,24.51,29,0
3429.68,24.5,29,0
3429.81,24.49,29,0
3429.95,24.49,29,0
3430.08,24.49,29,0
3430.22,24.48,29,0
3430.35,24.47,29,0
3430.49,24.47,29,0
3430.62,24.46,29,0
3430.76,24.47,29,0
3430.89,24.47,29,0
3431.03,24.46,29,0
3431.16,24.45,29,0
3431.3,24.45,29,0
3431.43,24.45,29,0
3431.57,24.44,29,0
3431.7,24.45,29,0
3431.84,24.43,29,0
3431.97,24.44,29,0
3432.11,24.43,29,0
3432.24,24.41,29,0
3432.38,24.42,29,0
3432.51,24.42,29,0
3432.65,24.4,29,0
3432.78,24.42,29,0
3432.91,24.42,29,0
3433.05,24.4,29,0
3433.18,24.41,29,0
3433.32,24.39,29,0
3433.45,24.4,29,0
3433.59,24.4,29,0
3433.72,24.39,29,0
3433.86,24.39,29,0
3434.0,24.37,29,0
3434.13,24.39,29,0
3434.26,24.37,29,0
3434.4,24.37,29,0
3434.53,24.38,29,0
3434.67,24.37,29,0
3434.8,24.35,29,0
3434.94,24.35,29,0
3435.07,24.36,29,0
3435.21,24.36,29,0
3435.34,24.35,29,0
3435.48,24.36,29,0
3435.61,24.35,29,0
3435.75,24.33,29,0
3435.88,24.33,29,0
3436.02,24.32,29,0
3436.15,24.31,29,0
3436.29,24.31,29,0
3436.42,24.31,29,0
3436.56,24.32,29,0
3436.69,24.3,29,0
3436.83,24.3,29,0
3436.96,24.29,29,0
3437.1,24.29,29,0
3437.23,24.3,29,0
3437.37,24.3,29,0
3437.5,24.28,29,0
3437.64,24.28,29,0
3437.77,24.28,29,0
3437.91,24.27,29,0
3438.04,24.26,29,0
3438.18,24.27,29,0
3438.31,24.27,29,0
3438.45,24.26,29,0
3438.58,24.25,29,0
3438.72,24.24,29,0
3438.85,24.25,29,0
3438.99,24.26,29,0
3439.12,24.25,29,0
3439.26,24.25,29,0
3439.39,24.23,29,0
3439.52,24.24,29,0
3439.66,24.22,29,0
3439.8,24.23,29,0
3439.93,24.23,29,0
3440.06,24.23,29,0
3440.2,24.2,29,0
3440.33,24.21,29,0
3440.47,24.21,29,0
3440.6,24.21,29,0
3440.74,24.2,29,0
3440.87,24.2,29,0
3441.01,24.19,29,0
3441.14,24.18,29,0
3441.28,24.2,29,0
3441.41,24.2,29,0
3441.55,24.18,29,0
3441.68,24.18,29,0
3441.82,24.18,29,0
3441.95,24.17,29,0
3442.09,24.17,29,0
3442.22,24.15,29,0
3442.36,24.17,29,0
3442.49,24.17,29,0
3442.63,24.17,29,0
3442.76,24.15,29,0
3442.9,24.14,29,0
3443.03,24.16,29,0
3443.17,24.16,29,0
3443.3,24.13,29,0
3443.44,24.16,29,0
3443.57,24.14,29,0
3443.71,24.11,29,0
3443.84,24.13,29,0
3443.98,24.12,29,0
3444.11,24.11,29,0
3444.25,24.12,29,0
3444.38,24.16,29,0
3444.52,24.07,29,0
3444.65,24.04,29,0
3444.79,24.04,29,0
3444.92,24.02,29,0
3445.06,24.03,29,0
3445.19,24.03,29,0
3445.33,24.05,29,0
3445.46,24.0,29,0
3445.6,24.01,29,0
3445.73,24.0,29,0
3445.87,24.01,29,0
3446.0,24.0,29,0
3446.14,24.01,29,0
3446.27,23.99,29,0
3446.41,23.99,29,0
3446.54,24.01,29,0
3446.68,23.99,29,0
3446.81,23.99,29,0
3446.95,24.0,29,0
3447.08,23.99,29,0
3447.22,23.97,29,0
3447.35,23.94,29,0
3447.49,23.99,29,0
3447.62,23.97,29,0
3447.75,23.96,29,0
3447.89,23.96,29,0
3448.03,23.95,29,0
3448.16,23.96,29,0
3448.29,23.96,29,0
3448.43,23.95,29,0
3448.56,23.94,29,0
3448.7,23.95,29,0
3448.83,23.95,29,0
3448.97,23.94,29,0
3449.1,23.93,29,0
3449.24,23.92,29,0
3449.37,23.92,29,0
3449.51,23.93,29,0
3449.64,23.94,29,0
3449.78,23.93,29,0
3449.91,23.91,29,0
3450.05,23.93,29,0
3450.18,23.9,29,0
3450.32,23.92,29,0
3450.45,23.91,29,0
3450.59,23.89,29,0
3450.72,23.9,29,0
3450.86,23.89,29,0
3450.99,23.9,29,0
3451.13,23.89,29,0
3451.26,23.88,29,0
3451.4,23.89,29,0
3451.53,23.88,29,0
3451.67,23.89,29,0
3451.8,23.88,29,0
3451.94,23.88,29,0
3452.07,23.88,29,0
3452.21,23.86,29,0
3452.34,23.87,29,0
3452.48,23.86,29,0
3452.61,23.86,29,0
3452.75,23.86,29,0
3452.88,23.85,29,0
3453.02,23.85,29,0
3453.15,23.84,29,0
3453.29,23.84,29,0
3453.42,23.84,29,0
3453.56,23.86,29,0
3453.69,23.86,29,0
3453.83,23.87,29,0
3453.96,23.88,29,0
3454.1,23.88,29,0
3454.23,23.86,29,0
3454.36,23.84,29,0
3454.5,23.87,29,0
3454.64,23.87,29,0
3454.77,23.85,29,0
3454.9,23.85,29,0
3455.04,23.85,29,0
3455.17,23.85,29,0
3455.31,23.85,29,0
3455.44,23.85,29,0
3455.58,23.84,29,0
3455.71,23.84,29,0
3455.85,23.84,29,0
3455.98,23.84,29,0
3456.12,23.83,29,0
3456.25,23.84,29,0
3456.39,23.83,29,0
3456.52,23.84,29,0
3456.66,23.81,29,0
3456.79,23.81,29,0
3456.93,23.82,29,0
3457.06,23.8,29,0
3457.2,23.81,29,0
3457.33,23.8,29,0
3457.47,23.8,29,0
3457.6,23.81,29,0
3457.74,23.8,29,0
3457.87,23.8,29,0
3458.01,23.79,29,0
3458.14,23.79,29,0
3458.28,23.8,29,0
3458.41,23.78,29,0
3458.55,23.79,29,0
3458.68,23.79,29,0
3458.82,23.77,29,0
3458.95,23.77,29,0
3459.09,23.77,29,0
3459.22,23.77,29,0
3459.36,23.79,29,0
3459.49,23.76,29,0
3459.63,23.76,29,0
3459.76,23.75,29,0
3459.9,23.77,29,0
3460.03,23.75,29,0
3460.17,23.76,29,0
3460.3,23.75,29,0
3460.44,23.75,29,0
3460.57,23.76,29,0
3460.71,23.75,29,0
3460.84,23.74,29,0
3460.97,23.76,29,0
3461.11,23.74,29,0
3461.25,23.75,29,0
3461.38,23.75,29,0
3461.51,23.74,29,0
3461.65,23.76,29,0
3461.78,23.75,29,0
3461.92,23.74,29,0
3462.05,23.72,29,0
3462.19,23.74,29,0
3462.32,23.73,29,0
3462.46,23.72,29,0
3462.59,23.73,29,0
3462.73,23.73,29,0
3462.86,23.72,29,0
3463.0,23.73,29,0
3463.13,23.7,29,0
3463.27,23.7,29,0
3463.4,23.7,29,0
3463.54,23.72,29,0
3463.67,23.72,29,0
3463.81,23.71,29,0
3463.94,23.72,29,0
3464.08,23.7,29,0
3464.21,23.7,29,0
3464.35,23.7,29,0
3464.48,23.69,29,0
3464.62,23.7,29,0
3464.75,23.71,29,0
3464.89,23.68,29,0
3465.02,23.7,29,0
3465.16,23.72,29,0
3465.29,23.66,29,0
3465.43,23.66,29,0
3465.56,23.65,29,0
3465.7,23.64,29,0
3465.83,23.66,29,0
3465.97,23.65,29,0
3466.1,23.66,29,0
3466.24,23.66,29,0
3466.37,23.65,29,0
3466.51,23.65,29,0
3466.64,23.63,29,0
3466.78,23.62,29,0
3466.91,23.64,29,0
3467.05,23.65,29,0
3467.18,23.63,29,0
3467.32,23.63,29,0
3467.45,23.63,29,0
3467.59,23.61,29,0
3467.72,23.62,29,0
3467.85,23.63,29,0
3467.99,23.62,29,0
3468.12,23.61,29,0
3468.26,23.61,29,0
3468.39,23.62,29,0
3468.53,23.61,29,0
3468.66,23.59,29,0
3468.8,23.6,29,0
3468.93,23.61,29,0
3469.07,23.59,29,0
3469.2,23.61,29,0
3469.34,23.58,29,0
3469.47,23.59,29,0
3469.61,23.58,29,0
3469.74,23.57,29,0
3469.88,23.6,29,0
3470.01,23.58,29,0
3470.15,23.56,29,0
3470.28,23.59,29,0
3470.42,23.56,29,0
3470.55,23.55,29,0
3470.69,23.56,29,0
3470.82,23.6,29,0
3470.96,23.56,29,0
3471.09,23.55,29,0
3471.23,23.57,29,0
3471.36,23.56,29,0
3471.5,23.57,29,0
3471.63,23.53,29,0
3471.77,23.54,29,0
3471.9,23.55,29,0
3472.04,23.54,29,0
3472.17,23.54,29,0
3472.31,23.54,29,0
3472.44,23.53,29,0
3472.58,23.52,29,0
3472.71,23.54,29,0
3472.85,23.56,29,0
3472.98,23.52,29,0
3473.12,23.54,29,0
3473.25,23.51,29,0
3473.39,23.53,29,0
3473.52,23.51,29,0
3473.66,23.52,29,0
3473.79,23.53,29,0
3473.93,23.52,29,0
3474.06,23.52,29,0
3474.2,23.52,29,0
3474.33,23.51,29,0
3474.47,23.5,29,0
3474.6,23.5,29,0
3474.74,23.51,29,0
3474.87,23.51,29,0
3475.0,23.5,29,0
3475.14,23.51,29,0
3475.27,23.49,29,0
3475.41,23.5,29,0
3475.54,23.48,29,0
3475.68,23.49,29,0
3475.81,23.5,29,0
3475.95,23.5,29,0
3476.08,23.47,29,0
3476.22,23.48,29,0
3476.35,23.48,29,0
3476.49,23.48,29,0
3476.62,23.48,29,0
3476.76,23.46,29,0
3476.89,23.47,29,0
3477.03,23.47,29,0
3477.16,23.47,29,0
3477.3,23.47,29,0
3477.43,23.45,29,0
3477.57,23.45,29,0
3477.7,23.44,29,0
3477.84,23.45,29,0
3477.97,23.45,29,0
3478.11,23.44,29,0
3478.24,23.45,29,0
3478.38,23.43,29,0
3478.51,23.41,29,0
3478.65,23.43,29,0
3478.78,23.43,29,0
3478.92,23.42,29,0
3479.05,23.43,29,0
3479.19,23.42,29,0
3479.32,23.4,29,0
3479.46,23.41,29,0
3479.59,23.39,29,0
3479.73,23.4,29,0
3479.86,23.41,29,0
3480.0,23.41,29,0
3480.13,23.41,29,0
3480.27,23.42,29,0
3480.4,23.41,29,0
3480.54,23.41,29,0
3480.67,23.41,29,0
3480.81,23.4,29,0
3480.94,23.4,29,0
3481.08,23.42,29,0
3481.21,23.39,29,0
3481.35,23.4,29,0
3481.48,23.39,29,0
3481.62,23.39,29,0
3481.75,23.39,29,0
3481.88,23.39,29,0
3482.02,23.4,29,0
3482.15,23.39,29,0
3482.29,23.39,29,0
3482.42,23.39,29,0
3482.56,23.38,29,0
3482.69,23.41,29,0
3482.83,23.38,29,0
3482.96,23.38,29,0
3483.1,23.37,29,0
3483.23,23.37,29,0
3483.37,23.38,29,0
3483.5,23.37,29,0
3483.64,23.37,29,0
3483.77,23.37,29,0
3483.91,23.37,29,0
3484.04,23.37,29,0
3484.18,23.37,29,0
3484.31,23.36,29,0
3484.45,23.36,29,0
3484.58,23.36,29,0
3484.72,23.37,29,0
3484.85,23.35,29,0
3484.99,23.35,29,0
3485.12,23.36,29,0
3485.26,23.35,29,0
3485.39,23.35,29,0
3485.53,23.36,29,0
3485.66,23.35,29,0
3485.8,23.34,29,0
3485.93,23.33,29,0
3486.07,23.35,29,0
3486.2,23.36,29,0
3486.34,23.33,29,0
3486.47,23.33,29,0
3486.61,23.32,29,0
3486.74,23.32,29,0
3486.88,23.32,29,0
3487.01,23.34,29,0
3487.15,23.32,29,0
3487.28,23.32,29,0
3487.42,23.33,29,0
3487.55,23.33,29,0
3487.69,23.34,29,0
3487.82,23.31,29,0
3487.95,23.3,29,0
3488.09,23.31,29,0
3488.23,23.31,29,0
3488.36,23.33,29,0
3488.5,23.3,29,0
3488.63,23.3,29,0
3488.76,23.31,29,0
3488.9,23.3,29,0
3489.03,23.3,29,0
3489.17,23.31,29,0
3489.3,23.3,29,0
3489.44,23.29,29,0
3489.57,23.28,29,0
3489.71,23.29,29,0
3489.84,23.29,29,0
3489.98,23.29,29,0
3490.11,23.28,29,0
3490.25,23.28,29,0
3490.38,23.29,29,0
3490.52,23.3,29,0
3490.65,23.28,29,0
3490.79,23.28,29,0
3490.92,23.27,29,0
3491.06,23.28,29,0
3491.19,23.27,29,0
3491.33,23.27,29,0
3491.46,23.27,29,0
3491.6,23.27,29,0
3491.73,23.26,29,0
3491.87,23.27,29,0
3492.0,23.26,29,0
3492.14,23.26,29,0
3492.27,23.26,29,0
3492.41,23.27,29,0
3492.54,23.27,29,0
3492.68,23.26,29,0
3492.81,23.26,29,0
3492.95,23.26,29,0
3493.08,23.27,29,0
3493.22,23.26,29,0
3493.35,23.25,29,0
3493.49,23.25,29,0
3493.62,23.23,29,0
3493.76,23.25,29,0
3493.89,23.25,29,0
3494.03,23.27,29,0
3494.16,23.27,29,0
3494.3,23.25,29,0
3494.43,23.28,29,0
3494.57,23.29,29,0
3494.7,23.28,29,0
3494.84,23.24,29,0
3494.97,23.21,29,0
3495.11,23.22,29,0
3495.24,23.22,29,0
3495.37,23.21,29,0
3495.51,23.21,29,0
3495.65,23.2,29,0
3495.78,23.18,29,0
3495.91,23.17,29,0
3496.05,23.18,29,0
3496.18,23.18,29,0
3496.32,23.18,29,0
3496.45,23.18,29,0
3496.59,23.18,29,0
3496.72,23.19,29,0
3496.86,23.17,29,0
3496.99,23.17,29,0
3497.13,23.16,29,0
3497.26,23.16,29,0
3497.4,23.16,29,0
3497.53,23.18,29,0
3497.67,23.18,29,0
3497.8,23.16,29,0
3497.94,23.16,29,0
3498.07,23.17,29,0
3498.21,23.16,29,0
3498.34,23.16,29,0
3498.48,23.15,29,0
3498.61,23.15,29,0
3498.75,23.17,29,0
3498.88,23.15,29,0
3499.02,23.16,29,0
3499.15,23.15,29,0
3499.29,23.15,29,0
3499.42,23.15,29,0
3499.56,23.16,29,0
3499.69,23.13,29,0
3499.83,23.15,29,0
3499.96,23.16,29,0
3500.1,23.13,29,0
3500.23,23.14,29,0
3500.37,23.16,29,0
3500.5,23.14,29,0
3500.64,23.13,29,0
3500.77,23.14,29,0
3500.91,23.15,29,0
3501.04,23.15,29,0
3501.18,23.13,29,0
3501.31,23.12,29,0
3501.45,23.13,29,0
3501.58,23.13,29,0
3501.72,23.13,29,0
3501.85,23.13,29,0
3501.98,23.13,29,0
3502.12,23.11,29,0
3502.26,23.12,29,0
3502.39,23.12,29,0
3502.52,23.11,29,0
3502.66,23.12,29,0
3502.79,23.11,29,0
3502.93,23.11,29,0
3503.06,23.11,29,0
3503.2,23.1,29,0
3503.33,23.1,29,0
3503.47,23.1,29,0
3503.6,23.1,29,0
3503.74,23.1,29,0
3503.87,23.1,29,0
3504.01,23.08,29,0
3504.14,23.09,29,0
3504.28,23.1,29,0
3504.41,23.09,29,0
3504.55,23.1,29,0
3504.68,23.07,29,0
3504.82,23.09,29,0
3504.95,23.08,29,0
3505.09,23.09,29,0
3505.22,23.08,29,0
3505.36,23.05,29,0
3505.49,23.08,29,0
3505.63,23.07,29,0
3505.76,23.08,29,0
3505.9,23.07,29,0
3506.03,23.06,29,0
3506.17,23.07,29,0
3506.3,23.06,29,0
3506.44,23.06,29,0
3506.57,23.06,29,0
3506.71,23.08,29,0
3506.84,23.06,29,0
3506.98,23.07,29,0
3507.11,23.05,29,0
3507.25,23.05,29,0
3507.38,23.05,29,0
3507.52,23.07,29,0
3507.65,23.05,29,0
3507.79,23.06,29,0
3507.92,23.05,29,0
3508.06,23.05,29,0
3508.19,23.04,29,0
3508.33,23.05,29,0
3508.46,23.05,29,0
3508.59,23.05,29,0
3508.73,23.05,29,0
3508.86,23.03,29,0
3509.0,23.03,29,0
3509.13,23.03,29,0
3509.27,23.03,29,0
3509.4,23.03,29,0
3509.54,23.03,29,0
3509.67,23.04,29,0
3509.81,23.05,29,0
3509.94,23.01,29,0
3510.08,23.03,29,0
3510.21,23.03,29,0
3510.35,23.02,29,0
3510.48,23.03,29,0
3510.62,23.03,29,0
3510.75,23.02,29,0
3510.89,23.0,29,0
3511.02,23.0,29,0
3511.16,23.03,29,0
3511.29,23.01,29,0
3511.43,23.02,29,0
3511.56,23.0,29,0
3511.7,22.99,29,0
3511.83,23.0,29,0
3511.97,23.01,29,0
3512.1,22.98,29,0
3512.24,23.0,29,0
3512.37,23.0,29,0
3512.51,22.99,29,0
3512.64,22.99,29,0
3512.78,22.99,29,0
3512.91,22.99,29,0
3513.05,23.01,29,0
3513.18,22.98,29,0
3513.32,22.98,29,0
3513.45,22.99,29,0
3513.59,22.99,29,0
3513.72,23.0,29,0
3513.86,23.0,29,0
3513.99,22.97,29,0
3514.13,22.97,29,0
3514.26,22.96,29,0
3514.4,22.97,29,0
3514.53,22.98,29,0
3514.66,22.97,29,0
3514.8,22.98,29,0
3514.94,22.97,29,0
3515.07,22.97,29,0
3515.2,22.97,29,0
3515.34,22.97,29,0
3515.47,22.96,29,0
3515.61,22.97,29,0
3515.75,22.97,29,0
3515.88,22.97,29,0
3516.01,22.97,29,0
3516.15,22.96,29,0
3516.28,22.97,29,0
3516.42,22.95,29,0
3516.55,22.97,29,0
3516.69,22.96,29,0
3516.82,22.96,29,0
3516.96,22.96,29,0
3517.09,22.94,29,0
3517.23,22.91,29,0
3517.36,22.95,29,0
3517.5,22.95,29,0
3517.63,22.92,29,0
3517.77,22.95,29,0
3517.9,22.95,29,0
3518.04,22.93,29,0
3518.17,22.94,29,0
3518.31,22.95,29,0
3518.44,22.93,29,0
3518.58,22.94,29,0
3518.71,22.93,29,0
3518.85,22.95,29,0
3518.98,22.93,29,0
3519.12,22.95,29,0
3519.25,22.95,29,0
3519.39,22.94,29,0
3519.52,22.94,29,0
3519.66,22.91,29,0
3519.79,22.92,29,0
3519.93,22.91,29,0
3520.06,22.93,29,0
3520.2,22.93,29,0
3520.33,22.92,29,0
3520.47,22.92,29,0
3520.6,22.93,29,0
3520.74,22.92,29,0
3520.87,22.91,29,0
3521.01,22.92,29,0
3521.14,22.91,29,0
3521.27,22.92,29,0
3521.41,22.91,29,0
3521.55,22.9,29,0
3521.68,22.91,29,0
3521.81,22.91,29,0
3521.95,22.92,29,0
3522.08,22.9,29,0
3522.22,22.91,29,0
3522.35,22.9,29,0
3522.49,22.91,29,0
3522.62,22.89,29,0
3522.76,22.91,29,0
3522.89,22.9,29,0
3523.03,22.9,29,0
3523.16,22.9,29,0
3523.3,22.89,29,0
3523.43,22.87,29,0
3523.57,22.91,29,0
3523.7,22.89,29,0
3523.84,22.9,29,0
3523.97,22.89,29,0
3524.11,22.88,29,0
3524.24,22.87,29,0
3524.38,22.9,29,0
3524.51,22.89,29,0
3524.65,22.88,29,0
3524.78,22.9,29,0
3524.92,22.88,29,0
3525.05,22.89,29,0
3525.19,22.87,29,0
3525.32,22.88,29,0
3525.46,22.88,29,0
3525.59,22.88,29,0
3525.73,22.88,29,0
3525.86,22.87,29,0
3526.0,22.87,29,0
3526.13,22.88,29,0
3526.27,22.89,29,0
3526.4,22.87,29,0
3526.54,22.87,29,0
3526.67,22.87,29,0
3526.81,22.88,29,0
3526.94,22.87,29,0
3527.08,22.88,29,0
3527.21,22.86,29,0
3527.35,22.86,29,0
3527.48,22.87,29,0
3527.62,22.87,29,0
3527.75,22.85,29,0
3527.88,22.87,29,0
3528.02,22.86,29,0
3528.16,22.86,29,0
3528.29,22.86,29,0
3528.42,22.86,29,0
3528.56,22.86,29,0
3528.69,22.86,29,0
3528.83,22.85,29,0
3528.96,22.84,29,0
3529.1,22.87,29,0
3529.23,22.86,29,0
3529.37,22.85,29,0
3529.5,22.84,29,0
3529.64,22.84,29,0
3529.77,22.85,29,0
3529.91,22.85,29,0
3530.04,22.85,29,0
3530.18,22.85,29,0
3530.31,22.86,29,0
3530.45,22.84,29,0
3530.58,22.86,29,0
3530.72,22.85,29,0
3530.85,22.86,29,0
3530.99,22.84,29,0
3531.12,22.85,29,0
3531.26,22.84,29,0
3531.39,22.84,29,0
3531.53,22.84,29,0
3531.66,22.85,29,0
3531.8,22.84,29,0
3531.93,22.85,29,0
3532.07,22.84,29,0
3532.2,22.86,29,0
3532.34,22.82,29,0
3532.47,22.84,29,0
3532.61,22.85,29,0
3532.74,22.85,29,0
3532.88,22.86,29,0
3533.01,22.88,29,0
3533.15,22.87,29,0
3533.28,22.87,29,0
3533.42,22.89,29,0
3533.55,22.86,29,0
3533.69,22.88,29,0
3533.82,22.86,29,0
3533.96,22.89,29,0
3534.09,22.89,29,0
3534.23,22.89,29,0
3534.36,22.91,29,0
3534.5,22.89,29,0
3534.63,22.9,29,0
3534.77,22.91,29,0
3534.9,22.88,29,0
3535.03,22.89,29,0
3535.17,22.89,29,0
3535.3,22.88,29,0
3535.44,22.89,29,0
3535.57,22.9,29,0
3535.71,22.91,29,0
3535.84,22.88,29,0
3535.98,22.89,29,0
3536.11,22.89,29,0
3536.25,22.89,29,0
3536.38,22.88,29,0
3536.52,22.87,29,0
3536.65,22.89,29,0
3536.79,22.87,29,0
3536.92,22.88,29,0
3537.06,22.87,29,0
3537.19,22.87,29,0
3537.33,22.87,29,0
3537.46,22.88,29,0
3537.6,22.86,29,0
3537.73,22.89,29,0
3537.87,22.87,29,0
3538.0,22.88,29,0
3538.14,22.86,29,0
3538.27,22.88,29,0
3538.41,22.87,29,0
3538.54,22.87,29,0
3538.68,22.87,29,0
3538.81,22.85,29,0
3538.95,22.87,29,0
3539.08,22.87,29,0
3539.22,22.86,29,0
3539.35,22.86,29,0
3539.49,22.85,29,0
3539.62,22.85,29,0
3539.76,22.85,29,0
3539.89,22.86,29,0
3540.03,22.85,29,0
3540.16,22.86,29,0
3540.3,22.84,29,0
3540.43,22.84,29,0
3540.57,22.84,29,0
3540.7,22.86,29,0
3540.84,22.85,29,0
3540.97,22.83,29,0
3541.1,22.84,29,0
3541.24,22.83,29,0
3541.38,22.84,29,0
3541.51,22.85,29,0
3541.64,22.83,29,0
3541.78,22.83,29,0
3541.91,22.85,29,0
3542.05,22.84,29,0
3542.18,22.83,29,0
3542.32,22.84,29,0
3542.45,22.83,29,0
3542.59,22.83,29,0
3542.72,22.81,29,0
3542.86,22.83,29,0
3542.99,22.83,29,0
3543.13,22.82,29,0
3543.26,22.83,29,0
3543.4,22.82,29,0
3543.53,22.82,29,0
3543.67,22.82,29,0
3543.8,22.82,29,0
3543.94,22.81,29,0
3544.07,22.82,29,0
3544.21,22.82,29,0
3544.34,22.81,29,0
3544.48,22.82,29,0
3544.61,22.81,29,0
3544.75,22.82,29,0
3544.88,22.83,29,0
3545.02,22.81,29,0
3545.15,22.8,29,0
3545.29,22.82,29,0
3545.42,22.81,29,0
3545.56,22.82,29,0
3545.69,22.82,29,0
3545.83,22.82,29,0
3545.96,22.81,29,0
3546.1,22.83,29,0
3546.23,22.8,29,0
3546.37,22.81,29,0
3546.5,22.82,29,0
3546.64,22.79,29,0
3546.77,22.8,29,0
3546.9,22.81,29,0
3547.04,22.8,29,0
3547.17,22.82,29,0
3547.31,22.8,29,0
3547.44,22.8,29,0
3547.58,22.79,29,0
3547.71,22.79,29,0
3547.85,22.8,29,0
3547.98,22.82,29,0
3548.12,22.8,29,0
3548.25,22.79,29,0
3548.39,22.8,29,0
3548.52,22.8,29,0
3548.66,22.79,29,0
3548.79,22.8,29,0
3548.93,22.79,29,0
3549.06,22.81,29,0
3549.2,22.78,29,0
3549.33,22.78,29,0
3549.47,22.79,29,0
3549.6,22.79,29,0
3549.74,22.78,29,0
3549.87,22.79,29,0
3550.01,22.8,29,0
3550.14,22.79,29,0
3550.28,22.79,29,0
3550.41,22.77,29,0
3550.55,22.78,29,0
3550.68,22.78,29,0
3550.82,22.78,29,0
3550.95,22.77,29,0
3551.09,22.78,29,0
3551.22,22.79,29,0
3551.36,22.79,29,0
3551.49,22.77,29,0
3551.63,22.78,29,0
3551.76,22.77,29,0
3551.9,22.76,29,0
3552.03,22.79,29,0
3552.17,22.78,29,0
3552.3,22.77,29,0
3552.44,22.76,29,0
3552.57,22.77,29,0
3552.71,22.77,29,0
3552.84,22.78,29,0
3552.97,22.77,29,0
3553.11,22.77,29,0
3553.25,22.77,29,0
3553.38,22.77,29,0
3553.51,22.77,29,0
3553.65,22.76,29,0
3553.78,22.77,29,0
3553.92,22.78,29,0
3554.05,22.76,29,0
3554.19,22.76,29,0
3554.32,22.77,29,0
3554.46,22.75,29,0
3554.59,22.78,29,0
3554.73,22.76,29,0
3554.86,22.77,29,0
3555.0,22.74,29,0
3555.13,22.77,29,0
3555.27,22.76,29,0
3555.4,22.74,29,0
3555.54,22.7,29,0
3555.67,22.72,29,0
3555.81,22.7,29,0
3555.94,22.68,29,0
3556.08,22.69,29,0
3556.21,22.68,29,0
3556.35,22.68,29,0
3556.48,22.69,29,0
3556.62,22.71,29,0
3556.75,22.7,29,0
3556.89,22.7,29,0
3557.02,22.7,29,0
3557.16,22.7,29,0
3557.29,22.69,29,0
3557.43,22.69,29,0
3557.56,22.69,29,0
3557.7,22.69,29,0
3557.83,22.69,29,0
3557.97,22.68,29,0
3558.1,22.69,29,0
3558.24,22.69,29,0
3558.37,22.68,29,0
3558.51,22.67,29,0
3558.64,22.69,29,0
3558.78,22.69,29,0
3558.91,22.67,29,0
3559.05,22.67,29,0
3559.18,22.67,29,0
3559.32,22.69,29,0
3559.45,22.68,29,0
3559.58,22.67,29,0
3559.72,22.71,29,0
3559.86,22.7,29,0
3559.99,22.69,29,0
3560.12,22.69,29,0
3560.26,22.69,29,0
3560.39,22.69,29,0
3560.53,22.67,29,0
3560.66,22.68,29,0
3560.8,22.69,29,0
3560.93,22.69,29,0
3561.07,22.68,29,0
3561.2,22.7,29,0
3561.34,22.68,29,0
3561.47,22.7,29,0
3561.61,22.69,29,0
3561.74,22.69,29,0
3561.88,22.68,29,0
3562.01,22.68,29,0
3562.15,22.68,29,0
3562.28,22.69,29,0
3562.42,22.69,29,0
3562.55,22.66,29,0
3562.69,22.68,29,0
3562.82,22.69,29,0
3562.96,22.68,29,0
3563.09,22.68,29,0
3563.23,22.69,29,0
3563.36,22.67,29,0
3563.5,22.67,29,0
3563.63,22.67,29,0
3563.77,22.68,29,0
3563.9,22.67,29,0
3564.04,22.68,29,0
3564.17,22.66,29,0
3564.31,22.67,29,0
3564.44,22.66,29,0
3564.58,22.66,29,0
3564.71,22.67,29,0
3564.85,22.68,29,0
3564.98,22.67,29,0
3565.12,22.67,29,0
3565.25,22.68,29,0
3565.39,22.68,29,0
3565.52,22.69,29,0
3565.66,22.67,29,0
3565.79,22.67,29,0
3565.93,22.69,29,0
3566.06,22.67,29,0
3566.19,22.68,29,0
3566.33,22.68,29,0
3566.46,22.66,29,0
3566.6,22.67,29,0
3566.73,22.66,29,0
3566.87,22.66,29,0
3567.0,22.68,29,0
3567.14,22.67,29,0
3567.27,22.66,29,0
3567.41,22.66,29,0
3567.54,22.66,29,0
3567.68,22.67,29,0
3567.81,22.66,29,0
3567.95,22.66,29,0
3568.08,22.65,29,0
3568.22,22.66,29,0
3568.35,22.63,29,0
3568.49,22.65,29,0
3568.62,22.65,29,0
3568.76,22.65,29,0
3568.89,22.65,29,0
3569.03,22.66,29,0
3569.16,22.66,29,0
3569.3,22.66,29,0
3569.43,22.64,29,0
3569.57,22.68,29,0
3569.7,22.63,29,0
3569.84,22.66,29,0
3569.97,22.64,29,0
3570.11,22.63,29,0
3570.24,22.66,29,0
3570.38,22.65,29,0
3570.51,22.65,29,0
3570.65,22.64,29,0
3570.78,22.65,29,0
3570.92,22.63,29,0
3571.05,22.63,29,0
3571.19,22.64,29,0
3571.32,22.62,29,0
3571.46,22.63,29,0
3571.59,22.63,29,0
3571.73,22.62,29,0
3571.86,22.61,29,0
3572.0,22.63,29,0
3572.13,22.61,29,0
3572.26,22.62,29,0
3572.4,22.65,29,0
3572.54,22.62,29,0
3572.67,22.62,29,0
3572.8,22.62,29,0
3572.94,22.62,29,0
3573.07,22.64,29,0
3573.21,22.63,29,0
3573.34,22.62,29,0
3573.48,22.61,29,0
3573.61,22.62,29,0
3573.75,22.61,29,0
3573.88,22.62,29,0
3574.02,22.62,29,0
3574.15,22.61,29,0
3574.29,22.61,29,0
3574.42,22.61,29,0
3574.56,22.62,29,0
3574.69,22.61,29,0
3574.83,22.6,29,0
3574.96,22.6,29,0
3575.1,22.61,29,0
3575.23,22.62,29,0
3575.37,22.61,29,0
3575.5,22.61,29,0
3575.64,22.6,29,0
3575.77,22.6,29,0
3575.91,22.6,29,0
3576.04,22.6,29,0
3576.18,22.6,29,0
3576.31,22.6,29,0
3576.45,22.63,29,0
3576.58,22.59,29,0
3576.72,22.6,29,0
3576.85,22.58,29,0
3576.99,22.59,29,0
3577.12,22.58,29,0
3577.26,22.59,29,0
3577.39,22.61,29,0
3577.53,22.61,29,0
3577.66,22.61,29,0
3577.8,22.61,29,0
3577.93,22.62,29,0
3578.07,22.61,29,0
3578.2,22.6,29,0
3578.34,22.59,29,0
3578.47,22.59,29,0
3578.61,22.59,29,0
3578.74,22.58,29,0
3578.87,22.59,29,0
3579.01,22.57,29,0
3579.15,22.58,29,0
3579.28,22.58,29,0
3579.41,22.57,29,0
3579.55,22.58,29,0
3579.68,22.57,29,0
3579.82,22.58,29,0
3579.95,22.58,29,0
3580.09,22.58,29,0
3580.22,22.59,29,0
3580.36,22.58,29,0
3580.49,22.57,29,0
3580.63,22.57,29,0
3580.76,22.58,29,0
3580.9,22.57,29,0
3581.03,22.57,29,0
3581.17,22.57,29,0
3581.3,22.56,29,0
3581.44,22.57,29,0
3581.57,22.57,29,0
3581.71,22.57,29,0
3581.84,22.56,29,0
3581.98,22.57,29,0
3582.11,22.56,29,0
3582.25,22.57,29,0
3582.38,22.57,29,0
3582.52,22.56,29,0
3582.65,22.57,29,0
3582.79,22.56,29,0
3582.92,22.56,29,0
3583.06,22.56,29,0
3583.19,22.56,29,0
3583.33,22.57,29,0
3583.46,22.57,29,0
3583.6,22.56,29,0
3583.73,22.57,29,0
3583.87,22.57,29,0
3584.0,22.55,29,0
3584.14,22.55,29,0
3584.27,22.56,29,0
3584.41,22.54,29,0
3584.54,22.56,29,0
3584.68,22.55,29,0
3584.81,22.55,29,0
3584.95,22.56,29,0
3585.08,22.55,29,0
3585.22,22.54,29,0
3585.35,22.55,29,0
3585.48,22.55,29,0
3585.62,22.56,29,0
3585.76,22.55,29,0
3585.89,22.55,29,0
3586.02,22.55,29,0
3586.16,22.55,29,0
3586.29,22.55,29,0
3586.43,22.56,29,0
3586.56,22.55,29,0
3586.7,22.55,29,0
3586.83,22.54,29,0
3586.97,22.54,29,0
3587.1,22.56,29,0
3587.24,22.53,29,0
3587.37,22.54,29,0
3587.51,22.56,29,0
3587.64,22.54,29,0
3587.78,22.55,29,0
3587.91,22.54,29,0
3588.05,22.54,29,0
3588.18,22.53,29,0
3588.32,22.52,29,0
3588.45,22.55,29,0
3588.59,22.54,29,0
3588.72,22.53,29,0
3588.86,22.53,29,0
3588.99,22.53,29,0
3589.13,22.53,29,0
3589.26,22.54,29,0
3589.4,22.53,29,0
3589.53,22.53,29,0
3589.67,22.54,29,0
3589.8,22.53,29,0
3589.94,22.53,29,0
3590.07,22.53,29,0
3590.21,22.53,29,0
3590.34,22.52,29,0
3590.48,22.53,29,0
3590.61,22.53,29,0
3590.75,22.52,29,0
3590.88,22.53,29,0
3591.02,22.52,29,0
3591.15,22.53,29,0
3591.28,22.53,29,0
3591.42,22.51,29,0
3591.56,22.54,29,0
3591.69,22.53,29,0
3591.82,22.53,29,0
3591.96,22.53,29,0
3592.09,22.52,29,0
3592.23,22.52,29,0
3592.36,22.52,29,0
3592.5,22.51,29,0
3592.63,22.52,29,0
3592.77,22.52,29,0
3592.9,22.53,29,0
3593.04,22.51,29,0
3593.17,22.51,29,0
3593.31,22.5,29,0
3593.44,22.54,29,0
3593.58,22.51,29,0
3593.71,22.51,29,0
3593.85,22.52,29,0
3593.98,22.52,29,0
3594.12,22.52,29,0
3594.25,22.51,29,0
3594.39,22.51,29,0
3594.52,22.51,29,0
3594.66,22.51,29,0
3594.79,22.5,29,0
3594.93,22.51,29,0
3595.06,22.52,29,0
3595.2,22.5,29,0
3595.33,22.5,29,0
3595.47,22.53,29,0
3595.6,22.51,29,0
3595.74,22.52,29,0
3595.87,22.52,29,0
3596.01,22.5,29,0
3596.14,22.51,29,0
3596.28,22.5,29,0
3596.41,22.51,29,0
3596.55,22.48,29,0
3596.68,22.5,29,0
3596.82,22.52,29,0
3596.95,22.5,29,0
3597.09,22.5,29,0
3597.22,22.51,29,0
3597.36,22.49,29,0
3597.49,22.51,29,0
3597.63,22.51,29,0
3597.76,22.49,29,0
3597.9,22.49,29,0
3598.03,22.51,29,0
3598.17,22.5,29,0
3598.3,22.5,29,0
3598.44,22.51,29,0
3598.57,22.5,29,0
3598.7,22.5,29,0
3598.84,22.48,29,0
3598.97,22.5,29,0
3599.11,22.5,29,0
3599.25,22.49,29,0
3599.38,22.5,29,0
3599.51,22.49,29,0
3599.65,22.5,29,0
3599.78,22.49,29,0
3599.92,22.49,29,0
3600.05,22.49,29,0
3600.19,22.5,29,0
3600.32,22.49,29,0
3600.46,22.48,29,0
3600.59,22.5,29,0
3600.73,22.47,29,0
3600.86,22.5,29,0
3601.0,22.49,29,0
3601.13,22.49,29,0
3601.27,22.49,29,0
3601.4,22.52,29,0
3601.54,22.49,29,0
3601.67,22.51,29,0
3601.81,22.5,29,0
3601.94,22.5,29,0
3602.08,22.5,29,0
3602.21,22.5,29,0
3602.35,22.5,29,0
3602.48,22.49,29,0
3602.62,22.48,29,0
3602.75,22.49,29,0
3602.89,22.5,29,0
3603.02,22.49,29,0
3603.16,22.5,29,0
3603.29,22.5,29,0
3603.43,22.5,29,0
3603.56,22.49,29,0
3603.7,22.46,29,0
3603.83,22.46,29,0
3603.97,22.46,29,0
3604.1,22.47,29,0
3604.24,22.47,29,0
3604.37,22.47,29,0
3604.51,22.46,29,0
3604.64,22.46,29,0
3604.77,22.46,29,0
3604.91,22.45,29,0
3605.04,22.46,29,0
3605.18,22.46,29,0
3605.31,22.46,29,0
3605.45,22.46,29,0
3605.58,22.47,29,0
3605.72,22.47,29,0
3605.85,22.46,29,0
3605.99,22.47,29,0
3606.12,22.46,29,0
3606.26,22.46,29,0
3606.39,22.45,29,0
3606.53,22.45,29,0
3606.66,22.45,29,0
3606.8,22.46,29,0
3606.93,22.45,29,0
3607.07,22.46,29,0
3607.2,22.46,29,0
3607.34,22.45,29,0
3607.47,22.46,29,0
3607.61,22.45,29,0
3607.74,22.46,29,0
3607.88,22.43,29,0
3608.01,22.46,29,0
3608.15,22.46,29,0
3608.28,22.46,29,0
3608.42,22.45,29,0
3608.55,22.45,29,0
3608.69,22.45,29,0
3608.82,22.46,29,0
3608.96,22.46,29,0
3609.09,22.46,29,0
3609.23,22.45,29,0
3609.36,22.46,29,0
3609.5,22.46,29,0
3609.63,22.46,29,0
3609.77,22.45,29,0
3609.9,22.45,29,0
3610.04,22.45,29,0
3610.17,22.45,29,0
3610.31,22.45,29,0
3610.44,22.45,29,0
3610.57,22.44,29,0
3610.71,22.46,29,0
3610.85,22.45,29,0
3610.98,22.45,29,0
3611.11,22.45,29,0
3611.25,22.45,29,0
3611.38,22.45,58,0
3611.52,22.44,58,0
3611.66,22.44,58,0
3611.79,22.44,58,0
3611.92,22.46,58,0
3612.06,22.43,58,0
3612.19,22.43,58,0
3612.33,22.42,58,0
3612.46,22.4,58,0
3612.6,22.4,58,0
3612.73,22.39,58,0
3612.87,22.37,58,0
3613.0,22.36,58,0
3613.14,22.34,58,0
3613.27,22.33,58,0
3613.41,22.31,58,0
3613.54,22.27,58,0
3613.68,22.28,58,0
3613.81,22.25,58,0
3613.95,22.23,58,0
3614.08,22.23,58,0
3614.22,22.21,58,0
3614.35,22.18,58,0
3614.49,22.18,58,0
3614.62,22.17,58,0
3614.76,22.14,58,0
3614.89,22.13,58,0
3615.03,22.11,58,0
3615.16,22.1,58,0
3615.3,22.09,58,0
3615.43,22.07,58,0
3615.57,22.05,58,0
3615.7,22.04,58,0
3615.84,22.01,58,0
3615.97,22.03,58,0
3616.11,22.01,58,0
3616.24,21.98,58,0
3616.38,21.97,58,0
3616.51,21.96,58,0
3616.65,21.95,58,0
3616.78,21.94,58,0
3616.92,21.92,58,0
3617.05,21.91,58,0
3617.19,21.91,58,0
3617.32,21.87,58,0
3617.46,21.87,58,0
3617.59,21.85,58,0
3617.73,21.84,58,0
3617.86,21.84,58,0
3618.0,21.83,58,0
3618.13,21.83,58,0
3618.27,21.8,58,0
3618.4,21.8,58,0
3618.53,21.77,58,0
3618.67,21.77,58,0
3618.8,21.77,58,0
3618.94,21.74,58,0
3619.07,21.75,58,0
3619.21,21.72,58,0
3619.34,21.74,58,0
3619.48,21.71,58,0
3619.61,21.71,58,0
3619.75,21.68,58,0
3619.88,21.69,58,0
3620.02,21.66,58,0
3620.15,21.66,58,0
3620.29,21.65,58,0
3620.42,21.64,58,0
3620.56,21.62,58,0
3620.69,21.62,58,0
3620.83,21.63,58,0
3620.96,21.62,58,0
3621.1,21.63,58,0
3621.23,21.6,58,0
3621.37,21.58,58,0
3621.5,21.58,58,0
3621.64,21.57,58,0
3621.77,21.55,58,0
3621.91,21.53,58,0
3622.04,21.49,58,0
3622.18,21.52,58,0
3622.31,21.48,58,0
3622.45,21.49,58,0
3622.58,21.5,58,0
3622.72,21.47,58,0
3622.85,21.43,58,0
3622.99,21.45,58,0
3623.12,21.43,58,0
3623.26,21.43,58,0
3623.39,21.43,58,0
3623.53,21.4,58,0
3623.66,21.4,58,0
3623.8,21.39,58,0
3623.93,21.39,58,0
3624.07,21.39,58,0
3624.2,21.38,58,0
3624.34,21.36,58,0
3624.47,21.37,58,0
3624.6,21.36,58,0
3624.74,21.35,58,0
3624.88,21.35,58,0
3625.01,21.33,58,0
3625.14,21.31,58,0
3625.28,21.34,58,0
3625.41,21.32,58,0
3625.55,21.32,58,0
3625.68,21.31,58,0
3625.82,21.31,58,0
3625.95,21.3,58,0
3626.09,21.29,58,0
3626.22,21.3,58,0
3626.36,21.29,58,0
3626.49,21.29,58,0
3626.63,21.28,58,0
3626.76,21.27,58,0
3626.9,21.27,58,0
3627.03,21.23,58,0
3627.17,21.24,58,0
3627.3,21.25,58,0
3627.44,21.24,58,0
3627.57,21.22,58,0
3627.71,21.23,58,0
3627.84,21.22,58,0
3627.98,21.2,58,0
3628.11,21.2,58,0
3628.25,21.2,58,0
3628.38,21.18,58,0
3628.52,21.18,58,0
3628.65,21.19,58,0
3628.79,21.17,58,0
3628.92,21.18,58,0
3629.06,21.14,58,0
3629.19,21.16,58,0
3629.33,21.16,58,0
3629.46,21.15,58,0
3629.6,21.15,58,0
3629.73,21.14,58,0
3629.87,21.15,58,0
3630.0,21.11,58,0
3630.14,21.1,58,0
3630.27,21.12,58,0
3630.41,21.09,58,0
3630.54,21.12,58,0
3630.67,21.1,58,0
3630.81,21.1,58,0
3630.95,21.08,58,0
3631.08,21.08,58,0
3631.21,21.08,58,0
3631.35,21.08,58,0
3631.48,21.05,58,0
3631.62,21.05,58,0
3631.75,21.05,58,0
3631.89,21.04,58,0
3632.02,21.04,58,0
3632.16,21.07,58,0
3632.29,21.03,58,0
3632.43,21.03,58,0
3632.56,21.01,58,0
3632.7,21.01,58,0
3632.83,21.03,58,0
3632.97,21.01,58,0
3633.1,20.99,58,0
3633.24,21.01,58,0
3633.37,20.98,58,0
3633.51,20.98,58,0
3633.64,20.98,58,0
3633.78,20.99,58,0
3633.91,20.99,58,0
3634.05,20.98,58,0
3634.18,20.96,58,0
3634.32,20.97,58,0
3634.45,20.96,58,0
3634.59,20.96,58,0
3634.72,20.93,58,0
3634.86,20.94,58,0
3634.99,20.92,58,0
3635.13,20.9,58,0
3635.26,20.94,58,0
3635.4,20.91,58,0
3635.53,20.87,58,0
3635.67,20.88,58,0
3635.8,20.89,58,0
3635.94,20.89,58,0
3636.07,20.85,58,0
3636.21,20.85,58,0
3636.34,20.87,58,0
3636.48,20.86,58,0
3636.61,20.85,58,0
3636.75,20.86,58,0
3636.88,20.83,58,0
3637.02,20.83,58,0
3637.15,20.82,58,0
3637.28,20.81,58,0
3637.42,20.83,58,0
3637.55,20.79,58,0
3637.69,20.81,58,0
3637.82,20.83,58,0
3637.96,20.83,58,0
3638.09,20.81,58,0
3638.23,20.83,58,0
3638.36,20.79,58,0
3638.5,20.77,58,0
3638.63,20.77,58,0
3638.77,20.77,58,0
3638.9,20.76,58,0
3639.04,20.76,58,0
3639.17,20.75,58,0
3639.31,20.74,58,0
3639.44,20.75,58,0
3639.58,20.74,58,0
3639.71,20.74,58,0
3639.85,20.74,58,0
3639.98,20.74,58,0
3640.12,20.75,58,0
3640.25,20.71,58,0
3640.39,20.74,58,0
3640.52,20.72,58,0
3640.66,20.72,58,0
3640.79,20.7,58,0
3640.93,20.71,58,0
3641.06,20.69,58,0
3641.2,20.71,58,0
3641.33,20.69,58,0
3641.47,20.69,58,0
3641.6,20.66,58,0
3641.74,20.67,58,0
3641.87,20.68,58,0
3642.01,20.68,58,0
3642.14,20.69,58,0
3642.28,20.67,58,0
3642.41,20.67,58,0
3642.55,20.68,58,0
3642.68,20.66,58,0
3642.82,20.65,58,0
3642.95,20.67,58,0
3643.08,20.62,58,0
3643.22,20.64,58,0
3643.36,20.64,58,0
3643.49,20.62,58,0
3643.62,20.62,58,0
3643.76,20.62,58,0
3643.89,20.6,58,0
3644.03,20.6,58,0
3644.16,20.58,58,0
3644.3,20.6,58,0
3644.43,20.61,58,0
3644.57,20.59,58,0
3644.7,20.61,58,0
3644.84,20.59,58,0
3644.97,20.6,58,0
3645.11,20.59,58,0
3645.24,20.56,58,0
3645.38,20.59,58,0
3645.51,20.58,58,0
3645.65,20.56,58,0
3645.78,20.54,58,0
3645.92,20.55,58,0
3646.05,20.55,58,0
3646.19,20.54,58,0
3646.32,20.53,58,0
3646.46,20.54,58,0
3646.59,20.56,58,0
3646.73,20.53,58,0
3646.86,20.52,58,0
3647.0,20.52,58,0
3647.13,20.5,58,0
3647.27,20.49,58,0
3647.4,20.52,58,0
3647.54,20.52,58,0
3647.67,20.51,58,0
3647.81,20.49,58,0
3647.94,20.49,58,0
3648.08,20.49,58,0
3648.21,20.49,58,0
3648.35,20.49,58,0
3648.48,20.48,58,0
3648.62,20.47,58,0
3648.75,20.46,58,0
3648.89,20.47,58,0
3649.02,20.48,58,0
3649.16,20.47,58,0
3649.29,20.48,58,0
3649.43,20.46,58,0
3649.56,20.42,58,0
3649.69,20.45,58,0
3649.83,20.45,58,0
3649.97,20.45,58,0
3650.1,20.45,58,0
3650.23,20.45,58,0
3650.37,20.42,58,0
3650.5,20.42,58,0
3650.64,20.42,58,0
3650.77,20.42,58,0
3650.91,20.42,58,0
3651.04,20.41,58,0
3651.18,20.41,58,0
3651.31,20.4,58,0
3651.45,20.41,58,0
3651.58,20.4,58,0
3651.72,20.38,58,0
3651.85,20.39,58,0
3651.99,20.39,58,0
3652.12,20.38,58,0
3652.26,20.38,58,0
3652.39,20.39,58,0
3652.53,20.39,58,0
3652.66,20.37,58,0
3652.8,20.37,58,0
3652.93,20.37,58,0
3653.07,20.36,58,0
3653.2,20.35,58,0
3653.34,20.35,58,0
3653.47,20.35,58,0
3653.61,20.37,58,0
3653.74,20.35,58,0
3653.88,20.33,58,0
3654.01,20.33,58,0
3654.15,20.32,58,0
3654.28,20.33,58,0
3654.42,20.32,58,0
3654.55,20.31,58,0
3654.69,20.32,58,0
3654.82,20.33,58,0
3654.96,20.31,58,0
3655.09,20.3,58,0
3655.23,20.3,58,0
3655.36,20.3,58,0
3655.5,20.3,58,0
3655.63,20.29,58,0
3655.77,20.29,58,0
3655.9,20.27,58,0
3656.03,20.27,58,0
3656.17,20.28,58,0
3656.3,20.27,58,0
3656.44,20.25,58,0
3656.57,20.25,58,0
3656.71,20.26,58,0
3656.84,20.27,58,0
3656.98,20.26,58,0
3657.11,20.25,58,0
3657.25,20.25,58,0
3657.38,20.25,58,0
3657.52,20.24,58,0
3657.65,20.24,58,0
3657.79,20.23,58,0
3657.92,20.22,58,0
3658.06,20.22,58,0
3658.19,20.23,58,0
3658.33,20.22,58,0
3658.46,20.23,58,0
3658.6,20.2,58,0
3658.73,20.2,58,0
3658.87,20.2,58,0
3659.0,20.2,58,0
3659.14,20.2,58,0
3659.27,20.19,58,0
3659.41,20.2,58,0
3659.54,20.2,58,0
3659.68,20.17,58,0
3659.81,20.19,58,0
3659.95,20.2,58,0
3660.08,20.18,58,0
3660.22,20.19,58,0
3660.35,20.16,58,0
3660.49,20.17,58,0
3660.62,20.17,58,0
3660.76,20.16,58,0
3660.89,20.15,58,0
3661.03,20.16,58,0
3661.16,20.16,58,0
3661.3,20.16,58,0
3661.43,20.15,58,0
3661.57,20.15,58,0
3661.7,20.14,58,0
3661.84,20.14,58,0
3661.97,20.15,58,0
3662.11,20.14,58,0
3662.24,20.14,58,0
3662.37,20.13,58,0
3662.51,20.12,58,0
3662.65,20.1,58,0
3662.78,20.11,58,0
3662.91,20.11,58,0
3663.05,20.13,58,0
3663.18,20.12,58,0
3663.32,20.11,58,0
3663.45,20.1,58,0
3663.59,20.09,58,0
3663.72,20.09,58,0
3663.86,20.09,58,0
3663.99,20.08,58,0
3664.13,20.09,58,0
3664.26,20.1,58,0
3664.4,20.08,58,0
3664.53,20.08,58,0
3664.67,20.07,58,0
3664.8,20.05,58,0
3664.94,20.07,58,0
3665.07,20.06,58,0
3665.21,20.06,58,0
3665.34,20.06,58,0
3665.48,20.06,58,0
3665.61,20.06,58,0
3665.75,20.05,58,0
3665.88,20.05,58,0
3666.02,20.05,58,0
3666.15,20.04,58,0
3666.29,20.04,58,0
3666.42,20.03,58,0
3666.56,20.03,58,0
3666.69,20.0,58,0
3666.83,20.02,58,0
3666.96,20.02,58,0
3667.1,20.02,58,0
3667.23,20.02,58,0
3667.37,20.02,58,0
3667.5,20.02,58,0
3667.64,20.01,58,0
3667.77,20.01,58,0
3667.91,19.99,58,0
3668.04,20.0,58,0
3668.18,20.0,58,0
3668.31,20.01,58,0
3668.45,20.0,58,0
3668.58,19.99,58,0
3668.72,19.99,58,0
3668.85,19.99,58,0
3668.98,19.99,58,0
3669.12,19.97,58,0
3669.26,19.97,58,0
3669.39,19.96,58,0
3669.52,19.96,58,0
3669.66,19.97,58,0
3669.79,19.97,58,0
3669.93,19.96,58,0
3670.06,19.97,58,0
3670.2,19.96,58,0
3670.33,19.95,58,0
3670.47,19.93,58,0
3670.6,19.93,58,0
3670.74,19.93,58,0
3670.87,19.94,58,0
3671.01,19.94,58,0
3671.14,19.9,58,0
3671.28,19.92,58,0
3671.41,19.93,58,0
3671.55,19.92,58,0
3671.68,19.91,58,0
3671.82,19.93,58,0
3671.95,19.94,58,0
3672.09,19.93,58,0
3672.22,19.92,58,0
3672.36,19.9,58,0
3672.49,19.93,58,0
3672.63,19.92,58,0
3672.76,19.91,58,0
3672.9,19.91,58,0
3673.03,19.9,58,0
3673.17,19.89,58,0
3673.3,19.9,58,0
3673.44,19.88,58,0
3673.57,19.89,58,0
3673.71,19.88,58,0
3673.84,19.9,58,0
3673.98,19.87,58,0
3674.11,19.88,58,0
3674.25,19.86,58,0
3674.38,19.87,58,0
3674.52,19.87,58,0
3674.65,19.87,58,0
3674.79,19.86,58,0
3674.92,19.87,58,0
3675.06,19.85,58,0
3675.19,19.86,58,0
3675.33,19.86,58,0
3675.46,19.84,58,0
3675.59,19.85,58,0
3675.73,19.85,58,0
3675.87,19.85,58,0
3676.0,19.85,58,0
3676.13,19.85,58,0
3676.27,19.84,58,0
3676.4,19.84,58,0
3676.54,19.84,58,0
3676.67,19.84,58,0
3676.81,19.83,58,0
3676.94,19.82,58,0
3677.08,19.82,58,0
3677.21,19.82,58,0
3677.35,19.84,58,0
3677.48,19.82,58,0
3677.62,19.81,58,0
3677.75,19.81,58,0
3677.89,19.83,58,0
3678.02,19.79,58,0
3678.16,19.78,58,0
3678.29,19.78,58,0
3678.43,19.82,58,0
3678.56,19.79,58,0
3678.7,19.79,58,0
3678.83,19.81,58,0
3678.97,19.79,58,0
3679.1,19.76,58,0
3679.24,19.78,58,0
3679.37,19.78,58,0
3679.51,19.77,58,0
3679.64,19.78,58,0
3679.78,19.77,58,0
3679.91,19.79,58,0
3680.05,19.78,58,0
3680.18,19.77,58,0
3680.32,19.76,58,0
3680.45,19.78,58,0
3680.59,19.76,58,0
3680.72,19.76,58,0
3680.86,19.76,58,0
3680.99,19.75,58,0
3681.13,19.77,58,0
3681.26,19.75,58,0
3681.4,19.75,58,0
3681.53,19.75,58,0
3681.67,19.74,58,0
3681.8,19.75,58,0
3681.94,19.75,58,0
3682.07,19.73,58,0
3682.2,19.74,58,0
3682.34,19.73,58,0
3682.48,19.74,58,0
3682.61,19.73,58,0
3682.75,19.72,58,0
3682.88,19.72,58,0
3683.01,19.71,58,0
3683.15,19.71,58,0
3683.28,19.72,58,0
3683.42,19.73,58,0
3683.55,19.7,58,0
3683.69,19.7,58,0
3683.82,19.71,58,0
3683.96,19.71,58,0
3684.09,19.7,58,0
3684.23,19.69,58,0
3684.36,19.7,58,0
3684.5,19.69,58,0
3684.63,19.7,58,0
3684.77,19.7,58,0
3684.9,19.69,58,0
3685.04,19.67,58,0
3685.17,19.71,58,0
3685.31,19.67,58,0
3685.44,19.68,58,0
3685.58,19.67,58,0
3685.71,19.68,58,0
3685.85,19.68,58,0
3685.98,19.68,58,0
3686.12,19.66,58,0
3686.25,19.69,58,0
3686.39,19.66,58,0
3686.52,19.65,58,0
3686.66,19.67,58,0
3686.79,19.64,58,0
3686.93,19.65,58,0
3687.06,19.65,58,0
3687.2,19.66,58,0
3687.33,19.65,58,0
3687.47,19.64,58,0
3687.6,19.64,58,0
3687.74,19.65,58,0
3687.87,19.65,58,0
3688.01,19.63,58,0
3688.14,19.64,58,0
3688.27,19.64,58,0
3688.41,19.63,58,0
3688.55,19.64,58,0
3688.68,19.63,58,0
3688.81,19.63,58,0
3688.95,19.6,58,0
3689.08,19.63,58,0
3689.22,19.62,58,0
3689.35,19.62,58,0
3689.49,19.62,58,0
3689.62,19.62,58,0
3689.76,19.61,58,0
3689.89,19.62,58,0
3690.03,19.6,58,0
3690.16,19.62,58,0
3690.3,19.62,58,0
3690.43,19.6,58,0
3690.57,19.61,58,0
3690.7,19.61,58,0
3690.84,19.6,58,0
3690.97,19.6,58,0
3691.11,19.59,58,0
3691.24,19.58,58,0
3691.38,19.59,58,0
3691.51,19.58,58,0
3691.65,19.58,58,0
3691.78,19.57,58,0
3691.92,19.57,58,0
3692.05,19.57,58,0
3692.19,19.58,58,0
3692.32,19.58,58,0
3692.46,19.57,58,0
3692.59,19.57,58,0
3692.73,19.57,58,0
3692.86,19.56,58,0
3693.0,19.54,58,0
3693.13,19.56,58,0
3693.27,19.56,58,0
3693.4,19.58,58,0
3693.54,19.54,58,0
3693.67,19.54,58,0
3693.81,19.56,58,0
3693.94,19.55,58,0
3694.08,19.55,58,0
3694.21,19.56,58,0
3694.35,19.53,58,0
3694.48,19.54,58,0
3694.61,19.54,58,0
3694.75,19.53,58,0
3694.88,19.55,58,0
3695.02,19.53,58,0
3695.15,19.53,58,0
3695.29,19.54,58,0
3695.42,19.53,58,0
3695.56,19.51,58,0
3695.69,19.53,58,0
3695.83,19.52,58,0
3695.96,19.51,58,0
3696.1,19.51,58,0
3696.23,19.5,58,0
3696.37,19.51,58,0
3696.5,19.51,58,0
3696.64,19.51,58,0
3696.77,19.5,58,0
3696.91,19.51,58,0
3697.04,19.52,58,0
3697.18,19.51,58,0
3697.31,19.52,58,0
3697.45,19.5,58,0
3697.58,19.5,58,0
3697.72,19.5,58,0
3697.85,19.46,58,0
3697.99,19.5,58,0
3698.12,19.49,58,0
3698.26,19.48,58,0
3698.39,19.49,58,0
3698.53,19.48,58,0
3698.66,19.48,58,0
3698.8,19.47,58,0
3698.93,19.47,58,0
3699.07,19.48,58,0
3699.2,19.47,58,0
3699.34,19.46,58,0
3699.47,19.47,58,0
3699.61,19.47,58,0
3699.74,19.47,58,0
3699.88,19.46,58,0
3700.01,19.46,58,0
3700.15,19.44,58,0
3700.28,19.47,58,0
3700.42,19.44,58,0
3700.55,19.45,58,0
3700.68,19.45,58,0
3700.82,19.45,58,0
3700.96,19.45,58,0
3701.09,19.44,58,0
3701.22,19.45,58,0
3701.36,19.44,58,0
3701.5,19.43,58,0
3701.63,19.44,58,0
3701.76,19.44,58,0
3701.9,19.44,58,0
3702.03,19.43,58,0
3702.17,19.43,58,0
3702.3,19.44,58,0
3702.44,19.42,58,0
3702.57,19.43,58,0
3702.71,19.43,58,0
3702.84,19.43,58,0
3702.98,19.42,58,0
3703.11,19.42,58,0
3703.25,19.42,58,0
3703.38,19.41,58,0
3703.52,19.4,58,0
3703.65,19.41,58,0
3703.79,19.43,58,0
3703.92,19.42,58,0
3704.06,19.41,58,0
3704.19,19.41,58,0
3704.33,19.4,58,0
3704.46,19.4,58,0
3704.6,19.4,58,0
3704.73,19.4,58,0
3704.87,19.38,58,0
3705.0,19.39,58,0
3705.14,19.39,58,0
3705.27,19.39,58,0
3705.41,19.39,58,0
3705.54,19.39,58,0
3705.68,19.39,58,0
3705.81,19.38,58,0
3705.95,19.39,58,0
3706.08,19.38,58,0
3706.22,19.38,58,0
3706.35,19.37,58,0
3706.49,19.39,58,0
3706.62,19.38,58,0
3706.76,19.37,58,0
3706.89,19.37,58,0
3707.03,19.38,58,0
3707.16,19.39,58,0
3707.29,19.37,58,0
3707.43,19.36,58,0
3707.57,19.37,58,0
3707.7,19.36,58,0
3707.83,19.36,58,0
3707.97,19.36,58,0
3708.1,19.35,58,0
3708.24,19.35,58,0
3708.37,19.35,58,0
3708.51,19.35,58,0
3708.64,19.34,58,0
3708.78,19.34,58,0
3708.91,19.33,58,0
3709.05,19.31,58,0
3709.18,19.33,58,0
3709.32,19.33,58,0
3709.45,19.34,58,0
3709.59,19.34,58,0
3709.72,19.34,58,0
3709.86,19.31,58,0
3709.99,19.34,58,0
3710.13,19.34,58,0
3710.26,19.34,58,0
3710.4,19.32,58,0
3710.53,19.32,58,0
3710.67,19.32,58,0
3710.8,19.33,58,0
3710.94,19.32,58,0
3711.07,19.32,58,0
3711.21,19.31,58,0
3711.34,19.32,58,0
3711.48,19.32,58,0
3711.61,19.31,58,0
3711.75,19.31,58,0
3711.88,19.32,58,0
3712.02,19.31,58,0
3712.15,19.31,58,0
3712.29,19.3,58,0
3712.42,19.3,58,0
3712.56,19.29,58,0
3712.69,19.3,58,0
3712.83,19.3,58,0
3712.96,19.29,58,0
3713.1,19.3,58,0
3713.23,19.3,58,0
3713.37,19.29,58,0
3713.5,19.29,58,0
3713.64,19.29,58,0
3713.77,19.29,58,0
3713.9,19.28,58,0
3714.04,19.29,58,0
3714.18,19.28,58,0
3714.31,19.28,58,0
3714.44,19.27,58,0
3714.58,19.27,58,0
3714.71,19.27,58,0
3714.85,19.28,58,0
3714.98,19.27,58,0
3715.12,19.27,58,0
3715.25,19.28,58,0
3715.39,19.26,58,0
3715.52,19.27,58,0
3715.66,19.26,58,0
3715.79,19.27,58,0
3715.93,19.25,58,0
3716.06,19.26,58,0
3716.2,19.26,58,0
3716.33,19.25,58,0
3716.47,19.27,58,0
3716.6,19.24,58,0
3716.74,19.26,58,0
3716.87,19.27,58,0
3717.01,19.25,58,0
3717.14,19.25,58,0
3717.28,19.25,58,0
3717.41,19.24,58,0
3717.55,19.25,58,0
3717.68,19.25,58,0
3717.82,19.26,58,0
3717.95,19.25,58,0
3718.09,19.24,58,0
3718.22,19.24,58,0
3718.36,19.25,58,0
3718.49,19.25,58,0
3718.63,19.24,58,0
3718.76,19.24,58,0
3718.9,19.24,58,0
3719.03,19.22,58,0
3719.17,19.25,58,0
3719.3,19.24,58,0
3719.44,19.23,58,0
3719.57,19.23,58,0
3719.71,19.22,58,0
3719.84,19.22,58,0
3719.97,19.21,58,0
3720.11,19.23,58,0
3720.25,19.23,58,0
3720.38,19.22,58,0
3720.51,19.22,58,0
3720.65,19.23,58,0
3720.78,19.21,58,0
3720.92,19.23,58,0
3721.05,19.22,58,0
3721.19,19.2,58,0
3721.32,19.2,58,0
3721.46,19.18,58,0
3721.59,19.22,58,0
3721.73,19.2,58,0
3721.86,19.21,58,0
3722.0,19.2,58,0
3722.13,19.21,58,0
3722.27,19.2,58,0
3722.4,19.22,58,0
3722.54,19.2,58,0
3722.67,19.19,58,0
3722.81,19.19,58,0
3722.94,19.2,58,0
3723.08,19.19,58,0
3723.21,19.18,58,0
3723.35,19.18,58,0
3723.48,19.18,58,0
3723.62,19.2,58,0
3723.75,19.18,58,0
3723.89,19.2,58,0
3724.02,19.18,58,0
3724.16,19.18,58,0
3724.29,19.18,58,0
3724.43,19.2,58,0
3724.56,19.19,58,0
3724.7,19.18,58,0
3724.83,19.2,58,0
3724.97,19.18,58,0
3725.1,19.17,58,0
3725.24,19.17,58,0
3725.37,19.16,58,0
3725.51,19.19,58,0
3725.64,19.16,58,0
3725.78,19.18,58,0
3725.91,19.16,58,0
3726.05,19.16,58,0
3726.18,19.17,58,0
3726.32,19.16,58,0
3726.45,19.15,58,0
3726.58,19.17,58,0
3726.72,19.17,58,0
3726.85,19.16,58,0
3726.99,19.15,58,0
3727.12,19.15,58,0
3727.26,19.16,58,0
3727.39,19.13,58,0
3727.53,19.13,58,0
3727.66,19.16,58,0
3727.8,19.15,58,0
3727.93,19.15,58,0
3728.07,19.16,58,0
3728.2,19.15,58,0
3728.34,19.14,58,0
3728.47,19.15,58,0
3728.61,19.14,58,0
3728.74,19.14,58,0
3728.88,19.13,58,0
3729.01,19.15,58,0
3729.15,19.13,58,0
3729.28,19.14,58,0
3729.42,19.13,58,0
3729.55,19.14,58,0
3729.69,19.13,58,0
3729.82,19.13,58,0
3729.96,19.13,58,0
3730.09,19.13,58,0
3730.23,19.16,58,0
3730.36,19.14,58,0
3730.5,19.12,58,0
3730.63,19.13,58,0
3730.77,19.12,58,0
3730.9,19.12,58,0
3731.04,19.11,58,0
3731.17,19.13,58,0
3731.31,19.12,58,0
3731.44,19.11,58,0
3731.58,19.12,58,0
3731.71,19.12,58,0
3731.85,19.1,58,0
3731.98,19.1,58,0
3732.12,19.11,58,0
3732.25,19.11,58,0
3732.38,19.12,58,0
3732.52,19.11,58,0
3732.66,19.1,58,0
3732.79,19.1,58,0
3732.92,19.11,58,0
3733.06,19.1,58,0
3733.19,19.11,58,0
3733.33,19.1,58,0
3733.46,19.1,58,0
3733.6,19.1,58,0
3733.73,19.1,58,0
3733.87,19.09,58,0
3734.0,19.1,58,0
3734.14,19.1,58,0
3734.27,19.09,58,0
3734.41,19.09,58,0
3734.54,19.09,58,0
3734.68,19.09,58,0
3734.81,19.09,58,0
3734.95,19.09,58,0
3735.08,19.09,58,0
3735.22,19.1,58,0
3735.35,19.05,58,0
3735.49,19.08,58,0
3735.62,19.09,58,0
3735.76,19.07,58,0
3735.89,19.09,58,0
3736.03,19.08,58,0
3736.16,19.08,58,0
3736.3,19.07,58,0
3736.43,19.09,58,0
3736.57,19.07,58,0
3736.7,19.08,58,0
3736.84,19.08,58,0
3736.97,19.06,58,0
3737.11,19.07,58,0
3737.24,19.1,58,0
3737.38,19.07,58,0
3737.51,19.07,58,0
3737.65,19.07,58,0
3737.78,19.08,58,0
3737.92,19.05,58,0
3738.05,19.06,58,0
3738.19,19.07,58,0
3738.32,19.06,58,0
3738.46,19.04,58,0
3738.59,19.06,58,0
3738.73,19.05,58,0
3738.86,19.07,58,0
3739.0,19.06,58,0
3739.13,19.05,58,0
3739.27,19.05,58,0
3739.4,19.04,58,0
3739.53,19.04,58,0
3739.67,19.06,58,0
3739.8,19.05,58,0
3739.94,19.04,58,0
3740.07,19.04,58,0
3740.21,19.04,58,0
3740.34,19.05,58,0
3740.48,19.05,58,0
3740.61,19.03,58,0
3740.75,19.04,58,0
3740.88,19.04,58,0
3741.02,19.05,58,0
3741.15,19.05,58,0
3741.29,19.02,58,0
3741.42,19.05,58,0
3741.56,19.05,58,0
3741.69,19.01,58,0
3741.83,19.03,58,0
3741.96,19.02,58,0
3742.1,19.02,58,0
3742.23,19.05,58,0
3742.37,19.03,58,0
3742.5,19.03,58,0
3742.64,19.03,58,0
3742.77,19.02,58,0
3742.91,19.03,58,0
3743.04,19.03,58,0
3743.18,19.03,58,0
3743.31,19.02,58,0
3743.45,19.03,58,0
3743.58,19.02,58,0
3743.72,19.03,58,0
3743.85,19.01,58,0
3743.99,18.99,58,0
3744.12,19.04,58,0
3744.26,19.01,58,0
3744.39,19.01,58,0
3744.53,19.02,58,0
3744.66,19.02,58,0
3744.8,19.02,58,0
3744.93,19.02,58,0
3745.07,18.99,58,0
3745.2,19.01,58,0
3745.34,19.0,58,0
3745.47,18.99,58,0
3745.61,19.0,58,0
3745.74,19.0,58,0
3745.87,19.01,58,0
3746.01,19.01,58,0
3746.15,18.98,58,0
3746.28,19.0,58,0
3746.41,19.0,58,0
3746.55,19.0,58,0
3746.68,18.98,58,0
3746.82,18.99,58,0
3746.95,19.0,58,0
3747.09,18.99,58,0
3747.22,18.99,58,0
3747.36,18.99,58,0
3747.49,19.0,58,0
3747.63,19.0,58,0
3747.76,19.0,58,0
3747.9,18.98,58,0
3748.03,18.99,58,0
3748.17,18.98,58,0
3748.3,18.98,58,0
3748.44,18.99,58,0
3748.57,18.99,58,0
3748.71,18.97,58,0
3748.84,18.96,58,0
3748.98,18.98,58,0
3749.11,18.98,58,0
3749.25,18.98,58,0
3749.38,18.97,58,0
3749.52,18.99,58,0
3749.65,18.97,58,0
3749.79,18.96,58,0
3749.92,18.98,58,0
3750.06,18.98,58,0
3750.19,18.98,58,0
3750.33,18.97,58,0
3750.46,18.97,58,0
3750.6,18.96,58,0
3750.73,18.96,58,0
3750.87,18.98,58,0
3751.0,18.96,58,0
3751.14,18.96,58,0
3751.27,18.96,58,0
3751.41,18.97,58,0
3751.54,18.99,58,0
3751.67,18.97,58,0
3751.81,18.96,58,0
3751.95,18.97,58,0
3752.08,18.95,58,0
3752.21,18.95,58,0
3752.35,18.96,58,0
3752.48,18.96,58,0
3752.62,18.95,58,0
3752.75,18.96,58,0
3752.89,18.96,58,0
3753.02,18.98,58,0
3753.16,18.96,58,0
3753.29,18.96,58,0
3753.43,18.94,58,0
3753.56,18.95,58,0
3753.7,18.97,58,0
3753.83,18.96,58,0
3753.97,18.96,58,0
3754.1,18.95,58,0
3754.24,18.95,58,0
3754.37,18.95,58,0
3754.51,18.93,58,0
3754.64,18.94,58,0
3754.78,18.94,58,0
3754.91,18.95,58,0
3755.05,18.95,58,0
3755.18,18.93,58,0
3755.32,18.94,58,0
3755.45,18.95,58,0
3755.59,18.94,58,0
3755.72,18.94,58,0
3755.86,18.94,58,0
3755.99,18.93,58,0
3756.13,18.93,58,0
3756.26,18.94,58,0
3756.4,18.94,58,0
3756.53,18.93,58,0
3756.67,18.93,58,0
3756.8,18.94,58,0
3756.94,18.93,58,0
3757.07,18.94,58,0
3757.21,18.93,58,0
3757.34,18.92,58,0
3757.48,18.93,58,0
3757.61,18.93,58,0
3757.75,18.92,58,0
3757.88,18.93,58,0
3758.02,18.92,58,0
3758.15,18.94,58,0
3758.28,18.93,58,0
3758.42,18.94,58,0
3758.56,18.91,58,0
3758.69,18.9,58,0
3758.82,18.9,58,0
3758.96,18.91,58,0
3759.09,18.92,58,0
3759.23,18.91,58,0
3759.36,18.92,58,0
3759.5,18.91,58,0
3759.63,18.9,58,0
3759.77,18.91,58,0
3759.9,18.91,58,0
3760.04,18.9,58,0
3760.17,18.9,58,0
3760.31,18.91,58,0
3760.44,18.91,58,0
3760.58,18.92,58,0
3760.71,18.91,58,0
3760.85,18.9,58,0
3760.98,18.9,58,0
3761.12,18.9,58,0
3761.25,18.92,58,0
3761.39,18.91,58,0
3761.52,18.9,58,0
3761.66,18.9,58,0
3761.79,18.89,58,0
3761.93,18.9,58,0
3762.06,18.89,58,0
3762.2,18.9,58,0
3762.33,18.89,58,0
3762.47,18.89,58,0
3762.6,18.86,58,0
3762.74,18.9,58,0
3762.87,18.89,58,0
3763.01,18.9,58,0
3763.14,18.9,58,0
3763.28,18.87,58,0
3763.41,18.88,58,0
3763.55,18.85,58,0
3763.68,18.88,58,0
3763.82,18.9,58,0
3763.95,18.89,58,0
3764.09,18.88,58,0
3764.22,18.88,58,0
3764.36,18.89,58,0
3764.49,18.88,58,0
3764.63,18.88,58,0
3764.76,18.88,58,0
3764.89,18.88,58,0
3765.03,18.88,58,0
3765.16,18.89,58,0
3765.3,18.88,58,0
3765.43,18.87,58,0
3765.57,18.88,58,0
3765.7,18.88,58,0
3765.84,18.88,58,0
3765.97,18.88,58,0
3766.11,18.9,58,0
3766.24,18.88,58,0
3766.38,18.87,58,0
3766.51,18.89,58,0
3766.65,18.88,58,0
3766.78,18.87,58,0
3766.92,18.87,58,0
3767.05,18.87,58,0
3767.19,18.89,58,0
3767.32,18.87,58,0
3767.46,18.87,58,0
3767.59,18.88,58,0
3767.73,18.86,58,0
3767.86,18.89,58,0
3768.0,18.87,58,0
3768.13,18.87,58,0
3768.27,18.86,58,0
3768.4,18.89,58,0
3768.54,18.86,58,0
3768.67,18.88,58,0
3768.81,18.86,58,0
3768.94,18.86,58,0
3769.08,18.88,58,0
3769.21,18.86,58,0
3769.35,18.86,58,0
3769.48,18.85,58,0
3769.62,18.84,58,0
3769.75,18.86,58,0
3769.89,18.86,58,0
3770.02,18.87,58,0
3770.16,18.88,58,0
3770.29,18.87,58,0
3770.43,18.86,58,0
3770.56,18.86,58,0
3770.69,18.85,58,0
3770.83,18.85,58,0
3770.97,18.86,58,0
3771.1,18.86,58,0
3771.23,18.86,58,0
3771.37,18.85,58,0
3771.5,18.85,58,0
3771.64,18.84,58,0
3771.77,18.83,58,0
3771.91,18.86,58,0
3772.04,18.86,58,0
3772.18,18.84,58,0
3772.31,18.85,58,0
3772.45,18.85,58,0
3772.58,18.86,58,0
3772.72,18.85,58,0
3772.85,18.84,58,0
3772.99,18.84,58,0
3773.12,18.85,58,0
3773.26,18.84,58,0
3773.39,18.85,58,0
3773.53,18.85,58,0
3773.66,18.85,58,0
3773.8,18.84,58,0
3773.93,18.84,58,0
3774.07,18.86,58,0
3774.2,18.85,58,0
3774.34,18.85,58,0
3774.47,18.86,58,0
3774.61,18.85,58,0
3774.74,18.85,58,0
3774.88,18.84,58,0
3775.01,18.84,58,0
3775.15,18.83,58,0
3775.28,18.84,58,0
3775.42,18.83,58,0
3775.55,18.83,58,0
3775.69,18.83,58,0
3775.82,18.82,58,0
3775.96,18.84,58,0
3776.09,18.82,58,0
3776.23,18.83,58,0
3776.36,18.83,58,0
3776.5,18.87,58,0
3776.63,18.84,58,0
3776.76,18.87,58,0
3776.9,18.86,58,0
3777.04,18.82,58,0
3777.17,18.82,58,0
3777.3,18.83,58,0
3777.44,18.82,58,0
3777.57,18.83,58,0
3777.71,18.82,58,0
3777.84,18.82,58,0
3777.98,18.82,58,0
3778.11,18.82,58,0
3778.25,18.83,58,0
3778.38,18.81,58,0
3778.52,18.8,58,0
3778.65,18.82,58,0
3778.79,18.81,58,0
3778.92,18.82,58,0
3779.06,18.82,58,0
3779.19,18.83,58,0
3779.33,18.82,58,0
3779.46,18.81,58,0
3779.6,18.81,58,0
3779.73,18.82,58,0
3779.87,18.82,58,0
3780.0,18.82,58,0
3780.14,18.81,58,0
3780.27,18.81,58,0
3780.41,18.82,58,0
3780.54,18.8,58,0
3780.68,18.81,58,0
3780.81,18.8,58,0
3780.95,18.82,58,0
3781.08,18.82,58,0
3781.22,18.8,58,0
3781.35,18.8,58,0
3781.49,18.81,58,0
3781.62,18.82,58,0
3781.76,18.79,58,0
3781.89,18.8,58,0
3782.03,18.81,58,0
3782.16,18.8,58,0
3782.3,18.8,58,0
3782.43,18.8,58,0
3782.57,18.8,58,0
3782.7,18.81,58,0
3782.84,18.8,58,0
3782.97,18.81,58,0
3783.11,18.8,58,0
3783.24,18.8,58,0
3783.37,18.81,58,0
3783.51,18.79,58,0
3783.65,18.8,58,0
3783.78,18.79,58,0
3783.91,18.8,58,0
3784.05,18.79,58,0
3784.18,18.8,58,0
3784.32,18.8,58,0
3784.45,18.79,58,0
3784.59,18.79,58,0
3784.72,18.79,58,0
3784.86,18.79,58,0
3784.99,18.8,58,0
3785.13,18.8,58,0
3785.26,18.8,58,0
3785.4,18.79,58,0
3785.53,18.79,58,0
3785.67,18.78,58,0
3785.8,18.8,58,0
3785.94,18.78,58,0
3786.07,18.78,58,0
3786.21,18.78,58,0
3786.34,18.78,58,0
3786.48,18.78,58,0
3786.61,18.79,58,0
3786.75,18.78,58,0
3786.88,18.79,58,0
3787.02,18.8,58,0
3787.15,18.79,58,0
3787.29,18.79,58,0
3787.42,18.81,58,0
3787.56,18.78,58,0
3787.69,18.77,58,0
3787.83,18.79,58,0
3787.96,18.78,58,0
3788.1,18.78,58,0
3788.23,18.8,58,0
3788.37,18.78,58,0
3788.5,18.78,58,0
3788.64,18.78,58,0
3788.77,18.79,58,0
3788.91,18.79,58,0
3789.04,18.76,58,0
3789.17,18.78,58,0
3789.31,18.78,58,0
3789.45,18.77,58,0
3789.58,18.77,58,0
3789.72,18.79,58,0
3789.85,18.77,58,0
3789.98,18.78,58,0
3790.12,18.79,58,0
3790.25,18.77,58,0
3790.39,18.76,58,0
3790.52,18.78,58,0
3790.66,18.76,58,0
3790.79,18.77,58,0
3790.93,18.77,58,0
3791.06,18.77,58,0
3791.2,18.76,58,0
3791.33,18.78,58,0
3791.47,18.77,58,0
3791.6,18.77,58,0
3791.74,18.75,58,0
3791.87,18.76,58,0
3792.01,18.75,58,0
3792.14,18.78,58,0
3792.28,18.78,58,0
3792.41,18.78,58,0
3792.55,18.77,58,0
3792.68,18.76,58,0
3792.82,18.77,58,0
3792.95,18.77,58,0
3793.09,18.74,58,0
3793.22,18.77,58,0
3793.36,18.75,58,0
3793.49,18.75,58,0
3793.63,18.77,58,0
3793.76,18.76,58,0
3793.9,18.75,58,0
3794.03,18.76,58,0
3794.17,18.75,58,0
3794.3,18.77,58,0
3794.44,18.76,58,0
3794.57,18.77,58,0
3794.71,18.75,58,0
3794.84,18.74,58,0
3794.98,18.76,58,0
3795.11,18.78,58,0
3795.25,18.78,58,0
3795.38,18.76,58,0
3795.52,18.75,58,0
3795.65,18.78,58,0
3795.78,18.75,58,0
3795.92,18.75,58,0
3796.06,18.76,58,0
3796.19,18.76,58,0
3796.32,18.75,58,0
3796.46,18.74,58,0
3796.59,18.76,58,0
3796.73,18.74,58,0
3796.86,18.76,58,0
3797.0,18.75,58,0
3797.13,18.75,58,0
3797.27,18.76,58,0
3797.4,18.76,58,0
3797.54,18.75,58,0
3797.67,18.75,58,0
3797.81,18.76,58,0
3797.94,18.75,58,0
3798.08,18.74,58,0
3798.21,18.74,58,0
3798.35,18.75,58,0
3798.48,18.75,58,0
3798.62,18.75,58,0
3798.75,18.75,58,0
3798.89,18.74,58,0
3799.02,18.76,58,0
3799.16,18.75,58,0
3799.29,18.73,58,0
3799.43,18.74,58,0
3799.56,18.76,58,0
3799.7,18.74,58,0
3799.83,18.76,58,0
3799.97,18.76,58,0
3800.1,18.72,58,0
3800.24,18.76,58,0
3800.37,18.75,58,0
3800.51,18.74,58,0
3800.64,18.74,58,0
3800.78,18.72,58,0
3800.91,18.75,58,0
3801.05,18.74,58,0
3801.18,18.73,58,0
3801.32,18.74,58,0
3801.45,18.72,58,0
3801.59,18.74,58,0
3801.72,18.74,58,0
3801.86,18.72,58,0
3801.99,18.75,58,0
3802.13,18.75,58,0
3802.26,18.74,58,0
3802.39,18.74,58,0
3802.53,18.75,58,0
3802.66,18.74,58,0
3802.8,18.72,58,0
3802.93,18.74,58,0
3803.07,18.72,58,0
3803.2,18.72,58,0
3803.34,18.72,58,0
3803.47,18.72,58,0
3803.61,18.74,58,0
3803.75,18.71,58,0
3803.88,18.73,58,0
3804.01,18.73,58,0
3804.15,18.74,58,0
3804.28,18.73,58,0
3804.42,18.72,58,0
3804.55,18.74,58,0
3804.69,18.74,58,0
3804.82,18.75,58,0
3804.96,18.73,58,0
3805.09,18.74,58,0
3805.23,18.71,58,0
3805.36,18.74,58,0
3805.5,18.74,58,0
3805.63,18.72,58,0
3805.77,18.74,58,0
3805.9,18.73,58,0
3806.04,18.74,58,0
3806.17,18.74,58,0
3806.31,18.73,58,0
3806.44,18.72,58,0
3806.58,18.72,58,0
3806.71,18.72,58,0
3806.85,18.73,58,0
3806.98,18.73,58,0
3807.12,18.72,58,0
3807.25,18.72,58,0
3807.39,18.71,58,0
3807.52,18.72,58,0
3807.66,18.71,58,0
3807.79,18.71,58,0
3807.93,18.71,58,0
3808.06,18.71,58,0
3808.2,18.73,58,0
3808.33,18.72,58,0
3808.46,18.71,58,0
3808.6,18.72,58,0
3808.74,18.68,58,0
3808.87,18.7,58,0
3809.0,18.72,58,0
3809.14,18.7,58,0
3809.27,18.71,58,0
3809.41,18.7,58,0
3809.54,18.71,58,0
3809.68,18.72,58,0
3809.81,18.71,58,0
3809.95,18.7,58,0
3810.08,18.71,58,0
3810.22,18.7,58,0
3810.35,18.7,58,0
3810.49,18.71,58,0
3810.62,18.72,58,0
3810.76,18.7,58,0
3810.89,18.72,58,0
3811.03,18.69,58,0
3811.16,18.71,58,0
3811.3,18.69,58,0
3811.43,18.71,58,0
3811.57,18.7,58,0
3811.7,18.69,58,0
3811.84,18.7,58,0
3811.97,18.69,58,0
3812.11,18.7,58,0
3812.24,18.7,58,0
3812.38,18.69,58,0
3812.51,18.7,58,0
3812.65,18.7,58,0
3812.78,18.7,58,0
3812.92,18.69,58,0
3813.05,18.68,58,0
3813.19,18.7,58,0
3813.32,18.71,58,0
3813.46,18.69,58,0
3813.59,18.66,58,0
3813.73,18.69,58,0
3813.86,18.68,58,0
3814.0,18.68,58,0
3814.13,18.68,58,0
3814.27,18.69,58,0
3814.4,18.68,58,0
3814.54,18.67,58,0
3814.67,18.66,58,0
3814.81,18.68,58,0
3814.94,18.68,58,0
3815.07,18.69,58,0
3815.21,18.67,58,0
3815.35,18.66,58,0
3815.48,18.68,58,0
3815.61,18.68,58,0
3815.75,18.66,58,0
3815.88,18.68,58,0
3816.02,18.67,58,0
3816.15,18.66,58,0
3816.29,18.68,58,0
3816.42,18.68,58,0
3816.56,18.67,58,0
3816.69,18.68,58,0
3816.83,18.67,58,0
3816.96,18.67,58,0
3817.1,18.66,58,0
3817.23,18.68,58,0
3817.37,18.66,58,0
3817.5,18.66,58,0
3817.64,18.65,58,0
3817.77,18.67,58,0
3817.91,18.64,58,0
3818.04,18.66,58,0
3818.18,18.66,58,0
3818.31,18.67,58,0
3818.45,18.64,58,0
3818.58,18.65,58,0
3818.72,18.66,58,0
3818.85,18.66,58,0
3818.99,18.68,58,0
3819.12,18.66,58,0
3819.26,18.66,58,0
3819.39,18.65,58,0
3819.53,18.66,58,0
3819.66,18.66,58,0
3819.8,18.65,58,0
3819.93,18.68,58,0
3820.07,18.65,58,0
3820.2,18.66,58,0
3820.34,18.64,58,0
3820.47,18.65,58,0
3820.61,18.65,58,0
3820.74,18.65,58,0
3820.88,18.66,58,0
3821.01,18.66,58,0
3821.15,18.65,58,0
3821.28,18.66,58,0
3821.42,18.66,58,0
3821.55,18.66,58,0
3821.68,18.65,58,0
3821.82,18.65,58,0
3821.95,18.65,58,0
3822.09,18.65,58,0
3822.22,18.65,58,0
3822.36,18.66,58,0
3822.49,18.64,58,0
3822.63,18.65,58,0
3822.76,18.64,58,0
3822.9,18.65,58,0
3823.03,18.64,58,0
3823.17,18.65,58,0
3823.3,18.61,58,0
3823.44,18.64,58,0
3823.57,18.63,58,0
3823.71,18.64,58,0
3823.84,18.66,58,0
3823.98,18.63,58,0
3824.11,18.64,58,0
3824.25,18.64,58,0
3824.38,18.62,58,0
3824.52,18.65,58,0
3824.65,18.65,58,0
3824.79,18.64,58,0
3824.92,18.65,58,0
3825.06,18.65,58,0
3825.19,18.64,58,0
3825.33,18.64,58,0
3825.46,18.64,58,0
3825.6,18.64,58,0
3825.73,18.62,58,0
3825.87,18.62,58,0
3826.0,18.62,58,0
3826.14,18.64,58,0
3826.27,18.64,58,0
3826.41,18.6,58,0
3826.54,18.59,58,0
3826.68,18.62,58,0
3826.81,18.66,58,0
3826.95,18.65,58,0
3827.08,18.67,58,0
3827.22,18.63,58,0
3827.35,18.63,58,0
3827.49,18.62,58,0
3827.62,18.63,58,0
3827.76,18.63,58,0
3827.89,18.62,58,0
3828.03,18.64,58,0
3828.16,18.65,58,0
3828.29,18.65,58,0
3828.43,18.62,58,0
3828.57,18.62,58,0
3828.7,18.64,58,0
3828.83,18.64,58,0
3828.97,18.63,58,0
3829.1,18.6,58,0
3829.24,18.62,58,0
3829.37,18.64,58,0
3829.51,18.63,58,0
3829.64,18.65,58,0
3829.78,18.63,58,0
3829.91,18.62,58,0
3830.05,18.65,58,0
3830.18,18.6,58,0
3830.32,18.62,58,0
3830.45,18.62,58,0
3830.59,18.64,58,0
3830.72,18.62,58,0
3830.86,18.64,58,0
3830.99,18.62,58,0
3831.13,18.6,58,0
3831.26,18.63,58,0
3831.4,18.63,58,0
3831.53,18.62,58,0
3831.67,18.62,58,0
3831.8,18.62,58,0
3831.94,18.63,58,0
3832.07,18.61,58,0
3832.21,18.62,58,0
3832.34,18.63,58,0
3832.48,18.62,58,0
3832.61,18.63,58,0
3832.75,18.62,58,0
3832.88,18.62,58,0
3833.02,18.6,58,0
3833.15,18.61,58,0
3833.29,18.61,58,0
3833.42,18.61,58,0
3833.56,18.6,58,0
3833.69,18.63,58,0
3833.83,18.62,58,0
3833.96,18.62,58,0
3834.1,18.6,58,0
3834.23,18.6,58,0
3834.36,18.61,58,0
3834.5,18.6,58,0
3834.64,18.61,58,0
3834.77,18.62,58,0
3834.9,18.6,58,0
3835.04,18.59,58,0
3835.17,18.59,58,0
3835.31,18.6,58,0
3835.44,18.61,58,0
3835.58,18.6,58,0
3835.71,18.61,58,0
3835.85,18.61,58,0
3835.98,18.59,58,0
3836.12,18.61,58,0
3836.25,18.61,58,0
3836.39,18.59,58,0
3836.52,18.59,58,0
3836.66,18.6,58,0
3836.79,18.6,58,0
3836.93,18.6,58,0
3837.06,18.59,58,0
3837.2,18.6,58,0
3837.33,18.58,58,0
3837.47,18.59,58,0
3837.6,18.6,58,0
3837.74,18.6,58,0
3837.87,18.59,58,0
3838.01,18.61,58,0
3838.14,18.6,58,0
3838.28,18.59,58,0
3838.41,18.6,58,0
3838.55,18.58,58,0
3838.68,18.6,58,0
3838.82,18.6,58,0
3838.95,18.59,58,0
3839.09,18.59,58,0
3839.22,18.58,58,0
3839.36,18.6,58,0
3839.49,18.58,58,0
3839.63,18.61,58,0
3839.76,18.6,58,0
3839.9,18.59,58,0
3840.03,18.58,58,0
3840.16,18.59,58,0
3840.3,18.59,58,0
3840.44,18.59,58,0
3840.57,18.6,58,0
3840.7,18.58,58,0
3840.84,18.57,58,0
3840.97,18.59,58,0
3841.11,18.59,58,0
3841.25,18.59,58,0
3841.38,18.59,58,0
3841.51,18.58,58,0
3841.65,18.59,58,0
3841.78,18.58,58,0
3841.92,18.59,58,0
3842.05,18.57,58,0
3842.19,18.58,58,0
3842.32,18.59,58,0
3842.46,18.57,58,0
3842.59,18.6,58,0
3842.73,18.58,58,0
3842.86,18.58,58,0
3843.0,18.56,58,0
3843.13,18.58,58,0
3843.27,18.58,58,0
3843.4,18.58,58,0
3843.54,18.58,58,0
3843.67,18.58,58,0
3843.81,18.58,58,0
3843.94,18.58,58,0
3844.08,18.59,58,0
3844.21,18.58,58,0
3844.35,18.59,58,0
3844.48,18.59,58,0
3844.62,18.58,58,0
3844.75,18.57,58,0
3844.89,18.58,58,0
3845.02,18.57,58,0
3845.16,18.56,58,0
3845.29,18.58,58,0
3845.43,18.58,58,0
3845.56,18.6,58,0
3845.7,18.58,58,0
3845.83,18.57,58,0
3845.97,18.57,58,0
3846.1,18.57,58,0
3846.24,18.58,58,0
3846.37,18.57,58,0
3846.51,18.57,58,0
3846.64,18.59,58,0
3846.77,18.57,58,0
3846.91,18.58,58,0
3847.05,18.57,58,0
3847.18,18.57,58,0
3847.31,18.58,58,0
3847.45,18.59,58,0
3847.58,18.58,58,0
3847.72,18.58,58,0
3847.85,18.58,58,0
3847.99,18.55,58,0
3848.12,18.56,58,0
3848.26,18.57,58,0
3848.39,18.57,58,0
3848.53,18.57,58,0
3848.66,18.57,58,0
3848.8,18.57,58,0
3848.93,18.57,58,0
3849.07,18.57,58,0
3849.2,18.55,58,0
3849.34,18.58,58,0
3849.47,18.59,58,0
3849.61,18.57,58,0
3849.74,18.59,58,0
3849.88,18.57,58,0
3850.01,18.56,58,0
3850.15,18.57,58,0
3850.28,18.57,58,0
3850.42,18.54,58,0
3850.55,18.56,58,0
3850.69,18.56,58,0
3850.82,18.57,58,0
3850.96,18.57,58,0
3851.09,18.57,58,0
3851.23,18.56,58,0
3851.36,18.57,58,0
3851.5,18.57,58,0
3851.63,18.55,58,0
3851.77,18.56,58,0
3851.9,18.56,58,0
3852.04,18.56,58,0
3852.17,18.55,58,0
3852.31,18.58,58,0
3852.44,18.55,58,0
3852.58,18.56,58,0
3852.71,18.57,58,0
3852.85,18.56,58,0
3852.98,18.58,58,0
3853.12,18.55,58,0
3853.25,18.55,58,0
3853.38,18.55,58,0
3853.52,18.55,58,0
3853.66,18.55,58,0
3853.79,18.55,58,0
3853.92,18.56,58,0
3854.06,18.56,58,0
3854.19,18.55,58,0
3854.33,18.56,58,0
3854.46,18.55,58,0
3854.6,18.56,58,0
3854.73,18.56,58,0
3854.87,18.56,58,0
3855.0,18.57,58,0
3855.14,18.56,58,0
3855.27,18.53,58,0
3855.41,18.56,58,0
3855.54,18.54,58,0
3855.68,18.56,58,0
3855.81,18.56,58,0
3855.95,18.56,58,0
3856.08,18.55,58,0
3856.22,18.56,58,0
3856.35,18.55,58,0
3856.49,18.56,58,0
3856.62,18.57,58,0
3856.76,18.56,58,0
3856.89,18.52,58,0
3857.03,18.52,58,0
3857.16,18.55,58,0
3857.3,18.54,58,0
3857.43,18.56,58,0
3857.57,18.56,58,0
3857.7,18.55,58,0
3857.84,18.55,58,0
3857.97,18.55,58,0
3858.11,18.54,58,0
3858.24,18.55,58,0
3858.38,18.56,58,0
3858.51,18.55,58,0
3858.65,18.54,58,0
3858.78,18.55,58,0
3858.92,18.55,58,0
3859.05,18.56,58,0
3859.19,18.53,58,0
3859.32,18.54,58,0
3859.46,18.55,58,0
3859.59,18.54,58,0
3859.73,18.56,58,0
3859.86,18.54,58,0
3860.0,18.55,58,0
3860.13,18.55,58,0
3860.26,18.55,58,0
3860.4,18.57,58,0
3860.53,18.54,58,0
3860.67,18.54,58,0
3860.8,18.55,58,0
3860.94,18.54,58,0
3861.07,18.56,58,0
3861.21,18.54,58,0
3861.34,18.54,58,0
3861.48,18.54,58,0
3861.61,18.55,58,0
3861.75,18.54,58,0
3861.88,18.55,58,0
3862.02,18.54,58,0
3862.15,18.54,58,0
3862.29,18.55,58,0
3862.42,18.54,58,0
3862.56,18.54,58,0
3862.69,18.55,58,0
3862.83,18.54,58,0
3862.96,18.55,58,0
3863.1,18.54,58,0
3863.23,18.53,58,0
3863.37,18.53,58,0
3863.5,18.55,58,0
3863.64,18.54,58,0
3863.77,18.55,58,0
3863.91,18.54,58,0
3864.04,18.56,58,0
3864.18,18.54,58,0
3864.31,18.53,58,0
3864.45,18.52,58,0
3864.58,18.55,58,0
3864.72,18.54,58,0
3864.85,18.54,58,0
3864.99,18.52,58,0
3865.12,18.52,58,0
3865.26,18.53,58,0
3865.39,18.52,58,0
3865.53,18.55,58,0
3865.66,18.55,58,0
3865.8,18.53,58,0
3865.93,18.53,58,0
3866.06,18.53,58,0
3866.2,18.54,58,0
3866.34,18.51,58,0
3866.47,18.53,58,0
3866.6,18.53,58,0
3866.74,18.55,58,0
3866.87,18.53,58,0
3867.01,18.52,58,0
3867.14,18.55,58,0
3867.28,18.52,58,0
3867.41,18.53,58,0
3867.55,18.52,58,0
3867.68,18.53,58,0
3867.82,18.53,58,0
3867.95,18.54,58,0
3868.09,18.52,58,0
3868.22,18.53,58,0
3868.36,18.53,58,0
3868.49,18.54,58,0
3868.63,18.52,58,0
3868.76,18.53,58,0
3868.9,18.53,58,0
3869.03,18.53,58,0
3869.17,18.53,58,0
3869.3,18.53,58,0
3869.44,18.53,58,0
3869.57,18.53,58,0
3869.71,18.52,58,0
3869.84,18.53,58,0
3869.98,18.54,58,0
3870.11,18.52,58,0
3870.25,18.54,58,0
3870.38,18.53,58,0
3870.52,18.53,58,0
3870.65,18.52,58,0
3870.79,18.54,58,0
3870.92,18.52,58,0
3871.06,18.53,58,0
3871.19,18.53,58,0
3871.33,18.53,58,0
3871.46,18.54,58,0
3871.6,18.53,58,0
3871.73,18.54,58,0
3871.87,18.54,58,0
3872.0,18.52,58,0
3872.14,18.54,58,0
3872.27,18.53,58,0
3872.41,18.53,58,0
3872.54,18.53,58,0
3872.67,18.54,58,0
3872.81,18.53,58,0
3872.95,18.54,58,0
3873.08,18.54,58,0
3873.21,18.53,58,0
3873.35,18.52,58,0
3873.48,18.52,58,0
3873.62,18.53,58,0
3873.75,18.52,58,0
3873.89,18.51,58,0
3874.02,18.54,58,0
3874.16,18.52,58,0
3874.29,18.52,58,0
3874.43,18.52,58,0
3874.56,18.54,58,0
3874.7,18.52,58,0
3874.83,18.52,58,0
3874.97,18.53,58,0
3875.1,18.53,58,0
3875.24,18.53,58,0
3875.37,18.53,58,0
3875.51,18.54,58,0
3875.64,18.53,58,0
3875.78,18.53,58,0
3875.91,18.53,58,0
3876.05,18.51,58,0
3876.18,18.52,58,0
3876.32,18.53,58,0
3876.45,18.53,58,0
3876.59,18.53,58,0
3876.72,18.52,58,0
3876.86,18.52,58,0
3876.99,18.51,58,0
3877.13,18.52,58,0
3877.26,18.53,58,0
3877.4,18.51,58,0
3877.53,18.53,58,0
3877.67,18.51,58,0
3877.8,18.53,58,0
3877.94,18.53,58,0
3878.07,18.53,58,0
3878.21,18.53,58,0
3878.34,18.54,58,0
3878.47,18.52,58,0
3878.61,18.52,58,0
3878.75,18.52,58,0
3878.88,18.53,58,0
3879.01,18.54,58,0
3879.15,18.53,58,0
3879.28,18.53,58,0
3879.42,18.53,58,0
3879.55,18.51,58,0
3879.69,18.52,58,0
3879.82,18.53,58,0
3879.96,18.52,58,0
3880.09,18.52,58,0
3880.23,18.51,58,0
3880.36,18.53,58,0
3880.5,18.52,58,0
3880.63,18.54,58,0
3880.77,18.54,58,0
3880.9,18.51,58,0
3881.04,18.53,58,0
3881.17,18.54,58,0
3881.31,18.52,58,0
3881.44,18.52,58,0
3881.58,18.52,58,0
3881.71,18.51,58,0
3881.85,18.53,58,0
3881.98,18.51,58,0
3882.12,18.53,58,0
3882.25,18.52,58,0
3882.39,18.53,86,0
3882.52,18.53,86,0
3882.66,18.53,86,0
3882.79,18.51,86,0
3882.93,18.52,86,0
3883.06,18.53,86,0
3883.2,18.5,86,0
3883.33,18.51,86,0
3883.47,18.49,86,0
3883.6,18.49,86,0
3883.74,18.46,86,0
3883.87,18.45,86,0
3884.01,18.46,86,0
3884.14,18.43,86,0
3884.28,18.4,86,0
3884.41,18.4,86,0
3884.55,18.38,86,0
3884.68,18.36,86,0
3884.82,18.35,86,0
3884.95,18.31,86,0
3885.09,18.31,86,0
3885.22,18.3,86,0
3885.36,18.27,86,0
3885.49,18.27,86,0
3885.63,18.24,86,0
3885.76,18.23,86,0
3885.89,18.23,86,0
3886.03,18.2,86,0
3886.17,18.2,86,0
3886.3,18.17,86,0
3886.43,18.17,86,0
3886.57,18.15,86,0
3886.7,18.13,86,0
3886.84,18.11,86,0
3886.97,18.1,86,0
3887.11,18.11,86,0
3887.25,18.06,86,0
3887.38,18.06,86,0
3887.51,18.05,86,0
3887.65,18.04,86,0
3887.78,18.03,86,0
3887.92,18.02,86,0
3888.05,18.01,86,0
3888.19,17.99,86,0
3888.32,18.01,86,0
3888.46,17.97,86,0
3888.59,17.97,86,0
3888.73,17.95,86,0
3888.86,17.94,86,0
3889.0,17.92,86,0
3889.13,17.91,86,0
3889.27,17.91,86,0
3889.4,17.89,86,0
3889.54,17.88,86,0
3889.67,17.88,86,0
3889.81,17.84,86,0
3889.94,17.85,86,0
3890.08,17.84,86,0
3890.21,17.83,86,0
3890.35,17.84,86,0
3890.48,17.82,86,0
3890.62,17.81,86,0
3890.75,17.8,86,0
3890.89,17.79,86,0
3891.02,17.77,86,0
3891.16,17.76,86,0
3891.29,17.76,86,0
3891.43,17.76,86,0
3891.56,17.77,86,0
3891.7,17.74,86,0
3891.83,17.72,86,0
3891.96,17.72,86,0
3892.1,17.7,86,0
3892.24,17.7,86,0
3892.37,17.69,86,0
3892.5,17.72,86,0
3892.64,17.69,86,0
3892.77,17.7,86,0
3892.91,17.67,86,0
3893.04,17.67,86,0
3893.18,17.66,86,0
3893.31,17.64,86,0
3893.45,17.66,86,0
3893.58,17.63,86,0
3893.72,17.62,86,0
3893.85,17.62,86,0
3893.99,17.61,86,0
3894.12,17.62,86,0
3894.26,17.59,86,0
3894.39,17.57,86,0
3894.53,17.59,86,0
3894.66,17.58,86,0
3894.8,17.56,86,0
3894.93,17.57,86,0
3895.07,17.58,86,0
3895.2,17.57,86,0
3895.34,17.53,86,0
3895.47,17.52,86,0
3895.61,17.53,86,0
3895.74,17.54,86,0
3895.88,17.52,86,0
3896.01,17.51,86,0
3896.15,17.49,86,0
3896.28,17.5,86,0
3896.42,17.5,86,0
3896.55,17.48,86,0
3896.69,17.47,86,0
3896.82,17.46,86,0
3896.96,17.45,86,0
3897.09,17.44,86,0
3897.23,17.44,86,0
3897.36,17.47,86,0
3897.5,17.44,86,0
3897.63,17.44,86,0
3897.77,17.44,86,0
3897.9,17.42,86,0
3898.04,17.43,86,0
3898.17,17.41,86,0
3898.3,17.39,86,0
3898.44,17.4,86,0
3898.57,17.4,86,0
3898.71,17.39,86,0
3898.84,17.39,86,0
3898.98,17.4,86,0
3899.11,17.36,86,0
3899.25,17.36,86,0
3899.38,17.37,86,0
3899.52,17.36,86,0
3899.65,17.34,86,0
3899.79,17.35,86,0
3899.92,17.34,86,0
3900.06,17.32,86,0
3900.19,17.32,86,0
3900.33,17.32,86,0
3900.46,17.31,86,0
3900.6,17.31,86,0
3900.73,17.3,86,0
3900.87,17.31,86,0
3901.0,17.29,86,0
3901.14,17.3,86,0
3901.27,17.28,86,0
3901.41,17.27,86,0
3901.54,17.28,86,0
3901.68,17.28,86,0
3901.81,17.27,86,0
3901.95,17.26,86,0
3902.08,17.25,86,0
3902.22,17.25,86,0
3902.35,17.25,86,0
3902.49,17.24,86,0
3902.62,17.27,86,0
3902.76,17.21,86,0
3902.89,17.22,86,0
3903.03,17.22,86,0
3903.16,17.21,86,0
3903.3,17.22,86,0
3903.43,17.21,86,0
3903.57,17.2,86,0
3903.7,17.2,86,0
3903.84,17.18,86,0
3903.97,17.18,86,0
3904.11,17.17,86,0
3904.24,17.17,86,0
3904.37,17.17,86,0
3904.51,17.17,86,0
3904.65,17.16,86,0
3904.78,17.16,86,0
3904.91,17.15,86,0
3905.05,17.15,86,0
3905.18,17.16,86,0
3905.32,17.14,86,0
3905.45,17.13,86,0
3905.59,17.11,86,0
3905.72,17.12,86,0
3905.86,17.11,86,0
3905.99,17.11,86,0
3906.13,17.11,86,0
3906.26,17.11,86,0
3906.4,17.09,86,0
3906.53,17.06,86,0
3906.67,17.09,86,0
3906.8,17.09,86,0
3906.94,17.07,86,0
3907.07,17.07,86,0
3907.21,17.06,86,0
3907.34,17.05,86,0
3907.48,17.06,86,0
3907.61,17.04,86,0
3907.75,17.03,86,0
3907.88,17.03,86,0
3908.02,17.02,86,0
3908.15,17.02,86,0
3908.29,17.05,86,0
3908.42,17.01,86,0
3908.56,17.01,86,0
3908.69,17.01,86,0
3908.83,17.02,86,0
3908.96,16.99,86,0
3909.1,17.0,86,0
3909.23,16.99,86,0
3909.37,16.99,86,0
3909.5,16.98,86,0
3909.64,17.0,86,0
3909.77,16.98,86,0
3909.91,16.98,86,0
3910.04,16.97,86,0
3910.18,16.97,86,0
3910.31,16.96,86,0
3910.45,16.95,86,0
3910.58,16.95,86,0
3910.72,16.96,86,0
3910.85,16.94,86,0
3910.98,16.95,86,0
3911.12,16.94,86,0
3911.25,16.94,86,0
3911.39,16.92,86,0
3911.52,16.92,86,0
3911.66,16.91,86,0
3911.79,16.92,86,0
3911.93,16.91,86,0
3912.06,16.91,86,0
3912.2,16.88,86,0
3912.33,16.87,86,0
3912.47,16.89,86,0
3912.6,16.88,86,0
3912.74,16.87,86,0
3912.87,16.85,86,0
3913.01,16.9,86,0
3913.14,16.87,86,0
3913.28,16.86,86,0
3913.41,16.86,86,0
3913.55,16.85,86,0
3913.68,16.86,86,0
3913.82,16.84,86,0
3913.95,16.84,86,0
3914.09,16.82,86,0
3914.22,16.85,86,0
3914.36,16.81,86,0
3914.49,16.82,86,0
3914.63,16.83,86,0
3914.76,16.83,86,0
3914.9,16.82,86,0
3915.03,16.81,86,0
3915.17,16.79,86,0
3915.3,16.82,86,0
3915.44,16.81,86,0
3915.57,16.79,86,0
3915.71,16.8,86,0
3915.84,16.8,86,0
3915.98,16.76,86,0
3916.11,16.77,86,0
3916.25,16.74,86,0
3916.38,16.75,86,0
3916.52,16.75,86,0
3916.65,16.77,86,0
3916.79,16.75,86,0
3916.92,16.77,86,0
3917.06,16.74,86,0
3917.19,16.75,86,0
3917.33,16.73,86,0
3917.46,16.73,86,0
3917.59,16.72,86,0
3917.73,16.72,86,0
3917.86,16.72,86,0
3918.0,16.73,86,0
3918.13,16.74,86,0
3918.27,16.69,86,0
3918.4,16.69,86,0
3918.54,16.7,86,0
3918.67,16.7,86,0
3918.81,16.72,86,0
3918.94,16.71,86,0
3919.08,16.69,86,0
3919.21,16.67,86,0
3919.35,16.68,86,0
3919.48,16.66,86,0
3919.62,16.69,86,0
3919.75,16.68,86,0
3919.89,16.66,86,0
3920.02,16.68,86,0
3920.16,16.66,86,0
3920.29,16.65,86,0
3920.43,16.64,86,0
3920.56,16.64,86,0
3920.7,16.65,86,0
3920.83,16.65,86,0
3920.97,16.64,86,0
3921.1,16.64,86,0
3921.24,16.64,86,0
3921.37,16.64,86,0
3921.51,16.63,86,0
3921.64,16.62,86,0
3921.78,16.63,86,0
3921.91,16.61,86,0
3922.05,16.61,86,0
3922.18,16.6,86,0
3922.32,16.61,86,0
3922.45,16.6,86,0
3922.59,16.6,86,0
3922.72,16.6,86,0
3922.86,16.59,86,0
3922.99,16.6,86,0
3923.13,16.58,86,0
3923.26,16.58,86,0
3923.39,16.57,86,0
3923.53,16.58,86,0
3923.66,16.57,86,0
3923.8,16.56,86,0
3923.93,16.55,86,0
3924.07,16.56,86,0
3924.2,16.56,86,0
3924.34,16.55,86,0
3924.47,16.54,86,0
3924.61,16.55,86,0
3924.75,16.53,86,0
3924.88,16.54,86,0
3925.01,16.54,86,0
3925.15,16.54,86,0
3925.28,16.53,86,0
3925.42,16.54,86,0
3925.55,16.51,86,0
3925.69,16.52,86,0
3925.82,16.5,86,0
3925.96,16.51,86,0
3926.09,16.52,86,0
3926.23,16.51,86,0
3926.36,16.51,86,0
3926.5,16.51,86,0
3926.63,16.48,86,0
3926.77,16.48,86,0
3926.9,16.48,86,0
3927.04,16.48,86,0
3927.17,16.49,86,0
3927.31,16.48,86,0
3927.44,16.49,86,0
3927.58,16.47,86,0
3927.71,16.47,86,0
3927.85,16.47,86,0
3927.98,16.46,86,0
3928.12,16.45,86,0
3928.25,16.45,86,0
3928.39,16.46,86,0
3928.52,16.46,86,0
3928.66,16.44,86,0
3928.79,16.43,86,0
3928.93,16.44,86,0
3929.06,16.42,86,0
3929.2,16.43,86,0
3929.33,16.43,86,0
3929.46,16.42,86,0
3929.6,16.42,86,0
3929.74,16.42,86,0
3929.87,16.41,86,0
3930.0,16.42,86,0
3930.14,16.4,86,0
3930.27,16.43,86,0
3930.41,16.39,86,0
3930.54,16.4,86,0
3930.68,16.38,86,0
3930.81,16.38,86,0
3930.95,16.39,86,0
3931.08,16.39,86,0
3931.22,16.39,86,0
3931.35,16.39,86,0
3931.49,16.39,86,0
3931.62,16.37,86,0
3931.76,16.37,86,0
3931.89,16.37,86,0
3932.03,16.37,86,0
3932.16,16.38,86,0
3932.3,16.36,86,0
3932.43,16.35,86,0
3932.57,16.36,86,0
3932.7,16.35,86,0
3932.84,16.35,86,0
3932.97,16.34,86,0
3933.11,16.36,86,0
3933.24,16.33,86,0
3933.38,16.33,86,0
3933.51,16.34,86,0
3933.65,16.33,86,0
3933.78,16.32,86,0
3933.92,16.33,86,0
3934.05,16.32,86,0
3934.19,16.33,86,0
3934.32,16.31,86,0
3934.46,16.33,86,0
3934.59,16.29,86,0
3934.73,16.31,86,0
3934.86,16.31,86,0
3935.0,16.3,86,0
3935.13,16.29,86,0
3935.27,16.32,86,0
3935.4,16.29,86,0
3935.54,16.29,86,0
3935.67,16.27,86,0
3935.81,16.28,86,0
3935.94,16.3,86,0
3936.07,16.27,86,0
3936.21,16.26,86,0
3936.34,16.27,86,0
3936.48,16.26,86,0
3936.61,16.26,86,0
3936.75,16.27,86,0
3936.88,16.27,86,0
3937.02,16.26,86,0
3937.15,16.26,86,0
3937.29,16.24,86,0
3937.42,16.24,86,0
3937.56,16.25,86,0
3937.69,16.22,86,0
3937.83,16.23,86,0
3937.96,16.23,86,0
3938.1,16.23,86,0
3938.23,16.22,86,0
3938.37,16.21,86,0
3938.5,16.23,86,0
3938.64,16.23,86,0
3938.77,16.21,86,0
3938.91,16.23,86,0
3939.04,16.24,86,0
3939.18,16.21,86,0
3939.31,16.21,86,0
3939.45,16.2,86,0
3939.58,16.21,86,0
3939.72,16.21,86,0
3939.85,16.2,86,0
3939.99,16.2,86,0
3940.12,16.19,86,0
3940.26,16.18,86,0
3940.39,16.19,86,0
3940.53,16.18,86,0
3940.66,16.17,86,0
3940.8,16.18,86,0
3940.93,16.17,86,0
3941.07,16.16,86,0
3941.2,16.16,86,0
3941.34,16.15,86,0
3941.47,16.16,86,0
3941.61,16.17,86,0
3941.74,16.16,86,0
3941.88,16.15,86,0
3942.01,16.15,86,0
3942.15,16.15,86,0
3942.28,16.16,86,0
3942.42,16.13,86,0
3942.55,16.14,86,0
3942.68,16.14,86,0
3942.82,16.14,86,0
3942.96,16.13,86,0
3943.09,16.13,86,0
3943.22,16.14,86,0
3943.36,16.12,86,0
3943.49,16.11,86,0
3943.63,16.13,86,0
3943.76,16.12,86,0
3943.9,16.12,86,0
3944.03,16.11,86,0
3944.17,16.11,86,0
3944.3,16.1,86,0
3944.44,16.11,86,0
3944.57,16.11,86,0
3944.71,16.1,86,0
3944.84,16.1,86,0
3944.98,16.11,86,0
3945.11,16.09,86,0
3945.25,16.09,86,0
3945.38,16.1,86,0
3945.52,16.08,86,0
3945.65,16.08,86,0
3945.79,16.07,86,0
3945.92,16.08,86,0
3946.06,16.09,86,0
3946.19,16.08,86,0
3946.33,16.07,86,0
3946.46,16.07,86,0
3946.6,16.06,86,0
3946.73,16.08,86,0
3946.87,16.06,86,0
3947.0,16.05,86,0
3947.14,16.05,86,0
3947.27,16.06,86,0
3947.41,16.07,86,0
3947.54,16.04,86,0
3947.68,16.05,86,0
3947.81,16.05,86,0
3947.94,16.04,86,0
3948.08,16.04,86,0
3948.22,16.04,86,0
3948.35,16.02,86,0
3948.48,16.03,86,0
3948.62,16.02,86,0
3948.75,16.01,86,0
3948.89,16.02,86,0
3949.02,16.03,86,0
3949.16,16.02,86,0
3949.29,16.02,86,0
3949.43,16.01,86,0
3949.56,16.01,86,0
3949.7,16.01,86,0
3949.83,16.01,86,0
3949.97,16.01,86,0
3950.1,16.01,86,0
3950.24,15.99,86,0
3950.37,16.0,86,0
3950.51,16.0,86,0
3950.64,15.98,86,0
3950.78,15.99,86,0
3950.91,16.0,86,0
3951.05,15.98,86,0
3951.18,15.99,86,0
3951.32,15.99,86,0
3951.45,15.98,86,0
3951.59,15.96,86,0
3951.72,15.96,86,0
3951.86,15.97,86,0
3951.99,15.97,86,0
3952.13,15.96,86,0
3952.26,15.96,86,0
3952.4,15.96,86,0
3952.53,15.96,86,0
3952.67,15.96,86,0
3952.8,15.96,86,0
3952.94,15.97,86,0
3953.07,15.94,86,0
3953.21,15.95,86,0
3953.34,15.95,86,0
3953.48,15.95,86,0
3953.61,15.95,86,0
3953.75,15.94,86,0
3953.88,15.92,86,0
3954.02,15.92,86,0
3954.15,15.93,86,0
3954.29,15.91,86,0
3954.42,15.94,86,0
3954.55,15.93,86,0
3954.69,15.94,86,0
3954.83,15.91,86,0
3954.96,15.92,86,0
3955.09,15.91,86,0
3955.23,15.92,86,0
3955.36,15.91,86,0
3955.5,15.91,86,0
3955.63,15.9,86,0
3955.77,15.9,86,0
3955.9,15.9,86,0
3956.04,15.89,86,0
3956.17,15.9,86,0
3956.31,15.9,86,0
3956.44,15.91,86,0
3956.58,15.9,86,0
3956.71,15.89,86,0
3956.85,15.89,86,0
3956.98,15.88,86,0
3957.12,15.89,86,0
3957.25,15.88,86,0
3957.39,15.89,86,0
3957.52,15.87,86,0
3957.66,15.88,86,0
3957.79,15.87,86,0
3957.93,15.88,86,0
3958.06,15.86,86,0
3958.2,15.86,86,0
3958.33,15.87,86,0
3958.47,15.86,86,0
3958.6,15.86,86,0
3958.74,15.86,86,0
3958.87,15.85,86,0
3959.01,15.87,86,0
3959.14,15.84,86,0
3959.28,15.84,86,0
3959.41,15.85,86,0
3959.55,15.85,86,0
3959.68,15.84,86,0
3959.82,15.85,86,0
3959.95,15.82,86,0
3960.09,15.84,86,0
3960.22,15.83,86,0
3960.36,15.8,86,0
3960.49,15.82,86,0
3960.63,15.82,86,0
3960.76,15.82,86,0
3960.9,15.82,86,0
3961.03,15.8,86,0
3961.16,15.81,86,0
3961.3,15.81,86,0
3961.44,15.81,86,0
3961.57,15.81,86,0
3961.7,15.79,86,0
3961.84,15.8,86,0
3961.97,15.79,86,0
3962.11,15.79,86,0
3962.25,15.8,86,0
3962.38,15.79,86,0
3962.51,15.79,86,0
3962.65,15.8,86,0
3962.78,15.79,86,0
3962.92,15.78,86,0
3963.05,15.78,86,0
3963.19,15.78,86,0
3963.32,15.76,86,0
3963.46,15.77,86,0
3963.59,15.77,86,0
3963.73,15.78,86,0
3963.86,15.77,86,0
3964.0,15.77,86,0
3964.13,15.73,86,0
3964.27,15.76,86,0
3964.4,15.76,86,0
3964.54,15.75,86,0
3964.67,15.74,86,0
3964.81,15.76,86,0
3964.94,15.75,86,0
3965.08,15.75,86,0
3965.21,15.74,86,0
3965.35,15.74,86,0
3965.48,15.72,86,0
3965.62,15.73,86,0
3965.75,15.72,86,0
3965.89,15.74,86,0
3966.02,15.73,86,0
3966.16,15.72,86,0
3966.29,15.73,86,0
3966.43,15.72,86,0
3966.56,15.73,86,0
3966.7,15.73,86,0
3966.83,15.72,86,0
3966.96,15.72,86,0
3967.1,15.74,86,0
3967.24,15.72,86,0
3967.37,15.73,86,0
3967.5,15.71,86,0
3967.64,15.71,86,0
3967.77,15.7,86,0
3967.91,15.7,86,0
3968.04,15.7,86,0
3968.18,15.71,86,0
3968.31,15.7,86,0
3968.45,15.7,86,0
3968.58,15.69,86,0
3968.72,15.7,86,0
3968.85,15.7,86,0
3968.99,15.68,86,0
3969.12,15.7,86,0
3969.26,15.7,86,0
3969.39,15.67,86,0
3969.53,15.68,86,0
3969.66,15.67,86,0
3969.8,15.67,86,0
3969.93,15.67,86,0
3970.07,15.67,86,0
3970.2,15.66,86,0
3970.34,15.66,86,0
3970.47,15.66,86,0
3970.61,15.66,86,0
3970.74,15.66,86,0
3970.88,15.66,86,0
3971.01,15.65,86,0
3971.15,15.65,86,0
3971.28,15.65,86,0
3971.42,15.65,86,0
3971.55,15.65,86,0
3971.69,15.65,86,0
3971.82,15.66,86,0
3971.96,15.65,86,0
3972.09,15.62,86,0
3972.23,15.65,86,0
3972.36,15.63,86,0
3972.5,15.65,86,0
3972.63,15.63,86,0
3972.77,15.62,86,0
3972.9,15.64,86,0
3973.04,15.62,86,0
3973.17,15.63,86,0
3973.31,15.63,86,0
3973.44,15.64,86,0
3973.58,15.62,86,0
3973.71,15.62,86,0
3973.85,15.62,86,0
3973.98,15.61,86,0
3974.11,15.6,86,0
3974.25,15.59,86,0
3974.38,15.6,86,0
3974.52,15.59,86,0
3974.65,15.59,86,0
3974.79,15.6,86,0
3974.92,15.6,86,0
3975.06,15.6,86,0
3975.19,15.6,86,0
3975.33,15.59,86,0
3975.46,15.59,86,0
3975.6,15.6,86,0
3975.73,15.59,86,0
3975.87,15.58,86,0
3976.0,15.59,86,0
3976.14,15.56,86,0
3976.27,15.59,86,0
3976.41,15.57,86,0
3976.54,15.57,86,0
3976.68,15.59,86,0
3976.81,15.58,86,0
3976.95,15.59,86,0
3977.08,15.57,86,0
3977.22,15.57,86,0
3977.35,15.56,86,0
3977.49,15.56,86,0
3977.62,15.57,86,0
3977.76,15.57,86,0
3977.89,15.57,86,0
3978.03,15.56,86,0
3978.16,15.55,86,0
3978.3,15.55,86,0
3978.43,15.55,86,0
3978.57,15.56,86,0
3978.7,15.55,86,0
3978.84,15.56,86,0
3978.97,15.54,86,0
3979.11,15.55,86,0
3979.24,15.56,86,0
3979.38,15.54,86,0
3979.51,15.54,86,0
3979.65,15.54,86,0
3979.78,15.54,86,0
3979.92,15.53,86,0
3980.05,15.52,86,0
3980.18,15.53,86,0
3980.32,15.54,86,0
3980.45,15.5,86,0
3980.59,15.5,86,0
3980.72,15.54,86,0
3980.86,15.51,86,0
3981.0,15.52,86,0
3981.13,15.51,86,0
3981.26,15.51,86,0
3981.4,15.51,86,0
3981.53,15.5,86,0
3981.67,15.49,86,0
3981.8,15.5,86,0
3981.94,15.51,86,0
3982.07,15.5,86,0
3982.21,15.49,86,0
3982.34,15.49,86,0
3982.48,15.49,86,0
3982.61,15.49,86,0
3982.75,15.5,86,0
3982.88,15.49,86,0
3983.02,15.49,86,0
3983.15,15.49,86,0
3983.29,15.49,86,0
3983.42,15.48,86,0
3983.56,15.47,86,0
3983.69,15.49,86,0
3983.83,15.48,86,0
3983.96,15.48,86,0
3984.1,15.48,86,0
3984.23,15.49,86,0
3984.37,15.48,86,0
3984.5,15.47,86,0
3984.64,15.48,86,0
3984.77,15.47,86,0
3984.91,15.46,86,0
3985.04,15.47,86,0
3985.18,15.47,86,0
3985.31,15.46,86,0
3985.45,15.46,86,0
3985.58,15.45,86,0
3985.72,15.45,86,0
3985.85,15.44,86,0
3985.99,15.45,86,0
3986.12,15.45,86,0
3986.25,15.46,86,0
3986.39,15.45,86,0
3986.53,15.45,86,0
3986.66,15.45,86,0
3986.79,15.44,86,0
3986.93,15.45,86,0
3987.06,15.45,86,0
3987.2,15.45,86,0
3987.33,15.43,86,0
3987.47,15.43,86,0
3987.6,15.43,86,0
3987.74,15.43,86,0
3987.87,15.43,86,0
3988.01,15.43,86,0
3988.14,15.44,86,0
3988.28,15.42,86,0
3988.41,15.43,86,0
3988.55,15.43,86,0
3988.68,15.42,86,0
3988.82,15.43,86,0
3988.95,15.42,86,0
3989.09,15.41,86,0
3989.22,15.41,86,0
3989.36,15.42,86,0
3989.49,15.41,86,0
3989.63,15.41,86,0
3989.76,15.41,86,0
3989.9,15.4,86,0
3990.03,15.41,86,0
3990.17,15.41,86,0
3990.3,15.4,86,0
3990.44,15.4,86,0
3990.57,15.4,86,0
3990.71,15.4,86,0
3990.84,15.39,86,0
3990.98,15.4,86,0
3991.11,15.41,86,0
3991.25,15.39,86,0
3991.38,15.37,86,0
3991.52,15.37,86,0
3991.65,15.4,86,0
3991.79,15.39,86,0
3991.92,15.38,86,0
3992.06,15.39,86,0
3992.19,15.38,86,0
3992.33,15.37,86,0
3992.46,15.38,86,0
3992.6,15.38,86,0
3992.73,15.37,86,0
3992.86,15.38,86,0
3993.0,15.38,86,0
3993.13,15.36,86,0
3993.27,15.37,86,0
3993.4,15.38,86,0
3993.54,15.37,86,0
3993.67,15.37,86,0
3993.81,15.36,86,0
3993.94,15.36,86,0
3994.08,15.37,86,0
3994.21,15.36,86,0
3994.35,15.35,86,0
3994.48,15.36,86,0
3994.62,15.35,86,0
3994.75,15.35,86,0
3994.89,15.36,86,0
3995.02,15.34,86,0
3995.16,15.34,86,0
3995.29,15.36,86,0
3995.43,15.35,86,0
3995.56,15.35,86,0
3995.7,15.34,86,0
3995.83,15.34,86,0
3995.97,15.35,86,0
3996.1,15.34,86,0
3996.24,15.34,86,0
3996.37,15.35,86,0
3996.51,15.32,86,0
3996.64,15.33,86,0
3996.78,15.34,86,0
3996.91,15.32,86,0
3997.05,15.34,86,0
3997.18,15.33,86,0
3997.32,15.33,86,0
3997.45,15.32,86,0
3997.59,15.33,86,0
3997.72,15.32,86,0
3997.86,15.31,86,0
3997.99,15.32,86,0
3998.13,15.3,86,0
3998.26,15.31,86,0
3998.4,15.32,86,0
3998.53,15.32,86,0
3998.66,15.29,86,0
3998.8,15.29,86,0
3998.94,15.3,86,0
3999.07,15.32,86,0
3999.2,15.3,86,0
3999.34,15.3,86,0
3999.47,15.3,86,0
3999.61,15.34,86,0
3999.75,15.31,86,0
3999.88,15.29,86,0
4000.01,15.3,86,0
4000.15,15.33,86,0
4000.28,15.32,86,0
4000.42,15.29,86,0
4000.55,15.29,86,0
4000.69,15.32,86,0
4000.82,15.29,86,0
4000.96,15.29,86,0
4001.09,15.25,86,0
4001.23,15.28,86,0
4001.36,15.24,86,0
4001.5,15.27,86,0
4001.63,15.27,86,0
4001.77,15.28,86,0
4001.9,15.27,86,0
4002.04,15.29,86,0
4002.17,15.29,86,0
4002.31,15.26,86,0
4002.44,15.26,86,0
4002.58,15.29,86,0
4002.71,15.3,86,0
4002.85,15.26,86,0
4002.98,15.26,86,0
4003.12,15.25,86,0
4003.25,15.26,86,0
4003.39,15.27,86,0
4003.52,15.28,86,0
4003.66,15.26,86,0
4003.79,15.26,86,0
4003.93,15.26,86,0
4004.06,15.25,86,0
4004.2,15.25,86,0
4004.33,15.25,86,0
4004.47,15.25,86,0
4004.6,15.24,86,0
4004.74,15.25,86,0
4004.87,15.25,86,0
4005.01,15.25,86,0
4005.14,15.25,86,0
4005.27,15.25,86,0
4005.41,15.26,86,0
4005.54,15.26,86,0
4005.68,15.28,86,0
4005.81,15.27,86,0
4005.95,15.24,86,0
4006.08,15.25,86,0
4006.22,15.24,86,0
4006.35,15.26,86,0
4006.49,15.22,86,0
4006.62,15.23,86,0
4006.76,15.24,86,0
4006.89,15.22,86,0
4007.03,15.23,86,0
4007.16,15.24,86,0
4007.3,15.22,86,0
4007.43,15.23,86,0
4007.57,15.23,86,0
4007.7,15.21,86,0
4007.84,15.23,86,0
4007.97,15.23,86,0
4008.11,15.22,86,0
4008.24,15.21,86,0
4008.38,15.2,86,0
4008.51,15.21,86,0
4008.65,15.19,86,0
4008.78,15.23,86,0
4008.92,15.22,86,0
4009.05,15.21,86,0
4009.19,15.22,86,0
4009.32,15.21,86,0
4009.46,15.22,86,0
4009.59,15.2,86,0
4009.73,15.21,86,0
4009.86,15.2,86,0
4010.0,15.19,86,0
4010.13,15.21,86,0
4010.27,15.21,86,0
4010.4,15.2,86,0
4010.54,15.2,86,0
4010.67,15.21,86,0
4010.81,15.19,86,0
4010.94,15.22,86,0
4011.08,15.2,86,0
4011.21,15.2,86,0
4011.34,15.2,86,0
4011.48,15.2,86,0
4011.62,15.18,86,0
4011.75,15.2,86,0
4011.88,15.19,86,0
4012.02,15.2,86,0
4012.15,15.21,86,0
4012.29,15.21,86,0
4012.42,15.18,86,0
4012.56,15.18,86,0
4012.69,15.19,86,0
4012.83,15.2,86,0
4012.96,15.17,86,0
4013.1,15.17,86,0
4013.23,15.19,86,0
4013.37,15.18,86,0
4013.5,15.16,86,0
4013.64,15.18,86,0
4013.77,15.17,86,0
4013.91,15.18,86,0
4014.04,15.18,86,0
4014.18,15.17,86,0
4014.31,15.19,86,0
4014.45,15.19,86,0
4014.58,15.18,86,0
4014.72,15.17,86,0
4014.85,15.15,86,0
4014.99,15.17,86,0
4015.12,15.17,86,0
4015.26,15.18,86,0
4015.39,15.17,86,0
4015.53,15.15,86,0
4015.66,15.16,86,0
4015.8,15.16,86,0
4015.93,15.17,86,0
4016.07,15.14,86,0
4016.2,15.15,86,0
4016.34,15.16,86,0
4016.47,15.14,86,0
4016.61,15.15,86,0
4016.74,15.15,86,0
4016.88,15.16,86,0
4017.01,15.14,86,0
4017.15,15.15,86,0
4017.28,15.15,86,0
4017.42,15.15,86,0
4017.55,15.15,86,0
4017.69,15.15,86,0
4017.82,15.15,86,0
4017.95,15.17,86,0
4018.09,15.15,86,0
4018.23,15.14,86,0
4018.36,15.14,86,0
4018.5,15.13,86,0
4018.63,15.12,86,0
4018.76,15.13,86,0
4018.9,15.13,86,0
4019.03,15.11,86,0
4019.17,15.13,86,0
4019.3,15.13,86,0
4019.44,15.12,86,0
4019.57,15.12,86,0
4019.71,15.13,86,0
4019.84,15.14,86,0
4019.98,15.12,86,0
4020.11,15.12,86,0
4020.25,15.12,86,0
4020.38,15.13,86,0
4020.52,15.12,86,0
4020.65,15.12,86,0
4020.79,15.11,86,0
4020.92,15.11,86,0
4021.06,15.1,86,0
4021.19,15.11,86,0
4021.33,15.12,86,0
4021.46,15.1,86,0
4021.6,15.1,86,0
4021.73,15.12,86,0
4021.87,15.11,86,0
4022.0,15.1,86,0
4022.14,15.11,86,0
4022.27,15.11,86,0
4022.41,15.11,86,0
4022.54,15.11,86,0
4022.68,15.12,86,0
4022.81,15.1,86,0
4022.95,15.13,86,0
4023.08,15.1,86,0
4023.22,15.1,86,0
4023.35,15.1,86,0
4023.49,15.12,86,0
4023.62,15.09,86,0
4023.76,15.1,86,0
4023.89,15.09,86,0
4024.03,15.09,86,0
4024.16,15.1,86,0
4024.3,15.09,86,0
4024.43,15.12,86,0
4024.56,15.1,86,0
4024.7,15.09,86,0
4024.84,15.09,86,0
4024.97,15.08,86,0
4025.1,15.08,86,0
4025.24,15.08,86,0
4025.37,15.09,86,0
4025.51,15.09,86,0
4025.64,15.09,86,0
4025.78,15.08,86,0
4025.91,15.07,86,0
4026.05,15.09,86,0
4026.18,15.08,86,0
4026.32,15.08,86,0
4026.45,15.09,86,0
4026.59,15.09,86,0
4026.72,15.08,86,0
4026.86,15.1,86,0
4026.99,15.08,86,0
4027.13,15.08,86,0
4027.26,15.06,86,0
4027.4,15.08,86,0
4027.53,15.08,86,0
4027.67,15.06,86,0
4027.8,15.07,86,0
4027.94,15.08,86,0
4028.07,15.07,86,0
4028.21,15.06,86,0
4028.34,15.08,86,0
4028.48,15.08,86,0
4028.61,15.07,86,0
4028.75,15.07,86,0
4028.88,15.06,86,0
4029.02,15.09,86,0
4029.15,15.08,86,0
4029.29,15.06,86,0
4029.42,15.06,86,0
4029.56,15.06,86,0
4029.69,15.07,86,0
4029.83,15.07,86,0
4029.96,15.06,86,0
4030.1,15.08,86,0
4030.23,15.06,86,0
4030.37,15.06,86,0
4030.5,15.05,86,0
4030.64,15.05,86,0
4030.77,15.06,86,0
4030.91,15.04,86,0
4031.04,15.05,86,0
4031.17,15.06,86,0
4031.31,15.04,86,0
4031.45,15.06,86,0
4031.58,15.04,86,0
4031.71,15.05,86,0
4031.85,15.06,86,0
4031.98,15.04,86,0
4032.12,15.04,86,0
4032.25,15.05,86,0
4032.39,15.05,86,0
4032.52,15.05,86,0
4032.66,15.05,86,0
4032.79,15.05,86,0
4032.93,15.05,86,0
4033.06,15.04,86,0
4033.2,15.04,86,0
4033.33,15.04,86,0
4033.47,15.04,86,0
4033.6,15.04,86,0
4033.74,15.03,86,0
4033.87,15.04,86,0
4034.01,15.04,86,0
4034.14,15.04,86,0
4034.28,15.03,86,0
4034.41,15.05,86,0
4034.55,15.03,86,0
4034.68,15.03,86,0
4034.82,15.02,86,0
4034.95,15.02,86,0
4035.09,15.03,86,0
4035.22,15.02,86,0
4035.36,15.02,86,0
4035.49,15.03,86,0
4035.63,15.03,86,0
4035.76,15.03,86,0
4035.9,15.04,86,0
4036.03,15.02,86,0
4036.17,15.02,86,0
4036.3,15.02,86,0
4036.43,15.03,86,0
4036.57,15.02,86,0
4036.71,15.01,86,0
4036.84,15.02,86,0
4036.97,15.02,86,0
4037.11,15.01,86,0
4037.25,15.02,86,0
4037.38,15.01,86,0
4037.51,15.02,86,0
4037.65,15.01,86,0
4037.78,15.01,86,0
4037.92,15.02,86,0
4038.05,15.01,86,0
4038.19,15.01,86,0
4038.32,15.03,86,0
4038.46,15.02,86,0
4038.59,15.01,86,0
4038.73,15.0,86,0
4038.86,15.0,86,0
4039.0,15.0,86,0
4039.13,15.02,86,0
4039.27,15.03,86,0
4039.4,14.98,86,0
4039.54,15.01,86,0
4039.67,15.01,86,0
4039.81,15.0,86,0
4039.94,14.98,86,0
4040.08,15.01,86,0
4040.21,15.0,86,0
4040.35,15.0,86,0
4040.48,15.0,86,0
4040.62,15.0,86,0
4040.75,14.99,86,0
4040.89,14.99,86,0
4041.02,14.99,86,0
4041.16,15.0,86,0
4041.29,14.98,86,0
4041.43,14.99,86,0
4041.56,15.0,86,0
4041.7,14.99,86,0
4041.83,14.99,86,0
4041.97,14.99,86,0
4042.1,14.98,86,0
4042.24,15.0,86,0
4042.37,14.99,86,0
4042.51,14.98,86,0
4042.64,14.98,86,0
4042.78,15.0,86,0
4042.91,14.99,86,0
4043.04,14.98,86,0
4043.18,14.99,86,0
4043.32,14.97,86,0
4043.45,14.99,86,0
4043.58,14.99,86,0
4043.72,14.97,86,0
4043.85,14.97,86,0
4043.99,14.98,86,0
4044.12,14.98,86,0
4044.26,14.98,86,0
4044.39,14.97,86,0
4044.53,14.97,86,0
4044.66,14.97,86,0
4044.8,14.98,86,0
4044.93,14.97,86,0
4045.07,14.98,86,0
4045.2,14.98,86,0
4045.34,14.97,86,0
4045.47,14.97,86,0
4045.61,14.97,86,0
4045.74,14.96,86,0
4045.88,14.97,86,0
4046.01,14.96,86,0
4046.15,14.96,86,0
4046.28,14.96,86,0
4046.42,14.96,86,0
4046.55,14.96,86,0
4046.69,14.97,86,0
4046.82,14.96,86,0
4046.96,14.96,86,0
4047.09,14.96,86,0
4047.23,14.98,86,0
4047.36,14.97,86,0
4047.5,14.97,86,0
4047.63,14.96,86,0
4047.77,14.96,86,0
4047.9,14.97,86,0
4048.04,14.96,86,0
4048.17,14.96,86,0
4048.31,14.96,86,0
4048.44,14.96,86,0
4048.58,14.97,86,0
4048.71,14.96,86,0
4048.84,14.95,86,0
4048.98,14.96,86,0
4049.12,14.95,86,0
4049.25,14.95,86,0
4049.38,14.94,86,0
4049.52,14.95,86,0
4049.65,14.96,86,0
4049.79,14.95,86,0
4049.92,14.95,86,0
4050.06,14.95,86,0
4050.19,14.95,86,0
4050.33,14.95,86,0
4050.46,14.94,86,0
4050.6,14.94,86,0
4050.73,14.95,86,0
4050.87,14.94,86,0
4051.0,14.94,86,0
4051.14,14.94,86,0
4051.27,14.95,86,0
4051.41,14.94,86,0
4051.54,14.94,86,0
4051.68,14.95,86,0
4051.81,14.94,86,0
4051.95,14.93,86,0
4052.08,14.95,86,0
4052.22,14.95,86,0
4052.35,14.95,86,0
4052.49,14.94,86,0
4052.62,14.94,86,0
4052.76,14.92,86,0
4052.89,14.93,86,0
4053.03,14.93,86,0
4053.16,14.93,86,0
4053.3,14.94,86,0
4053.43,14.94,86,0
4053.57,14.94,86,0
4053.7,14.94,86,0
4053.84,14.9,86,0
4053.97,14.92,86,0
4054.11,14.92,86,0
4054.24,14.91,86,0
4054.38,14.93,86,0
4054.51,14.94,86,0
4054.65,14.93,86,0
4054.78,14.94,86,0
4054.92,14.93,86,0
4055.05,14.92,86,0
4055.19,14.9,86,0
4055.32,14.95,86,0
4055.45,14.93,86,0
4055.59,14.92,86,0
4055.73,14.92,86,0
4055.86,14.92,86,0
4056.0,14.92,86,0
4056.13,14.93,86,0
4056.26,14.91,86,0
4056.4,14.92,86,0
4056.53,14.92,86,0
4056.67,14.92,86,0
4056.8,14.92,86,0
4056.94,14.92,86,0
4057.07,14.94,86,0
4057.21,14.91,86,0
4057.34,14.91,86,0
4057.48,14.91,86,0
4057.61,14.9,86,0
4057.75,14.91,86,0
4057.88,14.9,86,0
4058.02,14.92,86,0
4058.15,14.93,86,0
4058.29,14.91,86,0
4058.42,14.9,86,0
4058.56,14.91,86,0
4058.69,14.91,86,0
4058.83,14.91,86,0
4058.96,14.9,86,0
4059.1,14.9,86,0
4059.23,14.9,86,0
4059.37,14.91,86,0
4059.5,14.91,86,0
4059.64,14.91,86,0
4059.77,14.91,86,0
4059.91,14.91,86,0
4060.04,14.91,86,0
4060.18,14.9,86,0
4060.31,14.88,86,0
4060.45,14.9,86,0
4060.58,14.88,86,0
4060.72,14.9,86,0
4060.85,14.9,86,0
4060.99,14.9,86,0
4061.12,14.9,86,0
4061.25,14.91,86,0
4061.39,14.9,86,0
4061.53,14.89,86,0
4061.66,14.88,86,0
4061.79,14.9,86,0
4061.93,14.89,86,0
4062.06,14.89,86,0
4062.2,14.89,86,0
4062.33,14.89,86,0
4062.47,14.89,86,0
4062.6,14.9,86,0
4062.74,14.87,86,0
4062.87,14.89,86,0
4063.01,14.9,86,0
4063.14,14.9,86,0
4063.28,14.9,86,0
4063.41,14.89,86,0
4063.55,14.87,86,0
4063.68,14.88,86,0
4063.82,14.91,86,0
4063.95,14.88,86,0
4064.09,14.88,86,0
4064.22,14.9,86,0
4064.36,14.88,86,0
4064.49,14.87,86,0
4064.63,14.89,86,0
4064.76,14.87,86,0
4064.9,14.89,86,0
4065.03,14.89,86,0
4065.17,14.87,86,0
4065.3,14.88,86,0
4065.44,14.87,86,0
4065.57,14.89,86,0
4065.71,14.86,86,0
4065.84,14.88,86,0
4065.98,14.89,86,0
4066.11,14.87,86,0
4066.25,14.89,86,0
4066.38,14.89,86,0
4066.52,14.86,86,0
4066.65,14.89,86,0
4066.79,14.89,86,0
4066.92,14.89,86,0
4067.06,14.86,86,0
4067.19,14.89,86,0
4067.32,14.87,86,0
4067.46,14.86,86,0
4067.6,14.85,86,0
4067.73,14.87,86,0
4067.87,14.88,86,0
4068.0,14.89,86,0
4068.13,14.86,86,0
4068.27,14.84,86,0
4068.4,14.87,86,0
4068.54,14.86,86,0
4068.67,14.88,86,0
4068.81,14.87,86,0
4068.94,14.85,86,0
4069.08,14.89,86,0
4069.21,14.85,86,0
4069.35,14.88,86,0
4069.48,14.85,86,0
4069.62,14.87,86,0
4069.75,14.85,86,0
4069.89,14.84,86,0
4070.02,14.86,86,0
4070.16,14.87,86,0
4070.29,14.86,86,0
4070.43,14.87,86,0
4070.56,14.84,86,0
4070.7,14.85,86,0
4070.83,14.86,86,0
4070.97,14.86,86,0
4071.1,14.83,86,0
4071.24,14.88,86,0
4071.37,14.86,86,0
4071.51,14.84,86,0
4071.64,14.86,86,0
4071.78,14.83,86,0
4071.91,14.87,86,0
4072.05,14.86,86,0
4072.18,14.88,86,0
4072.32,14.87,86,0
4072.45,14.86,86,0
4072.59,14.85,86,0
4072.72,14.85,86,0
4072.86,14.86,86,0
4072.99,14.86,86,0
4073.13,14.84,86,0
4073.26,14.84,86,0
4073.4,14.87,86,0
4073.53,14.85,86,0
4073.67,14.86,86,0
4073.8,14.85,86,0
4073.93,14.83,86,0
4074.07,14.87,86,0
4074.21,14.84,86,0
4074.34,14.86,86,0
4074.47,14.85,86,0
4074.61,14.85,86,0
4074.75,14.85,86,0
4074.88,14.83,86,0
4075.01,14.85,86,0
4075.15,14.82,86,0
4075.28,14.84,86,0
4075.42,14.84,86,0
4075.55,14.86,86,0
4075.69,14.83,86,0
4075.82,14.86,86,0
4075.96,14.86,86,0
4076.09,14.87,86,0
4076.23,14.84,86,0
4076.36,14.83,86,0
4076.5,14.83,86,0
4076.63,14.84,86,0
4076.77,14.85,86,0
4076.9,14.82,86,0
4077.04,14.86,86,0
4077.17,14.85,86,0
4077.31,14.82,86,0
4077.44,14.85,86,0
4077.58,14.84,86,0
4077.71,14.83,86,0
4077.85,14.88,86,0
4077.98,14.87,86,0
4078.12,14.89,86,0
4078.25,14.87,86,0
4078.39,14.87,86,0
4078.52,14.88,86,0
4078.66,14.87,86,0
4078.79,14.86,86,0
4078.93,14.88,86,0
4079.06,14.87,86,0
4079.2,14.87,86,0
4079.33,14.89,86,0
4079.47,14.87,86,0
4079.6,14.84,86,0
4079.74,14.87,86,0
4079.87,14.89,86,0
4080.01,14.89,86,0
4080.14,14.85,86,0
4080.28,14.89,86,0
4080.41,14.88,86,0
4080.55,14.9,86,0
4080.68,14.88,86,0
4080.82,14.88,86,0
4080.95,14.88,86,0
4081.09,14.88,86,0
4081.22,14.84,86,0
4081.35,14.84,86,0
4081.49,14.85,86,0
4081.63,14.87,86,0
4081.76,14.88,86,0
4081.89,14.84,86,0
4082.03,14.85,86,0
4082.16,14.86,86,0
4082.3,14.85,86,0
4082.43,14.84,86,0
4082.57,14.88,86,0
4082.7,14.86,86,0
4082.84,14.84,86,0
4082.97,14.86,86,0
4083.11,14.86,86,0
4083.24,14.87,86,0
4083.38,14.84,86,0
4083.51,14.87,86,0
4083.65,14.83,86,0
4083.78,14.87,86,0
4083.92,14.87,86,0
4084.05,14.83,86,0
4084.19,14.85,86,0
4084.32,14.86,86,0
4084.46,14.85,86,0
4084.59,14.86,86,0
4084.73,14.87,86,0
4084.86,14.82,86,0
4085.0,14.86,86,0
4085.13,14.83,86,0
4085.27,14.86,86,0
4085.4,14.86,86,0
4085.54,14.87,86,0
4085.67,14.84,86,0
4085.81,14.86,86,0
4085.94,14.85,86,0
4086.08,14.84,86,0
4086.21,14.83,86,0
4086.35,14.84,86,0
4086.48,14.83,86,0
4086.62,14.86,86,0
4086.75,14.86,86,0
4086.89,14.87,86,0
4087.02,14.82,86,0
4087.16,14.82,86,0
4087.29,14.86,86,0
4087.43,14.84,86,0
4087.56,14.83,86,0
4087.7,14.85,86,0
4087.83,14.87,86,0
4087.96,14.84,86,0
4088.1,14.86,86,0
4088.24,14.84,86,0
4088.37,14.84,86,0
4088.5,14.84,86,0
4088.64,14.83,86,0
4088.77,14.84,86,0
4088.91,14.86,86,0
4089.04,14.83,86,0
4089.18,14.82,86,0
4089.31,14.84,86,0
4089.45,14.84,86,0
4089.58,14.84,86,0
4089.72,14.83,86,0
4089.85,14.85,86,0
4089.99,14.83,86,0
4090.12,14.84,86,0
4090.26,14.83,86,0
4090.39,14.83,86,0
4090.53,14.84,86,0
4090.66,14.85,86,0
4090.8,14.84,86,0
4090.93,14.82,86,0
4091.07,14.84,86,0
4091.2,14.83,86,0
4091.34,14.81,86,0
4091.47,14.83,86,0
4091.61,14.82,86,0
4091.74,14.83,86,0
4091.88,14.82,86,0
4092.01,14.81,86,0
4092.15,14.81,86,0
4092.28,14.81,86,0
4092.42,14.84,86,0
4092.55,14.83,86,0
4092.69,14.82,86,0
4092.82,14.82,86,0
4092.96,14.81,86,0
4093.09,14.82,86,0
4093.23,14.82,86,0
4093.36,14.83,86,0
4093.5,14.82,86,0
4093.63,14.84,86,0
4093.77,14.82,86,0
4093.9,14.83,86,0
4094.03,14.82,86,0
4094.17,14.81,86,0
4094.31,14.83,86,0
4094.44,14.82,86,0
4094.57,14.8,86,0
4094.71,14.81,86,0
4094.84,14.83,86,0
4094.98,14.81,86,0
4095.11,14.82,86,0
4095.25,14.8,86,0
4095.38,14.83,86,0
4095.52,14.82,86,0
4095.65,14.8,86,0
4095.79,14.81,86,0
4095.92,14.82,86,0
4096.06,14.82,86,0
4096.19,14.79,86,0
4096.33,14.8,86,0
4096.46,14.82,86,0
4096.6,14.82,86,0
4096.73,14.82,86,0
4096.87,14.82,86,0
4097.0,14.8,86,0
4097.14,14.8,86,0
4097.27,14.81,86,0
4097.41,14.79,86,0
4097.54,14.81,86,0
4097.68,14.81,86,0
4097.81,14.81,86,0
4097.95,14.82,86,0
4098.08,14.82,86,0
4098.22,14.8,86,0
4098.35,14.81,86,0
4098.49,14.8,86,0
4098.62,14.79,86,0
4098.76,14.81,86,0
4098.89,14.8,86,0
4099.03,14.79,86,0
4099.16,14.8,86,0
4099.3,14.82,86,0
4099.43,14.8,86,0
4099.57,14.82,86,0
4099.7,14.81,86,0
4099.83,14.8,86,0
4099.97,14.79,86,0
4100.11,14.82,86,0
4100.24,14.8,86,0
4100.37,14.8,86,0
4100.51,14.82,86,0
4100.64,14.79,86,0
4100.78,14.78,86,0
4100.91,14.78,86,0
4101.05,14.8,86,0
4101.18,14.8,86,0
4101.32,14.8,86,0
4101.45,14.81,86,0
4101.59,14.8,86,0
4101.72,14.8,86,0
4101.86,14.8,86,0
4101.99,14.81,86,0
4102.13,14.8,86,0
4102.26,14.81,86,0
4102.4,14.79,86,0
4102.53,14.79,86,0
4102.67,14.79,86,0
4102.8,14.81,86,0
4102.94,14.81,86,0
4103.07,14.8,86,0
4103.21,14.8,86,0
4103.34,14.79,86,0
4103.48,14.79,86,0
4103.61,14.79,86,0
4103.75,14.8,86,0
4103.88,14.79,86,0
4104.02,14.78,86,0
4104.15,14.78,86,0
4104.29,14.79,86,0
4104.42,14.77,86,0
4104.56,14.78,86,0
4104.69,14.81,86,0
4104.83,14.8,86,0
4104.96,14.79,86,0
4105.1,14.79,86,0
4105.23,14.79,86,0
4105.37,14.8,86,0
4105.5,14.8,86,0
4105.64,14.77,86,0
4105.77,14.77,86,0
4105.91,14.77,86,0
4106.04,14.77,86,0
4106.18,14.77,86,0
4106.31,14.76,86,0
4106.44,14.77,86,0
4106.58,14.78,86,0
4106.72,14.78,86,0
4106.85,14.79,86,0
4106.98,14.77,86,0
4107.12,14.78,86,0
4107.25,14.79,86,0
4107.39,14.78,86,0
4107.52,14.77,86,0
4107.66,14.77,86,0
4107.79,14.78,86,0
4107.93,14.78,86,0
4108.06,14.78,86,0
4108.2,14.77,86,0
4108.33,14.77,86,0
4108.47,14.74,86,0
4108.6,14.78,86,0
4108.74,14.78,86,0
4108.87,14.76,86,0
4109.01,14.74,86,0
4109.14,14.75,86,0
4109.28,14.78,86,0
4109.41,14.8,86,0
4109.55,14.8,86,0
4109.68,14.79,86,0
4109.82,14.8,86,0
4109.95,14.81,86,0
4110.09,14.8,86,0
4110.22,14.82,86,0
4110.36,14.83,86,0
4110.49,14.79,86,0
4110.63,14.79,86,0
4110.76,14.78,86,0
4110.9,14.77,86,0
4111.03,14.79,86,0
4111.17,14.76,86,0
4111.3,14.77,86,0
4111.44,14.76,86,0
4111.57,14.8,86,0
4111.71,14.78,86,0
4111.84,14.78,86,0
4111.98,14.76,86,0
4112.11,14.79,86,0
4112.25,14.76,86,0
4112.38,14.77,86,0
4112.52,14.8,86,0
4112.65,14.79,86,0
4112.79,14.79,86,0
4112.92,14.78,86,0
4113.06,14.79,86,0
4113.19,14.77,86,0
4113.33,14.75,86,0
4113.46,14.77,86,0
4113.6,14.77,86,0
4113.73,14.75,86,0
4113.86,14.77,86,0
4114.0,14.78,86,0
4114.13,14.79,86,0
4114.27,14.74,86,0
4114.4,14.77,86,0
4114.54,14.76,86,0
4114.67,14.74,86,0
4114.81,14.76,86,0
4114.94,14.77,115,0
4115.08,14.76,115,0
4115.22,14.77,115,0
4115.35,14.75,115,0
4115.49,14.76,115,0
4115.62,14.73,115,0
4115.76,14.73,115,0
4115.9,14.74,115,0
4116.03,14.72,115,0
4116.17,14.7,115,0
4116.3,14.72,115,0
4116.44,14.68,115,0
4116.58,14.69,115,0
4116.71,14.64,115,0
4116.85,14.67,115,0
4116.98,14.63,115,0
4117.12,14.64,115,0
4117.25,14.6,115,0
4117.39,14.6,115,0
4117.53,14.54,115,0
4117.66,14.56,115,0
4117.8,14.53,115,0
4117.93,14.52,115,0
4118.07,14.49,115,0
4118.21,14.47,115,0
4118.34,14.47,115,0
4118.48,14.45,115,0
4118.62,14.42,115,0
4118.75,14.4,115,0
4118.89,14.4,115,0
4119.02,14.37,115,0
4119.16,14.35,115,0
4119.29,14.35,115,0
4119.43,14.33,115,0
4119.57,14.29,115,0
4119.7,14.28,115,0
4119.84,14.29,115,0
4119.97,14.26,115,0
4120.11,14.26,115,0
4120.25,14.22,115,0
4120.38,14.23,115,0
4120.52,14.2,115,0
4120.65,14.2,115,0
4120.79,14.17,115,0
4120.93,14.19,115,0
4121.06,14.15,115,0
4121.2,14.13,115,0
4121.33,14.15,115,0
4121.47,14.11,115,0
4121.6,14.12,115,0
4121.74,14.08,115,0
4121.88,14.1,115,0
4122.01,14.07,115,0
4122.15,14.07,115,0
4122.29,14.04,115,0
4122.42,14.07,115,0
4122.56,14.02,115,0
4122.69,14.04,115,0
4122.83,14.01,115,0
4122.96,13.98,115,0
4123.1,13.98,115,0
4123.24,13.99,115,0
4123.37,13.96,115,0
4123.51,13.96,115,0
4123.64,13.93,115,0
4123.78,13.93,115,0
4123.92,13.91,115,0
4124.05,13.94,115,0
4124.19,13.88,115,0
4124.32,13.89,115,0
4124.46,13.86,115,0
4124.6,13.9,115,0
4124.73,13.85,115,0
4124.87,13.87,115,0
4125.0,13.86,115,0
4125.14,13.85,115,0
4125.27,13.84,115,0
4125.41,13.81,115,0
4125.55,13.82,115,0
4125.68,13.82,115,0
4125.82,13.78,115,0
4125.95,13.77,115,0
4126.09,13.77,115,0
4126.23,13.79,115,0
4126.36,13.76,115,0
4126.5,13.77,115,0
4126.63,13.72,115,0
4126.77,13.76,115,0
4126.91,13.73,115,0
4127.04,13.7,115,0
4127.18,13.71,115,0
4127.31,13.7,115,0
4127.45,13.71,115,0
4127.59,13.71,115,0
4127.72,13.68,115,0
4127.86,13.7,115,0
4127.99,13.66,115,0
4128.13,13.65,115,0
4128.27,13.67,115,0
4128.4,13.67,115,0
4128.54,13.64,115,0
4128.67,13.66,115,0
4128.81,13.62,115,0
4128.94,13.63,115,0
4129.08,13.61,115,0
4129.22,13.61,115,0
4129.35,13.61,115,0
4129.49,13.6,115,0
4129.62,13.58,115,0
4129.76,13.56,115,0
4129.9,13.57,115,0
4130.03,13.54,115,0
4130.17,13.57,115,0
4130.31,13.56,115,0
4130.44,13.53,115,0
4130.58,13.55,115,0
4130.71,13.51,115,0
4130.85,13.54,115,0
4130.98,13.52,115,0
4131.12,13.48,115,0
4131.26,13.49,115,0
4131.39,13.5,115,0
4131.53,13.47,115,0
4131.66,13.47,115,0
4131.8,13.49,115,0
4131.94,13.48,115,0
4132.07,13.45,115,0
4132.21,13.44,115,0
4132.34,13.44,115,0
4132.48,13.45,115,0
4132.62,13.43,115,0
4132.75,13.41,115,0
4132.89,13.41,115,0
4133.02,13.41,115,0
4133.16,13.41,115,0
4133.29,13.42,115,0
4133.43,13.4,115,0
4133.57,13.38,115,0
4133.7,13.37,115,0
4133.84,13.36,115,0
4133.97,13.37,115,0
4134.11,13.36,115,0
4134.25,13.36,115,0
4134.38,13.35,115,0
4134.52,13.34,115,0
4134.65,13.35,115,0
4134.79,13.33,115,0
4134.93,13.32,115,0
4135.06,13.33,115,0
4135.2,13.32,115,0
4135.33,13.32,115,0
4135.47,13.29,115,0
4135.61,13.3,115,0
4135.74,13.3,115,0
4135.88,13.3,115,0
4136.01,13.28,115,0
4136.15,13.27,115,0
4136.29,13.27,115,0
4136.42,13.27,115,0
4136.56,13.26,115,0
4136.69,13.25,115,0
4136.83,13.25,115,0
4136.96,13.24,115,0
4137.1,13.24,115,0
4137.24,13.23,115,0
4137.37,13.23,115,0
4137.51,13.21,115,0
4137.64,13.22,115,0
4137.78,13.21,115,0
4137.92,13.2,115,0
4138.05,13.2,115,0
4138.19,13.19,115,0
4138.32,13.2,115,0
4138.46,13.18,115,0
4138.6,13.2,115,0
4138.73,13.19,115,0
4138.87,13.18,115,0
4139.0,13.14,115,0
4139.14,13.13,115,0
4139.28,13.15,115,0
4139.41,13.14,115,0
4139.55,13.14,115,0
4139.68,13.11,115,0
4139.82,13.12,115,0
4139.95,13.12,115,0
4140.09,13.12,115,0
4140.23,13.1,115,0
4140.36,13.11,115,0
4140.5,13.11,115,0
4140.63,13.09,115,0
4140.77,13.07,115,0
4140.91,13.07,115,0
4141.04,13.07,115,0
4141.18,13.05,115,0
4141.31,13.05,115,0
4141.45,13.05,115,0
4141.59,13.04,115,0
4141.72,13.03,115,0
4141.86,13.01,115,0
4142.0,13.03,115,0
4142.13,13.02,115,0
4142.27,13.02,115,0
4142.4,12.99,115,0
4142.54,13.0,115,0
4142.67,13.01,115,0
4142.81,12.99,115,0
4142.95,12.98,115,0
4143.08,12.98,115,0
4143.22,12.97,115,0
4143.35,12.95,115,0
4143.49,12.97,115,0
4143.63,12.95,115,0
4143.76,12.96,115,0
4143.9,12.94,115,0
4144.03,12.93,115,0
4144.17,12.93,115,0
4144.31,12.94,115,0
4144.44,12.94,115,0
4144.58,12.93,115,0
4144.71,12.91,115,0
4144.85,12.93,115,0
4144.98,12.89,115,0
4145.12,12.89,115,0
4145.26,12.9,115,0
4145.39,12.9,115,0
4145.53,12.89,115,0
4145.66,12.87,115,0
4145.8,12.89,115,0
4145.94,12.88,115,0
4146.07,12.89,115,0
4146.21,12.87,115,0
4146.34,12.84,115,0
4146.48,12.87,115,0
4146.62,12.88,115,0
4146.75,12.84,115,0
4146.89,12.85,115,0
4147.02,12.85,115,0
4147.16,12.85,115,0
4147.3,12.85,115,0
4147.43,12.82,115,0
4147.57,12.83,115,0
4147.7,12.8,115,0
4147.84,12.82,115,0
4147.98,12.81,115,0
4148.11,12.78,115,0
4148.25,12.81,115,0
4148.38,12.78,115,0
4148.52,12.79,115,0
4148.66,12.77,115,0
4148.79,12.76,115,0
4148.93,12.8,115,0
4149.06,12.78,115,0
4149.2,12.78,115,0
4149.33,12.74,115,0
4149.47,12.78,115,0
4149.61,12.76,115,0
4149.74,12.75,115,0
4149.88,12.76,115,0
4150.01,12.73,115,0
4150.15,12.71,115,0
4150.29,12.74,115,0
4150.42,12.71,115,0
4150.56,12.7,115,0
4150.69,12.73,115,0
4150.83,12.72,115,0
4150.97,12.71,115,0
4151.1,12.68,115,0
4151.24,12.68,115,0
4151.37,12.72,115,0
4151.51,12.7,115,0
4151.65,12.69,115,0
4151.78,12.68,115,0
4151.92,12.67,115,0
4152.05,12.67,115,0
4152.19,12.67,115,0
4152.33,12.66,115,0
4152.46,12.66,115,0
4152.6,12.64,115,0
4152.73,12.63,115,0
4152.87,12.65,115,0
4153.01,12.65,115,0
4153.14,12.63,115,0
4153.28,12.65,115,0
4153.41,12.64,115,0
4153.55,12.63,115,0
4153.69,12.63,115,0
4153.82,12.62,115,0
4153.96,12.62,115,0
4154.09,12.61,115,0
4154.23,12.59,115,0
4154.37,12.6,115,0
4154.5,12.58,115,0
4154.64,12.57,115,0
4154.77,12.57,115,0
4154.91,12.56,115,0
4155.04,12.56,115,0
4155.18,12.56,115,0
4155.32,12.56,115,0
4155.45,12.54,115,0
4155.59,12.55,115,0
4155.72,12.55,115,0
4155.86,12.54,115,0
4156.0,12.55,115,0
4156.13,12.53,115,0
4156.27,12.53,115,0
4156.4,12.54,115,0
4156.54,12.51,115,0
4156.68,12.52,115,0
4156.81,12.52,115,0
4156.95,12.51,115,0
4157.08,12.52,115,0
4157.22,12.5,115,0
4157.36,12.49,115,0
4157.49,12.5,115,0
4157.63,12.49,115,0
4157.76,12.49,115,0
4157.9,12.49,115,0
4158.04,12.47,115,0
4158.17,12.47,115,0
4158.31,12.47,115,0
4158.44,12.47,115,0
4158.58,12.46,115,0
4158.71,12.46,115,0
4158.85,12.46,115,0
4158.99,12.44,115,0
4159.12,12.44,115,0
4159.26,12.44,115,0
4159.39,12.42,115,0
4159.53,12.43,115,0
4159.67,12.43,115,0
4159.8,12.43,115,0
4159.94,12.42,115,0
4160.07,12.41,115,0
4160.21,12.42,115,0
4160.35,12.42,115,0
4160.48,12.42,115,0
4160.62,12.4,115,0
4160.75,12.41,115,0
4160.89,12.4,115,0
4161.03,12.39,115,0
4161.16,12.37,115,0
4161.3,12.39,115,0
4161.43,12.38,115,0
4161.57,12.38,115,0
4161.71,12.39,115,0
4161.84,12.38,115,0
4161.98,12.38,115,0
4162.11,12.37,115,0
4162.25,12.36,115,0
4162.38,12.36,115,0
4162.52,12.35,115,0
4162.66,12.34,115,0
4162.79,12.35,115,0
4162.93,12.34,115,0
4163.06,12.34,115,0
4163.2,12.34,115,0
4163.34,12.34,115,0
4163.47,12.34,115,0
4163.61,12.33,115,0
4163.75,12.33,115,0
4163.88,12.3,115,0
4164.02,12.32,115,0
4164.15,12.32,115,0
4164.29,12.31,115,0
4164.42,12.3,115,0
4164.56,12.3,115,0
4164.7,12.29,115,0
4164.83,12.29,115,0
4164.97,12.29,115,0
4165.1,12.28,115,0
4165.24,12.28,115,0
4165.38,12.27,115,0
4165.51,12.28,115,0
4165.65,12.27,115,0
4165.78,12.27,115,0
4165.92,12.26,115,0
4166.06,12.25,115,0
4166.19,12.26,115,0
4166.33,12.25,115,0
4166.46,12.25,115,0
4166.6,12.25,115,0
4166.74,12.24,115,0
4166.87,12.24,115,0
4167.01,12.23,115,0
4167.14,12.24,115,0
4167.28,12.23,115,0
4167.42,12.23,115,0
4167.55,12.21,115,0
4167.69,12.23,115,0
4167.82,12.22,115,0
4167.96,12.22,115,0
4168.1,12.21,115,0
4168.23,12.19,115,0
4168.37,12.2,115,0
4168.5,12.21,115,0
4168.64,12.2,115,0
4168.77,12.18,115,0
4168.91,12.19,115,0
4169.05,12.18,115,0
4169.18,12.18,115,0
4169.32,12.18,115,0
4169.45,12.16,115,0
4169.59,12.17,115,0
4169.73,12.17,115,0
4169.86,12.16,115,0
4170.0,12.16,115,0
4170.13,12.16,115,0
4170.27,12.15,115,0
4170.41,12.15,115,0
4170.54,12.14,115,0
4170.68,12.15,115,0
4170.81,12.14,115,0
4170.95,12.14,115,0
4171.09,12.14,115,0
4171.22,12.13,115,0
4171.36,12.12,115,0
4171.49,12.13,115,0
4171.63,12.12,115,0
4171.77,12.11,115,0
4171.9,12.11,115,0
4172.04,12.1,115,0
4172.17,12.11,115,0
4172.31,12.11,115,0
4172.44,12.11,115,0
4172.58,12.11,115,0
4172.72,12.09,115,0
4172.85,12.1,115,0
4172.99,12.09,115,0
4173.12,12.08,115,0
4173.26,12.08,115,0
4173.4,12.09,115,0
4173.53,12.08,115,0
4173.67,12.07,115,0
4173.81,12.07,115,0
4173.94,12.06,115,0
4174.08,12.06,115,0
4174.21,12.06,115,0
4174.35,12.06,115,0
4174.48,12.03,115,0
4174.62,12.06,115,0
4174.76,12.04,115,0
4174.89,12.04,115,0
4175.03,12.03,115,0
4175.16,12.04,115,0
4175.3,12.04,115,0
4175.44,12.03,115,0
4175.57,12.03,115,0
4175.71,12.03,115,0
4175.84,12.02,115,0
4175.98,12.02,115,0
4176.12,12.03,115,0
4176.25,12.02,115,0
4176.39,12.01,115,0
4176.52,12.0,115,0
4176.66,12.02,115,0
4176.8,12.0,115,0
4176.93,12.0,115,0
4177.07,11.99,115,0
4177.2,11.99,115,0
4177.34,11.99,115,0
4177.47,11.98,115,0
4177.61,11.99,115,0
4177.75,11.99,115,0
4177.88,11.98,115,0
4178.02,11.97,115,0
4178.15,11.97,115,0
4178.29,11.98,115,0
4178.43,11.95,115,0
4178.56,11.96,115,0
4178.7,11.96,115,0
4178.83,11.96,115,0
4178.97,11.96,115,0
4179.11,11.95,115,0
4179.24,11.94,115,0
4179.38,11.93,115,0
4179.52,11.94,115,0
4179.65,11.94,115,0
4179.79,11.94,115,0
4179.92,11.94,115,0
4180.06,11.92,115,0
4180.19,11.93,115,0
4180.33,11.92,115,0
4180.47,11.93,115,0
4180.6,11.92,115,0
4180.74,11.91,115,0
4180.87,11.9,115,0
4181.01,11.91,115,0
4181.15,11.91,115,0
4181.28,11.9,115,0
4181.42,11.9,115,0
4181.55,11.9,115,0
4181.69,11.9,115,0
4181.83,11.9,115,0
4181.96,11.91,115,0
4182.1,11.89,115,0
4182.23,11.88,115,0
4182.37,11.89,115,0
4182.5,11.88,115,0
4182.64,11.87,115,0
4182.78,11.87,115,0
4182.91,11.87,115,0
4183.05,11.88,115,0
4183.18,11.87,115,0
4183.32,11.86,115,0
4183.46,11.86,115,0
4183.59,11.86,115,0
4183.73,11.87,115,0
4183.87,11.86,115,0
4184.0,11.85,115,0
4184.14,11.84,115,0
4184.27,11.84,115,0
4184.41,11.85,115,0
4184.54,11.83,115,0
4184.68,11.85,115,0
4184.82,11.84,115,0
4184.95,11.83,115,0
4185.09,11.83,115,0
4185.22,11.81,115,0
4185.36,11.82,115,0
4185.5,11.82,115,0
4185.63,11.81,115,0
4185.77,11.81,115,0
4185.9,11.81,115,0
4186.04,11.81,115,0
4186.18,11.81,115,0
4186.31,11.82,115,0
4186.45,11.81,115,0
4186.58,11.8,115,0
4186.72,11.78,115,0
4186.85,11.78,115,0
4186.99,11.79,115,0
4187.13,11.78,115,0
4187.26,11.76,115,0
4187.4,11.78,115,0
4187.54,11.79,115,0
4187.67,11.78,115,0
4187.81,11.77,115,0
4187.94,11.77,115,0
4188.08,11.77,115,0
4188.21,11.77,115,0
4188.35,11.78,115,0
4188.49,11.77,115,0
4188.62,11.76,115,0
4188.76,11.76,115,0
4188.89,11.75,115,0
4189.03,11.75,115,0
4189.17,11.75,115,0
4189.3,11.75,115,0
4189.44,11.74,115,0
4189.58,11.75,115,0
4189.71,11.73,115,0
4189.85,11.74,115,0
4189.98,11.73,115,0
4190.12,11.73,115,0
4190.25,11.74,115,0
4190.39,11.74,115,0
4190.53,11.74,115,0
4190.66,11.73,115,0
4190.8,11.73,115,0
4190.93,11.73,115,0
4191.07,11.72,115,0
4191.21,11.72,115,0
4191.34,11.71,115,0
4191.48,11.71,115,0
4191.61,11.71,115,0
4191.75,11.71,115,0
4191.89,11.71,115,0
4192.02,11.7,115,0
4192.16,11.69,115,0
4192.29,11.69,115,0
4192.43,11.7,115,0
4192.57,11.66,115,0
4192.7,11.69,115,0
4192.84,11.69,115,0
4192.97,11.68,115,0
4193.11,11.68,115,0
4193.25,11.68,115,0
4193.38,11.68,115,0
4193.52,11.67,115,0
4193.65,11.67,115,0
4193.79,11.66,115,0
4193.92,11.68,115,0
4194.06,11.66,115,0
4194.2,11.67,115,0
4194.33,11.66,115,0
4194.47,11.66,115,0
4194.6,11.66,115,0
4194.74,11.66,115,0
4194.88,11.65,115,0
4195.01,11.64,115,0
4195.15,11.66,115,0
4195.28,11.64,115,0
4195.42,11.63,115,0
4195.56,11.64,115,0
4195.69,11.64,115,0
4195.83,11.65,115,0
4195.96,11.65,115,0
4196.1,11.64,115,0
4196.24,11.63,115,0
4196.37,11.64,115,0
4196.51,11.62,115,0
4196.64,11.61,115,0
4196.78,11.63,115,0
4196.92,11.61,115,0
4197.05,11.62,115,0
4197.19,11.62,115,0
4197.32,11.61,115,0
4197.46,11.61,115,0
4197.6,11.62,115,0
4197.73,11.61,115,0
4197.87,11.6,115,0
4198.0,11.61,115,0
4198.14,11.61,115,0
4198.28,11.59,115,0
4198.41,11.62,115,0
4198.55,11.59,115,0
4198.68,11.6,115,0
4198.82,11.59,115,0
4198.96,11.59,115,0
4199.09,11.59,115,0
4199.23,11.58,115,0
4199.36,11.57,115,0
4199.5,11.58,115,0
4199.63,11.58,115,0
4199.77,11.57,115,0
4199.91,11.57,115,0
4200.04,11.57,115,0
4200.18,11.56,115,0
4200.31,11.57,115,0
4200.45,11.56,115,0
4200.59,11.56,115,0
4200.72,11.57,115,0
4200.86,11.56,115,0
4200.99,11.56,115,0
4201.13,11.56,115,0
4201.27,11.55,115,0
4201.4,11.54,115,0
4201.54,11.55,115,0
4201.67,11.54,115,0
4201.81,11.55,115,0
4201.95,11.54,115,0
4202.08,11.54,115,0
4202.22,11.55,115,0
4202.35,11.52,115,0
4202.49,11.53,115,0
4202.63,11.54,115,0
4202.76,11.53,115,0
4202.9,11.54,115,0
4203.03,11.54,115,0
4203.17,11.52,115,0
4203.31,11.51,115,0
4203.44,11.51,115,0
4203.58,11.52,115,0
4203.71,11.51,115,0
4203.85,11.51,115,0
4203.98,11.5,115,0
4204.12,11.5,115,0
4204.26,11.5,115,0
4204.39,11.51,115,0
4204.53,11.5,115,0
4204.66,11.49,115,0
4204.8,11.49,115,0
4204.94,11.49,115,0
4205.07,11.51,115,0
4205.21,11.5,115,0
4205.35,11.51,115,0
4205.48,11.5,115,0
4205.62,11.48,115,0
4205.75,11.48,115,0
4205.89,11.47,115,0
4206.02,11.48,115,0
4206.16,11.49,115,0
4206.3,11.47,115,0
4206.43,11.47,115,0
4206.57,11.47,115,0
4206.7,11.47,115,0
4206.84,11.46,115,0
4206.98,11.46,115,0
4207.11,11.47,115,0
4207.25,11.45,115,0
4207.38,11.46,115,0
4207.52,11.46,115,0
4207.65,11.46,115,0
4207.79,11.46,115,0
4207.93,11.45,115,0
4208.06,11.45,115,0
4208.2,11.45,115,0
4208.33,11.44,115,0
4208.47,11.45,115,0
4208.61,11.43,115,0
4208.74,11.45,115,0
4208.88,11.44,115,0
4209.02,11.45,115,0
4209.15,11.44,115,0
4209.29,11.46,115,0
4209.42,11.44,115,0
4209.56,11.43,115,0
4209.69,11.43,115,0
4209.83,11.42,115,0
4209.97,11.43,115,0
4210.1,11.42,115,0
4210.24,11.42,115,0
4210.37,11.41,115,0
4210.51,11.43,115,0
4210.65,11.41,115,0
4210.78,11.41,115,0
4210.92,11.41,115,0
4211.05,11.4,115,0
4211.19,11.41,115,0
4211.33,11.4,115,0
4211.46,11.37,115,0
4211.6,11.39,115,0
4211.73,11.39,115,0
4211.87,11.38,115,0
4212.01,11.39,115,0
4212.14,11.4,115,0
4212.28,11.38,115,0
4212.41,11.38,115,0
4212.55,11.39,115,0
4212.69,11.39,115,0
4212.82,11.39,115,0
4212.96,11.38,115,0
4213.09,11.37,115,0
4213.23,11.37,115,0
4213.37,11.38,115,0
4213.5,11.37,115,0
4213.64,11.36,115,0
4213.77,11.37,115,0
4213.91,11.37,115,0
4214.04,11.36,115,0
4214.18,11.36,115,0
4214.32,11.35,115,0
4214.45,11.35,115,0
4214.59,11.36,115,0
4214.72,11.34,115,0
4214.86,11.34,115,0
4215.0,11.33,115,0
4215.13,11.34,115,0
4215.27,11.34,115,0
4215.4,11.33,115,0
4215.54,11.33,115,0
4215.68,11.33,115,0
4215.81,11.32,115,0
4215.95,11.33,115,0
4216.08,11.33,115,0
4216.22,11.32,115,0
4216.36,11.31,115,0
4216.49,11.32,115,0
4216.63,11.31,115,0
4216.76,11.31,115,0
4216.9,11.31,115,0
4217.04,11.31,115,0
4217.17,11.31,115,0
4217.31,11.31,115,0
4217.44,11.3,115,0
4217.58,11.31,115,0
4217.72,11.3,115,0
4217.85,11.3,115,0
4217.99,11.3,115,0
4218.12,11.29,115,0
4218.26,11.3,115,0
4218.39,11.29,115,0
4218.53,11.29,115,0
4218.67,11.3,115,0
4218.8,11.29,115,0
4218.94,11.28,115,0
4219.08,11.28,115,0
4219.21,11.28,115,0
4219.35,11.28,115,0
4219.48,11.28,115,0
4219.62,11.29,115,0
4219.75,11.27,115,0
4219.89,11.28,115,0
4220.03,11.28,115,0
4220.16,11.27,115,0
4220.3,11.28,115,0
4220.43,11.27,115,0
4220.57,11.26,115,0
4220.71,11.27,115,0
4220.84,11.25,115,0
4220.98,11.26,115,0
4221.12,11.26,115,0
4221.25,11.26,115,0
4221.39,11.24,115,0
4221.52,11.25,115,0
4221.66,11.24,115,0
4221.79,11.24,115,0
4221.93,11.25,115,0
4222.07,11.25,115,0
4222.2,11.25,115,0
4222.34,11.25,115,0
4222.47,11.24,115,0
4222.61,11.24,115,0
4222.75,11.23,115,0
4222.88,11.24,115,0
4223.02,11.22,115,0
4223.15,11.23,115,0
4223.29,11.22,115,0
4223.43,11.22,115,0
4223.56,11.23,115,0
4223.7,11.23,115,0
4223.83,11.23,115,0
4223.97,11.22,115,0
4224.1,11.23,115,0
4224.24,11.21,115,0
4224.38,11.23,115,0
4224.51,11.22,115,0
4224.65,11.2,115,0
4224.79,11.2,115,0
4224.92,11.2,115,0
4225.06,11.2,115,0
4225.19,11.2,115,0
4225.33,11.2,115,0
4225.46,11.2,115,0
4225.6,11.21,115,0
4225.74,11.21,115,0
4225.87,11.21,115,0
4226.01,11.2,115,0
4226.14,11.19,115,0
4226.28,11.19,115,0
4226.42,11.19,115,0
4226.55,11.19,115,0
4226.69,11.18,115,0
4226.83,11.18,115,0
4226.96,11.16,115,0
4227.1,11.18,115,0
4227.23,11.18,115,0
4227.37,11.18,115,0
4227.5,11.18,115,0
4227.64,11.17,115,0
4227.78,11.18,115,0
4227.91,11.18,115,0
4228.05,11.17,115,0
4228.18,11.18,115,0
4228.32,11.17,115,0
4228.46,11.17,115,0
4228.59,11.17,115,0
4228.73,11.16,115,0
4228.86,11.17,115,0
4229.0,11.17,115,0
4229.14,11.16,115,0
4229.27,11.16,115,0
4229.41,11.16,115,0
4229.54,11.16,115,0
4229.68,11.16,115,0
4229.82,11.15,115,0
4229.95,11.16,115,0
4230.09,11.15,115,0
4230.22,11.15,115,0
4230.36,11.15,115,0
4230.5,11.14,115,0
4230.63,11.15,115,0
4230.77,11.14,115,0
4230.9,11.14,115,0
4231.04,11.14,115,0
4231.17,11.13,115,0
4231.31,11.14,115,0
4231.45,11.14,115,0
4231.58,11.14,115,0
4231.72,11.14,115,0
4231.85,11.11,115,0
4231.99,11.12,115,0
4232.13,11.12,115,0
4232.26,11.12,115,0
4232.4,11.11,115,0
4232.54,11.13,115,0
4232.67,11.12,115,0
4232.81,11.12,115,0
4232.94,11.12,115,0
4233.08,11.11,115,0
4233.21,11.12,115,0
4233.35,11.1,115,0
4233.49,11.11,115,0
4233.62,11.1,115,0
4233.76,11.11,115,0
4233.89,11.1,115,0
4234.03,11.1,115,0
4234.17,11.11,115,0
4234.3,11.1,115,0
4234.44,11.09,115,0
4234.57,11.1,115,0
4234.71,11.09,115,0
4234.85,11.09,115,0
4234.98,11.09,115,0
4235.12,11.1,115,0
4235.25,11.1,115,0
4235.39,11.09,115,0
4235.53,11.09,115,0
4235.66,11.09,115,0
4235.8,11.09,115,0
4235.93,11.09,115,0
4236.07,11.1,115,0
4236.2,11.08,115,0
4236.34,11.08,115,0
4236.48,11.08,115,0
4236.61,11.08,115,0
4236.75,11.08,115,0
4236.88,11.08,115,0
4237.02,11.07,115,0
4237.16,11.09,115,0
4237.29,11.07,115,0
4237.43,11.06,115,0
4237.56,11.08,115,0
4237.7,11.06,115,0
4237.84,11.05,115,0
4237.97,11.07,115,0
4238.11,11.07,115,0
4238.24,11.06,115,0
4238.38,11.07,115,0
4238.52,11.05,115,0
4238.65,11.06,115,0
4238.79,11.06,115,0
4238.92,11.05,115,0
4239.06,11.06,115,0
4239.2,11.04,115,0
4239.33,11.04,115,0
4239.47,11.05,115,0
4239.6,11.06,115,0
4239.74,11.06,115,0
4239.88,11.04,115,0
4240.01,11.03,115,0
4240.15,11.04,115,0
4240.28,11.04,115,0
4240.42,11.04,115,0
4240.56,11.03,115,0
4240.69,11.03,115,0
4240.83,11.02,115,0
4240.96,11.03,115,0
4241.1,11.03,115,0
4241.23,11.02,115,0
4241.37,11.03,115,0
4241.51,11.03,115,0
4241.64,11.02,115,0
4241.78,11.03,115,0
4241.91,11.02,115,0
4242.05,11.02,115,0
4242.19,11.02,115,0
4242.32,11.03,115,0
4242.46,11.01,115,0
4242.59,11.01,115,0
4242.73,11.01,115,0
4242.87,11.01,115,0
4243.0,10.99,115,0
4243.14,10.99,115,0
4243.27,11.0,115,0
4243.41,11.01,115,0
4243.55,11.0,115,0
4243.68,10.99,115,0
4243.82,10.99,115,0
4243.95,10.99,115,0
4244.09,10.99,115,0
4244.23,11.0,115,0
4244.36,10.99,115,0
4244.5,11.0,115,0
4244.63,10.99,115,0
4244.77,11.0,115,0
4244.9,10.98,115,0
4245.04,10.98,115,0
4245.18,10.98,115,0
4245.31,10.98,115,0
4245.45,10.97,115,0
4245.58,10.97,115,0
4245.72,10.98,115,0
4245.86,10.96,115,0
4245.99,10.98,115,0
4246.13,10.96,115,0
4246.27,10.96,115,0
4246.4,10.97,115,0
4246.54,10.96,115,0
4246.67,10.96,115,0
4246.81,10.95,115,0
4246.94,10.95,115,0
4247.08,10.95,115,0
4247.22,10.95,115,0
4247.35,10.94,115,0
4247.49,10.94,115,0
4247.62,10.95,115,0
4247.76,10.94,115,0
4247.9,10.95,115,0
4248.03,10.94,115,0
4248.17,10.94,115,0
4248.3,10.94,115,0
4248.44,10.94,115,0
4248.58,10.93,115,0
4248.71,10.94,115,0
4248.85,10.94,115,0
4248.98,10.93,115,0
4249.12,10.93,115,0
4249.25,10.93,115,0
4249.39,10.93,115,0
4249.53,10.93,115,0
4249.66,10.94,115,0
4249.8,10.93,115,0
4249.93,10.93,115,0
4250.07,10.92,115,0
4250.21,10.93,115,0
4250.34,10.91,115,0
4250.48,10.91,115,0
4250.62,10.92,115,0
4250.75,10.92,115,0
4250.89,10.91,115,0
4251.02,10.91,115,0
4251.16,10.92,115,0
4251.29,10.91,115,0
4251.43,10.92,115,0
4251.57,10.91,115,0
4251.7,10.91,115,0
4251.84,10.91,115,0
4251.97,10.9,115,0
4252.11,10.9,115,0
4252.25,10.89,115,0
4252.38,10.89,115,0
4252.52,10.89,115,0
4252.65,10.91,115,0
4252.79,10.91,115,0
4252.93,10.89,115,0
4253.06,10.88,115,0
4253.2,10.88,115,0
4253.33,10.89,115,0
4253.47,10.89,115,0
4253.61,10.89,115,0
4253.74,10.89,115,0
4253.88,10.88,115,0
4254.01,10.88,115,0
4254.15,10.87,115,0
4254.29,10.89,115,0
4254.42,10.88,115,0
4254.56,10.88,115,0
4254.69,10.87,115,0
4254.83,10.88,115,0
4254.97,10.88,115,0
4255.1,10.87,115,0
4255.24,10.87,115,0
4255.37,10.86,115,0
4255.51,10.87,115,0
4255.64,10.86,115,0
4255.78,10.87,115,0
4255.92,10.87,115,0
4256.05,10.85,115,0
4256.19,10.84,115,0
4256.33,10.86,115,0
4256.46,10.86,115,0
4256.6,10.85,115,0
4256.73,10.87,115,0
4256.87,10.85,115,0
4257.0,10.84,115,0
4257.14,10.85,115,0
4257.28,10.86,115,0
4257.41,10.85,115,0
4257.55,10.84,115,0
4257.68,10.84,115,0
4257.82,10.85,115,0
4257.96,10.85,115,0
4258.09,10.84,115,0
4258.23,10.83,115,0
4258.37,10.83,115,0
4258.5,10.85,115,0
4258.64,10.83,115,0
4258.77,10.84,115,0
4258.91,10.84,115,0
4259.04,10.84,115,0
4259.18,10.82,115,0
4259.32,10.82,115,0
4259.45,10.83,115,0
4259.59,10.82,115,0
4259.72,10.8,115,0
4259.86,10.82,115,0
4260.0,10.8,115,0
4260.13,10.81,115,0
4260.27,10.81,115,0
4260.4,10.81,115,0
4260.54,10.8,115,0
4260.68,10.8,115,0
4260.81,10.81,115,0
4260.95,10.8,115,0
4261.08,10.81,115,0
4261.22,10.8,115,0
4261.36,10.8,115,0
4261.49,10.8,115,0
4261.63,10.8,115,0
4261.76,10.8,115,0
4261.9,10.8,115,0
4262.04,10.8,115,0
4262.17,10.81,115,0
4262.31,10.8,115,0
4262.44,10.79,115,0
4262.58,10.79,115,0
4262.71,10.8,115,0
4262.85,10.78,115,0
4262.99,10.79,115,0
4263.12,10.79,115,0
4263.26,10.79,115,0
4263.39,10.77,115,0
4263.53,10.75,115,0
4263.67,10.77,115,0
4263.8,10.78,115,0
4263.94,10.81,115,0
4264.08,10.77,115,0
4264.21,10.77,115,0
4264.35,10.76,115,0
4264.48,10.78,115,0
4264.62,10.76,115,0
4264.75,10.77,115,0
4264.89,10.77,115,0
4265.03,10.76,115,0
4265.16,10.76,115,0
4265.3,10.77,115,0
4265.43,10.76,115,0
4265.57,10.76,115,0
4265.71,10.76,115,0
4265.84,10.76,115,0
4265.98,10.76,115,0
4266.12,10.76,115,0
4266.25,10.76,115,0
4266.39,10.76,115,0
4266.52,10.76,115,0
4266.66,10.75,115,0
4266.79,10.76,115,0
4266.93,10.75,115,0
4267.07,10.75,115,0
4267.2,10.75,115,0
4267.34,10.75,115,0
4267.47,10.75,115,0
4267.61,10.74,115,0
4267.75,10.73,115,0
4267.88,10.75,115,0
4268.02,10.73,115,0
4268.15,10.74,115,0
4268.29,10.73,115,0
4268.42,10.73,115,0
4268.56,10.73,115,0
4268.7,10.73,115,0
4268.83,10.73,115,0
4268.97,10.72,115,0
4269.1,10.72,115,0
4269.24,10.72,115,0
4269.38,10.72,115,0
4269.51,10.72,115,0
4269.65,10.72,115,0
4269.79,10.72,115,0
4269.92,10.71,115,0
4270.06,10.71,115,0
4270.19,10.7,115,0
4270.33,10.71,115,0
4270.46,10.71,115,0
4270.6,10.73,115,0
4270.74,10.71,115,0
4270.87,10.69,115,0
4271.01,10.69,115,0
4271.14,10.7,115,0
4271.28,10.71,115,0
4271.42,10.7,115,0
4271.55,10.7,115,0
4271.69,10.69,115,0
4271.82,10.69,115,0
4271.96,10.7,115,0
4272.1,10.7,115,0
4272.23,10.7,115,0
4272.37,10.69,115,0
4272.5,10.69,115,0
4272.64,10.69,115,0
4272.78,10.69,115,0
4272.91,10.68,115,0
4273.05,10.66,115,0
4273.18,10.68,115,0
4273.32,10.69,115,0
4273.46,10.69,115,0
4273.59,10.69,115,0
4273.73,10.68,115,0
4273.86,10.68,115,0
4274.0,10.68,115,0
4274.14,10.67,115,0
4274.27,10.68,115,0
4274.41,10.67,115,0
4274.54,10.67,115,0
4274.68,10.67,115,0
4274.81,10.66,115,0
4274.95,10.66,115,0
4275.09,10.67,115,0
4275.22,10.66,115,0
4275.36,10.67,115,0
4275.49,10.67,115,0
4275.63,10.67,115,0
4275.77,10.66,115,0
4275.9,10.66,115,0
4276.04,10.66,115,0
4276.17,10.66,115,0
4276.31,10.64,115,0
4276.45,10.66,115,0
4276.58,10.66,115,0
4276.72,10.66,115,0
4276.85,10.66,115,0
4276.99,10.65,115,0
4277.13,10.65,115,0
4277.26,10.65,115,0
4277.4,10.64,115,0
4277.53,10.65,115,0
4277.67,10.65,115,0
4277.81,10.65,115,0
4277.94,10.64,115,0
4278.08,10.64,115,0
4278.21,10.64,115,0
4278.35,10.64,115,0
4278.49,10.64,115,0
4278.62,10.64,115,0
4278.76,10.64,115,0
4278.89,10.63,115,0
4279.03,10.64,115,0
4279.16,10.63,115,0
4279.3,10.63,115,0
4279.44,10.64,115,0
4279.57,10.63,115,0
4279.71,10.63,115,0
4279.85,10.63,115,0
4279.98,10.62,115,0
4280.12,10.63,115,0
4280.25,10.63,115,0
4280.39,10.63,115,0
4280.52,10.62,115,0
4280.66,10.64,115,0
4280.8,10.62,115,0
4280.93,10.63,115,0
4281.07,10.62,115,0
4281.2,10.6,115,0
4281.34,10.62,115,0
4281.48,10.63,115,0
4281.61,10.62,115,0
4281.75,10.61,115,0
4281.88,10.6,115,0
4282.02,10.62,115,0
4282.16,10.61,115,0
4282.29,10.61,115,0
4282.43,10.61,115,0
4282.56,10.61,115,0
4282.7,10.6,115,0
4282.84,10.61,115,0
4282.97,10.61,115,0
4283.11,10.61,115,0
4283.24,10.61,115,0
4283.38,10.6,115,0
4283.52,10.59,115,0
4283.65,10.6,115,0
4283.79,10.61,115,0
4283.92,10.6,115,0
4284.06,10.6,115,0
4284.2,10.6,115,0
4284.33,10.6,115,0
4284.47,10.59,115,0
4284.6,10.6,115,0
4284.74,10.6,115,0
4284.87,10.6,115,0
4285.01,10.6,115,0
4285.15,10.6,115,0
4285.28,10.58,115,0
4285.42,10.59,115,0
4285.56,10.59,115,0
4285.69,10.59,115,0
4285.83,10.59,115,0
4285.96,10.59,115,0
4286.1,10.59,115,0
4286.23,10.59,115,0
4286.37,10.59,115,0
4286.51,10.59,115,0
4286.64,10.57,115,0
4286.78,10.58,115,0
4286.91,10.58,115,0
4287.05,10.59,115,0
4287.19,10.58,115,0
4287.32,10.58,115,0
4287.46,10.58,115,0
4287.6,10.58,115,0
4287.73,10.58,115,0
4287.87,10.57,115,0
4288.0,10.58,115,0
4288.14,10.58,115,0
4288.27,10.58,115,0
4288.41,10.58,115,0
4288.55,10.58,115,0
4288.68,10.56,115,0
4288.82,10.58,115,0
4288.95,10.57,115,0
4289.09,10.56,115,0
4289.23,10.57,115,0
4289.36,10.56,115,0
4289.5,10.55,115,0
4289.63,10.57,115,0
4289.77,10.56,115,0
4289.91,10.56,115,0
4290.04,10.56,115,0
4290.18,10.56,115,0
4290.31,10.57,115,0
4290.45,10.57,115,0
4290.59,10.55,115,0
4290.72,10.56,115,0
4290.86,10.56,115,0
4290.99,10.56,115,0
4291.13,10.57,115,0
4291.27,10.55,115,0
4291.4,10.53,115,0
4291.54,10.55,115,0
4291.67,10.55,115,0
4291.81,10.56,115,0
4291.95,10.55,115,0
4292.08,10.55,115,0
4292.22,10.55,115,0
4292.35,10.55,115,0
4292.49,10.55,115,0
4292.63,10.55,115,0
4292.76,10.55,115,0
4292.9,10.55,115,0
4293.03,10.54,115,0
4293.17,10.54,115,0
4293.31,10.54,115,0
4293.44,10.55,115,0
4293.58,10.54,115,0
4293.71,10.55,115,0
4293.85,10.54,115,0
4293.98,10.54,115,0
4294.12,10.54,115,0
4294.26,10.54,115,0
4294.39,10.54,115,0
4294.53,10.54,115,0
4294.66,10.52,115,0
4294.8,10.53,115,0
4294.94,10.54,115,0
4295.07,10.53,115,0
4295.21,10.54,115,0
4295.35,10.53,115,0
4295.48,10.53,115,0
4295.62,10.52,115,0
4295.75,10.53,115,0
4295.89,10.53,115,0
4296.02,10.53,115,0
4296.16,10.52,115,0
4296.3,10.53,115,0
4296.43,10.53,115,0
4296.57,10.52,115,0
4296.7,10.53,115,0
4296.84,10.52,115,0
4296.98,10.52,115,0
4297.11,10.51,115,0
4297.25,10.52,115,0
4297.38,10.52,115,0
4297.52,10.52,115,0
4297.66,10.52,115,0
4297.79,10.49,115,0
4297.93,10.51,115,0
4298.06,10.5,115,0
4298.2,10.5,115,0
4298.34,10.51,115,0
4298.47,10.52,115,0
4298.61,10.5,115,0
4298.74,10.5,115,0
4298.88,10.51,115,0
4299.02,10.5,115,0
4299.15,10.51,115,0
4299.29,10.51,115,0
4299.42,10.52,115,0
4299.56,10.5,115,0
4299.7,10.5,115,0
4299.83,10.48,115,0
4299.97,10.51,115,0
4300.1,10.49,115,0
4300.24,10.51,115,0
4300.38,10.5,115,0
4300.51,10.48,115,0
4300.65,10.5,115,0
4300.78,10.48,115,0
4300.92,10.48,115,0
4301.06,10.5,115,0
4301.19,10.48,115,0
4301.33,10.49,115,0
4301.46,10.49,115,0
4301.6,10.48,115,0
4301.73,10.49,115,0
4301.87,10.48,115,0
4302.01,10.51,115,0
4302.14,10.5,115,0
4302.28,10.49,115,0
4302.41,10.49,115,0
4302.55,10.49,115,0
4302.69,10.49,115,0
4302.82,10.49,115,0
4302.96,10.47,115,0
4303.09,10.47,115,0
4303.23,10.48,115,0
4303.37,10.47,115,0
4303.5,10.47,115,0
4303.64,10.49,115,0
4303.77,10.48,115,0
4303.91,10.45,115,0
4304.05,10.46,115,0
4304.18,10.47,115,0
4304.32,10.48,115,0
4304.45,10.48,115,0
4304.59,10.46,115,0
4304.73,10.48,115,0
4304.86,10.47,115,0
4305.0,10.47,115,0
4305.13,10.47,115,0
4305.27,10.47,115,0
4305.4,10.49,115,0
4305.54,10.46,115,0
4305.68,10.46,115,0
4305.81,10.46,115,0
4305.95,10.45,115,0
4306.08,10.45,115,0
4306.22,10.47,115,0
4306.36,10.46,115,0
4306.49,10.47,115,0
4306.63,10.46,115,0
4306.77,10.46,115,0
4306.9,10.45,115,0
4307.04,10.47,115,0
4307.17,10.46,115,0
4307.31,10.48,115,0
4307.44,10.44,115,0
4307.58,10.45,115,0
4307.72,10.46,115,0
4307.85,10.44,115,0
4307.99,10.46,115,0
4308.12,10.46,115,0
4308.26,10.44,115,0
4308.4,10.46,115,0
4308.53,10.47,115,0
4308.67,10.45,115,0
4308.8,10.43,115,0
4308.94,10.44,115,0
4309.08,10.46,115,0
4309.21,10.45,115,0
4309.35,10.43,115,0
4309.48,10.44,115,0
4309.62,10.44,115,0
4309.76,10.44,115,0
4309.89,10.42,115,0
4310.03,10.44,115,0
4310.16,10.44,115,0
4310.3,10.44,115,0
4310.43,10.43,115,0
4310.57,10.43,115,0
4310.71,10.44,115,0
4310.84,10.44,115,0
4310.98,10.44,115,0
4311.12,10.43,115,0
4311.25,10.43,115,0
4311.39,10.43,115,0
4311.52,10.43,115,0
4311.66,10.43,115,0
4311.79,10.45,115,0
4311.93,10.43,115,0
4312.07,10.43,115,0
4312.2,10.41,115,0
4312.34,10.42,115,0
4312.47,10.43,115,0
4312.61,10.43,115,0
4312.75,10.42,115,0
4312.88,10.43,115,0
4313.02,10.44,115,0
4313.15,10.42,115,0
4313.29,10.42,115,0
4313.43,10.44,115,0
4313.56,10.42,115,0
4313.7,10.42,115,0
4313.83,10.42,115,0
4313.97,10.44,115,0
4314.11,10.41,115,0
4314.24,10.41,115,0
4314.38,10.43,115,0
4314.52,10.43,115,0
4314.65,10.41,115,0
4314.79,10.43,115,0
4314.92,10.4,115,0
4315.06,10.4,115,0
4315.19,10.4,115,0
4315.33,10.42,115,0
4315.47,10.42,115,0
4315.6,10.41,115,0
4315.74,10.41,115,0
4315.87,10.41,115,0
4316.01,10.42,115,0
4316.15,10.4,115,0
4316.28,10.41,115,0
4316.42,10.42,115,0
4316.55,10.41,115,0
4316.69,10.41,115,0
4316.83,10.42,115,0
4316.96,10.42,115,0
4317.1,10.4,115,0
4317.23,10.41,115,0
4317.37,10.4,115,0
4317.5,10.41,115,0
4317.64,10.4,115,0
4317.78,10.41,115,0
4317.91,10.41,115,0
4318.05,10.37,115,0
4318.18,10.4,115,0
4318.32,10.4,115,0
4318.46,10.4,115,0
4318.59,10.4,115,0
4318.73,10.39,115,0
4318.87,10.4,115,0
4319.0,10.39,115,0
4319.14,10.4,115,0
4319.27,10.39,115,0
4319.41,10.38,115,0
4319.54,10.39,115,0
4319.68,10.39,115,0
4319.82,10.39,115,0
4319.95,10.39,115,0
4320.09,10.38,115,0
4320.22,10.38,115,0
4320.36,10.38,115,0
4320.5,10.39,115,0
4320.63,10.39,115,0
4320.77,10.4,115,0
4320.9,10.38,115,0
4321.04,10.38,115,0
4321.18,10.4,115,0
4321.31,10.38,115,0
4321.45,10.38,115,0
4321.58,10.37,115,0
4321.72,10.39,115,0
4321.86,10.37,115,0
4321.99,10.38,115,0
4322.13,10.38,115,0
4322.27,10.39,115,0
4322.4,10.38,115,0
4322.54,10.38,115,0
4322.67,10.36,115,0
4322.81,10.38,115,0
4322.94,10.38,115,0
4323.08,10.38,115,0
4323.22,10.36,115,0
4323.35,10.36,115,0
4323.49,10.4,115,0
4323.62,10.37,115,0
4323.76,10.36,115,0
4323.9,10.37,115,0
4324.03,10.37,115,0
4324.17,10.37,115,0
4324.3,10.37,115,0
4324.44,10.37,115,0
4324.58,10.37,115,0
4324.71,10.35,115,0
4324.85,10.36,115,0
4324.98,10.38,115,0
4325.12,10.37,115,0
4325.25,10.36,115,0
4325.39,10.36,115,0
4325.53,10.36,115,0
4325.66,10.36,115,0
4325.8,10.36,115,0
4325.93,10.35,115,0
4326.07,10.35,115,0
4326.21,10.39,115,0
4326.34,10.34,115,0
4326.48,10.37,115,0
4326.62,10.37,115,0
4326.75,10.33,115,0
4326.89,10.34,115,0
4327.02,10.37,115,0
4327.16,10.35,115,0
4327.29,10.35,115,0
4327.43,10.35,115,0
4327.57,10.35,115,0
4327.7,10.35,115,0
4327.84,10.36,115,0
4327.97,10.35,115,0
4328.11,10.35,115,0
4328.25,10.35,115,0
4328.38,10.35,115,0
4328.52,10.34,115,0
4328.65,10.37,115,0
4328.79,10.36,115,0
4328.93,10.33,115,0
4329.06,10.33,115,0
4329.2,10.34,115,0
4329.33,10.35,115,0
4329.47,10.35,115,0
4329.61,10.33,115,0
4329.74,10.34,115,0
4329.88,10.34,115,0
4330.01,10.34,115,0
4330.15,10.34,115,0
4330.29,10.35,115,0
4330.42,10.34,115,0
4330.56,10.34,115,0
4330.69,10.34,115,0
4330.83,10.34,115,0
4330.97,10.33,115,0
4331.1,10.35,115,0
4331.24,10.34,115,0
4331.37,10.34,115,0
4331.51,10.34,115,0
4331.64,10.33,115,0
4331.78,10.33,115,0
4331.92,10.33,115,0
4332.05,10.33,115,0
4332.19,10.31,115,0
4332.32,10.32,115,0
4332.46,10.31,115,0
4332.6,10.33,115,0
4332.73,10.32,115,0
4332.87,10.33,115,0
4333.0,10.33,115,0
4333.14,10.33,115,0
4333.28,10.33,115,0
4333.41,10.33,115,0
4333.55,10.33,115,0
4333.68,10.34,115,0
4333.82,10.33,115,0
4333.96,10.33,115,0
4334.09,10.33,115,0
4334.23,10.32,115,0
4334.36,10.33,115,0
4334.5,10.32,115,0
4334.64,10.32,115,0
4334.77,10.32,115,0
4334.91,10.32,115,0
4335.04,10.32,115,0
4335.18,10.3,115,0
4335.31,10.33,115,0
4335.45,10.32,115,0
4335.59,10.32,115,0
4335.72,10.32,115,0
4335.86,10.31,115,0
4336.0,10.31,115,0
4336.13,10.3,115,0
4336.27,10.31,115,0
4336.4,10.31,115,0
4336.54,10.31,115,0
4336.67,10.31,115,0
4336.81,10.31,115,0
4336.95,10.29,115,0
4337.08,10.31,115,0
4337.22,10.31,115,0
4337.35,10.31,115,0
4337.49,10.31,115,0
4337.63,10.31,115,0
4337.76,10.3,115,0
4337.9,10.29,115,0
4338.03,10.31,115,0
4338.17,10.3,115,0
4338.31,10.3,115,0
4338.44,10.3,115,0
4338.58,10.3,115,0
4338.71,10.3,115,0
4338.85,10.31,115,0
4338.98,10.3,115,0
4339.12,10.3,115,0
4339.26,10.3,115,0
4339.39,10.3,115,0
4339.53,10.29,115,0
4339.66,10.3,115,0
4339.8,10.3,115,0
4339.94,10.29,115,0
4340.07,10.3,115,0
4340.21,10.31,115,0
4340.35,10.3,115,0
4340.48,10.27,115,0
4340.62,10.29,115,0
4340.75,10.29,115,0
4340.89,10.3,115,0
4341.02,10.29,115,0
4341.16,10.29,115,0
4341.3,10.29,115,0
4341.43,10.29,115,0
4341.57,10.29,115,0
4341.7,10.28,115,0
4341.84,10.3,115,0
4341.98,10.29,115,0
4342.11,10.29,115,0
4342.25,10.3,115,0
4342.38,10.28,115,0
4342.52,10.28,115,0
4342.66,10.29,115,0
4342.79,10.28,115,0
4342.93,10.28,115,0
4343.06,10.3,115,0
4343.2,10.29,115,0
4343.34,10.29,115,0
4343.47,10.29,115,0
4343.61,10.29,115,0
4343.74,10.28,115,0
4343.88,10.29,115,0
4344.02,10.29,115,0
4344.15,10.28,115,0
4344.29,10.3,115,0
4344.42,10.29,115,0
4344.56,10.28,115,0
4344.69,10.28,115,0
4344.83,10.29,115,0
4344.97,10.29,115,0
4345.1,10.28,115,0
4345.24,10.28,115,0
4345.37,10.27,115,0
4345.51,10.31,115,0
4345.65,10.28,115,0
4345.78,10.29,115,0
4345.92,10.28,115,0
4346.06,10.26,115,0
4346.19,10.28,115,0
4346.33,10.28,115,0
4346.46,10.27,115,0
4346.6,10.28,115,0
4346.73,10.28,115,0
4346.87,10.27,115,0
4347.01,10.28,115,0
4347.14,10.28,115,0
4347.28,10.3,115,0
4347.41,10.28,115,0
4347.55,10.27,115,0
4347.69,10.28,115,0
4347.82,10.27,115,0
4347.96,10.27,115,0
4348.09,10.27,115,0
4348.23,10.27,115,0
4348.37,10.28,115,0
4348.5,10.28,115,0
4348.64,10.28,115,0
4348.77,10.27,115,0
4348.91,10.28,115,0
4349.04,10.28,115,0
4349.18,10.29,115,0
4349.32,10.27,115,0
4349.45,10.29,115,0
4349.59,10.27,115,0
4349.72,10.28,115,0
4349.86,10.27,115,0
4350.0,10.27,115,0
4350.13,10.27,115,0
4350.27,10.27,115,0
4350.4,10.27,115,0
4350.54,10.27,115,0
4350.68,10.27,115,0
4350.81,10.27,115,0
4350.95,10.27,115,0
4351.08,10.27,115,0
4351.22,10.28,115,0
4351.36,10.27,115,0
4351.49,10.27,115,0
4351.63,10.26,115,0
4351.77,10.26,115,0
4351.9,10.26,115,0
4352.04,10.27,115,0
4352.17,10.26,115,0
4352.31,10.26,115,0
4352.44,10.27,115,0
4352.58,10.27,115,0
4352.72,10.26,115,0
4352.85,10.27,115,0
4352.99,10.26,115,0
4353.12,10.26,115,0
4353.26,10.26,115,0
4353.4,10.26,115,0
4353.53,10.26,115,0
4353.67,10.26,115,0
4353.8,10.26,115,0
4353.94,10.26,115,0
4354.08,10.26,115,0
4354.21,10.27,115,0
4354.35,10.25,115,0
4354.48,10.27,115,0
4354.62,10.26,115,0
4354.75,10.26,115,0
4354.89,10.26,115,0
4355.03,10.25,115,0
4355.16,10.26,115,0
4355.3,10.23,115,0
4355.43,10.26,115,0
4355.57,10.27,115,0
4355.71,10.25,115,0
4355.84,10.26,115,0
4355.98,10.25,115,0
4356.12,10.26,115,0
4356.25,10.25,115,0
4356.39,10.26,115,0
4356.52,10.26,115,0
4356.66,10.24,115,0
4356.79,10.25,115,0
4356.93,10.25,115,0
4357.07,10.25,115,0
4357.2,10.24,115,0
4357.34,10.25,115,0
4357.47,10.25,115,0
4357.61,10.25,115,0
4357.75,10.25,115,0
4357.88,10.23,115,0
4358.02,10.25,115,0
4358.15,10.25,115,0
4358.29,10.23,115,0
4358.43,10.25,115,0
4358.56,10.23,115,0
4358.7,10.25,115,0
4358.83,10.24,115,0
4358.97,10.25,115,0
4359.11,10.24,115,0
4359.24,10.24,115,0
4359.38,10.25,115,0
4359.51,10.24,115,0
4359.65,10.25,115,0
4359.79,10.25,115,0
4359.92,10.25,115,0
4360.06,10.24,115,0
4360.19,10.24,115,0
4360.33,10.24,115,0
4360.46,10.24,115,0
4360.6,10.25,115,0
4360.74,10.25,115,0
4360.87,10.25,115,0
4361.01,10.24,115,0
4361.14,10.25,115,0
4361.28,10.23,115,0
4361.42,10.24,115,0
4361.55,10.24,115,0
4361.69,10.24,115,0
4361.83,10.24,115,0
4361.96,10.23,115,0
4362.1,10.25,115,0
4362.23,10.24,115,0
4362.37,10.24,115,0
4362.5,10.24,115,0
4362.64,10.23,115,0
4362.78,10.24,115,0
4362.91,10.23,115,0
4363.05,10.24,115,0
4363.18,10.23,115,0
4363.32,10.23,115,0
4363.46,10.23,115,0
4363.59,10.24,115,0
4363.73,10.23,115,0
4363.86,10.23,115,0
4364.0,10.23,115,0
4364.13,10.23,115,0
4364.27,10.23,115,0
4364.41,10.24,115,0
4364.54,10.22,115,0
4364.68,10.23,115,0
4364.81,10.23,115,0
4364.95,10.23,115,0
4365.09,10.24,115,0
4365.22,10.22,115,0
4365.36,10.22,115,0
4365.5,10.22,115,0
4365.63,10.24,115,0
4365.77,10.22,115,0
4365.9,10.23,115,0
4366.04,10.24,115,0
4366.17,10.23,115,0
4366.31,10.24,115,0
4366.45,10.22,115,0
4366.58,10.24,115,0
4366.72,10.23,115,0
4366.85,10.21,115,0
4366.99,10.22,115,0
4367.13,10.23,115,0
4367.26,10.22,115,0
4367.4,10.24,115,0
4367.54,10.24,115,0
4367.67,10.24,115,0
4367.81,10.22,115,0
4367.94,10.2,115,0
4368.08,10.23,115,0
4368.21,10.24,115,0
4368.35,10.23,115,0
4368.49,10.22,115,0
4368.62,10.21,115,0
4368.76,10.24,115,0
4368.89,10.23,115,0
4369.03,10.22,115,0
4369.17,10.22,115,0
4369.3,10.22,115,0
4369.44,10.23,115,0
4369.57,10.2,115,0
4369.71,10.22,115,0
4369.85,10.22,115,0
4369.98,10.23,115,0
4370.12,10.24,115,0
4370.25,10.21,115,0
4370.39,10.21,115,0
4370.53,10.22,115,0
4370.66,10.23,115,0
4370.8,10.2,115,0
4370.93,10.21,115,0
4371.07,10.2,115,0
4371.21,10.23,115,0
4371.34,10.2,115,0
4371.48,10.2,115,0
4371.61,10.22,115,0
4371.75,10.23,115,0
4371.88,10.2,115,0
4372.02,10.23,115,0
4372.16,10.23,115,0
4372.29,10.21,115,0
4372.43,10.21,115,0
4372.56,10.21,115,0
4372.7,10.21,115,0
4372.84,10.21,115,0
4372.97,10.21,115,0
4373.11,10.21,115,0
4373.24,10.21,115,0
4373.38,10.21,115,0
4373.52,10.21,115,0
4373.65,10.2,115,0
4373.79,10.21,115,0
4373.92,10.2,115,0
4374.06,10.21,115,0
4374.2,10.19,115,0
4374.33,10.2,115,0
4374.47,10.2,115,0
4374.6,10.2,115,0
4374.74,10.19,115,0
4374.88,10.2,115,0
4375.01,10.2,115,0
4375.15,10.19,115,0
4375.28,10.2,115,0
4375.42,10.2,115,0
4375.56,10.2,115,0
4375.69,10.19,115,0
4375.83,10.19,115,0
4375.96,10.2,115,0
4376.1,10.19,115,0
4376.24,10.21,115,0
4376.37,10.2,115,0
4376.51,10.18,115,0
4376.64,10.19,115,0
4376.78,10.2,115,0
4376.91,10.19,115,0
4377.05,10.2,115,0
4377.19,10.2,115,0
4377.32,10.2,115,0
4377.46,10.19,115,0
4377.59,10.18,115,0
4377.73,10.19,115,0
4377.87,10.19,115,0
4378.0,10.18,115,0
4378.14,10.18,115,0
4378.27,10.19,115,0
4378.41,10.18,115,0
4378.55,10.19,115,0
4378.68,10.18,115,0
4378.82,10.19,115,0
4378.95,10.18,115,0
4379.09,10.18,115,0
4379.23,10.18,115,0
4379.36,10.18,115,0
4379.5,10.19,115,0
4379.63,10.18,115,0
4379.77,10.18,115,0
4379.91,10.19,115,0
4380.04,10.18,115,0
4380.18,10.18,115,0
4380.31,10.18,115,0
4380.45,10.19,115,0
4380.59,10.19,115,0
4380.72,10.18,115,0
4380.86,10.18,115,0
4380.99,10.17,115,0
4381.13,10.19,115,0
4381.27,10.18,115,0
4381.4,10.17,115,0
4381.54,10.18,115,0
4381.67,10.19,115,0
4381.81,10.18,115,0
4381.94,10.17,115,0
4382.08,10.18,115,0
4382.22,10.19,115,0
4382.35,10.18,115,0
4382.49,10.18,115,0
4382.62,10.18,115,0
4382.76,10.19,115,0
4382.9,10.18,115,0
4383.03,10.18,115,0
4383.17,10.18,115,0
4383.31,10.18,115,0
4383.44,10.18,115,0
4383.58,10.17,115,0
4383.71,10.18,115,0
4383.85,10.17,115,0
4383.98,10.18,115,0
4384.12,10.18,115,0
4384.26,10.18,115,0
4384.39,10.17,115,0
4384.53,10.18,115,0
4384.66,10.17,115,0
4384.8,10.16,115,0
4384.94,10.17,115,0
4385.07,10.17,115,0
4385.21,10.18,115,0
4385.35,10.17,115,0
4385.48,10.17,115,0
4385.62,10.17,115,0
4385.75,10.17,115,0
4385.89,10.17,115,0
4386.02,10.18,115,0
4386.16,10.17,115,0
4386.3,10.17,115,0
4386.43,10.17,115,0
4386.57,10.16,115,0
4386.7,10.19,115,0
4386.84,10.18,115,0
4386.98,10.16,115,0
4387.11,10.16,115,0
4387.25,10.18,115,0
4387.38,10.17,115,0
4387.52,10.17,115,0
4387.66,10.17,115,0
4387.79,10.16,115,0
4387.93,10.16,115,0
4388.06,10.17,115,0
4388.2,10.15,115,0
4388.34,10.18,115,0
4388.47,10.17,115,0
4388.61,10.17,115,0
4388.74,10.16,115,0
4388.88,10.17,115,0
4389.02,10.17,115,0
4389.15,10.17,115,0
4389.29,10.17,115,0
4389.42,10.16,115,0
4389.56,10.17,115,0
4389.69,10.18,115,0
4389.83,10.17,115,0
4389.97,10.17,115,0
4390.1,10.17,115,0
4390.24,10.17,115,0
4390.37,10.16,115,0
4390.51,10.17,115,0
4390.65,10.16,115,0
4390.78,10.17,115,0
4390.92,10.17,115,0
4391.06,10.16,115,0
4391.19,10.17,115,0
4391.33,10.17,115,0
4391.46,10.17,115,0
4391.6,10.17,115,0
4391.73,10.17,115,0
4391.87,10.17,115,0
4392.01,10.16,115,0
4392.14,10.17,115,0
4392.28,10.17,115,0
4392.41,10.16,115,0
4392.55,10.16,115,0
4392.69,10.16,115,0
4392.82,10.17,115,0
4392.96,10.17,115,0
4393.09,10.17,115,0
4393.23,10.15,115,0
4393.37,10.16,115,0
4393.5,10.16,115,0
4393.64,10.16,115,0
4393.77,10.17,115,0
4393.91,10.15,115,0
4394.05,10.16,115,0
4394.18,10.16,115,0
4394.32,10.17,115,0
4394.45,10.16,115,0
4394.59,10.16,115,0
4394.72,10.16,115,0
4394.86,10.16,115,0
4395.0,10.16,115,0
4395.13,10.16,115,0
4395.27,10.14,115,0
4395.4,10.16,115,0
4395.54,10.16,115,0
4395.68,10.16,115,0
4395.81,10.17,115,0
4395.95,10.16,115,0
4396.08,10.17,115,0
4396.22,10.16,115,0
4396.36,10.17,115,0
4396.49,10.16,115,0
4396.63,10.15,115,0
4396.77,10.16,115,0
4396.9,10.17,115,0
4397.04,10.16,115,0
4397.17,10.15,115,0
4397.31,10.17,115,0
4397.44,10.17,115,0
4397.58,10.16,115,0
4397.72,10.17,115,0
4397.85,10.15,115,0
4397.99,10.17,115,0
4398.12,10.16,115,0
4398.26,10.18,115,0
4398.4,10.17,115,0
4398.53,10.17,115,0
4398.67,10.16,115,0
4398.8,10.17,115,0
4398.94,10.18,115,0
4399.08,10.15,115,0
4399.21,10.15,115,0
4399.35,10.16,115,0
4399.48,10.15,115,0
4399.62,10.17,115,0
4399.76,10.17,115,0
4399.89,10.15,115,0
4400.03,10.14,115,0
4400.16,10.16,115,0
4400.3,10.17,115,0
4400.43,10.15,115,0
4400.57,10.14,115,0
4400.71,10.16,115,0
4400.84,10.14,115,0
4400.98,10.15,115,0
4401.12,10.15,115,0
4401.25,10.15,115,0
4401.39,10.17,115,0
4401.52,10.17,115,0
4401.66,10.16,115,0
4401.79,10.14,115,0
4401.93,10.15,115,0
4402.07,10.15,115,0
4402.2,10.14,115,0
4402.34,10.15,115,0
4402.47,10.13,115,0
4402.61,10.17,115,0
4402.75,10.15,115,0
4402.88,10.16,115,0
4403.02,10.16,115,0
4403.15,10.14,115,0
4403.29,10.16,115,0
4403.43,10.14,115,0
4403.56,10.15,115,0
4403.7,10.16,115,0
4403.83,10.15,115,0
4403.97,10.13,115,0
4404.11,10.15,115,0
4404.24,10.16,115,0
4404.38,10.14,115,0
4404.51,10.14,115,0
4404.65,10.17,115,0
4404.79,10.17,115,0
4404.92,10.14,115,0
4405.06,10.14,115,0
4405.19,10.13,115,0
4405.33,10.14,115,0
4405.47,10.15,115,0
4405.6,10.15,115,0
4405.74,10.16,115,0
4405.87,10.16,115,0
4406.01,10.15,115,0
4406.14,10.15,115,0
4406.28,10.15,115,0
4406.42,10.15,115,0
4406.55,10.15,115,0
4406.69,10.15,115,0
4406.82,10.15,115,0
4406.96,10.15,115,0
4407.1,10.15,115,0
4407.23,10.12,115,0
4407.37,10.15,115,0
4407.5,10.14,115,0
4407.64,10.14,115,0
4407.78,10.15,115,0
4407.91,10.14,115,0
4408.05,10.14,115,0
4408.18,10.14,115,0
4408.32,10.14,115,0
4408.46,10.14,115,0
4408.59,10.14,115,0
4408.73,10.13,115,0
4408.86,10.15,115,0
4409.0,10.14,115,0
4409.14,10.14,115,0
4409.27,10.15,115,0
4409.41,10.14,115,0
4409.54,10.14,115,0
4409.68,10.14,115,0
4409.82,10.14,115,0
4409.95,10.14,115,0
4410.09,10.14,115,0
4410.22,10.14,115,0
4410.36,10.13,115,0
4410.5,10.14,115,0
4410.63,10.15,115,0
4410.77,10.14,115,0
4410.9,10.14,115,0
4411.04,10.14,115,0
4411.17,10.14,115,0
4411.31,10.14,115,0
4411.45,10.13,115,0
4411.58,10.15,115,0
4411.72,10.15,115,0
4411.85,10.13,115,0
4411.99,10.13,115,0
4412.13,10.14,115,0
4412.26,10.14,115,0
4412.4,10.13,115,0
4412.53,10.14,115,0
4412.67,10.13,115,0
4412.81,10.14,115,0
4412.94,10.13,115,0
4413.08,10.14,115,0
4413.21,10.15,115,0
4413.35,10.14,115,0
4413.49,10.15,115,0
4413.62,10.14,115,0
4413.76,10.13,115,0
4413.89,10.14,115,0
4414.03,10.15,115,0
4414.17,10.14,115,0
4414.3,10.14,115,0
4414.44,10.14,115,0
4414.57,10.14,115,0
4414.71,10.15,115,0
4414.85,10.13,115,0
4414.98,10.14,115,0
4415.12,10.15,115,0
4415.25,10.14,115,0
4415.39,10.13,115,0
4415.52,10.14,115,0
4415.66,10.13,115,0
4415.8,10.14,115,0
4415.93,10.14,115,0
4416.07,10.14,115,0
4416.2,10.14,115,0
4416.34,10.14,115,0
4416.48,10.13,115,0
4416.61,10.14,115,0
4416.75,10.14,115,0
4416.88,10.15,115,0
4417.02,10.14,115,0
4417.16,10.13,115,0
4417.29,10.14,115,0
4417.43,10.14,115,0
4417.56,10.14,115,0
4417.7,10.14,115,0
4417.84,10.15,115,0
4417.97,10.12,115,0
4418.11,10.15,115,0
4418.24,10.15,115,0
4418.38,10.12,115,0
4418.52,10.14,115,0
4418.65,10.14,115,0
4418.79,10.13,115,0
4418.92,10.14,115,0
4419.06,10.14,115,0
4419.19,10.13,115,0
4419.33,10.14,115,0
4419.47,10.14,115,0
4419.6,10.15,115,0
4419.74,10.13,115,0
4419.87,10.14,115,0
4420.01,10.15,115,0
4420.15,10.12,115,0
4420.28,10.13,115,0
4420.42,10.14,115,0
4420.56,10.14,115,0
4420.69,10.15,115,0
4420.83,10.14,115,0
4420.96,10.14,115,0
4421.1,10.14,115,0
4421.23,10.13,115,0
4421.37,10.12,115,0
4421.51,10.14,115,0
4421.64,10.13,115,0
4421.78,10.15,115,0
4421.91,10.14,115,0
4422.05,10.13,115,0
4422.19,10.13,115,0
4422.32,10.14,115,0
4422.46,10.13,115,0
4422.6,10.13,115,0
4422.73,10.13,115,0
4422.87,10.13,115,0
4423.0,10.14,115,0
4423.14,10.13,115,0
4423.27,10.13,115,0
4423.41,10.13,115,0
4423.55,10.14,115,0
4423.68,10.14,115,0
4423.82,10.14,115,0
4423.95,10.13,115,0
4424.09,10.13,115,0
4424.23,10.13,115,0
4424.36,10.13,115,0
4424.5,10.13,115,0
4424.63,10.12,115,0
4424.77,10.13,115,0
4424.9,10.13,115,0
4425.04,10.13,115,0
4425.18,10.13,115,0
4425.31,10.13,115,0
4425.45,10.13,115,0
4425.58,10.14,115,0
4425.72,10.13,115,0
4425.86,10.13,115,0
4425.99,10.13,115,0
4426.13,10.14,115,0
4426.27,10.13,115,0
4426.4,10.12,115,0
4426.54,10.12,115,0
4426.67,10.13,115,0
4426.81,10.13,115,0
4426.94,10.13,115,0
4427.08,10.13,115,0
4427.22,10.13,115,0
4427.35,10.12,115,0
4427.49,10.12,115,0
4427.62,10.12,115,0
4427.76,10.13,115,0
4427.9,10.14,115,0
4428.03,10.13,115,0
4428.17,10.13,115,0
4428.3,10.13,115,0
4428.44,10.13,115,0
4428.58,10.12,115,0
4428.71,10.13,115,0
4428.85,10.13,115,0
4428.98,10.12,115,0
4429.12,10.11,115,0
4429.26,10.12,115,0
4429.39,10.13,115,0
4429.53,10.12,115,0
4429.66,10.13,115,0
4429.8,10.12,115,0
4429.94,10.12,115,0
4430.07,10.13,115,0
4430.21,10.13,115,0
4430.34,10.13,115,0
4430.48,10.11,115,0
4430.62,10.12,115,0
4430.75,10.13,115,0
4430.89,10.13,115,0
4431.02,10.12,115,0
4431.16,10.13,115,0
4431.29,10.13,115,0
4431.43,10.12,115,0
4431.57,10.12,115,0
4431.7,10.12,115,0
4431.84,10.12,115,0
4431.97,10.12,115,0
4432.11,10.12,115,0
4432.25,10.13,115,0
4432.38,10.13,115,0
4432.52,10.12,115,0
4432.65,10.13,115,0
4432.79,10.11,115,0
4432.93,10.12,115,0
4433.06,10.12,115,0
4433.2,10.12,115,0
4433.33,10.11,115,0
4433.47,10.12,115,0
4433.61,10.12,115,0
4433.74,10.11,115,0
4433.88,10.11,115,0
4434.01,10.1,115,0
4434.15,10.12,115,0
4434.29,10.12,115,0
4434.42,10.11,115,0
4434.56,10.12,115,0
4434.69,10.1,115,0
4434.83,10.12,115,0
4434.97,10.1,115,0
4435.1,10.11,115,0
4435.24,10.11,115,0
4435.37,10.12,115,0
4435.51,10.12,115,0
4435.65,10.11,115,0
4435.78,10.11,115,0
4435.92,10.11,115,0
4436.05,10.12,115,0
4436.19,10.1,115,0
4436.33,10.12,115,0
4436.46,10.12,115,0
4436.6,10.11,115,0
4436.73,10.12,115,0
4436.87,10.12,115,0
4437.0,10.1,115,0
4437.14,10.12,115,0
4437.28,10.11,115,0
4437.41,10.11,115,0
4437.55,10.12,115,0
4437.68,10.12,115,0
4437.82,10.11,115,0
4437.96,10.12,115,0
4438.09,10.11,115,0
4438.23,10.11,115,0
4438.37,10.11,115,0
4438.5,10.11,115,0
4438.64,10.11,115,0
4438.77,10.11,115,0
4438.91,10.11,115,0
4439.04,10.11,115,0
4439.18,10.11,115,0
4439.32,10.12,115,0
4439.45,10.11,115,0
4439.59,10.12,115,0
4439.72,10.11,115,0
4439.86,10.11,115,0
4440.0,10.11,115,0
4440.13,10.12,115,0
4440.27,10.11,115,0
4440.4,10.1,115,0
4440.54,10.12,115,0
4440.68,10.11,115,0
4440.81,10.11,115,0
4440.95,10.11,115,0
4441.08,10.11,115,0
4441.22,10.11,115,0
4441.36,10.11,115,0
4441.49,10.11,115,0
4441.63,10.11,115,0
4441.76,10.1,115,0
4441.9,10.11,115,0
4442.04,10.09,115,0
4442.17,10.11,115,0
4442.31,10.11,115,0
4442.44,10.11,115,0
4442.58,10.11,115,0
4442.71,10.12,115,0
4442.85,10.11,115,0
4442.99,10.11,115,0
4443.12,10.11,115,0
4443.26,10.11,115,0
4443.39,10.11,115,0
4443.53,10.1,115,0
4443.67,10.11,115,0
4443.8,10.12,115,0
4443.94,10.12,115,0
4444.08,10.12,115,0
4444.21,10.11,115,0
4444.35,10.12,115,0
4444.48,10.11,115,0
4444.62,10.12,115,0
4444.75,10.11,115,0
4444.89,10.12,115,0
4445.03,10.11,115,0
4445.16,10.11,115,0
4445.3,10.13,115,0
4445.43,10.11,115,0
4445.57,10.12,115,0
4445.71,10.11,115,0
4445.84,10.11,115,0
4445.98,10.11,115,0
4446.11,10.11,115,0
4446.25,10.11,115,0
4446.39,10.11,115,0
4446.52,10.12,115,0
4446.66,10.11,115,0
4446.79,10.11,115,0
4446.93,10.11,115,0
4447.06,10.11,115,0
4447.2,10.11,115,0
4447.34,10.12,115,0
4447.47,10.12,115,0
4447.61,10.11,115,0
4447.75,10.12,115,0
4447.88,10.11,115,0
4448.02,10.12,115,0
4448.15,10.11,115,0
4448.29,10.12,115,0
4448.42,10.11,115,0
4448.56,10.11,115,0
4448.7,10.11,115,0
4448.83,10.11,115,0
4448.97,10.11,115,0
4449.1,10.11,115,0
4449.24,10.12,115,0
4449.38,10.11,115,0
4449.51,10.11,115,0
4449.65,10.11,115,0
4449.78,10.1,115,0
4449.92,10.1,115,0
4450.06,10.11,115,0
4450.19,10.11,115,0
4450.33,10.11,115,0
4450.46,10.1,115,0
4450.6,10.11,115,0
4450.74,10.11,115,0
4450.87,10.11,115,0
4451.01,10.12,115,0
4451.14,10.1,115,0
4451.28,10.11,115,0
4451.42,10.11,115,0
4451.55,10.12,115,0
4451.69,10.12,115,0
4451.82,10.11,115,0
4451.96,10.11,115,0
4452.1,10.11,115,0
4452.23,10.11,115,0
4452.37,10.1,115,0
4452.5,10.12,115,0
4452.64,10.11,115,0
4452.77,10.11,115,0
4452.91,10.11,115,0
4453.05,10.11,115,0
4453.18,10.11,115,0
4453.32,10.11,115,0
4453.45,10.11,115,0
4453.59,10.1,115,0
4453.73,10.11,115,0
4453.86,10.11,115,0
4454.0,10.11,115,0
4454.13,10.1,115,0
4454.27,10.11,115,0
4454.41,10.1,115,0
4454.54,10.1,115,0
4454.68,10.1,115,0
4454.81,10.11,115,0
4454.95,10.1,115,0
4455.09,10.09,115,0
4455.22,10.1,115,0
4455.36,10.1,115,0
4455.49,10.09,115,0
4455.63,10.11,115,0
4455.77,10.12,115,0
4455.9,10.1,115,0
4456.04,10.13,115,0
4456.17,10.12,115,0
4456.31,10.14,115,0
4456.44,10.14,115,0
4456.58,10.12,115,0
4456.72,10.11,115,0
4456.85,10.11,115,0
4456.99,10.12,115,0
4457.12,10.14,115,0
4457.26,10.14,115,0
4457.4,10.13,115,0
4457.53,10.12,115,0
4457.67,10.12,115,0
4457.81,10.12,115,0
4457.94,10.11,115,0
4458.08,10.11,115,0
4458.21,10.11,115,0
4458.35,10.12,115,0
4458.48,10.11,115,0
4458.62,10.13,115,0
4458.76,10.1,115,0
4458.89,10.16,115,0
4459.03,10.16,115,0
4459.16,10.16,115,0
4459.3,10.15,115,0
4459.44,10.13,115,0
4459.57,10.13,115,0
4459.71,10.14,115,0
4459.84,10.12,115,0
4459.98,10.08,115,0
4460.12,10.08,115,0
4460.25,10.08,115,0
4460.39,10.07,115,0
4460.52,10.08,115,0
4460.66,10.07,115,0
4460.79,10.08,115,0
4460.93,10.09,115,0
4461.07,10.09,115,0
4461.2,10.07,115,0
4461.34,10.09,115,0
4461.47,10.08,115,0
4461.61,10.08,115,0
4461.75,10.07,115,0
4461.88,10.07,115,0
4462.02,10.07,115,0
4462.15,10.07,115,0
4462.29,10.08,115,0
4462.43,10.08,115,0
4462.56,10.07,115,0
4462.7,10.08,115,0
4462.83,10.08,115,0
4462.97,10.08,115,0
4463.11,10.08,115,0
4463.24,10.08,115,0
4463.38,10.08,115,0
4463.51,10.07,115,0
4463.65,10.07,115,0
4463.79,10.08,115,0
4463.92,10.08,115,0
4464.06,10.09,115,0
4464.19,10.08,115,0
4464.33,10.08,115,0
4464.47,10.08,115,0
4464.6,10.07,115,0
4464.74,10.08,115,0
4464.87,10.08,115,0
4465.01,10.08,115,0
4465.15,10.09,115,0
4465.28,10.09,115,0
4465.42,10.08,115,0
4465.55,10.07,115,0
4465.69,10.09,115,0
4465.83,10.08,115,0
4465.96,10.08,115,0
4466.1,10.08,115,0
4466.23,10.09,115,0
4466.37,10.09,115,0
4466.5,10.09,115,0
4466.64,10.09,115,0
4466.78,10.09,115,0
4466.91,10.08,115,0
4467.05,10.08,115,0
4467.18,10.09,115,0
4467.32,10.09,115,0
4467.46,10.08,115,0
4467.59,10.09,115,0
4467.73,10.09,115,0
4467.86,10.08,115,0
4468.0,10.09,115,0
4468.14,10.09,115,0
4468.27,10.08,115,0
4468.41,10.09,115,0
4468.54,10.08,115,0
4468.68,10.08,115,0
4468.82,10.08,115,0
4468.95,10.09,115,0
4469.09,10.08,115,0
4469.22,10.09,115,0
4469.36,10.08,115,0
4469.5,10.08,115,0
4469.63,10.08,115,0
4469.77,10.09,115,0
4469.9,10.06,115,0
4470.04,10.08,115,0
4470.17,10.09,115,0
4470.31,10.08,115,0
4470.45,10.09,115,0
4470.58,10.09,115,0
4470.72,10.09,115,0
4470.85,10.08,115,0
4470.99,10.07,115,0
4471.13,10.05,115,0
4471.26,10.05,115,0
4471.4,10.06,115,0
4471.54,10.06,115,0
4471.67,10.06,115,0
4471.81,10.06,115,0
4471.94,10.06,115,0
4472.08,10.05,115,0
4472.21,10.05,115,0
4472.35,10.04,115,0
4472.49,10.05,115,0
4472.62,10.06,115,0
4472.76,10.05,115,0
4472.89,10.05,115,0
4473.03,10.05,115,0
4473.17,10.06,115,0
4473.3,10.05,115,0
4473.44,10.06,115,0
4473.58,10.06,115,0
4473.71,10.05,115,0
4473.85,10.05,115,0
4473.98,10.05,115,0
4474.12,10.07,115,0
4474.25,10.06,115,0
4474.39,10.05,115,0
4474.53,10.05,115,0
4474.66,10.05,115,0
4474.8,10.05,115,0
4474.93,10.06,115,0
4475.07,10.06,115,0
4475.21,10.05,115,0
4475.34,10.05,115,0
4475.48,10.05,115,0
4475.61,10.06,115,0
4475.75,10.05,115,0
4475.88,10.05,115,0
4476.02,10.05,115,0
4476.16,10.05,115,0
4476.29,10.06,115,0
4476.43,10.05,115,0
4476.56,10.05,115,0
4476.7,10.06,115,0
4476.84,10.05,115,0
4476.97,10.05,115,0
4477.11,10.06,115,0
4477.25,10.05,115,0
4477.38,10.05,115,0
4477.52,10.05,115,0
4477.65,10.06,115,0
4477.79,10.06,115,0
4477.92,10.06,115,0
4478.06,10.06,115,0
4478.2,10.06,115,0
4478.33,10.06,115,0
4478.47,10.06,115,0
4478.6,10.06,115,0
4478.74,10.07,115,0
4478.88,10.06,115,0
4479.01,10.06,115,0
4479.15,10.06,115,0
4479.29,10.06,115,0
4479.42,10.06,115,0
4479.56,10.06,115,0
4479.69,10.06,115,0
4479.83,10.05,115,0
4479.96,10.07,115,0
4480.1,10.06,115,0
4480.24,10.06,115,0
4480.37,10.06,115,0
4480.51,10.07,115,0
4480.64,10.07,115,0
4480.78,10.06,115,0
4480.92,10.06,115,0
4481.05,10.07,115,0
4481.19,10.07,115,0
4481.32,10.06,115,0
4481.46,10.07,115,0
4481.6,10.07,115,0
4481.73,10.06,115,0
4481.87,10.07,115,0
4482.0,10.07,115,0
4482.14,10.07,115,0
4482.27,10.06,115,0
4482.41,10.08,115,0
4482.55,10.07,115,0
4482.68,10.06,115,0
4482.82,10.06,115,0
4482.95,10.08,115,0
4483.09,10.06,115,0
4483.23,10.07,115,0
4483.36,10.07,115,0
4483.5,10.06,115,0
4483.63,10.08,115,0
4483.77,10.06,115,0
4483.91,10.07,115,0
4484.04,10.07,115,0
4484.18,10.06,115,0
4484.31,10.08,115,0
4484.45,10.07,115,0
4484.59,10.06,115,0
4484.72,10.06,115,0
4484.86,10.07,115,0
4485.0,10.07,115,0
4485.13,10.07,115,0
4485.27,10.06,115,0
4485.4,10.07,115,0
4485.54,10.06,115,0
4485.67,10.07,115,0
4485.81,10.07,115,0
4485.95,10.06,115,0
4486.08,10.05,115,0
4486.22,10.07,115,0
4486.35,10.08,115,0
4486.49,10.07,115,0
4486.63,10.06,115,0
4486.76,10.06,115,0
4486.9,10.07,115,0
4487.03,10.07,115,0
4487.17,10.07,115,0
4487.31,10.07,115,0
4487.44,10.06,115,0
4487.58,10.06,115,0
4487.71,10.06,115,0
4487.85,10.06,115,0
4487.99,10.07,115,0
4488.12,10.06,115,0
4488.26,10.07,115,0
4488.39,10.07,115,0
4488.53,10.05,115,0
4488.66,10.07,115,0
4488.8,10.07,115,0
4488.94,10.08,115,0
4489.07,10.07,115,0
4489.21,10.07,115,0
4489.35,10.05,115,0
4489.48,10.07,115,0
4489.62,10.07,115,0
4489.75,10.06,115,0
4489.89,10.08,115,0
4490.02,10.07,115,0
4490.16,10.06,115,0
4490.3,10.07,115,0
4490.43,10.06,115,0
4490.57,10.07,115,0
4490.7,10.06,115,0
4490.84,10.06,115,0
4490.98,10.07,115,0
4491.11,10.07,115,0
4491.25,10.08,115,0
4491.38,10.07,115,0
4491.52,10.07,115,0
4491.66,10.07,115,0
4491.79,10.07,115,0
4491.93,10.07,115,0
4492.06,10.07,115,0
4492.2,10.08,115,0
4492.34,10.07,115,0
4492.47,10.07,115,0
4492.61,10.07,115,0
4492.74,10.07,115,0
4492.88,10.07,115,0
4493.02,10.08,115,0
4493.15,10.07,115,0
4493.29,10.08,115,0
4493.42,10.07,115,0
4493.56,10.07,115,0
4493.69,10.08,115,0
4493.83,10.07,115,0
4493.97,10.07,115,0
4494.1,10.08,115,0
4494.24,10.08,115,0
4494.37,10.08,115,0
4494.51,10.07,115,0
4494.65,10.08,115,0
4494.78,10.08,115,0
4494.92,10.08,115,0
4495.05,10.08,115,0
4495.19,10.09,115,0
4495.33,10.07,115,0
4495.46,10.08,115,0
4495.6,10.07,115,0
4495.73,10.08,115,0
4495.87,10.07,115,0
4496.01,10.09,115,0
4496.14,10.07,115,0
4496.28,10.07,115,0
4496.41,10.08,115,0
4496.55,10.08,115,0
4496.69,10.08,115,0
4496.82,10.09,115,0
4496.96,10.09,115,0
4497.09,10.08,115,0
4497.23,10.09,115,0
4497.37,10.09,115,0
4497.5,10.08,115,0
4497.64,10.08,115,0
4497.77,10.09,115,0
4497.91,10.09,115,0
4498.04,10.08,115,0
4498.18,10.09,115,0
4498.32,10.08,115,0
4498.45,10.09,115,0
4498.59,10.08,115,0
4498.72,10.09,115,0
4498.86,10.09,115,0
4499.0,10.09,115,0
4499.13,10.09,115,0
4499.27,10.09,115,0
4499.4,10.09,115,0
4499.54,10.09,115,0
4499.68,10.08,115,0
4499.81,10.09,115,0
4499.95,10.07,115,0
4500.08,10.09,115,0
4500.22,10.1,115,0
4500.36,10.1,115,0
4500.49,10.09,115,0
4500.63,10.09,115,0
4500.76,10.09,115,0
4500.9,10.09,115,0
4501.04,10.09,115,0
4501.17,10.1,115,0
4501.31,10.09,115,0
4501.44,10.09,115,0
4501.58,10.09,115,0
4501.71,10.09,115,0
4501.85,10.09,115,0
4501.99,10.1,115,0
4502.12,10.09,115,0
4502.26,10.09,115,0
4502.39,10.1,115,0
4502.53,10.09,115,0
4502.67,10.09,115,0
4502.8,10.1,115,0
4502.94,10.09,115,0
4503.08,10.08,115,0
4503.21,10.09,115,0
4503.35,10.09,115,0
4503.48,10.09,115,0
4503.62,10.09,115,0
4503.75,10.09,115,0
4503.89,10.1,115,0
4504.03,10.09,115,0
4504.16,10.09,115,0
4504.3,10.09,115,0
4504.43,10.09,115,0
4504.57,10.11,115,0
4504.71,10.1,115,0
4504.84,10.1,115,0
4504.98,10.09,115,0
4505.11,10.09,115,0
4505.25,10.1,115,0
4505.39,10.09,115,0
4505.52,10.09,115,0
4505.66,10.09,115,0
4505.79,10.1,115,0
4505.93,10.09,115,0
4506.06,10.1,115,0
4506.2,10.1,115,0
4506.34,10.09,115,0
4506.47,10.1,115,0
4506.61,10.1,115,0
4506.75,10.11,115,0
4506.88,10.1,115,0
4507.02,10.1,115,0
4507.15,10.09,115,0
4507.29,10.11,115,0
4507.42,10.1,115,0
4507.56,10.1,115,0
4507.7,10.09,115,0
4507.83,10.1,115,0
4507.97,10.1,115,0
4508.1,10.1,115,0
4508.24,10.1,115,0
4508.38,10.1,115,0
4508.51,10.1,115,0
4508.65,10.1,115,0
4508.78,10.09,115,0
4508.92,10.09,115,0
4509.06,10.1,115,0
4509.19,10.1,115,0
4509.33,10.1,115,0
4509.46,10.1,115,0
4509.6,10.09,115,0
4509.74,10.11,115,0
4509.87,10.1,115,0
4510.01,10.11,115,0
4510.14,10.09,115,0
4510.28,10.1,115,0
4510.41,10.11,115,0
4510.55,10.1,115,0
4510.69,10.11,115,0
4510.82,10.1,115,0
4510.96,10.11,115,0
4511.1,10.09,115,0
4511.23,10.09,115,0
4511.37,10.1,115,0
4511.5,10.1,115,0
4511.64,10.11,115,0
4511.77,10.1,115,0
4511.91,10.11,115,0
4512.05,10.11,115,0
4512.18,10.11,115,0
4512.32,10.11,115,0
4512.45,10.1,115,0
4512.59,10.1,115,0
4512.73,10.11,115,0
4512.86,10.1,115,0
4513.0,10.11,115,0
4513.13,10.1,115,0
4513.27,10.1,115,0
4513.41,10.1,115,0
4513.54,10.11,115,0
4513.68,10.11,115,0
4513.81,10.11,115,0
4513.95,10.1,115,0
4514.09,10.12,115,0
4514.22,10.12,115,0
4514.36,10.11,115,0
4514.49,10.11,115,0
4514.63,10.12,115,0
4514.77,10.11,115,0
4514.9,10.12,115,0
4515.04,10.11,115,0
4515.17,10.12,115,0
4515.31,10.11,115,0
4515.44,10.11,115,0
4515.58,10.11,115,0
4515.72,10.11,115,0
4515.85,10.09,115,0
4515.99,10.11,115,0
4516.12,10.12,115,0
4516.26,10.11,115,0
4516.4,10.11,115,0
4516.53,10.11,115,0
4516.67,10.12,115,0
4516.81,10.11,115,0
4516.94,10.11,115,0
4517.08,10.11,115,0
4517.21,10.11,115,0
4517.35,10.11,115,0
4517.48,10.1,115,0
4517.62,10.11,115,0
4517.76,10.12,115,0
4517.89,10.12,115,0
4518.03,10.11,115,0
4518.16,10.12,115,0
4518.3,10.12,115,0
4518.44,10.12,115,0
4518.57,10.1,115,0
4518.71,10.11,115,0
4518.84,10.11,115,0
4518.98,10.1,115,0
4519.12,10.11,115,0
4519.25,10.11,115,0
4519.39,10.12,115,0
4519.52,10.1,115,0
4519.66,10.11,115,0
4519.8,10.11,115,0
4519.93,10.11,115,0
4520.07,10.12,115,0
4520.2,10.09,115,0
4520.34,10.11,115,0
4520.48,10.1,115,0
4520.61,10.1,115,0
4520.75,10.12,115,0
4520.88,10.1,115,0
4521.02,10.11,115,0
4521.15,10.11,115,0
4521.29,10.11,115,0
4521.43,10.11,115,0
4521.56,10.1,115,0
4521.7,10.1,115,0
4521.83,10.11,115,0
4521.97,10.11,115,0
4522.11,10.11,115,0
4522.24,10.1,115,0
4522.38,10.1,115,0
4522.52,10.11,115,0
4522.65,10.11,115,0
4522.79,10.1,115,0
4522.92,10.1,115,0
4523.06,10.1,115,0
4523.19,10.12,115,0
4523.33,10.1,115,0
4523.47,10.1,115,0
4523.6,10.11,115,0
4523.74,10.11,115,0
4523.87,10.1,115,0
4524.01,10.1,115,0
4524.15,10.11,115,0
4524.28,10.11,115,0
4524.42,10.11,115,0
4524.55,10.12,115,0
4524.69,10.1,115,0
4524.83,10.1,115,0
4524.96,10.1,115,0
4525.1,10.11,115,0
4525.23,10.11,115,0
4525.37,10.11,115,0
4525.5,10.11,115,0
4525.64,10.1,115,0
4525.78,10.11,115,0
4525.91,10.12,115,0
4526.05,10.11,115,0
4526.18,10.1,115,0
4526.32,10.11,115,0
4526.46,10.11,115,0
4526.59,10.11,115,0
4526.73,10.11,115,0
4526.87,10.1,115,0
4527.0,10.1,115,0
4527.14,10.11,115,0
4527.27,10.11,115,0
4527.41,10.11,115,0
4527.54,10.12,115,0
4527.68,10.11,115,0
4527.82,10.11,115,0
4527.95,10.11,115,0
4528.09,10.11,115,0
4528.22,10.12,115,0
4528.36,10.11,115,0
4528.5,10.11,115,0
4528.63,10.11,115,0
4528.77,10.12,115,0
4528.9,10.11,115,0
4529.04,10.11,115,0
4529.18,10.1,115,0
4529.31,10.11,115,0
4529.45,10.1,115,0
4529.58,10.11,115,0
4529.72,10.11,115,0
4529.85,10.1,115,0
4529.99,10.12,115,0
4530.13,10.11,115,0
4530.26,10.11,115,0
4530.4,10.1,115,0
4530.54,10.12,115,0
4530.67,10.12,115,0
4530.81,10.11,115,0
4530.94,10.11,115,0
4531.08,10.11,115,0
4531.21,10.11,115,0
4531.35,10.1,115,0
4531.49,10.11,115,0
4531.62,10.11,115,0
4531.76,10.11,115,0
4531.89,10.11,115,0
4532.03,10.11,115,0
4532.17,10.11,115,0
4532.3,10.11,115,0
4532.44,10.11,115,0
4532.57,10.12,115,0
4532.71,10.12,115,0
4532.85,10.12,115,0
4532.98,10.11,115,0
4533.12,10.12,115,0
4533.25,10.12,115,0
4533.39,10.12,115,0
4533.53,10.12,115,0
4533.66,10.11,115,0
4533.8,10.11,115,0
4533.93,10.11,115,0
4534.07,10.12,115,0
4534.21,10.11,115,0
4534.34,10.11,115,0
4534.48,10.12,115,0
4534.61,10.12,115,0
4534.75,10.11,115,0
4534.88,10.11,115,0
4535.02,10.12,115,0
4535.16,10.11,115,0
4535.29,10.12,115,0
4535.43,10.12,115,0
4535.56,10.12,115,0
4535.7,10.11,115,0
4535.84,10.12,115,0
4535.97,10.11,115,0
4536.11,10.11,115,0
4536.25,10.11,115,0
4536.38,10.11,115,0
4536.52,10.12,115,0
4536.65,10.11,115,0
4536.79,10.11,115,0
4536.92,10.11,115,0
4537.06,10.11,115,0
4537.2,10.11,115,0
4537.33,10.11,115,0
4537.47,10.11,115,0
4537.6,10.11,115,0
4537.74,10.11,115,0
4537.88,10.13,115,0
4538.01,10.11,115,0
4538.15,10.1,115,0
4538.28,10.11,115,0
4538.42,10.11,115,0
4538.56,10.11,115,0
4538.69,10.11,115,0
4538.83,10.11,115,0
4538.96,10.11,115,0
4539.1,10.11,115,0
4539.24,10.11,115,0
4539.37,10.11,115,0
4539.51,10.11,115,0
4539.64,10.11,115,0
4539.78,10.1,115,0
4539.91,10.11,115,0
4540.05,10.12,115,0
4540.19,10.11,115,0
4540.32,10.11,115,0
4540.46,10.11,115,0
4540.6,10.12,115,0
4540.73,10.12,115,0
4540.87,10.11,115,0
4541.0,10.12,115,0
4541.14,10.12,115,0
4541.27,10.11,115,0
4541.41,10.12,115,0
4541.55,10.11,115,0
4541.68,10.11,115,0
4541.82,10.11,115,0
4541.95,10.12,115,0
4542.09,10.11,115,0
4542.23,10.13,115,0
4542.36,10.12,115,0
4542.5,10.12,115,0
4542.63,10.12,115,0
4542.77,10.11,115,0
4542.91,10.12,115,0
4543.04,10.11,115,0
4543.18,10.12,115,0
4543.31,10.11,115,0
4543.45,10.11,115,0
4543.59,10.13,115,0
4543.72,10.12,115,0
4543.86,10.12,115,0
4543.99,10.13,115,0
4544.13,10.12,115,0
4544.27,10.12,115,0
4544.4,10.12,115,0
4544.54,10.12,115,0
4544.67,10.12,115,0
4544.81,10.12,115,0
4544.94,10.12,115,0
4545.08,10.12,115,0
4545.22,10.13,115,0
4545.35,10.12,115,0
4545.49,10.12,115,0
4545.62,10.12,115,0
4545.76,10.12,115,0
4545.9,10.12,115,0
4546.03,10.12,115,0
4546.17,10.12,115,0
4546.31,10.12,115,0
4546.44,10.12,115,0
4546.58,10.13,115,0
4546.71,10.12,115,0
4546.85,10.12,115,0
4546.98,10.11,115,0
4547.12,10.12,115,0
4547.26,10.12,115,0
4547.39,10.12,115,0
4547.53,10.13,115,0
4547.66,10.12,115,0
4547.8,10.12,115,0
4547.94,10.12,115,0
4548.07,10.12,115,0
4548.21,10.12,115,0
4548.34,10.13,115,0
4548.48,10.12,115,0
4548.62,10.12,115,0
4548.75,10.12,115,0
4548.89,10.12,115,0
4549.02,10.12,115,0
4549.16,10.12,115,0
4549.3,10.12,115,0
4549.43,10.13,115,0
4549.57,10.12,115,0
4549.7,10.12,115,0
4549.84,10.12,115,0
4549.98,10.13,115,0
4550.11,10.12,115,0
4550.25,10.12,115,0
4550.38,10.11,115,0
4550.52,10.12,115,0
4550.66,10.12,115,0
4550.79,10.12,115,0
4550.93,10.12,115,0
4551.06,10.11,115,0
4551.2,10.12,115,0
4551.33,10.12,115,0
4551.47,10.12,115,0
4551.61,10.12,115,0
4551.74,10.12,115,0
4551.88,10.13,115,0
4552.01,10.12,115,0
4552.15,10.12,115,0
4552.29,10.12,115,0
4552.42,10.13,115,0
4552.56,10.11,115,0
4552.69,10.11,115,0
4552.83,10.12,115,0
4552.97,10.12,115,0
4553.1,10.11,115,0
4553.24,10.12,115,0
4553.37,10.12,115,0
4553.51,10.12,115,0
4553.65,10.12,115,0
4553.78,10.11,115,0
4553.92,10.12,115,0
4554.05,10.12,115,0
4554.19,10.12,115,0
4554.33,10.12,115,0
4554.46,10.12,115,0
4554.6,10.12,115,0
4554.73,10.11,115,0
4554.87,10.12,115,0
4555.0,10.12,115,0
4555.14,10.12,115,0
4555.28,10.12,115,0
4555.41,10.12,115,0
4555.55,10.14,115,0
4555.68,10.12,115,0
4555.82,10.13,115,0
4555.96,10.13,115,0
4556.09,10.13,115,0
4556.23,10.13,115,0
4556.36,10.12,115,0
4556.5,10.13,115,0
4556.64,10.13,115,0
4556.77,10.13,115,0
4556.91,10.13,115,0
4557.04,10.12,115,0
4557.18,10.13,115,0
4557.32,10.13,115,0
4557.45,10.14,115,0
4557.59,10.14,115,0
4557.72,10.14,115,0
4557.86,10.13,115,0
4558.0,10.14,115,0
4558.13,10.14,115,0
4558.27,10.13,115,0
4558.4,10.14,115,0
4558.54,10.14,115,0
4558.67,10.14,115,0
4558.81,10.12,115,0
4558.95,10.14,115,0
4559.08,10.15,115,0
4559.22,10.14,115,0
4559.35,10.14,115,0
4559.49,10.14,115,0
4559.63,10.13,115,0
4559.76,10.14,115,0
4559.9,10.15,115,0
4560.04,10.15,115,0
4560.17,10.14,115,0
4560.31,10.14,115,0
4560.44,10.13,115,0
4560.58,10.14,115,0
4560.71,10.15,115,0
4560.85,10.14,115,0
4560.99,10.14,115,0
4561.12,10.14,115,0
4561.26,10.15,115,0
4561.39,10.14,115,0
4561.53,10.14,115,0
4561.67,10.14,115,0
4561.8,10.15,115,0
4561.94,10.13,115,0
4562.07,10.14,115,0
4562.21,10.14,115,0
4562.35,10.13,115,0
4562.48,10.14,115,0
4562.62,10.14,115,0
4562.75,10.14,115,0
4562.89,10.14,115,0
4563.03,10.14,115,0
4563.16,10.14,115,0
4563.3,10.14,115,0
4563.43,10.14,115,0
4563.57,10.14,115,0
4563.7,10.14,115,0
4563.84,10.14,115,0
4563.98,10.14,115,0
4564.11,10.14,115,0
4564.25,10.14,115,0
4564.38,10.15,115,0
4564.52,10.14,115,0
4564.66,10.15,115,0
4564.79,10.15,115,0
4564.93,10.15,115,0
4565.06,10.15,115,0
4565.2,10.14,115,0
4565.34,10.14,115,0
4565.47,10.15,115,0
4565.61,10.14,115,0
4565.75,10.15,115,0
4565.88,10.15,115,0
4566.02,10.15,115,0
4566.15,10.15,115,0
4566.29,10.15,115,0
4566.42,10.16,115,0
4566.56,10.15,115,0
4566.7,10.15,115,0
4566.83,10.14,115,0
4566.97,10.15,115,0
4567.1,10.15,115,0
4567.24,10.15,115,0
4567.38,10.15,115,0
4567.51,10.15,115,0
4567.65,10.15,115,0
4567.78,10.15,115,0
4567.92,10.15,115,0
4568.06,10.15,115,0
4568.19,10.15,115,0
4568.33,10.15,115,0
4568.46,10.15,115,0
4568.6,10.15,115,0
4568.73,10.15,115,0
4568.87,10.15,115,0
4569.01,10.15,115,0
4569.14,10.15,115,0
4569.28,10.16,115,0
4569.41,10.16,115,0
4569.55,10.15,115,0
4569.69,10.15,115,0
4569.82,10.15,115,0
4569.96,10.15,115,0
4570.1,10.15,115,0
4570.23,10.15,115,0
4570.37,10.15,115,0
4570.5,10.15,115,0
4570.64,10.14,115,0
4570.77,10.15,115,0
4570.91,10.15,115,0
4571.05,10.15,115,0
4571.18,10.16,115,0
4571.32,10.15,115,0
4571.45,10.16,115,0
4571.59,10.15,115,0
4571.73,10.15,115,0
4571.86,10.15,115,0
4572.0,10.15,115,0
4572.13,10.15,115,0
4572.27,10.15,115,0
4572.41,10.15,115,0
4572.54,10.16,115,0
4572.68,10.15,115,0
4572.81,10.14,115,0
4572.95,10.16,115,0
4573.09,10.16,115,0
4573.22,10.16,115,0
4573.36,10.15,115,0
4573.49,10.16,115,0
4573.63,10.16,115,0
4573.77,10.15,115,0
4573.9,10.16,115,0
4574.04,10.16,115,0
4574.17,10.16,115,0
4574.31,10.16,115,0
4574.44,10.16,115,0
4574.58,10.16,115,0
4574.72,10.16,115,0
4574.85,10.16,115,0
4574.99,10.17,115,0
4575.12,10.17,115,0
4575.26,10.16,115,0
4575.4,10.17,115,0
4575.53,10.17,115,0
4575.67,10.16,115,0
4575.81,10.15,115,0
4575.94,10.17,115,0
4576.08,10.17,115,0
4576.21,10.16,115,0
4576.35,10.17,115,0
4576.48,10.15,115,0
4576.62,10.16,115,0
4576.76,10.15,115,0
4576.89,10.16,115,0
4577.03,10.16,115,0
4577.16,10.16,115,0
4577.3,10.15,115,0
4577.44,10.16,115,0
4577.57,10.16,115,0
4577.71,10.15,115,0
4577.84,10.17,115,0
4577.98,10.17,115,0
4578.12,10.16,115,0
4578.25,10.16,115,0
4578.39,10.15,115,0
4578.52,10.17,115,0
4578.66,10.16,115,0
4578.8,10.16,115,0
4578.93,10.16,115,0
4579.07,10.15,115,0
4579.2,10.17,115,0
4579.34,10.17,115,0
4579.48,10.16,115,0
4579.61,10.16,115,0
4579.75,10.17,115,0
4579.88,10.16,115,0
4580.02,10.16,115,0
4580.16,10.17,115,0
4580.29,10.16,115,0
4580.43,10.17,115,0
4580.56,10.16,115,0
4580.7,10.16,115,0
4580.83,10.17,115,0
4580.97,10.17,115,0
4581.11,10.17,115,0
4581.24,10.16,115,0
4581.38,10.16,115,0
4581.52,10.16,115,0
4581.65,10.17,115,0
4581.79,10.16,115,0
4581.92,10.16,115,0
4582.06,10.16,115,0
4582.19,10.16,115,0
4582.33,10.16,115,0
4582.47,10.17,115,0
4582.6,10.16,115,0
4582.74,10.16,115,0
4582.87,10.17,115,0
4583.01,10.17,115,0
4583.15,10.16,115,0
4583.28,10.17,115,0
4583.42,10.17,115,0
4583.55,10.16,115,0
4583.69,10.16,115,0
4583.83,10.17,115,0
4583.96,10.16,115,0
4584.1,10.16,115,0
4584.23,10.17,115,0
4584.37,10.16,115,0
4584.51,10.17,115,0
4584.64,10.16,115,0
4584.78,10.16,115,0
4584.91,10.16,115,0
4585.05,10.16,115,0
4585.18,10.16,115,0
4585.32,10.16,115,0
4585.46,10.15,115,0
4585.59,10.16,115,0
4585.73,10.16,115,0
4585.87,10.17,115,0
4586.0,10.16,115,0
4586.14,10.16,115,0
4586.27,10.16,115,0
4586.41,10.17,115,0
4586.54,10.16,115,0
4586.68,10.16,115,0
4586.82,10.17,115,0
4586.95,10.15,115,0
4587.09,10.16,115,0
4587.22,10.16,115,0
4587.36,10.16,115,0
4587.5,10.16,115,0
4587.63,10.16,115,0
4587.77,10.15,115,0
4587.9,10.16,115,0
4588.04,10.16,115,0
4588.18,10.16,115,0
4588.31,10.15,115,0
4588.45,10.16,115,0
4588.58,10.16,115,0
4588.72,10.16,115,0
4588.86,10.16,115,0
4588.99,10.17,115,0
4589.13,10.16,115,0
4589.26,10.16,115,0
4589.4,10.16,115,0
4589.54,10.16,115,0
4589.67,10.15,115,0
4589.81,10.14,115,0
4589.94,10.14,115,0
4590.08,10.15,115,0
4590.21,10.14,115,0
4590.35,10.14,115,0
4590.49,10.16,115,0
4590.62,10.15,115,0
4590.76,10.15,115,0
4590.89,10.13,115,0
4591.03,10.14,115,0
4591.17,10.14,115,0
4591.3,10.16,115,0
4591.44,10.15,115,0
4591.58,10.13,115,0
4591.71,10.15,115,0
4591.85,10.16,115,0
4591.98,10.13,115,0
4592.12,10.15,115,0
4592.25,10.15,115,0
4592.39,10.15,115,0
4592.53,10.15,115,0
4592.66,10.14,115,0
4592.8,10.15,115,0
4592.93,10.15,115,0
4593.07,10.16,115,0
4593.21,10.14,115,0
4593.34,10.16,115,0
4593.48,10.15,115,0
4593.61,10.15,115,0
4593.75,10.15,115,0
4593.89,10.15,115,0
4594.02,10.16,115,0
4594.16,10.14,115,0
4594.29,10.14,115,0
4594.43,10.15,115,0
4594.57,10.15,115,0
4594.7,10.15,115,0
4594.84,10.15,115,0
4594.97,10.15,115,0
4595.11,10.15,115,0
4595.25,10.15,115,0
4595.38,10.15,115,0
4595.52,10.14,115,0
4595.65,10.15,115,0
4595.79,10.15,115,0
4595.92,10.15,115,0
4596.06,10.14,115,0
4596.2,10.15,115,0
4596.33,10.14,115,0
4596.47,10.16,115,0
4596.6,10.15,115,0
4596.74,10.16,115,0
4596.88,10.14,115,0
4597.01,10.14,115,0
4597.15,10.15,115,0
4597.28,10.16,115,0
4597.42,10.15,115,0
4597.56,10.16,115,0
4597.69,10.17,115,0
4597.83,10.16,115,0
4597.96,10.16,115,0
4598.1,10.17,115,0
4598.24,10.16,115,0
4598.37,10.16,115,0
4598.51,10.16,115,0
4598.64,10.16,115,0
4598.78,10.16,115,0
4598.92,10.15,115,0
4599.05,10.16,115,0
4599.19,10.16,115,0
4599.32,10.15,115,0
4599.46,10.16,115,0
4599.6,10.15,115,0
4599.73,10.17,115,0
4599.87,10.15,115,0
4600.0,10.16,115,0
4600.14,10.16,115,0
4600.27,10.16,115,0
4600.41,10.16,115,0
4600.55,10.16,115,0
4600.68,10.16,115,0
4600.82,10.16,115,0
4600.95,10.17,115,0
4601.09,10.16,115,0
4601.23,10.15,115,0
4601.36,10.17,115,0
4601.5,10.17,115,0
4601.63,10.16,115,0
4601.77,10.16,115,0
4601.91,10.17,115,0
4602.04,10.16,115,0
4602.18,10.16,115,0
4602.31,10.16,115,0
4602.45,10.15,115,0
4602.59,10.16,115,0
4602.72,10.18,115,0
4602.86,10.17,115,0
4602.99,10.16,115,0
4603.13,10.15,115,0
4603.27,10.17,115,0
4603.4,10.17,115,0
4603.54,10.17,115,0
4603.67,10.17,115,0
4603.81,10.17,115,0
4603.95,10.18,115,0
4604.08,10.18,115,0
4604.22,10.19,115,0
4604.35,10.18,115,0
4604.49,10.17,115,0
4604.63,10.17,115,0
4604.76,10.18,115,0
4604.9,10.18,115,0
4605.03,10.17,115,0
4605.17,10.19,115,0
4605.31,10.19,115,0
4605.44,10.18,115,0
4605.58,10.19,115,0
4605.71,10.18,115,0
4605.85,10.19,115,0
4605.98,10.18,115,0
4606.12,10.18,115,0
4606.26,10.18,115,0
4606.39,10.19,115,0
4606.53,10.18,115,0
4606.66,10.19,115,0
4606.8,10.18,115,0
4606.94,10.18,115,0
4607.07,10.18,115,0
4607.21,10.18,115,0
4607.35,10.18,115,0
4607.48,10.19,115,0
4607.62,10.18,115,0
4607.75,10.2,115,0
4607.89,10.19,115,0
4608.02,10.19,115,0
4608.16,10.19,115,0
4608.3,10.19,115,0
4608.43,10.19,115,0
4608.57,10.19,115,0
4608.7,10.19,115,0
4608.84,10.18,115,0
4608.98,10.18,115,0
4609.11,10.19,115,0
4609.25,10.19,115,0
4609.38,10.19,115,0
4609.52,10.19,115,0
4609.66,10.19,115,0
4609.79,10.19,115,0
4609.93,10.19,115,0
4610.06,10.19,115,0
4610.2,10.19,115,0
4610.34,10.19,115,0
4610.47,10.19,115,0
4610.61,10.19,115,0
4610.74,10.19,115,0
4610.88,10.19,115,0
4611.02,10.18,115,0
4611.15,10.19,115,0
4611.29,10.18,115,0
4611.42,10.18,115,0
4611.56,10.18,115,0
4611.69,10.18,115,0
4611.83,10.18,115,0
4611.97,10.18,115,0
4612.1,10.18,115,0
4612.24,10.19,115,0
4612.37,10.18,115,0
4612.51,10.18,115,0
4612.65,10.18,115,0
4612.78,10.18,115,0
4612.92,10.18,115,0
4613.06,10.18,115,0
4613.19,10.19,115,0
4613.33,10.18,115,0
4613.46,10.19,115,0
4613.6,10.18,115,0
4613.73,10.17,115,0
4613.87,10.17,115,0
4614.01,10.18,115,0
4614.14,10.17,115,0
4614.28,10.17,115,0
4614.41,10.18,115,0
4614.55,10.17,115,0
4614.69,10.18,115,0
4614.82,10.17,115,0
4614.96,10.17,115,0
4615.1,10.17,115,0
4615.23,10.18,115,0
4615.37,10.16,115,0
4615.5,10.18,115,0
4615.64,10.18,115,0
4615.77,10.18,115,0
4615.91,10.17,115,0
4616.05,10.18,115,0
4616.18,10.18,115,0
4616.32,10.17,115,0
4616.45,10.18,115,0
4616.59,10.17,115,0
4616.73,10.18,115,0
4616.86,10.18,115,0
4617.0,10.18,115,0
4617.13,10.18,115,0
4617.27,10.18,115,0
4617.41,10.17,115,0
4617.54,10.17,115,0
4617.68,10.18,115,0
4617.81,10.17,115,0
4617.95,10.17,115,0
4618.09,10.18,115,0
4618.22,10.17,115,0
4618.36,10.17,115,0
4618.49,10.17,115,0
4618.63,10.17,115,0
4618.77,10.18,115,0
4618.9,10.17,115,0
4619.04,10.17,115,0
4619.17,10.17,115,0
4619.31,10.18,115,0
4619.44,10.18,115,0
4619.58,10.19,115,0
4619.72,10.17,115,0
4619.85,10.17,115,0
4619.99,10.17,115,0
4620.12,10.16,115,0
4620.26,10.17,115,0
4620.4,10.17,115,0
4620.53,10.17,115,0
4620.67,10.17,115,0
4620.81,10.16,115,0
4620.94,10.18,115,0
4621.08,10.17,115,0
4621.21,10.18,115,0
4621.35,10.18,115,0
4621.48,10.17,115,0
4621.62,10.17,115,0
4621.76,10.16,115,0
4621.89,10.18,115,0
4622.03,10.18,115,0
4622.16,10.17,115,0
4622.3,10.17,115,0
4622.44,10.18,115,0
4622.57,10.17,115,0
4622.71,10.17,115,0
4622.84,10.16,115,0
4622.98,10.17,115,0
4623.12,10.17,115,0
4623.25,10.17,115,0
4623.39,10.17,115,0
4623.52,10.17,115,0
4623.66,10.18,115,0
4623.8,10.17,115,0
4623.93,10.18,115,0
4624.07,10.17,115,0
4624.2,10.17,115,0
4624.34,10.17,115,0
4624.48,10.17,115,0
4624.61,10.17,115,0
4624.75,10.17,115,0
4624.88,10.18,115,0
4625.02,10.18,115,0
4625.16,10.18,115,0
4625.29,10.18,115,0
4625.43,10.18,115,0
4625.56,10.17,115,0
4625.7,10.17,115,0
4625.84,10.17,115,0
4625.97,10.17,115,0
4626.11,10.17,115,0
4626.24,10.17,115,0
4626.38,10.16,115,0
4626.52,10.18,115,0
4626.65,10.17,115,0
4626.79,10.18,115,0
4626.92,10.19,115,0
4627.06,10.18,115,0
4627.19,10.18,115,0
4627.33,10.17,115,0
4627.47,10.18,115,0
4627.6,10.17,115,0
4627.74,10.16,115,0
4627.87,10.16,115,0
4628.01,10.17,115,0
4628.15,10.18,115,0
4628.28,10.18,115,0
4628.42,10.18,115,0
4628.55,10.18,115,0
4628.69,10.18,115,0
4628.83,10.17,115,0
4628.96,10.17,115,0
4629.1,10.17,115,0
4629.23,10.17,115,0
4629.37,10.17,115,0
4629.51,10.17,115,0
4629.64,10.16,115,0
4629.78,10.17,115,0
4629.91,10.17,115,0
4630.05,10.17,115,0
4630.19,10.17,115,0
4630.32,10.16,115,0
4630.46,10.15,115,0
4630.59,10.18,115,0
4630.73,10.17,115,0
4630.87,10.16,115,0
4631.0,10.18,115,0
4631.14,10.16,115,0
4631.27,10.15,115,0
4631.41,10.15,115,0
4631.54,10.17,115,0
4631.68,10.16,115,0
4631.82,10.16,115,0
4631.95,10.16,115,0
4632.09,10.16,115,0
4632.22,10.17,115,0
4632.36,10.16,115,0
4632.5,10.16,115,0
4632.63,10.17,115,0
4632.77,10.16,115,0
4632.9,10.17,115,0
4633.04,10.18,115,0
4633.18,10.22,115,0
4633.31,10.11,115,0
4633.45,10.15,115,0
4633.58,10.13,115,0
4633.72,10.18,115,0
4633.86,10.14,115,0
4633.99,10.15,115,0
4634.13,10.15,115,0
4634.27,10.14,115,0
4634.4,10.14,115,0
4634.54,10.14,115,0
4634.67,10.13,115,0
4634.81,10.15,115,0
4634.94,10.14,115,0
4635.08,10.14,115,0
4635.22,10.14,115,0
4635.35,10.14,115,0
4635.49,10.13,115,0
4635.62,10.13,115,0
4635.76,10.13,115,0
4635.9,10.14,115,0
4636.03,10.14,115,0
4636.17,10.14,115,0
4636.3,10.14,115,0
4636.44,10.15,115,0
4636.58,10.14,115,0
4636.71,10.14,115,0
4636.85,10.13,115,0
4636.98,10.15,115,0
4637.12,10.15,115,0
4637.25,10.13,115,0
4637.39,10.16,115,0
4637.53,10.15,115,0
4637.66,10.15,115,0
4637.8,10.13,115,0
4637.93,10.14,115,0
4638.07,10.14,115,0
4638.21,10.13,115,0
4638.34,10.14,115,0
4638.48,10.15,115,0
4638.62,10.14,115,0
4638.75,10.16,115,0
4638.89,10.13,115,0
4639.02,10.13,115,0
4639.16,10.15,115,0
4639.29,10.14,115,0
4639.43,10.14,115,0
4639.57,10.14,115,0
4639.7,10.14,115,0
4639.84,10.14,115,0
4639.97,10.15,115,0
4640.11,10.14,115,0
4640.25,10.15,115,0
4640.38,10.14,115,0
4640.52,10.14,115,0
4640.65,10.14,115,0
4640.79,10.13,115,0
4640.93,10.14,115,0
4641.06,10.13,115,0
4641.2,10.13,115,0
4641.33,10.16,115,0
4641.47,10.13,115,0
4641.61,10.14,115,0
4641.74,10.14,115,0
4641.88,10.15,115,0
4642.01,10.14,115,0
4642.15,10.12,115,0
4642.29,10.11,115,0
4642.42,10.12,115,0
4642.56,10.13,115,0
4642.69,10.14,115,0
4642.83,10.14,115,0
4642.96,10.14,115,0
4643.1,10.15,115,0
4643.24,10.14,115,0
4643.37,10.12,115,0
4643.51,10.14,115,0
4643.64,10.14,115,0
4643.78,10.14,115,0
4643.92,10.14,115,0
4644.05,10.14,115,0
4644.19,10.22,115,0
4644.33,10.23,115,0
4644.46,10.2,115,0
4644.6,10.22,115,0
4644.73,10.23,115,0
4644.87,10.22,115,0
4645.0,10.23,115,0
4645.14,10.21,115,0
4645.28,10.23,115,0
4645.41,10.21,115,0
4645.55,10.22,115,0
4645.68,10.22,115,0
4645.82,10.21,115,0
4645.96,10.22,115,0
4646.09,10.21,115,0
4646.23,10.23,115,0
4646.36,10.21,115,0
4646.5,10.22,115,0
4646.64,10.22,115,0
4646.77,10.23,115,0
4646.91,10.2,115,0
4647.04,10.23,115,0
4647.18,10.22,115,0
4647.32,10.2,115,0
4647.45,10.21,115,0
4647.59,10.21,115,0
4647.72,10.21,115,0
4647.86,10.22,115,0
4648.0,10.22,115,0
4648.13,10.21,115,0
4648.27,10.21,115,0
4648.4,10.22,115,0
4648.54,10.21,115,0
4648.67,10.22,115,0
4648.81,10.21,115,0
4648.95,10.21,115,0
4649.08,10.21,115,0
4649.22,10.21,115,0
4649.35,10.21,115,0
4649.49,10.22,115,0
4649.63,10.22,115,0
4649.76,10.22,115,0
4649.9,10.22,115,0
4650.04,10.21,115,0
4650.17,10.21,115,0
4650.31,10.22,115,0
4650.44,10.22,115,0
4650.58,10.2,115,0
4650.71,10.22,115,0
4650.85,10.22,115,0
4650.99,10.24,115,0
4651.12,10.22,115,0
4651.26,10.21,115,0
4651.39,10.23,115,0
4651.53,10.23,115,0
4651.67,10.22,115,0
4651.8,10.22,115,0
4651.94,10.22,115,0
4652.07,10.23,115,0
4652.21,10.2,115,0
4652.35,10.22,115,0
4652.48,10.23,115,0
4652.62,10.21,115,0
4652.75,10.22,115,0
4652.89,10.22,115,0
4653.03,10.23,115,0
4653.16,10.22,115,0
4653.3,10.22,115,0
4653.43,10.23,115,0
4653.57,10.23,115,0
4653.71,10.22,115,0
4653.84,10.22,115,0
4653.98,10.23,115,0
4654.11,10.23,115,0
4654.25,10.21,115,0
4654.38,10.23,115,0
4654.52,10.22,115,0
4654.66,10.22,115,0
4654.79,10.22,115,0
4654.93,10.23,115,0
4655.06,10.23,115,0
4655.2,10.22,115,0
4655.34,10.22,115,0
4655.47,10.23,115,0
4655.61,10.22,115,0
4655.75,10.22,115,0
4655.88,10.22,115,0
4656.02,10.22,115,0
4656.15,10.22,115,0
4656.29,10.23,115,0
4656.42,10.24,115,0
4656.56,10.23,115,0
4656.7,10.22,115,0
4656.83,10.23,115,0
4656.97,10.21,115,0
4657.1,10.22,115,0
4657.24,10.23,115,0
4657.38,10.23,115,0
4657.51,10.23,115,0
4657.65,10.23,115,0
4657.78,10.22,115,0
4657.92,10.23,115,0
4658.06,10.23,115,0
4658.19,10.23,115,0
4658.33,10.23,115,0
4658.46,10.22,115,0
4658.6,10.22,115,0
4658.74,10.22,115,0
4658.87,10.22,115,0
4659.01,10.22,115,0
4659.14,10.25,115,0
4659.28,10.24,115,0
4659.41,10.22,115,0
4659.55,10.23,115,0
4659.69,10.23,115,0
4659.82,10.23,115,0
4659.96,10.22,115,0
4660.09,10.23,115,0
4660.23,10.22,115,0
4660.37,10.24,115,0
4660.5,10.23,115,0
4660.64,10.21,115,0
4660.77,10.23,115,0
4660.91,10.24,115,0
4661.05,10.23,115,0
4661.18,10.24,115,0
4661.32,10.22,115,0
4661.45,10.22,115,0
4661.59,10.22,115,0
4661.73,10.23,115,0
4661.86,10.24,115,0
4662.0,10.23,115,0
4662.13,10.24,115,0
4662.27,10.23,115,0
4662.41,10.25,115,0
4662.54,10.23,115,0
4662.68,10.23,115,0
4662.81,10.23,115,0
4662.95,10.24,115,0
4663.09,10.23,115,0
4663.22,10.24,115,0
4663.36,10.25,115,0
4663.49,10.24,115,0
4663.63,10.23,115,0
4663.77,10.24,115,0
4663.9,10.24,115,0
4664.04,10.23,115,0
4664.17,10.22,115,0
4664.31,10.23,115,0
4664.44,10.23,115,0
4664.58,10.23,115,0
4664.72,10.24,115,0
4664.85,10.24,115,0
4664.99,10.24,115,0
4665.12,10.21,115,0
4665.26,10.24,115,0
4665.4,10.24,115,0
4665.53,10.24,115,0
4665.67,10.24,115,0
4665.8,10.23,115,0
4665.94,10.25,115,0
4666.08,10.24,115,0
4666.21,10.24,115,0
4666.35,10.22,115,0
4666.48,10.24,115,0
4666.62,10.23,115,0
4666.76,10.24,115,0
4666.89,10.22,115,0
4667.03,10.24,115,0
4667.16,10.24,115,0
4667.3,10.23,115,0
4667.44,10.25,115,0
4667.57,10.24,115,0
4667.71,10.24,115,0
4667.84,10.24,115,0
4667.98,10.25,115,0
4668.12,10.24,115,0
4668.25,10.23,115,0
4668.39,10.26,115,0
4668.52,10.24,115,0
4668.66,10.25,115,0
4668.79,10.24,115,0
4668.93,10.25,115,0
4669.07,10.25,115,0
4669.2,10.24,115,0
4669.34,10.24,115,0
4669.47,10.25,115,0
4669.61,10.23,115,0
4669.75,10.24,115,0
4669.88,10.24,115,0
4670.02,10.25,115,0
4670.15,10.24,115,0
4670.29,10.24,115,0
4670.43,10.24,115,0
4670.56,10.23,115,0
4670.7,10.26,115,0
4670.83,10.24,115,0
4670.97,10.24,115,0
4671.11,10.25,115,0
4671.24,10.26,115,0
4671.38,10.23,115,0
4671.51,10.24,115,0
4671.65,10.24,115,0
4671.79,10.24,115,0
4671.92,10.23,115,0
4672.06,10.25,115,0
4672.19,10.24,115,0
4672.33,10.24,115,0
4672.46,10.25,115,0
4672.6,10.24,115,0
4672.74,10.24,115,0
4672.87,10.25,115,0
4673.01,10.24,115,0
4673.14,10.25,115,0
4673.28,10.25,115,0
4673.42,10.25,115,0
4673.55,10.25,115,0
4673.69,10.26,115,0
4673.83,10.24,115,0
4673.96,10.24,115,0
4674.1,10.26,115,0
4674.23,10.26,115,0
4674.37,10.24,115,0
4674.5,10.24,115,0
4674.64,10.25,115,0
4674.78,10.25,115,0
4674.91,10.26,115,0
4675.05,10.24,115,0
4675.18,10.25,115,0
4675.32,10.25,115,0
4675.46,10.25,115,0
4675.59,10.24,115,0
4675.73,10.24,115,0
4675.86,10.24,115,0
4676.0,10.24,115,0
4676.14,10.25,115,0
4676.27,10.25,115,0
4676.41,10.24,115,0
4676.54,10.26,115,0
4676.68,10.24,115,0
4676.82,10.25,115,0
4676.95,10.26,115,0
4677.09,10.26,115,0
4677.22,10.25,115,0
4677.36,10.25,115,0
4677.5,10.25,115,0
4677.63,10.25,115,0
4677.77,10.25,115,0
4677.9,10.25,115,0
4678.04,10.24,115,0
4678.17,10.24,115,0
4678.31,10.25,115,0
4678.45,10.26,115,0
4678.58,10.23,115,0
4678.72,10.26,115,0
4678.85,10.24,115,0
4678.99,10.24,115,0
4679.13,10.23,115,0
4679.26,10.25,115,0
4679.4,10.25,115,0
4679.54,10.25,115,0
4679.67,10.26,115,0
4679.81,10.25,115,0
4679.94,10.25,115,0
4680.08,10.25,115,0
4680.21,10.25,115,0
4680.35,10.24,115,0
4680.49,10.24,115,0
4680.62,10.26,115,0
4680.76,10.25,115,0
4680.89,10.25,115,0
4681.03,10.26,115,0
4681.17,10.25,115,0
4681.3,10.25,115,0
4681.44,10.24,115,0
4681.57,10.24,115,0
4681.71,10.24,115,0
4681.85,10.23,115,0
4681.98,10.25,115,0
4682.12,10.25,115,0
4682.25,10.25,115,0
4682.39,10.26,115,0
4682.53,10.25,115,0
4682.66,10.25,115,0
4682.8,10.25,115,0
4682.93,10.25,115,0
4683.07,10.26,115,0
4683.2,10.25,115,0
4683.34,10.26,115,0
4683.48,10.24,115,0
4683.61,10.26,115,0
4683.75,10.25,115,0
4683.88,10.26,115,0
4684.02,10.25,115,0
4684.16,10.24,115,0
4684.29,10.24,115,0
4684.43,10.26,115,0
4684.56,10.26,115,0
4684.7,10.25,115,0
4684.84,10.26,115,0
4684.97,10.23,115,0
4685.11,10.25,115,0
4685.25,10.24,115,0
4685.38,10.26,115,0
4685.52,10.25,115,0
4685.65,10.26,115,0
4685.79,10.25,115,0
4685.92,10.26,115,0
4686.06,10.25,115,0
4686.2,10.25,115,0
4686.33,10.25,115,0
4686.47,10.26,115,0
4686.6,10.25,115,0
4686.74,10.26,115,0
4686.88,10.24,115,0
4687.01,10.25,115,0
4687.15,10.25,115,0
4687.28,10.26,115,0
4687.42,10.26,115,0
4687.56,10.25,115,0
4687.69,10.26,115,0
4687.83,10.24,115,0
4687.96,10.25,115,0
4688.1,10.26,115,0
4688.23,10.25,115,0
4688.37,10.26,115,0
4688.51,10.24,115,0
4688.64,10.25,115,0
4688.78,10.25,115,0
4688.91,10.25,115,0
4689.05,10.25,115,0
4689.19,10.25,115,0
4689.32,10.25,115,0
4689.46,10.24,115,0
4689.6,10.26,115,0
4689.73,10.25,115,0
4689.87,10.25,115,0
4690.0,10.25,115,0
4690.14,10.24,115,0
4690.27,10.25,115,0
4690.41,10.24,115,0
4690.55,10.25,115,0
4690.68,10.25,115,0
4690.82,10.25,115,0
4690.95,10.26,115,0
4691.09,10.25,115,0
4691.23,10.24,115,0
4691.36,10.26,115,0
4691.5,10.24,115,0
4691.63,10.25,115,0
4691.77,10.25,115,0
4691.91,10.26,115,0
4692.04,10.24,115,0
4692.18,10.26,115,0
4692.31,10.26,115,0
4692.45,10.24,115,0
4692.59,10.25,115,0
4692.72,10.24,115,0
4692.86,10.26,115,0
4692.99,10.24,115,0
4693.13,10.25,115,0
4693.27,10.24,115,0
4693.4,10.25,115,0
4693.54,10.25,115,0
4693.67,10.25,115,0
4693.81,10.24,115,0
4693.95,10.27,115,0
4694.08,10.24,115,0
4694.22,10.27,115,0
4694.35,10.25,115,0
4694.49,10.23,115,0
4694.62,10.24,115,0
4694.76,10.26,115,0
4694.9,10.25,115,0
4695.03,10.25,115,0
4695.17,10.24,115,0
4695.31,10.25,115,0
4695.44,10.24,115,0
4695.58,10.27,115,0
4695.71,10.25,115,0
4695.85,10.25,115,0
4695.98,10.25,115,0
4696.12,10.25,115,0
4696.26,10.25,115,0
4696.39,10.25,115,0
4696.53,10.24,115,0
4696.66,10.25,115,0
4696.8,10.26,115,0
4696.94,10.25,115,0
4697.07,10.26,115,0
4697.21,10.26,115,0
4697.35,10.26,115,0
4697.48,10.26,115,0
4697.62,10.25,115,0
4697.75,10.27,115,0
4697.89,10.25,115,0
4698.02,10.27,115,0
4698.16,10.26,115,0
4698.3,10.26,115,0
4698.43,10.26,115,0
4698.57,10.26,115,0
4698.7,10.26,115,0
4698.84,10.26,115,0
4698.98,10.26,115,0
4699.11,10.27,115,0
4699.25,10.26,115,0
4699.38,10.25,115,0
4699.52,10.28,115,0
4699.66,10.25,115,0
4699.79,10.27,115,0
4699.93,10.26,115,0
4700.06,10.27,115,0
4700.2,10.26,115,0
4700.33,10.26,115,0
4700.47,10.26,115,0
4700.61,10.27,115,0
4700.74,10.25,115,0
4700.88,10.26,115,0
4701.02,10.27,115,0
4701.15,10.25,115,0
4701.29,10.25,115,0
4701.42,10.26,115,0
4701.56,10.26,115,0
4701.69,10.26,115,0
4701.83,10.26,115,0
4701.97,10.27,115,0
4702.1,10.26,115,0
4702.24,10.26,115,0
4702.37,10.26,115,0
4702.51,10.26,115,0
4702.65,10.27,115,0
4702.78,10.27,115,0
4702.92,10.26,115,0
4703.05,10.27,115,0
4703.19,10.27,115,0
4703.33,10.27,115,0
4703.46,10.27,115,0
4703.6,10.26,115,0
4703.73,10.25,115,0
4703.87,10.26,115,0
4704.01,10.27,115,0
4704.14,10.26,115,0
4704.28,10.26,115,0
4704.41,10.26,115,0
4704.55,10.27,115,0
4704.69,10.26,115,0
4704.82,10.26,115,0
4704.96,10.26,115,0
4705.09,10.26,115,0
4705.23,10.26,115,0
4705.36,10.26,115,0
4705.5,10.26,115,0
4705.64,10.26,115,0
4705.77,10.26,115,0
4705.91,10.25,115,0
4706.04,10.25,115,0
4706.18,10.26,115,0
4706.32,10.27,115,0
4706.45,10.26,115,0
4706.59,10.26,115,0
4706.72,10.25,115,0
4706.86,10.25,115,0
4707.0,10.26,115,0
4707.13,10.26,115,0
4707.27,10.25,115,0
4707.4,10.25,115,0
4707.54,10.25,115,0
4707.68,10.26,115,0
4707.81,10.26,115,0
4707.95,10.25,115,0
4708.08,10.26,115,0
4708.22,10.26,115,0
4708.36,10.24,115,0
4708.49,10.26,115,0
4708.63,10.26,115,0
4708.76,10.25,115,0
4708.9,10.26,115,0
4709.04,10.25,115,0
4709.17,10.25,115,0
4709.31,10.24,115,0
4709.44,10.25,115,0
4709.58,10.26,115,0
4709.71,10.26,115,0
4709.85,10.25,115,0
4709.99,10.26,115,0
4710.12,10.26,115,0
4710.26,10.24,115,0
4710.39,10.26,115,0
4710.53,10.26,115,0
4710.67,10.25,115,0
4710.8,10.25,115,0
4710.94,10.25,115,0
4711.07,10.26,115,0
4711.21,10.25,115,0
4711.35,10.26,115,0
4711.48,10.26,115,0
4711.62,10.26,115,0
4711.75,10.26,115,0
4711.89,10.25,115,0
4712.03,10.25,115,0
4712.16,10.25,115,0
4712.3,10.26,115,0
4712.43,10.25,115,0
4712.57,10.25,115,0
4712.71,10.25,115,0
4712.84,10.26,115,0
4712.98,10.26,115,0
4713.11,10.25,115,0
4713.25,10.25,115,0
4713.38,10.26,115,0
4713.52,10.25,115,0
4713.66,10.25,115,0
4713.79,10.25,115,0
4713.93,10.26,115,0
4714.06,10.26,115,0
4714.2,10.25,115,0
4714.34,10.26,115,0
4714.47,10.25,115,0
4714.61,10.26,115,0
4714.74,10.26,115,0
4714.88,10.26,115,0
4715.02,10.25,115,0
4715.15,10.24,115,0
4715.29,10.25,115,0
4715.42,10.25,115,0
4715.56,10.27,115,0
4715.7,10.26,115,0
4715.83,10.26,115,0
4715.97,10.26,115,0
4716.1,10.25,115,0
4716.24,10.26,115,0
4716.38,10.25,115,0
4716.51,10.26,115,0
4716.65,10.27,115,0
4716.78,10.26,115,0
4716.92,10.27,115,0
4717.06,10.25,115,0
4717.19,10.26,115,0
4717.33,10.26,115,0
4717.46,10.26,115,0
4717.6,10.27,115,0
4717.73,10.26,115,0
4717.87,10.26,115,0
4718.01,10.25,115,0
4718.14,10.25,115,0
4718.28,10.26,115,0
4718.41,10.25,115,0
4718.55,10.26,115,0
4718.69,10.26,115,0
4718.82,10.26,115,0
4718.96,10.27,115,0
4719.1,10.26,115,0
4719.23,10.26,115,0
4719.37,10.27,115,0
4719.5,10.27,115,0
4719.64,10.26,115,0
4719.77,10.27,115,0
4719.91,10.27,115,0
4720.05,10.27,115,0
4720.18,10.27,115,0
4720.32,10.27,115,0
4720.45,10.27,115,0
4720.59,10.26,115,0
4720.73,10.27,115,0
4720.86,10.27,115,0
4721.0,10.26,115,0
4721.13,10.26,115,0
4721.27,10.28,115,0
4721.41,10.27,115,0
4721.54,10.28,115,0
4721.68,10.27,115,0
4721.81,10.27,115,0
4721.95,10.28,115,0
4722.08,10.27,115,0
4722.22,10.27,115,0
4722.36,10.28,115,0
4722.49,10.27,115,0
4722.63,10.27,115,0
4722.77,10.27,115,0
4722.9,10.26,115,0
4723.04,10.27,115,0
4723.17,10.26,115,0
4723.31,10.27,115,0
4723.44,10.27,115,0
4723.58,10.26,115,0
4723.72,10.26,115,0
4723.85,10.26,115,0
4723.99,10.27,115,0
4724.12,10.27,115,0
4724.26,10.26,115,0
4724.4,10.26,115,0
4724.53,10.26,115,0
4724.67,10.28,115,0
4724.81,10.26,115,0
4724.94,10.27,115,0
4725.08,10.27,115,0
4725.21,10.27,115,0
4725.35,10.27,115,0
4725.48,10.26,115,0
4725.62,10.27,115,0
4725.76,10.26,115,0
4725.89,10.27,115,0
4726.03,10.26,115,0
4726.16,10.26,115,0
4726.3,10.28,115,0
4726.44,10.26,115,0
4726.57,10.26,115,0
4726.71,10.25,115,0
4726.84,10.27,115,0
4726.98,10.27,115,0
4727.12,10.27,115,0
4727.25,10.26,115,0
4727.39,10.25,115,0
4727.52,10.27,115,0
4727.66,10.27,115,0
4727.79,10.28,115,0
4727.93,10.25,115,0
4728.07,10.28,115,0
4728.2,10.26,115,0
4728.34,10.27,115,0
4728.47,10.27,115,0
4728.61,10.27,115,0
4728.75,10.26,115,0
4728.88,10.27,115,0
4729.02,10.27,115,0
4729.15,10.28,115,0
4729.29,10.27,115,0
4729.43,10.27,115,0
4729.56,10.27,115,0
4729.7,10.27,115,0
4729.83,10.27,115,0
4729.97,10.26,115,0
4730.11,10.28,115,0
4730.24,10.27,115,0
4730.38,10.27,115,0
4730.51,10.27,115,0
4730.65,10.27,115,0
4730.79,10.27,115,0
4730.92,10.28,115,0
4731.06,10.26,115,0
4731.19,10.27,115,0
4731.33,10.28,115,0
4731.46,10.28,115,0
4731.6,10.28,115,0
4731.74,10.27,115,0
4731.87,10.27,115,0
4732.01,10.27,115,0
4732.14,10.27,115,0
4732.28,10.27,115,0
4732.42,10.26,115,0
4732.55,10.26,115,0
4732.69,10.27,115,0
4732.83,10.26,115,0
4732.96,10.28,115,0
4733.1,10.27,115,0
4733.23,10.28,115,0
4733.37,10.26,115,0
4733.5,10.27,115,0
4733.64,10.27,115,0
4733.78,10.26,115,0
4733.91,10.28,115,0
4734.05,10.27,115,0
4734.18,10.26,115,0
4734.32,10.28,115,0
4734.46,10.27,115,0
4734.59,10.28,115,0
4734.73,10.27,115,0
4734.86,10.27,115,0
4735.0,10.28,115,0
4735.14,10.28,115,0
4735.27,10.27,115,0
4735.41,10.27,115,0
4735.54,10.28,115,0
4735.68,10.28,115,0
4735.81,10.27,115,0
4735.95,10.27,115,0
4736.09,10.27,115,0
4736.22,10.27,115,0
4736.36,10.27,115,0
4736.5,10.27,115,0
4736.63,10.27,115,0
4736.77,10.26,115,0
4736.9,10.27,115,0
4737.04,10.26,115,0
4737.17,10.27,115,0
4737.31,10.28,115,0
4737.45,10.25,115,0
4737.58,10.26,115,0
4737.72,10.26,115,0
4737.85,10.27,115,0
4737.99,10.26,115,0
4738.13,10.26,115,0
4738.26,10.26,115,0
4738.4,10.28,115,0
4738.54,10.27,115,0
4738.67,10.27,115,0
4738.81,10.27,115,0
4738.94,10.27,115,0
4739.08,10.24,115,0
4739.21,10.25,115,0
4739.35,10.28,115,0
4739.49,10.26,115,0
4739.62,10.27,115,0
4739.76,10.24,115,0
4739.89,10.26,115,0
4740.03,10.26,115,0
4740.17,10.24,115,0
4740.3,10.27,115,0
4740.44,10.27,115,0
4740.57,10.26,115,0
4740.71,10.27,115,0
4740.85,10.28,115,0
4740.98,10.26,115,0
4741.12,10.25,115,0
4741.25,10.26,115,0
4741.39,10.25,115,0
4741.52,10.25,115,0
4741.66,10.26,115,0
4741.8,10.27,115,0
4741.93,10.26,115,0
4742.07,10.26,115,0
4742.2,10.26,115,0
4742.34,10.25,115,0
4742.48,10.26,115,0
4742.61,10.25,115,0
4742.75,10.27,115,0
4742.88,10.25,115,0
4743.02,10.26,115,0
4743.16,10.26,115,0
4743.29,10.25,115,0
4743.43,10.24,115,0
4743.56,10.26,115,0
4743.7,10.25,115,0
4743.84,10.25,115,0
4743.97,10.26,115,0
4744.11,10.25,115,0
4744.25,10.25,115,0
4744.38,10.25,115,0
4744.52,10.25,115,0
4744.65,10.25,115,0
4744.79,10.25,115,0
4744.92,10.25,115,0
4745.06,10.25,115,0
4745.2,10.25,115,0
4745.33,10.25,115,0
4745.47,10.26,115,0
4745.6,10.26,115,0
4745.74,10.25,115,0
4745.88,10.25,115,0
4746.01,10.26,115,0
4746.15,10.25,115,0
4746.28,10.25,115,0
4746.42,10.25,115,0
4746.56,10.24,115,0
4746.69,10.25,115,0
4746.83,10.25,115,0
4746.96,10.25,115,0
4747.1,10.25,115,0
4747.23,10.24,115,0
4747.37,10.26,115,0
4747.51,10.24,115,0
4747.64,10.25,115,0
4747.78,10.25,115,0
4747.91,10.26,115,0
4748.05,10.26,115,0
4748.19,10.26,115,0
4748.32,10.25,115,0
4748.46,10.27,115,0
4748.6,10.25,115,0
4748.73,10.24,115,0
4748.87,10.25,115,0
4749.0,10.25,115,0
4749.14,10.25,115,0
4749.27,10.25,115,0
4749.41,10.24,115,0
4749.55,10.25,115,0
4749.68,10.25,115,0
4749.82,10.26,115,0
4749.95,10.26,115,0
4750.09,10.26,115,0
4750.23,10.25,115,0
4750.36,10.26,115,0
4750.5,10.26,115,0
4750.63,10.25,115,0
4750.77,10.26,115,0
4750.91,10.26,115,0
4751.04,10.25,115,0
4751.18,10.25,115,0
4751.31,10.26,115,0
4751.45,10.26,115,0
4751.58,10.26,115,0
4751.72,10.25,115,0
4751.86,10.25,115,0
4751.99,10.27,115,0
4752.13,10.25,115,0
4752.27,10.26,115,0
4752.4,10.25,115,0
4752.54,10.25,115,0
4752.67,10.27,115,0
4752.81,10.25,115,0
4752.94,10.26,115,0
4753.08,10.26,115,0
4753.22,10.26,115,0
4753.35,10.25,115,0
4753.49,10.26,115,0
4753.62,10.26,115,0
4753.76,10.25,115,0
4753.9,10.26,115,0
4754.03,10.25,115,0
4754.17,10.26,115,0
4754.31,10.25,115,0
4754.44,10.26,115,0
4754.58,10.25,115,0
4754.71,10.27,115,0
4754.85,10.26,115,0
4754.98,10.25,115,0
4755.12,10.26,115,0
4755.26,10.26,115,0
4755.39,10.24,115,0
4755.53,10.25,115,0
4755.66,10.26,115,0
4755.8,10.25,115,0
4755.94,10.25,115,0
4756.07,10.25,115,0
4756.21,10.26,115,0
4756.34,10.26,115,0
4756.48,10.25,115,0
4756.62,10.26,115,0
4756.75,10.25,115,0
4756.89,10.26,115,0
4757.02,10.24,115,0
4757.16,10.24,115,0
4757.29,10.25,115,0
4757.43,10.25,115,0
4757.57,10.26,115,0
4757.7,10.25,115,0
4757.84,10.25,115,0
4757.97,10.25,115,0
4758.11,10.25,115,0
4758.25,10.25,115,0
4758.38,10.27,115,0
4758.52,10.25,115,0
4758.65,10.25,115,0
4758.79,10.25,115,0
4758.93,10.25,115,0
4759.06,10.24,115,0
4759.2,10.25,115,0
4759.33,10.25,115,0
4759.47,10.24,115,0
4759.61,10.25,115,0
4759.74,10.25,115,0
4759.88,10.25,115,0
4760.01,10.25,115,0
4760.15,10.24,115,0
4760.29,10.25,115,0
4760.42,10.24,115,0
4760.56,10.25,115,0
4760.69,10.25,115,0
4760.83,10.25,115,0
4760.97,10.24,115,0
4761.1,10.24,115,0
4761.24,10.25,115,0
4761.37,10.25,115,0
4761.51,10.24,115,0
4761.65,10.25,115,0
4761.78,10.25,115,0
4761.92,10.23,115,0
4762.05,10.24,115,0
4762.19,10.24,115,0
4762.32,10.24,115,0
4762.46,10.25,115,0
4762.6,10.25,115,0
4762.73,10.23,115,0
4762.87,10.25,115,0
4763.0,10.24,115,0
4763.14,10.24,115,0
4763.28,10.25,115,0
4763.41,10.25,115,0
4763.55,10.23,115,0
4763.68,10.23,115,0
4763.82,10.25,115,0
4763.96,10.25,115,0
4764.09,10.25,115,0
4764.23,10.23,115,0
4764.36,10.24,115,0
4764.5,10.24,115,0
4764.64,10.25,115,0
4764.77,10.24,115,0
4764.91,10.26,115,0
4765.04,10.23,115,0
4765.18,10.24,115,0
4765.32,10.23,115,0
4765.45,10.23,115,0
4765.59,10.24,115,0
4765.72,10.25,115,0
4765.86,10.25,115,0
4766.0,10.23,115,0
4766.13,10.23,115,0
4766.27,10.23,115,0
4766.4,10.24,115,0
4766.54,10.25,115,0
4766.67,10.25,115,0
4766.81,10.24,115,0
4766.95,10.23,115,0
4767.08,10.23,115,0
4767.22,10.25,115,0
4767.35,10.24,115,0
4767.49,10.23,115,0
4767.63,10.24,115,0
4767.76,10.23,115,0
4767.9,10.25,115,0
4768.03,10.24,115,0
4768.17,10.24,115,0
4768.31,10.24,115,0
4768.44,10.24,115,0
4768.58,10.23,115,0
4768.71,10.23,115,0
4768.85,10.24,115,0
4768.99,10.24,115,0
4769.12,10.24,115,0
4769.26,10.25,115,0
4769.39,10.24,115,0
4769.53,10.24,115,0
4769.67,10.24,115,0
4769.8,10.24,115,0
4769.94,10.24,115,0
4770.07,10.24,115,0
4770.21,10.24,115,0
4770.35,10.24,115,0
4770.48,10.24,115,0
4770.62,10.24,115,0
4770.75,10.24,115,0
4770.89,10.25,115,0
4771.02,10.24,115,0
4771.16,10.24,115,0
4771.3,10.24,115,0
4771.43,10.23,115,0
4771.57,10.24,115,0
4771.7,10.24,115,0
4771.84,10.23,115,0
4771.98,10.23,115,0
4772.11,10.22,115,0
4772.25,10.24,115,0
4772.38,10.24,115,0
4772.52,10.25,115,0
4772.66,10.24,115,0
4772.79,10.25,115,0
4772.93,10.23,115,0
4773.06,10.23,115,0
4773.2,10.24,115,0
4773.34,10.24,115,0
4773.47,10.24,115,0
4773.61,10.24,115,0
4773.74,10.24,115,0
4773.88,10.24,115,0
4774.02,10.24,115,0
4774.15,10.24,115,0
4774.29,10.25,115,0
4774.42,10.24,115,0
4774.56,10.24,115,0
4774.69,10.24,115,0
4774.83,10.23,115,0
4774.97,10.23,115,0
4775.1,10.24,115,0
4775.24,10.24,115,0
4775.37,10.24,115,0
4775.51,10.24,115,0
4775.65,10.24,115,0
4775.78,10.24,115,0
4775.92,10.24,115,0
4776.06,10.24,115,0
4776.19,10.24,115,0
4776.33,10.24,115,0
4776.46,10.24,115,0
4776.6,10.24,115,0
4776.73,10.24,115,0
4776.87,10.23,115,0
4777.01,10.24,115,0
4777.14,10.23,115,0
4777.28,10.23,115,0
4777.41,10.23,115,0
4777.55,10.24,115,0
4777.69,10.24,115,0
4777.82,10.24,115,0
4777.96,10.24,115,0
4778.09,10.23,115,0
4778.23,10.23,115,0
4778.37,10.23,115,0
4778.5,10.24,115,0
4778.64,10.24,115,0
4778.77,10.23,115,0
4778.91,10.24,115,0
4779.04,10.22,115,0
4779.18,10.24,115,0
4779.32,10.24,115,0
4779.45,10.23,115,0
4779.59,10.24,115,0
4779.72,10.24,115,0
4779.86,10.24,115,0
4780.0,10.24,115,0
4780.13,10.23,115,0
4780.27,10.22,115,0
4780.4,10.24,115,0
4780.54,10.23,115,0
4780.68,10.23,115,0
4780.81,10.24,115,0
4780.95,10.23,115,0
4781.08,10.23,115,0
4781.22,10.23,115,0
4781.36,10.23,115,0
4781.49,10.23,115,0
4781.63,10.23,115,0
4781.76,10.24,115,0
4781.9,10.23,115,0
4782.04,10.23,115,0
4782.17,10.23,115,0
4782.31,10.25,115,0
4782.44,10.22,115,0
4782.58,10.23,115,0
4782.72,10.24,115,0
4782.85,10.23,115,0
4782.99,10.23,115,0
4783.12,10.23,115,0
4783.26,10.23,115,0
4783.4,10.23,115,0
4783.53,10.24,115,0
4783.67,10.24,115,0
4783.8,10.24,115,0
4783.94,10.23,115,0
4784.08,10.23,115,0
4784.21,10.23,115,0
4784.35,10.23,115,0
4784.48,10.24,115,0
4784.62,10.23,115,0
4784.75,10.24,115,0
4784.89,10.24,115,0
4785.03,10.23,115,0
4785.16,10.24,115,0
4785.3,10.23,115,0
4785.43,10.23,115,0
4785.57,10.22,115,0
4785.71,10.24,115,0
4785.84,10.24,115,0
4785.98,10.24,115,0
4786.12,10.25,115,0
4786.25,10.25,115,0
4786.39,10.23,115,0
4786.52,10.24,115,0
4786.66,10.23,115,0
4786.79,10.23,115,0
4786.93,10.23,115,0
4787.07,10.23,115,0
4787.2,10.24,115,0
4787.34,10.24,115,0
4787.47,10.23,115,0
4787.61,10.24,115,0
4787.75,10.24,115,0
4787.88,10.24,115,0
4788.02,10.25,115,0
4788.15,10.22,115,0
4788.29,10.23,115,0
4788.43,10.23,115,0
4788.56,10.23,115,0
4788.7,10.24,115,0
4788.83,10.24,115,0
4788.97,10.24,115,0
4789.11,10.23,115,0
4789.24,10.24,115,0
4789.38,10.25,115,0
4789.51,10.24,115,0
4789.65,10.23,115,0
4789.79,10.23,115,0
4789.92,10.23,115,0
4790.06,10.23,115,0
4790.19,10.25,115,0
4790.33,10.24,115,0
4790.46,10.24,115,0
4790.6,10.24,115,0
4790.74,10.23,115,0
4790.87,10.23,115,0
4791.01,10.24,115,0
4791.14,10.23,115,0
4791.28,10.25,115,0
4791.42,10.24,115,0
4791.55,10.23,115,0
4791.69,10.24,115,0
4791.83,10.24,115,0
4791.96,10.23,115,0
4792.1,10.25,115,0
4792.23,10.23,115,0
4792.37,10.24,115,0
4792.5,10.24,115,0
4792.64,10.24,115,0
