time_s,temperature_C,pwm,heat_cool
0.11,26.29,0,0
0.24,26.3,0,0
0.36,26.3,0,0
0.48,26.3,0,0
0.61,26.3,0,0
0.73,26.3,0,0
0.85,26.3,0,0
0.98,26.3,0,0
1.1,26.3,0,0
1.22,26.3,0,0
1.35,26.29,0,0
1.47,26.29,0,0
1.6,26.3,0,0
1.72,26.29,0,0
1.84,26.3,0,0
1.97,26.29,0,0
2.09,26.29,0,0
2.21,26.29,0,0
2.34,26.29,0,0
2.46,26.29,0,0
2.58,26.29,0,0
2.71,26.29,0,0
2.83,26.29,0,0
2.96,26.29,0,0
3.08,26.29,0,0
3.2,26.29,0,0
3.33,26.29,0,0
3.45,26.29,0,0
3.57,26.29,0,0
3.7,26.29,0,0
3.82,26.29,0,0
3.94,26.29,0,0
4.07,26.29,0,0
4.19,26.29,0,0
4.32,26.29,0,0
4.44,26.29,0,0
4.56,26.29,0,0
4.69,26.29,0,0
4.81,26.3,0,0
4.93,26.29,0,0
5.06,26.29,0,0
5.18,26.29,0,0
5.3,26.29,0,0
5.43,26.29,0,0
5.55,26.29,0,0
5.68,26.29,0,0
5.8,26.29,0,0
5.92,26.29,0,0
6.05,26.29,0,0
6.17,26.29,0,0
6.29,26.29,0,0
6.42,26.29,0,0
6.54,26.29,0,0
6.66,26.29,0,0
6.79,26.29,0,0
6.91,26.29,0,0
7.03,26.29,0,0
7.16,26.29,0,0
7.28,26.29,0,0
7.41,26.29,0,0
7.53,26.29,0,0
7.65,26.29,0,0
7.78,26.29,0,0
7.9,26.29,0,0
8.02,26.29,0,0
8.15,26.29,0,0
8.27,26.29,0,0
8.39,26.29,0,0
8.52,26.29,0,0
8.64,26.29,0,0
8.77,26.29,0,0
8.89,26.29,0,0
9.01,26.29,0,0
9.14,26.29,0,0
9.26,26.29,0,0
9.38,26.29,0,0
9.51,26.29,0,0
9.63,26.29,0,0
9.75,26.29,0,0
9.88,26.29,0,0
10.0,26.29,0,0
10.13,26.29,0,0
10.25,26.29,0,0
10.37,26.29,0,0
10.5,26.29,0,0
10.62,26.29,0,0
10.74,26.29,0,0
10.87,26.29,0,0
10.99,26.29,0,0
11.11,26.29,0,0
11.24,26.29,0,0
11.36,26.29,0,0
11.49,26.29,50,0
11.61,26.29,50,0
11.73,26.29,50,0
11.86,26.29,50,0
11.98,26.29,50,0
12.1,26.29,50,0
12.23,26.29,50,0
12.35,26.29,50,0
12.48,26.29,50,0
12.6,26.29,50,0
12.72,26.29,50,0
12.85,26.29,50,0
12.97,26.29,50,0
13.09,26.29,50,0
13.22,26.29,50,0
13.34,26.29,50,0
13.47,26.29,50,0
13.59,26.29,50,0
13.71,26.29,50,0
13.84,26.29,50,0
13.96,26.29,50,0
14.08,26.29,50,0
14.21,26.29,50,0
14.33,26.29,50,0
14.45,26.29,50,0
14.58,26.29,50,0
14.7,26.29,50,0
14.82,26.29,50,0
14.95,26.29,50,0
15.07,26.29,50,0
15.2,26.29,50,0
15.32,26.29,50,0
15.44,26.29,50,0
15.57,26.29,50,0
15.69,26.29,50,0
15.81,26.29,50,0
15.94,26.29,50,0
16.06,26.29,50,0
16.19,26.29,50,0
16.31,26.29,50,0
16.43,26.29,50,0
16.56,26.29,50,0
16.68,26.29,50,0
16.8,26.29,50,0
16.93,26.29,50,0
17.05,26.29,50,0
17.17,26.29,50,0
17.3,26.29,50,0
17.42,26.29,50,0
17.55,26.29,50,0
17.67,26.29,50,0
17.79,26.29,50,0
17.92,26.29,50,0
18.04,26.29,50,0
18.17,26.29,50,0
18.29,26.29,50,0
18.41,26.29,50,0
18.54,26.29,50,0
18.66,26.29,50,0
18.78,26.29,50,0
18.91,26.29,50,0
19.03,26.29,50,0
19.15,26.29,50,0
19.28,26.29,50,0
19.4,26.29,50,0
19.52,26.29,50,0
19.65,26.29,50,0
19.77,26.29,50,0
19.9,26.29,50,0
20.02,26.29,50,0
20.14,26.29,50,0
20.27,26.29,50,0
20.39,26.29,50,0
20.51,26.29,50,0
20.64,26.29,50,0
20.76,26.29,50,0
20.89,26.29,50,0
21.01,26.29,50,0
21.13,26.29,50,0
21.26,26.29,50,0
21.38,26.29,50,0
21.5,26.29,50,0
21.63,26.29,50,0
21.75,26.29,50,0
21.87,26.29,50,0
22.0,26.29,50,0
22.12,26.29,50,0
22.25,26.29,50,0
22.37,26.29,50,0
22.49,26.29,50,0
22.62,26.29,50,0
22.74,26.29,50,0
22.86,26.29,50,0
22.99,26.29,50,0
23.11,26.29,50,0
23.24,26.29,50,0
23.36,26.29,50,0
23.48,26.29,50,0
23.61,26.29,50,0
23.73,26.29,50,0
23.85,26.29,50,0
23.98,26.29,50,0
24.1,26.29,50,0
24.22,26.29,50,0
24.35,26.29,50,0
24.47,26.29,50,0
24.6,26.29,50,0
24.72,26.29,50,0
24.84,26.3,50,0
24.97,26.3,50,0
25.09,26.29,50,0
25.22,26.29,50,0
25.34,26.29,50,0
25.46,26.29,50,0
25.59,26.29,50,0
25.71,26.29,50,0
25.83,26.29,50,0
25.96,26.29,50,0
26.08,26.3,50,0
26.2,26.29,50,0
26.33,26.29,50,0
26.45,26.29,50,0
26.57,26.29,50,0
26.7,26.29,50,0
26.82,26.29,50,0
26.95,26.29,50,0
27.07,26.3,50,0
27.19,26.3,50,0
27.32,26.29,50,0
27.44,26.29,50,0
27.57,26.29,50,0
27.69,26.29,50,0
27.81,26.29,50,0
27.94,26.29,50,0
28.06,26.29,50,0
28.18,26.3,50,0
28.31,26.3,50,0
28.43,26.3,50,0
28.55,26.3,50,0
28.68,26.3,50,0
28.8,26.3,50,0
28.92,26.29,50,0
29.05,26.29,50,0
29.17,26.29,50,0
29.3,26.29,50,0
29.42,26.29,50,0
29.54,26.29,50,0
29.67,26.29,50,0
29.79,26.29,50,0
29.92,26.29,50,0
30.04,26.29,50,0
30.16,26.29,50,0
30.29,26.29,50,0
30.41,26.29,50,0
30.53,26.29,50,0
30.66,26.29,50,0
30.78,26.29,50,0
30.9,26.29,50,0
31.03,26.29,50,0
31.15,26.29,50,0
31.28,26.29,50,0
31.4,26.29,50,0
31.52,26.29,50,0
31.65,26.29,50,0
31.77,26.29,50,0
31.89,26.29,50,0
32.02,26.29,50,0
32.14,26.29,50,0
32.27,26.29,50,0
32.39,26.29,50,0
32.51,26.29,50,0
32.64,26.29,50,0
32.76,26.29,50,0
32.88,26.29,50,0
33.01,26.29,50,0
33.13,26.29,50,0
33.26,26.29,50,0
33.38,26.29,50,0
33.5,26.29,50,0
33.63,26.29,50,0
33.75,26.29,50,0
33.87,26.29,50,0
34.0,26.29,50,0
34.12,26.29,50,0
34.24,26.29,50,0
34.37,26.29,50,0
34.49,26.29,50,0
34.62,26.29,50,0
34.74,26.29,50,0
34.86,26.29,50,0
34.99,26.29,50,0
35.11,26.29,50,0
35.24,26.29,50,0
35.36,26.29,50,0
35.48,26.29,50,0
35.61,26.29,50,0
35.73,26.29,50,0
35.85,26.29,50,0
35.98,26.29,50,0
36.1,26.29,50,0
36.22,26.29,50,0
36.35,26.29,50,0
36.47,26.29,50,0
36.6,26.29,50,0
36.72,26.29,50,0
36.84,26.29,50,0
36.97,26.29,50,0
37.09,26.29,50,0
37.21,26.29,50,0
37.34,26.29,50,0
37.46,26.29,50,0
37.59,26.29,50,0
37.71,26.28,50,0
37.83,26.29,50,0
37.96,26.29,50,0
38.08,26.29,50,0
38.2,26.29,50,0
38.33,26.29,50,0
38.45,26.29,50,0
38.58,26.29,50,0
38.7,26.29,50,0
38.82,26.29,50,0
38.95,26.29,50,0
39.07,26.29,50,0
39.19,26.29,50,0
39.32,26.29,50,0
39.44,26.29,50,0
39.56,26.29,50,0
39.69,26.29,50,0
39.81,26.29,50,0
39.94,26.29,50,0
40.06,26.28,50,0
40.18,26.29,50,0
40.31,26.29,50,0
40.43,26.28,50,0
40.55,26.28,50,0
40.68,26.28,50,0
40.8,26.28,50,0
40.93,26.28,50,0
41.05,26.28,50,0
41.17,26.28,50,0
41.29,26.28,50,0
41.42,26.29,50,0
41.54,26.29,50,0
41.67,26.28,50,0
41.79,26.29,50,0
41.91,26.28,50,0
42.04,26.28,50,0
42.16,26.29,50,0
42.29,26.28,50,0
42.41,26.28,50,0
42.53,26.29,50,0
42.66,26.29,50,0
42.78,26.28,50,0
42.9,26.28,50,0
43.03,26.28,50,0
43.15,26.28,50,0
43.28,26.28,50,0
43.4,26.28,50,0
43.52,26.29,50,0
43.65,26.28,50,0
43.77,26.28,50,0
43.89,26.28,50,0
44.02,26.28,50,0
44.14,26.28,50,0
44.26,26.28,50,0
44.39,26.29,50,0
44.51,26.28,50,0
44.64,26.28,50,0
44.76,26.28,50,0
44.88,26.28,50,0
45.01,26.28,50,0
45.13,26.28,50,0
45.25,26.28,50,0
45.38,26.28,50,0
45.5,26.28,50,0
45.63,26.28,50,0
45.75,26.28,50,0
45.87,26.28,50,0
46.0,26.28,50,0
46.12,26.28,50,0
46.24,26.28,50,0
46.37,26.29,50,0
46.49,26.29,50,0
46.62,26.29,50,0
46.74,26.29,50,0
46.86,26.29,50,0
46.99,26.29,50,0
47.11,26.29,50,0
47.23,26.29,50,0
47.36,26.29,50,0
47.48,26.29,50,0
47.6,26.29,50,0
47.73,26.29,50,0
47.85,26.29,50,0
47.97,26.28,50,0
48.1,26.28,50,0
48.22,26.29,50,0
48.35,26.29,50,0
48.47,26.29,50,1
48.59,26.29,50,1
48.72,26.29,50,1
48.84,26.29,50,1
48.97,26.29,50,1
49.09,26.29,50,1
49.21,26.28,50,1
49.34,26.29,50,1
49.46,26.29,50,1
49.58,26.29,50,1
49.71,26.29,50,1
49.83,26.29,50,1
49.96,26.29,50,1
50.08,26.29,50,1
50.2,26.29,50,1
50.33,26.29,50,1
50.45,26.29,50,1
50.57,26.29,50,1
50.7,26.29,50,1
50.82,26.29,50,1
50.95,26.29,50,0
51.07,26.29,50,0
51.19,26.29,50,0
51.32,26.29,50,0
51.44,26.29,50,0
51.56,26.29,50,0
51.69,26.29,50,0
51.81,26.29,50,0
51.94,26.29,50,0
52.06,26.29,50,0
52.18,26.29,50,0
52.31,26.29,50,1
52.43,26.29,50,1
52.55,26.29,50,1
52.68,26.29,50,1
52.8,26.29,50,1
52.93,26.29,50,1
53.05,26.29,50,1
53.17,26.29,50,1
53.3,26.29,50,1
53.42,26.29,50,1
53.54,26.29,50,1
53.67,26.29,50,1
53.79,26.29,50,1
53.92,26.29,50,1
54.04,26.29,50,1
54.16,26.29,50,1
54.29,26.29,50,1
54.41,26.28,50,1
54.53,26.29,50,1
54.66,26.29,50,1
54.78,26.29,50,1
54.9,26.29,50,1
55.03,26.29,50,1
55.15,26.29,50,1
55.28,26.28,50,1
55.4,26.29,50,1
55.52,26.28,50,1
55.65,26.29,50,1
55.77,26.29,50,1
55.89,26.29,50,1
56.02,26.29,50,1
56.14,26.29,50,1
56.27,26.29,50,1
56.39,26.29,50,1
56.51,26.28,50,1
56.64,26.29,50,1
56.76,26.28,50,1
56.88,26.28,50,1
57.01,26.29,50,1
57.13,26.29,50,1
57.25,26.28,50,1
57.38,26.29,50,1
57.5,26.28,50,1
57.63,26.29,50,1
57.75,26.28,50,1
57.87,26.29,50,1
58.0,26.29,50,1
58.12,26.28,50,1
58.24,26.28,50,1
58.37,26.28,50,1
58.49,26.28,50,1
58.62,26.29,50,1
58.74,26.28,50,1
58.86,26.28,50,1
58.99,26.28,50,1
59.11,26.28,50,1
59.23,26.28,50,1
59.36,26.29,50,1
59.48,26.28,50,1
59.6,26.28,50,1
59.73,26.28,50,1
59.85,26.28,50,1
59.98,26.28,50,1
60.1,26.28,50,1
60.22,26.28,50,1
60.35,26.28,50,1
60.47,26.28,50,1
60.6,26.28,50,1
60.72,26.28,50,1
60.84,26.28,50,1
60.97,26.29,50,1
61.09,26.29,50,1
61.21,26.28,50,1
61.34,26.28,50,1
61.46,26.29,50,1
61.58,26.29,50,1
61.71,26.29,50,1
61.83,26.28,50,1
61.96,26.29,50,1
62.08,26.29,50,1
62.2,26.28,50,1
62.33,26.28,50,1
62.45,26.28,50,1
62.57,26.28,50,1
62.7,26.28,50,1
62.82,26.29,50,1
62.95,26.28,50,1
63.07,26.29,50,1
63.19,26.28,50,1
63.31,26.28,50,1
63.44,26.29,50,1
63.56,26.29,50,1
63.69,26.29,50,1
63.81,26.29,50,1
63.93,26.29,50,1
64.06,26.29,50,1
64.18,26.29,50,1
64.3,26.29,50,1
64.43,26.29,50,1
64.55,26.29,50,1
64.68,26.29,50,1
64.8,26.29,50,1
64.92,26.29,50,1
65.05,26.29,50,1
65.17,26.29,50,1
65.29,26.29,50,1
65.42,26.29,50,1
65.54,26.29,50,1
65.67,26.29,50,1
65.79,26.29,50,1
65.91,26.29,50,1
66.04,26.29,50,1
66.16,26.28,50,1
66.28,26.29,50,1
66.41,26.29,50,1
66.53,26.29,50,1
66.65,26.29,50,1
66.78,26.29,50,1
66.9,26.29,50,1
67.03,26.29,50,1
67.15,26.28,50,1
67.27,26.29,50,1
67.4,26.29,50,1
67.52,26.28,50,1
67.64,26.29,50,1
67.77,26.29,50,1
67.89,26.29,50,1
68.02,26.29,50,1
68.14,26.29,50,1
68.26,26.29,50,1
68.39,26.29,50,1
68.51,26.29,50,1
68.63,26.29,50,1
68.76,26.29,50,1
68.88,26.29,50,1
69.01,26.29,50,1
69.13,26.29,50,1
69.25,26.29,50,1
69.38,26.29,50,1
69.5,26.29,50,1
69.62,26.29,50,1
69.75,26.29,50,1
69.87,26.29,50,1
70.0,26.29,50,1
70.12,26.29,50,1
70.24,26.29,50,1
70.37,26.29,50,1
70.49,26.29,50,1
70.61,26.29,50,1
70.74,26.29,50,1
70.86,26.29,50,1
70.98,26.29,50,1
71.11,26.29,50,1
71.23,26.29,50,1
71.36,26.29,50,1
71.48,26.29,50,1
71.6,26.29,50,1
71.73,26.29,50,1
71.85,26.29,50,1
71.97,26.29,50,1
72.1,26.29,50,1
72.22,26.29,50,1
72.34,26.29,50,1
72.47,26.29,50,1
72.59,26.29,50,1
72.72,26.29,50,1
72.84,26.29,50,1
72.96,26.29,50,1
73.09,26.29,50,1
73.21,26.29,50,1
73.33,26.29,50,1
73.46,26.29,50,1
73.58,26.29,50,1
73.71,26.29,50,1
73.83,26.29,50,1
73.95,26.29,50,1
74.08,26.29,50,1
74.2,26.29,50,1
74.32,26.29,50,1
74.45,26.29,50,1
74.57,26.29,50,1
74.69,26.29,50,1
74.82,26.29,50,1
74.94,26.29,50,1
75.07,26.29,50,1
75.19,26.29,50,1
75.31,26.29,50,1
75.44,26.29,50,1
75.56,26.29,50,1
75.68,26.29,50,1
75.81,26.29,50,1
75.93,26.29,50,1
76.06,26.29,50,1
76.18,26.29,50,1
76.3,26.29,50,1
76.43,26.28,50,1
76.55,26.29,50,1
76.68,26.29,50,1
76.8,26.29,50,1
76.92,26.29,50,1
77.04,26.29,50,1
77.17,26.29,50,1
77.29,26.29,50,1
77.42,26.29,50,1
77.54,26.29,50,1
77.66,26.29,50,1
77.79,26.29,50,1
77.91,26.29,50,1
78.04,26.29,50,1
78.16,26.29,50,1
78.28,26.29,50,1
78.41,26.29,50,1
78.53,26.29,50,1
78.65,26.29,50,1
78.78,26.29,50,1
78.9,26.29,50,1
79.02,26.29,50,1
79.15,26.29,50,1
79.27,26.29,50,1
79.39,26.29,50,1
79.52,26.29,50,1
79.64,26.29,50,1
79.77,26.29,50,1
79.89,26.29,50,1
80.01,26.29,50,1
80.14,26.29,50,1
80.26,26.29,50,1
80.39,26.29,50,1
80.51,26.29,50,1
80.63,26.29,50,1
80.76,26.29,50,1
80.88,26.29,50,1
81.0,26.29,50,1
81.13,26.29,50,1
81.25,26.29,50,1
81.37,26.29,50,1
81.5,26.29,50,1
81.62,26.29,50,1
81.75,26.29,50,1
81.87,26.29,50,1
81.99,26.29,50,1
82.12,26.29,50,1
82.24,26.29,50,1
82.36,26.29,50,1
82.49,26.29,50,1
82.61,26.29,50,1
82.74,26.29,50,1
82.86,26.29,50,1
82.98,26.29,50,1
83.11,26.29,50,1
83.23,26.29,50,1
83.35,26.29,50,1
83.48,26.29,50,1
83.6,26.29,50,1
83.72,26.29,50,1
83.85,26.29,50,1
83.97,26.29,50,1
84.1,26.29,50,1
84.22,26.28,50,1
84.34,26.29,50,1
84.47,26.29,50,1
84.59,26.29,50,1
84.71,26.29,50,1
84.84,26.29,50,1
84.96,26.28,50,1
85.09,26.29,50,1
85.21,26.29,50,1
85.33,26.28,50,1
85.46,26.29,50,1
85.58,26.29,50,1
85.7,26.29,50,1
85.83,26.29,50,1
85.95,26.29,50,1
86.07,26.29,50,1
86.2,26.29,50,1
86.32,26.29,50,1
86.45,26.29,50,1
86.57,26.29,50,1
86.69,26.29,50,1
86.82,26.29,50,1
86.94,26.29,50,1
87.06,26.29,50,1
87.19,26.29,50,1
87.31,26.28,50,1
87.44,26.29,50,1
87.56,26.29,50,1
87.68,26.29,50,1
87.81,26.29,50,1
87.93,26.29,50,1
88.05,26.29,50,1
88.18,26.29,50,1
88.3,26.29,50,1
88.43,26.29,50,1
88.55,26.29,50,1
88.67,26.29,50,1
88.8,26.29,50,1
88.92,26.29,50,1
89.04,26.29,50,1
89.17,26.29,50,1
89.29,26.29,50,1
89.41,26.29,50,1
89.54,26.29,50,1
89.66,26.29,50,1
89.79,26.29,50,1
89.91,26.29,50,1
90.03,26.29,50,1
90.16,26.29,50,1
90.28,26.29,50,1
90.4,26.29,50,1
90.53,26.29,50,1
90.65,26.29,50,1
90.78,26.28,50,1
90.9,26.29,50,1
91.02,26.29,50,1
91.15,26.29,50,1
91.27,26.29,50,1
91.39,26.28,50,1
91.52,26.29,50,1
91.64,26.29,50,1
91.76,26.29,50,1
91.89,26.28,50,1
92.01,26.29,50,1
92.14,26.29,50,1
92.26,26.29,50,1
92.38,26.29,50,1
92.51,26.29,50,1
92.63,26.29,50,1
92.75,26.29,50,1
92.88,26.29,50,1
93.0,26.29,50,1
93.13,26.29,50,1
93.25,26.29,50,1
93.37,26.29,50,1
93.5,26.29,50,1
93.62,26.29,50,1
93.75,26.29,50,1
93.87,26.29,50,1
93.99,26.29,50,1
94.11,26.29,50,1
94.24,26.29,50,1
94.36,26.29,50,1
94.49,26.29,50,1
94.61,26.29,50,1
94.73,26.29,50,1
94.86,26.29,50,1
94.98,26.29,50,1
95.11,26.29,50,1
95.23,26.28,50,1
95.35,26.29,50,1
95.48,26.29,50,1
95.6,26.28,50,1
95.72,26.29,50,1
95.85,26.29,50,1
95.97,26.29,50,1
96.09,26.29,50,1
96.22,26.29,50,1
96.34,26.29,50,1
96.46,26.29,50,1
96.59,26.29,50,1
96.71,26.29,50,1
96.84,26.29,50,1
96.96,26.29,50,1
97.08,26.29,50,1
97.21,26.29,50,1
97.33,26.29,50,1
97.46,26.29,50,1
97.58,26.29,50,1
97.7,26.29,50,1
97.83,26.29,50,1
97.95,26.29,50,1
98.07,26.29,50,1
98.2,26.29,50,1
98.32,26.29,50,1
98.44,26.29,50,1
98.57,26.29,50,1
98.69,26.29,50,1
98.82,26.29,50,1
98.94,26.29,50,1
99.06,26.29,50,1
99.19,26.29,50,1
99.31,26.29,50,1
99.43,26.29,50,1
99.56,26.29,50,1
99.68,26.29,50,1
99.81,26.29,50,1
99.93,26.29,50,1
100.05,26.29,50,1
100.18,26.29,50,1
100.3,26.28,50,1
100.42,26.29,50,1
100.55,26.29,50,1
100.67,26.28,50,1
100.8,26.29,50,1
100.92,26.28,50,1
101.04,26.29,50,1
101.17,26.29,50,1
101.29,26.29,50,1
101.41,26.29,50,1
101.54,26.29,50,1
101.66,26.29,50,1
101.79,26.29,50,1
101.91,26.28,50,1
102.03,26.29,50,1
102.16,26.29,50,1
102.28,26.29,50,1
102.4,26.29,50,1
102.53,26.29,50,1
102.65,26.29,50,1
102.77,26.29,50,1
102.9,26.29,50,1
103.02,26.29,50,1
103.15,26.29,50,1
103.27,26.29,50,1
103.39,26.29,50,1
103.52,26.29,50,1
103.64,26.29,50,1
103.77,26.29,50,1
103.89,26.29,50,1
104.01,26.28,50,1
104.14,26.29,50,1
104.26,26.28,50,1
104.38,26.29,50,1
104.51,26.29,50,1
104.63,26.29,50,1
104.76,26.28,50,1
104.88,26.29,50,1
105.0,26.28,50,1
105.13,26.29,50,1
105.25,26.29,50,1
105.37,26.29,50,1
105.5,26.29,50,1
105.62,26.29,50,1
105.75,26.29,50,1
105.87,26.28,50,1
105.99,26.29,50,1
106.12,26.29,50,1
106.24,26.28,50,1
106.36,26.29,50,1
106.49,26.29,50,1
106.61,26.29,50,1
106.73,26.29,50,1
106.86,26.28,50,1
106.98,26.29,50,1
107.11,26.28,50,1
107.23,26.29,50,1
107.36,26.28,50,1
107.48,26.29,50,1
107.6,26.28,50,1
107.72,26.28,50,1
107.85,26.28,50,1
107.97,26.28,50,1
108.1,26.28,50,1
108.22,26.28,50,1
108.34,26.28,50,1
108.47,26.29,50,1
108.59,26.29,50,1
108.72,26.29,50,1
108.84,26.29,50,1
108.96,26.28,50,1
109.09,26.29,50,1
109.21,26.28,50,1
109.33,26.29,50,1
109.46,26.28,50,1
109.58,26.28,50,1
109.7,26.28,50,1
109.83,26.28,50,1
109.95,26.29,50,1
110.08,26.28,50,1
110.2,26.29,50,1
110.32,26.29,50,1
110.45,26.28,50,1
110.57,26.29,50,1
110.69,26.28,50,1
110.82,26.28,50,1
110.94,26.29,50,1
111.07,26.28,50,1
111.19,26.28,50,1
111.31,26.28,50,1
111.44,26.28,50,1
111.56,26.28,50,1
111.68,26.29,50,1
111.81,26.29,50,1
111.93,26.29,50,1
112.06,26.28,50,1
112.18,26.28,50,1
112.3,26.28,50,1
112.43,26.28,50,1
112.55,26.28,50,1
112.68,26.28,50,1
112.8,26.28,50,1
112.92,26.28,50,1
113.05,26.28,50,1
113.17,26.28,50,1
113.29,26.28,50,1
113.42,26.28,50,1
113.54,26.28,50,1
113.67,26.28,50,1
113.79,26.28,50,1
113.91,26.28,50,1
114.04,26.28,50,1
114.16,26.28,50,1
114.28,26.28,50,1
114.41,26.28,50,1
114.53,26.28,50,1
114.65,26.28,50,1
114.78,26.28,50,1
114.9,26.28,50,1
115.03,26.28,50,1
115.15,26.28,50,1
115.27,26.28,50,1
115.4,26.28,50,1
115.52,26.28,50,1
115.64,26.28,50,1
115.77,26.28,50,1
115.89,26.28,50,1
116.02,26.28,50,1
116.14,26.28,50,1
116.26,26.28,50,1
116.39,26.28,50,1
116.51,26.28,50,1
116.63,26.29,50,1
116.76,26.28,50,1
116.88,26.4,50,1
117.01,26.55,50,1
117.13,26.48,50,1
117.25,26.47,50,1
117.38,26.46,50,1
117.5,26.46,50,1
117.62,26.46,50,1
117.75,26.46,50,1
117.87,26.46,50,1
118.0,26.46,50,1
118.12,26.46,50,1
118.24,26.46,50,1
118.37,26.46,50,1
118.49,26.46,50,1
118.62,26.46,50,1
118.74,26.46,50,1
118.86,26.47,50,1
118.99,26.47,50,1
119.11,26.5,50,1
119.23,26.51,50,1
119.36,26.51,50,1
119.48,26.53,50,1
119.61,26.53,50,1
119.73,26.53,50,1
119.85,26.51,50,1
119.98,26.47,50,1
120.1,26.46,50,1
120.22,26.46,50,1
120.35,26.46,50,1
120.47,26.52,50,1
120.59,26.52,50,1
120.72,26.49,50,1
120.84,26.46,50,1
120.97,26.51,50,1
121.09,26.53,50,1
121.21,26.52,50,1
121.34,26.55,50,1
121.46,26.55,50,1
121.58,26.55,50,1
121.71,26.55,50,1
121.83,26.54,50,1
121.96,26.54,50,1
122.08,26.54,50,1
122.2,26.53,50,1
122.33,26.52,50,1
122.45,26.53,50,1
122.57,26.52,50,1
122.7,26.53,50,1
122.82,26.52,50,1
122.95,26.53,50,1
123.07,26.5,50,1
123.19,26.54,50,1
123.32,26.55,50,1
123.44,26.55,50,1
123.57,26.55,50,1
123.69,26.55,50,1
123.81,26.55,50,1
123.94,26.55,50,1
124.06,26.55,50,1
124.18,26.54,50,1
124.31,26.54,50,1
124.43,26.55,50,1
124.55,26.55,50,1
124.68,26.55,50,1
124.8,26.55,50,1
124.93,26.55,50,1
125.05,26.55,50,1
125.17,26.55,50,1
125.3,26.54,50,1
125.42,26.54,50,1
125.54,26.55,50,1
125.67,26.54,50,1
125.79,26.52,50,1
125.92,26.5,50,1
126.04,26.53,50,1
126.16,26.53,50,1
126.29,26.53,50,1
126.41,26.48,50,1
126.54,26.46,50,1
126.66,26.46,50,1
126.78,26.46,50,1
126.91,26.47,50,1
127.03,26.46,50,1
127.15,26.5,50,1
127.28,26.55,50,1
127.4,26.55,50,1
127.52,26.55,50,1
127.65,26.54,50,1
127.77,26.5,50,1
127.9,26.52,50,1
128.02,26.46,50,1
128.14,26.46,50,1
128.27,26.46,50,1
128.39,26.46,50,1
128.52,26.46,50,1
128.64,26.46,50,1
128.76,26.46,50,1
128.89,26.46,50,1
129.01,26.46,50,1
129.13,26.46,50,1
129.26,26.46,50,1
129.38,26.46,50,1
129.51,26.46,50,1
129.63,26.46,50,1
129.75,26.46,50,1
129.88,26.46,50,1
130.0,26.55,50,1
130.12,26.55,50,1
130.25,26.57,50,1
130.37,26.54,50,1
130.5,26.53,50,1
130.62,26.46,50,1
130.74,26.47,50,1
130.87,26.46,50,1
130.99,26.46,50,1
131.11,26.46,50,1
131.24,26.47,50,1
131.36,26.54,50,1
131.49,26.54,50,1
131.61,26.52,50,1
131.73,26.54,50,1
131.86,26.53,50,1
131.98,26.54,50,1
132.1,26.54,50,1
132.23,26.48,50,1
132.35,26.49,50,1
132.47,26.53,50,1
132.6,26.52,50,1
132.72,26.5,50,1
132.85,26.48,50,1
132.97,26.48,50,1
133.09,26.48,50,1
133.22,26.48,50,1
133.34,26.48,50,1
133.47,26.47,50,1
133.59,26.48,50,1
133.71,26.49,50,1
133.84,26.53,50,1
133.96,26.51,50,1
134.08,26.53,50,1
134.21,26.55,50,1
134.33,26.53,50,1
134.46,26.51,50,1
134.58,26.5,50,1
134.7,26.52,50,1
134.83,26.53,50,1
134.95,26.54,50,1
135.07,26.52,50,1
135.2,26.52,50,1
135.32,26.52,50,1
135.45,26.51,50,1
135.57,26.51,50,1
135.69,26.51,50,1
135.82,26.51,50,1
135.94,26.51,50,1
136.06,26.51,50,1
136.19,26.52,50,1
136.31,26.55,50,1
136.43,26.54,50,1
136.56,26.54,50,1
136.68,26.54,50,1
136.81,26.54,50,1
136.93,26.54,50,1
137.05,26.54,50,1
137.18,26.54,50,1
137.3,26.54,50,1
137.42,26.54,50,1
137.55,26.54,50,1
137.67,26.54,50,1
137.8,26.54,50,1
137.92,26.54,50,1
138.04,26.53,50,1
138.17,26.53,50,1
138.29,26.53,50,1
138.41,26.53,50,1
138.54,26.53,50,1
138.66,26.53,50,1
138.79,26.54,50,1
138.91,26.54,50,1
139.03,26.53,50,1
139.16,26.53,50,1
139.28,26.53,50,1
139.41,26.53,50,1
139.53,26.53,50,1
139.65,26.53,50,1
139.78,26.53,50,1
139.9,26.53,50,1
140.02,26.53,50,1
140.15,26.53,50,1
140.27,26.53,50,1
140.39,26.53,50,1
140.52,26.54,50,1
140.64,26.54,50,1
140.77,26.53,50,1
140.89,26.54,50,1
141.01,26.54,50,1
141.14,26.54,50,1
141.26,26.54,50,1
141.38,26.54,50,1
141.51,26.54,50,1
141.63,26.54,50,1
141.76,26.54,50,1
141.88,26.54,50,1
142.0,26.54,50,1
142.13,26.54,50,1
142.25,26.54,50,1
142.37,26.54,50,1
142.5,26.54,50,1
142.62,26.54,50,1
142.75,26.54,50,1
142.87,26.54,50,1
142.99,26.54,50,1
143.12,26.54,50,1
143.24,26.54,50,1
143.37,26.54,50,1
143.49,26.54,50,1
143.61,26.54,50,1
143.74,26.54,50,1
143.86,26.54,50,1
143.98,26.54,50,1
144.11,26.54,50,1
144.23,26.54,50,1
144.36,26.54,50,1
144.48,26.54,50,1
144.6,26.54,50,1
144.73,26.54,50,1
144.85,26.54,50,1
144.97,26.54,50,1
145.1,26.54,50,1
145.22,26.54,50,1
145.34,26.54,50,1
145.47,26.54,50,1
145.59,26.55,50,1
145.72,26.52,50,1
145.84,26.5,50,1
145.96,26.53,50,1
146.09,26.49,50,1
146.21,26.48,50,1
146.33,26.5,50,1
146.46,26.54,50,1
146.58,26.54,50,1
146.71,26.53,50,1
146.83,26.53,50,1
146.95,26.53,50,1
147.08,26.53,50,1
147.2,26.53,50,1
147.32,26.53,50,1
147.45,26.53,50,1
147.57,26.53,50,1
147.7,26.53,50,1
147.82,26.53,50,1
147.94,26.53,50,1
148.07,26.52,50,1
148.19,26.53,50,1
148.32,26.53,50,1
148.44,26.52,50,1
148.56,26.52,50,1
148.69,26.52,50,1
148.81,26.52,50,1
148.93,26.52,50,1
149.06,26.52,50,1
149.18,26.52,50,1
149.3,26.52,50,1
149.43,26.52,50,1
149.55,26.52,50,1
149.68,26.52,50,1
149.8,26.52,50,1
149.92,26.52,50,1
150.05,26.52,50,1
150.17,26.52,50,1
150.29,26.53,50,1
150.42,26.52,50,1
150.54,26.52,50,1
150.67,26.52,50,1
150.79,26.52,50,1
150.91,26.52,50,1
151.04,26.52,50,1
151.16,26.53,50,1
151.28,26.52,50,1
151.41,26.52,50,1
151.53,26.52,50,1
151.66,26.52,50,1
151.78,26.53,50,1
151.9,26.52,50,1
152.03,26.52,50,1
152.15,26.51,50,1
152.27,26.51,50,1
152.4,26.52,50,1
152.52,26.52,50,1
152.65,26.52,50,1
152.77,26.52,50,1
152.89,26.51,50,1
153.02,26.52,50,1
153.14,26.51,50,1
153.27,26.52,50,1
153.39,26.51,50,1
153.51,26.51,50,1
153.63,26.51,50,1
153.76,26.5,50,1
153.88,26.5,50,1
154.01,26.5,50,1
154.13,26.51,50,1
154.25,26.52,50,1
154.38,26.52,50,1
154.5,26.52,50,1
154.63,26.52,50,1
154.75,26.52,50,1
154.87,26.52,50,1
155.0,26.52,50,1
155.12,26.5,50,1
155.24,26.5,50,1
155.37,26.51,50,1
155.49,26.51,50,1
155.62,26.5,50,1
155.74,26.5,50,1
155.86,26.51,50,1
155.99,26.51,50,1
156.11,26.51,50,1
156.23,26.51,50,1
156.36,26.51,50,1
156.48,26.5,50,1
156.61,26.5,50,1
156.73,26.5,50,1
156.85,26.5,50,1
156.98,26.51,50,1
157.1,26.51,50,1
157.22,26.5,50,1
157.35,26.51,50,1
157.47,26.5,50,1
157.6,26.51,50,1
157.72,26.51,50,1
157.84,26.5,50,1
157.97,26.5,50,1
158.09,26.5,50,1
158.21,26.49,50,1
158.34,26.5,50,1
158.46,26.5,50,1
158.59,26.5,50,1
158.71,26.5,50,1
158.83,26.48,50,1
158.96,26.46,50,1
159.08,26.46,50,1
159.2,26.46,50,1
159.33,26.46,50,1
159.45,26.46,50,1
159.58,26.46,50,1
159.7,26.46,50,1
159.82,26.46,50,1
159.95,26.46,50,1
160.07,26.46,50,1
160.19,26.46,50,1
160.32,26.46,50,1
160.44,26.46,50,1
160.57,26.46,50,1
160.69,26.46,50,1
160.81,26.46,50,1
160.94,26.46,50,1
161.06,26.46,50,1
161.18,26.46,50,1
161.31,26.46,50,1
161.43,26.46,50,1
161.55,26.46,50,1
161.68,26.46,50,1
161.8,26.46,50,1
161.93,26.46,50,1
162.05,26.46,50,1
162.17,26.46,50,1
162.3,26.46,50,1
162.42,26.46,50,1
162.55,26.46,50,1
162.67,26.46,50,1
162.79,26.46,50,1
162.92,26.46,50,1
163.04,26.46,50,1
163.16,26.48,50,1
163.29,26.47,50,1
163.41,26.46,50,1
163.54,26.46,50,1
163.66,26.46,50,1
163.78,26.46,50,1
163.91,26.46,50,1
164.03,26.46,50,1
164.15,26.52,50,1
164.28,26.54,50,1
164.4,26.51,50,1
164.53,26.47,50,1
164.65,26.48,50,1
164.77,26.48,50,1
164.9,26.54,50,1
165.02,26.53,50,1
165.14,26.49,50,1
165.27,26.51,50,1
165.39,26.51,50,1
165.52,26.51,50,1
165.64,26.51,50,1
165.76,26.5,50,1
165.89,26.5,50,1
166.01,26.49,50,1
166.13,26.5,50,1
166.26,26.5,50,1
166.38,26.49,50,1
166.51,26.46,50,1
166.63,26.46,50,1
166.75,26.46,50,1
166.88,26.46,50,1
167.0,26.46,50,1
167.12,26.46,50,1
167.25,26.46,50,1
167.37,26.46,50,1
167.5,26.46,50,1
167.62,26.49,50,1
167.74,26.46,50,1
167.87,26.46,50,1
167.99,26.47,50,1
168.11,26.48,50,1
168.24,26.46,50,1
168.36,26.46,50,1
168.49,26.46,50,1
168.61,26.47,50,1
168.73,26.48,50,1
168.86,26.51,50,1
168.98,26.46,50,1
169.1,26.49,50,1
169.23,26.48,50,1
169.35,26.48,50,1
169.48,26.47,50,1
169.6,26.53,50,1
169.72,26.52,50,1
169.85,26.46,50,1
169.97,26.46,50,1
170.09,26.46,50,1
170.22,26.46,50,1
170.34,26.46,50,1
170.47,26.46,50,1
170.59,26.46,50,1
170.71,26.46,50,1
170.84,26.46,50,1
170.96,26.46,50,1
171.08,26.46,50,1
171.21,26.46,50,1
171.33,26.46,50,1
171.46,26.46,50,1
171.58,26.46,50,1
171.7,26.46,50,1
171.83,26.46,50,1
171.95,26.46,50,1
172.08,26.46,50,1
172.2,26.46,50,1
172.32,26.46,50,1
172.45,26.46,50,1
172.57,26.46,50,1
172.69,26.47,50,1
172.82,26.47,50,1
172.94,26.47,50,1
173.07,26.47,50,1
173.19,26.46,50,1
173.31,26.47,50,1
173.44,26.46,50,1
173.56,26.46,50,1
173.68,26.47,50,1
173.81,26.47,50,1
173.93,26.46,50,1
174.05,26.46,50,1
174.18,26.46,50,1
174.3,26.46,50,1
174.43,26.46,50,1
174.55,26.46,50,1
174.67,26.46,50,1
174.8,26.46,50,1
174.92,26.46,50,1
175.04,26.46,50,1
175.17,26.46,50,1
175.29,26.46,50,1
175.42,26.46,50,1
175.54,26.46,50,1
175.66,26.46,50,1
175.79,26.46,50,1
175.91,26.46,50,1
176.03,26.46,50,1
176.16,26.46,50,1
176.28,26.46,50,1
176.41,26.46,50,1
176.53,26.48,50,1
176.65,26.48,50,1
176.78,26.49,50,1
176.9,26.49,50,1
177.02,26.48,50,1
177.15,26.46,50,1
177.27,26.48,50,1
177.4,26.49,50,1
177.52,26.5,50,1
177.64,26.5,50,1
177.77,26.5,50,1
177.89,26.5,50,1
178.01,26.49,50,1
178.14,26.5,50,1
178.26,26.46,50,1
178.38,26.46,50,1
178.51,26.5,50,1
178.63,26.5,50,1
178.76,26.5,50,1
178.88,26.5,50,1
179.0,26.51,50,1
179.13,26.51,50,1
179.25,26.48,50,1
179.38,26.47,50,1
179.5,26.5,50,1
179.62,26.5,50,1
179.75,26.5,50,1
179.87,26.49,50,1
179.99,26.5,50,1
180.12,26.49,50,1
180.24,26.5,50,1
180.37,26.51,50,1
180.49,26.51,50,1
180.61,26.46,50,1
180.74,26.49,50,1
180.86,26.5,50,1
180.98,26.5,50,1
181.11,26.49,50,1
181.23,26.5,50,1
181.36,26.51,50,1
181.48,26.5,50,1
181.6,26.48,50,1
181.73,26.48,50,1
181.85,26.51,50,1
181.97,26.54,50,1
182.1,26.52,50,1
182.22,26.54,50,1
182.35,26.53,50,1
182.47,26.52,50,1
182.59,26.53,50,1
182.72,26.53,50,1
182.84,26.53,50,1
182.96,26.53,50,1
183.09,26.53,50,1
183.21,26.53,50,1
183.34,26.53,50,1
183.46,26.53,50,1
183.58,26.5,50,1
183.71,26.53,50,1
183.83,26.51,50,1
183.95,26.51,50,1
184.08,26.52,50,1
184.2,26.53,50,1
184.33,26.53,50,1
184.45,26.53,50,1
184.57,26.53,50,1
184.7,26.52,50,1
184.82,26.54,50,1
184.94,26.54,50,1
185.07,26.49,50,1
185.19,26.54,50,1
185.32,26.54,50,1
185.44,26.55,50,1
185.56,26.55,50,1
185.69,26.55,50,1
185.81,26.55,50,1
185.93,26.54,50,1
186.06,26.54,50,1
186.18,26.55,50,1
186.3,26.54,50,1
186.43,26.54,50,1
186.55,26.54,50,1
186.68,26.54,50,1
186.8,26.54,50,1
186.92,26.54,50,1
187.05,26.54,50,1
187.17,26.54,50,1
187.3,26.54,50,1
187.42,26.54,50,1
187.54,26.54,50,1
187.67,26.54,50,1
187.79,26.54,50,1
187.91,26.54,50,1
188.04,26.54,50,1
188.16,26.54,50,1
188.29,26.54,50,1
188.41,26.54,50,1
188.53,26.54,50,1
188.66,26.54,50,1
188.78,26.54,50,1
188.9,26.54,50,1
189.03,26.54,50,1
189.15,26.54,50,1
189.28,26.54,50,1
189.4,26.54,50,1
189.52,26.54,50,1
189.65,26.54,50,1
189.77,26.54,50,1
189.89,26.54,50,1
190.02,26.54,50,1
190.14,26.54,50,1
190.27,26.54,50,1
190.39,26.54,50,1
190.51,26.54,50,1
190.64,26.53,50,1
190.76,26.53,50,1
190.88,26.54,50,1
191.01,26.54,50,1
191.13,26.54,50,1
191.26,26.54,50,1
191.38,26.54,50,1
191.5,26.54,50,1
191.63,26.54,50,1
191.75,26.53,50,1
191.88,26.54,50,1
192.0,26.54,50,1
192.12,26.53,50,1
192.25,26.53,50,1
192.37,26.52,50,1
192.49,26.52,50,1
192.62,26.53,50,1
192.74,26.53,50,1
192.86,26.52,50,1
192.99,26.52,50,1
193.11,26.52,50,1
193.24,26.53,50,1
193.36,26.52,50,1
193.48,26.52,50,1
193.61,26.53,50,1
193.73,26.52,50,1
193.85,26.53,50,1
193.98,26.54,50,1
194.1,26.53,50,1
194.23,26.53,50,1
194.35,26.53,50,1
194.47,26.54,50,1
194.6,26.53,50,1
194.72,26.53,50,1
194.84,26.53,50,1
194.97,26.53,50,1
195.09,26.53,50,1
195.22,26.5,50,1
195.34,26.48,50,1
195.46,26.5,50,1
195.59,26.52,50,1
195.71,26.52,50,1
195.83,26.53,50,1
195.96,26.51,50,1
196.08,26.5,50,1
196.21,26.5,50,1
196.33,26.49,50,1
196.45,26.48,50,1
196.58,26.48,50,1
196.7,26.47,50,1
196.82,26.47,50,1
196.95,26.46,50,1
197.07,26.46,50,1
197.2,26.46,50,1
197.32,26.46,50,1
197.44,26.46,50,1
197.57,26.46,50,1
197.69,26.46,50,1
197.81,26.46,50,1
197.94,26.46,50,1
198.06,26.46,50,1
198.19,26.46,50,1
198.31,26.46,50,1
198.43,26.46,50,1
198.56,26.46,50,1
198.68,26.46,50,1
198.8,26.46,50,1
198.93,26.46,50,1
199.05,26.46,50,1
199.18,26.46,50,1
199.3,26.46,50,1
199.42,26.46,50,1
199.55,26.46,50,1
199.67,26.46,50,1
199.79,26.46,50,1
199.92,26.46,50,1
200.04,26.46,50,1
200.16,26.46,50,1
200.29,26.46,50,1
200.41,26.46,50,1
200.54,26.46,50,1
200.66,26.46,50,1
200.78,26.46,50,1
200.91,26.46,50,1
201.03,26.46,50,1
201.16,26.46,50,1
201.28,26.46,50,1
201.4,26.46,50,1
201.53,26.46,50,1
201.65,26.46,50,1
201.77,26.46,50,1
201.9,26.46,50,1
202.02,26.46,50,1
202.15,26.46,50,1
202.27,26.46,50,1
202.39,26.46,50,1
202.52,26.46,50,1
202.64,26.46,50,1
202.76,26.46,50,1
202.89,26.46,50,1
203.01,26.46,50,1
203.14,26.46,50,1
203.26,26.46,50,1
203.38,26.46,50,1
203.51,26.46,50,1
203.63,26.46,50,1
203.75,26.46,50,1
203.88,26.46,50,1
204.0,26.46,50,1
204.13,26.46,50,1
204.25,26.46,50,1
204.37,26.46,50,1
204.5,26.46,50,1
204.62,26.46,50,1
204.74,26.46,50,1
204.87,26.46,50,1
204.99,26.46,50,1
205.12,26.46,50,1
205.24,26.46,50,1
205.36,26.46,50,1
205.49,26.46,50,1
205.61,26.46,50,1
205.73,26.46,50,1
205.86,26.46,50,1
205.98,26.46,50,1
206.11,26.46,50,1
206.23,26.46,50,1
206.35,26.46,50,1
206.48,26.46,50,1
206.6,26.46,50,1
206.72,26.46,50,1
206.85,26.46,50,1
206.97,26.46,50,1
207.1,26.46,50,1
207.22,26.46,50,1
207.34,26.46,50,1
207.47,26.46,50,1
207.59,26.46,50,1
207.71,26.46,50,1
207.84,26.46,50,1
207.96,26.46,50,1
208.08,26.46,50,1
208.21,26.46,50,1
208.33,26.46,50,1
208.46,26.46,50,1
208.58,26.46,50,1
208.7,26.46,50,1
208.83,26.46,50,1
208.95,26.46,50,1
209.08,26.46,50,1
209.2,26.46,50,1
209.32,26.46,50,1
209.45,26.46,50,1
209.57,26.46,50,1
209.69,26.46,50,1
209.82,26.46,50,1
209.94,26.46,50,1
210.07,26.46,50,1
210.19,26.46,50,1
210.31,26.46,50,1
210.44,26.46,50,1
210.56,26.46,50,1
210.68,26.46,50,1
210.81,26.46,50,1
210.93,26.46,50,1
211.05,26.46,50,1
211.18,26.46,50,1
211.3,26.46,50,1
211.43,26.46,50,1
211.55,26.46,50,1
211.67,26.46,50,1
211.8,26.46,50,1
211.92,26.46,50,1
212.05,26.46,50,1
212.17,26.46,50,1
212.29,26.46,50,1
212.42,26.46,50,1
212.54,26.46,50,0
212.66,26.46,50,0
212.79,26.46,50,0
212.91,26.46,50,0
213.04,26.46,50,0
213.16,26.46,50,0
213.28,26.46,50,0
213.41,26.46,50,0
213.53,26.46,50,0
213.65,26.46,50,0
213.78,26.46,50,0
213.9,26.46,50,0
214.03,26.46,50,0
214.15,26.46,50,0
214.27,26.46,50,0
214.4,26.46,50,0
214.52,26.46,50,0
214.64,26.46,50,0
214.77,26.46,50,0
214.89,26.46,50,0
215.02,26.46,50,0
215.14,26.46,50,0
215.26,26.46,50,0
215.39,26.46,50,0
215.51,26.46,50,0
215.63,26.46,50,0
215.76,26.46,50,0
215.88,26.46,50,0
216.01,26.46,50,0
216.13,26.46,50,0
216.25,26.46,50,0
216.38,26.46,50,0
216.5,26.46,50,0
216.63,26.46,50,0
216.75,26.46,50,0
216.87,26.46,50,0
217.0,26.46,50,0
217.12,26.46,50,0
217.24,26.46,50,0
217.37,26.46,50,0
217.49,26.46,50,0
217.61,26.46,50,0
217.74,26.46,50,0
217.86,26.46,50,0
217.99,26.46,50,0
218.11,26.46,50,0
218.23,26.46,50,0
218.36,26.46,50,0
218.48,26.46,50,0
218.6,26.46,50,0
218.73,26.46,50,0
218.85,26.46,50,0
218.98,26.46,50,0
219.1,26.46,50,0
219.22,26.46,50,0
219.35,26.46,50,0
219.47,26.46,50,0
219.59,26.46,50,0
219.72,26.46,50,0
219.84,26.46,50,0
219.97,26.46,50,0
220.09,26.46,50,0
220.21,26.46,50,0
220.34,26.46,50,0
220.46,26.46,50,0
220.58,26.46,50,0
220.71,26.46,50,0
220.83,26.46,50,0
220.96,26.46,50,0
221.08,26.46,50,0
221.2,26.46,50,0
221.33,26.46,50,0
221.45,26.46,50,0
221.58,26.46,50,0
221.7,26.46,50,0
221.82,26.46,50,0
221.95,26.46,50,0
222.07,26.46,50,0
222.19,26.46,50,0
222.32,26.46,50,0
222.44,26.46,50,0
222.57,26.46,50,0
222.69,26.46,50,0
222.81,26.46,50,0
222.94,26.46,50,0
223.06,26.46,50,0
223.18,26.46,50,0
223.31,26.46,50,0
223.43,26.46,50,0
223.55,26.46,50,0
223.68,26.46,50,0
223.8,26.46,50,0
223.93,26.46,50,0
224.05,26.46,50,0
224.17,26.46,50,0
224.3,26.46,50,0
224.42,26.46,50,0
224.54,26.46,50,0
224.67,26.46,50,0
224.79,26.46,50,0
224.92,26.46,50,0
225.04,26.46,50,0
225.16,26.46,50,0
225.29,26.46,50,0
225.41,26.46,50,0
225.53,26.46,50,0
225.66,26.46,50,0
225.78,26.46,50,0
225.91,26.46,50,0
226.03,26.46,50,0
226.15,26.46,50,0
226.28,26.46,50,0
226.4,26.46,50,0
226.52,26.46,50,0
226.65,26.46,50,0
226.77,26.46,50,0
226.9,26.46,50,0
227.02,26.46,50,0
227.14,26.46,50,0
227.27,26.46,50,0
227.39,26.46,50,0
227.51,26.46,50,0
227.64,26.46,50,0
227.76,26.46,50,0
227.89,26.46,50,0
228.01,26.46,50,0
228.13,26.46,50,0
228.26,26.46,50,0
228.38,26.46,50,0
228.5,26.46,50,0
228.63,26.46,50,0
228.75,26.46,50,0
228.88,26.46,50,0
229.0,26.46,50,0
229.12,26.46,50,0
229.25,26.46,50,0
229.37,26.46,50,0
229.49,26.46,50,0
229.62,26.46,50,0
229.74,26.46,50,0
229.87,26.46,50,0
229.99,26.46,50,0
230.11,26.46,50,0
230.24,26.46,50,0
230.36,26.46,50,0
230.48,26.46,50,0
230.61,26.46,50,0
230.73,26.46,50,0
230.86,26.46,50,0
230.98,26.46,50,0
231.1,26.46,50,0
231.23,26.46,50,0
231.35,26.46,50,0
231.47,26.46,50,0
231.6,26.46,50,0
231.72,26.46,50,0
231.85,26.46,50,0
231.97,26.46,50,0
232.09,26.46,50,0
232.22,26.46,50,0
232.34,26.46,50,0
232.46,26.46,50,0
232.59,26.46,50,0
232.71,26.46,50,0
232.84,26.46,50,0
232.96,26.46,50,0
233.08,26.46,50,0
233.21,26.46,50,0
233.33,26.46,50,0
233.45,26.46,50,0
233.58,26.46,50,0
233.7,26.46,50,0
233.83,26.48,50,0
233.95,26.5,50,0
234.07,26.49,50,0
234.2,26.5,50,0
234.32,26.48,50,0
234.44,26.49,50,0
234.57,26.48,50,0
234.69,26.46,50,0
234.82,26.46,50,0
234.94,26.46,50,0
235.06,26.46,50,0
235.19,26.46,50,0
235.31,26.46,50,0
235.44,26.46,50,0
235.56,26.46,50,0
235.68,26.46,50,0
235.8,26.46,50,0
235.93,26.46,50,0
236.05,26.46,50,0
236.18,26.46,50,0
236.3,26.46,50,0
236.42,26.46,50,0
236.55,26.46,50,0
236.67,26.46,50,0
236.8,26.46,50,0
236.92,26.46,50,0
237.04,26.46,50,0
237.17,26.46,50,0
237.29,26.46,50,0
237.41,26.46,50,0
237.54,26.46,50,0
237.66,26.46,50,0
237.79,26.46,50,0
237.91,26.46,50,0
238.03,26.46,50,0
238.16,26.46,50,0
238.28,26.46,50,0
238.4,26.46,50,0
238.53,26.46,50,0
238.65,26.46,50,0
238.78,26.46,50,0
238.9,26.46,50,0
239.02,26.46,50,0
239.15,26.46,50,0
239.27,26.46,50,0
239.39,26.46,50,0
239.52,26.46,50,0
239.64,26.46,50,0
239.77,26.46,50,0
239.89,26.46,50,0
240.01,26.46,50,0
240.14,26.46,50,0
240.26,26.46,50,0
240.38,26.46,50,0
240.51,26.46,50,0
240.63,26.46,50,0
240.76,26.46,50,0
240.88,26.46,50,0
241.0,26.47,50,0
241.13,26.5,50,0
241.25,26.52,50,0
241.37,26.53,50,0
241.5,26.52,50,0
241.62,26.51,50,0
241.75,26.53,50,0
241.87,26.53,50,0
241.99,26.46,50,0
242.12,26.47,50,0
242.24,26.46,50,0
242.36,26.46,50,0
242.49,26.46,50,0
242.61,26.46,50,0
242.74,26.46,50,0
242.86,26.46,50,0
242.98,26.46,50,0
243.11,26.46,50,0
243.23,26.46,50,0
243.35,26.46,50,0
243.48,26.46,50,0
243.6,26.46,50,0
243.73,26.46,50,0
243.85,26.46,50,0
243.97,26.46,50,0
244.1,26.46,50,0
244.22,26.46,50,0
244.34,26.46,50,0
244.47,26.46,50,0
244.59,26.46,50,0
244.72,26.46,50,0
244.84,26.46,50,0
244.96,26.46,50,0
245.09,26.46,50,0
245.21,26.47,50,0
245.33,26.46,50,0
245.46,26.47,50,0
245.58,26.52,50,0
245.71,26.54,50,0
245.83,26.54,50,0
245.95,26.54,50,0
246.08,26.52,50,0
246.2,26.52,50,0
246.32,26.53,50,0
246.45,26.52,50,0
246.57,26.48,50,0
246.7,26.49,50,0
246.82,26.51,50,0
246.94,26.51,50,0
247.07,26.47,50,0
247.19,26.46,50,0
247.31,26.46,50,0
247.44,26.46,50,0
247.56,26.46,50,0
247.69,26.46,50,0
247.81,26.46,50,0
247.93,26.46,50,0
248.06,26.46,50,0
248.18,26.46,50,0
248.3,26.46,50,0
248.43,26.46,50,0
248.55,26.46,50,0
248.68,26.46,50,0
248.8,26.46,50,0
248.92,26.46,50,0
249.05,26.46,50,0
249.17,26.46,50,0
249.29,26.46,50,0
249.42,26.46,50,0
249.54,26.46,50,0
249.66,26.46,50,0
249.79,26.46,50,0
249.91,26.46,50,0
250.04,26.46,50,0
250.16,26.46,50,0
250.29,26.46,50,0
250.41,26.46,50,0
250.53,26.46,50,0
250.66,26.46,50,0
250.78,26.46,50,0
250.9,26.48,50,0
251.03,26.5,50,0
251.15,26.46,50,0
251.27,26.46,50,0
251.4,26.46,50,0
251.52,26.46,50,0
251.65,26.46,50,0
251.77,26.46,50,0
251.89,26.46,50,0
252.02,26.46,50,0
252.14,26.46,50,0
252.26,26.46,50,0
252.39,26.46,50,0
252.51,26.46,50,0
252.64,26.46,50,0
252.76,26.46,50,0
252.88,26.46,50,0
253.01,26.46,50,0
253.13,26.46,50,0
253.25,26.46,50,0
253.38,26.46,50,0
253.5,26.46,50,0
253.63,26.46,50,0
253.75,26.46,50,0
253.87,26.46,50,0
254.0,26.46,50,0
254.12,26.46,50,0
254.24,26.46,50,0
254.37,26.46,50,0
254.49,26.46,50,0
254.62,26.46,50,0
254.74,26.46,50,0
254.86,26.46,50,0
254.99,26.46,50,0
255.11,26.46,50,0
255.23,26.46,50,0
255.36,26.46,50,0
255.48,26.46,50,0
255.61,26.46,50,0
255.73,26.46,50,0
255.85,26.46,50,0
255.98,26.46,50,0
256.1,26.46,50,0
256.22,26.46,50,0
256.35,26.46,50,0
256.47,26.46,50,0
256.6,26.46,50,0
256.72,26.46,50,0
256.84,26.46,50,0
256.97,26.46,50,0
257.09,26.46,50,0
257.21,26.46,50,0
257.34,26.46,50,0
257.46,26.46,50,0
257.58,26.46,50,0
257.71,26.46,50,0
257.83,26.46,50,0
257.96,26.46,50,0
258.08,26.46,50,0
258.2,26.46,50,0
258.33,26.46,50,0
258.45,26.46,50,0
258.58,26.46,50,0
258.7,26.46,50,0
258.82,26.46,50,0
258.95,26.46,50,0
259.07,26.46,50,0
259.19,26.46,50,0
259.32,26.46,50,0
259.44,26.46,50,0
259.57,26.46,50,0
259.69,26.46,50,0
259.81,26.46,50,0
259.94,26.46,50,0
260.06,26.46,50,0
260.18,26.46,50,0
260.31,26.46,50,0
260.43,26.46,50,0
260.55,26.46,50,0
260.68,26.46,50,0
260.8,26.46,50,0
260.93,26.46,50,0
261.05,26.46,50,0
261.17,26.46,50,0
261.3,26.46,50,0
261.42,26.46,50,0
261.55,26.46,50,0
261.67,26.46,50,0
261.79,26.46,50,0
261.92,26.46,50,0
262.04,26.46,50,0
262.16,26.46,50,0
262.29,26.46,50,0
262.41,26.46,50,0
262.54,26.46,50,0
262.66,26.46,50,0
262.78,26.46,50,0
262.91,26.46,50,0
263.03,26.46,50,0
263.15,26.46,50,0
263.28,26.46,50,0
263.4,26.46,50,0
263.52,26.46,50,0
263.65,26.46,50,0
263.77,26.46,50,0
263.9,26.46,50,0
264.02,26.46,50,0
264.14,26.46,50,0
264.27,26.46,50,0
264.39,26.46,50,0
264.52,26.46,50,0
264.64,26.46,50,0
264.76,26.46,50,0
264.89,26.46,50,0
265.01,26.46,50,0
265.13,26.46,50,0
265.26,26.46,50,0
265.38,26.46,50,0
265.51,26.46,50,0
265.63,26.46,50,0
265.75,26.46,50,0
265.88,26.46,50,0
266.0,26.46,50,0
266.12,26.46,50,0
266.25,26.46,50,0
266.37,26.46,50,0
266.5,26.46,50,0
266.62,26.46,50,0
266.74,26.46,50,0
266.87,26.46,50,0
266.99,26.46,50,0
267.11,26.46,50,0
267.24,26.46,50,0
267.36,26.46,50,0
267.49,26.46,50,0
267.61,26.46,50,0
267.73,26.46,50,0
267.86,26.46,50,0
267.98,26.46,50,0
268.1,26.46,50,0
268.23,26.46,50,0
268.35,26.46,50,0
268.48,26.46,50,0
268.6,26.46,50,0
268.72,26.46,50,0
268.85,26.46,50,0
268.97,26.46,50,0
269.09,26.46,50,0
269.22,26.46,50,0
269.34,26.46,50,0
269.47,26.46,50,0
269.59,26.46,50,0
269.71,26.46,50,0
269.84,26.46,50,0
269.96,26.46,50,0
270.08,26.46,50,0
270.21,26.46,50,0
270.33,26.46,50,0
270.45,26.46,50,0
270.58,26.46,50,0
270.7,26.46,50,0
270.83,26.46,50,0
270.95,26.46,50,0
271.07,26.46,50,0
271.2,26.46,50,0
271.32,26.46,50,0
271.45,26.46,50,0
271.57,26.46,50,0
271.69,26.46,50,0
271.82,26.46,50,0
271.94,26.46,50,0
272.06,26.46,50,0
272.19,26.46,50,0
272.31,26.46,50,0
272.44,26.46,50,0
272.56,26.46,50,0
272.68,26.46,50,0
272.81,26.46,50,0
272.93,26.46,50,0
273.05,26.46,50,0
273.18,26.46,50,0
273.3,26.46,50,0
273.43,26.46,50,0
273.55,26.46,50,0
273.67,26.46,50,0
273.8,26.46,50,0
273.92,26.46,50,0
274.04,26.46,50,0
274.17,26.46,50,0
274.29,26.46,50,0
274.42,26.46,50,0
274.54,26.46,50,0
274.66,26.46,50,0
274.79,26.46,50,0
274.91,26.46,50,0
275.04,26.46,50,0
275.16,26.46,50,0
275.28,26.46,50,0
275.41,26.46,50,0
275.53,26.46,50,0
275.65,26.46,50,0
275.78,26.46,50,0
275.9,26.46,50,0
276.02,26.46,50,0
276.15,26.46,50,0
276.27,26.46,50,0
276.4,26.46,50,0
276.52,26.46,50,0
276.64,26.46,50,0
276.77,26.46,50,0
276.89,26.46,50,0
277.01,26.46,50,0
277.14,26.46,50,0
277.26,26.46,50,0
277.39,26.46,50,0
277.51,26.46,50,0
277.63,26.46,50,0
277.76,26.46,50,0
277.88,26.46,50,0
278.0,26.46,50,0
278.13,26.46,50,0
278.25,26.46,50,0
278.38,26.46,50,0
278.5,26.46,50,0
278.62,26.46,50,0
278.75,26.46,50,0
278.87,26.46,50,0
278.99,26.46,50,0
279.12,26.46,50,0
279.24,26.46,50,0
279.36,26.46,50,0
279.49,26.46,50,0
279.61,26.46,50,0
279.74,26.46,50,0
279.86,26.46,50,0
279.98,26.46,50,0
280.11,26.46,50,0
280.23,26.46,50,0
280.36,26.46,50,0
280.48,26.46,50,0
280.6,26.46,50,0
280.73,26.46,50,0
280.85,26.46,50,0
280.97,26.46,50,0
281.1,26.46,50,0
281.22,26.46,50,0
281.35,26.46,50,0
281.47,26.46,50,0
281.59,26.46,50,0
281.72,26.46,50,0
281.84,26.46,50,0
281.96,26.46,50,0
282.09,26.46,50,0
282.21,26.46,50,0
282.34,26.46,50,0
282.46,26.46,50,0
282.58,26.46,50,0
282.71,26.46,50,0
282.83,26.46,50,0
282.95,26.46,50,0
283.08,26.46,50,0
283.2,26.46,50,0
283.33,26.46,50,0
283.45,26.46,50,0
283.57,26.46,50,0
283.7,26.46,50,0
283.82,26.46,50,0
283.94,26.46,50,0
284.07,26.46,50,0
284.19,26.46,50,0
284.32,26.46,50,0
284.44,26.46,50,0
284.56,26.46,50,0
284.69,26.46,50,0
284.81,26.46,50,0
284.94,26.46,50,0
285.06,26.46,50,0
285.18,26.46,50,0
285.3,26.46,50,0
285.43,26.46,50,0
285.55,26.46,50,0
285.68,26.46,50,0
285.8,26.46,50,0
285.92,26.46,50,0
286.05,26.46,50,0
286.17,26.46,50,0
286.3,26.46,50,0
286.42,26.46,50,0
286.54,26.46,50,0
286.67,26.46,50,0
286.79,26.46,50,0
286.91,26.46,50,0
287.04,26.46,50,0
287.16,26.46,50,0
287.29,26.46,50,0
287.41,26.46,50,0
287.53,26.46,50,0
287.66,26.46,50,0
287.78,26.46,50,0
287.9,26.46,50,0
288.03,26.46,50,0
288.15,26.46,50,0
288.27,26.46,50,0
288.4,26.46,50,0
288.52,26.46,50,0
288.65,26.46,50,0
288.77,26.46,50,0
288.89,26.46,50,0
289.02,26.46,50,0
289.14,26.46,50,0
289.27,26.46,50,0
289.39,26.46,50,0
289.51,26.46,50,0
289.64,26.46,50,0
289.76,26.46,50,0
289.88,26.46,50,0
290.01,26.46,50,0
290.13,26.46,50,0
290.26,26.46,50,0
290.38,26.46,50,0
290.5,26.46,50,0
290.63,26.46,50,0
290.75,26.46,50,0
290.87,26.46,50,0
291.0,26.46,50,0
291.12,26.46,50,0
291.25,26.46,50,0
291.37,26.46,50,0
291.49,26.46,50,0
291.62,26.46,50,0
291.74,26.46,50,0
291.86,26.46,50,0
291.99,26.46,50,0
292.11,26.46,50,0
292.24,26.46,50,0
292.36,26.46,50,0
292.48,26.46,50,0
292.61,26.46,50,0
292.73,26.46,50,0
292.85,26.46,50,0
292.98,26.46,50,0
293.1,26.46,50,0
293.23,26.46,50,0
293.35,26.46,50,0
293.47,26.46,50,0
293.6,26.46,50,0
293.72,26.46,50,0
293.84,26.46,50,0
293.97,26.46,50,0
294.09,26.46,50,0
294.22,26.46,50,0
294.34,26.46,50,0
294.46,26.46,50,0
294.59,26.46,50,0
294.71,26.46,50,0
294.83,26.46,50,0
294.96,26.46,50,0
295.08,26.46,50,0
295.2,26.45,50,0
295.33,26.46,50,0
295.45,26.46,50,0
295.58,26.46,50,0
295.7,26.46,50,0
295.82,26.46,50,0
295.95,26.46,50,0
296.07,26.46,50,0
296.2,26.46,50,0
296.32,26.45,50,0
296.44,26.46,50,0
296.57,26.46,50,0
296.69,26.46,50,0
296.81,26.45,50,0
296.94,26.46,50,0
297.06,26.45,50,0
297.19,26.46,50,0
297.31,26.46,50,0
297.43,26.46,50,0
297.56,26.46,50,0
297.68,26.46,50,0
297.8,26.46,50,0
297.93,26.46,50,0
298.05,26.46,50,0
298.17,26.46,50,0
298.3,26.46,50,0
298.42,26.46,50,0
298.55,26.46,50,0
298.67,26.46,50,0
298.79,26.46,50,0
298.92,26.46,50,0
299.04,26.46,50,0
299.17,26.46,50,0
299.29,26.46,50,0
299.41,26.46,50,0
299.54,26.46,50,0
299.66,26.46,50,0
299.78,26.46,50,0
299.91,26.46,50,0
300.03,26.46,50,0
300.16,26.46,50,0
300.28,26.46,50,0
300.4,26.46,50,0
300.53,26.46,50,0
300.65,26.46,50,0
300.77,26.46,50,0
300.9,26.46,50,0
301.02,26.46,50,0
301.14,26.46,50,0
301.27,26.46,50,0
301.39,26.46,50,0
301.52,26.46,50,0
301.64,26.46,50,0
301.76,26.46,50,0
301.89,26.46,50,0
302.01,26.46,50,0
302.14,26.46,50,0
302.26,26.46,50,0
302.38,26.46,50,0
302.51,26.46,50,0
302.63,26.46,50,0
302.75,26.46,50,0
302.88,26.46,50,0
303.0,26.46,50,0
303.13,26.46,50,0
303.25,26.46,50,0
303.37,26.46,50,0
303.5,26.46,50,0
303.62,26.46,50,0
303.74,26.46,50,0
303.87,26.46,50,0
303.99,26.46,50,0
304.11,26.46,50,0
304.24,26.46,50,0
304.36,26.46,50,0
304.49,26.46,50,0
304.61,26.46,50,0
304.73,26.46,50,0
304.86,26.46,50,0
304.98,26.46,50,0
305.11,26.46,50,0
305.23,26.46,50,0
305.35,26.46,50,0
305.48,26.46,50,0
305.6,26.46,50,0
305.72,26.46,50,0
305.85,26.46,50,0
305.97,26.46,50,0
306.1,26.46,50,0
306.22,26.46,50,0
306.34,26.46,50,0
306.47,26.46,50,0
306.59,26.46,50,0
306.71,26.46,50,0
306.84,26.46,50,0
306.96,26.46,50,0
307.08,26.46,50,0
307.21,26.46,50,0
307.33,26.46,50,0
307.46,26.46,50,0
307.58,26.46,50,0
307.7,26.46,50,0
307.83,26.46,50,0
307.95,26.46,50,0
308.08,26.46,50,0
308.2,26.46,50,0
308.32,26.46,50,0
308.45,26.46,50,0
308.57,26.46,50,0
308.69,26.45,50,0
308.82,26.46,50,0
308.94,26.46,50,0
309.07,26.46,50,0
309.19,26.46,50,0
309.31,26.46,50,0
309.44,26.46,50,0
309.56,26.46,50,0
309.68,26.46,50,0
309.81,26.46,50,0
309.93,26.46,50,0
310.05,26.46,50,0
310.18,26.46,50,0
310.3,26.46,50,0
310.43,26.46,50,0
310.55,26.46,50,0
310.67,26.46,50,0
310.8,26.46,50,0
310.92,26.45,50,0
311.05,26.45,50,0
311.17,26.45,50,0
311.29,26.45,50,0
311.42,26.46,50,0
311.54,26.46,50,0
311.66,26.46,50,0
311.79,26.46,50,0
311.91,26.46,50,0
312.04,26.46,50,0
312.16,26.46,50,0
312.28,26.46,50,0
312.41,26.46,50,0
312.53,26.46,50,0
312.66,26.46,50,1
312.79,26.45,50,1
312.91,26.45,50,1
313.03,26.45,50,1
313.16,26.46,50,1
313.28,26.45,50,1
313.4,26.46,50,1
313.53,26.45,50,1
313.65,26.45,50,1
313.78,26.45,50,1
313.9,26.45,50,1
314.02,26.45,50,1
314.15,26.45,50,1
314.27,26.45,50,1
314.39,26.45,50,1
314.52,26.45,50,1
314.64,26.45,50,1
314.77,26.45,50,1
314.89,26.45,50,1
315.01,26.45,50,1
315.14,26.45,50,1
315.26,26.45,50,1
315.38,26.46,50,1
315.51,26.45,50,1
315.63,26.45,50,1
315.76,26.45,50,1
315.88,26.45,50,1
316.0,26.45,50,1
316.13,26.45,50,1
316.25,26.45,50,1
316.37,26.45,50,1
316.5,26.45,50,1
316.62,26.45,50,1
316.75,26.45,50,1
316.87,26.45,50,1
316.99,26.45,50,1
317.12,26.45,50,1
317.24,26.45,50,1
317.36,26.45,50,1
317.49,26.45,50,1
317.61,26.45,50,1
317.73,26.45,50,1
317.86,26.45,50,1
317.98,26.45,50,1
318.11,26.45,50,1
318.23,26.45,50,1
318.35,26.45,50,1
318.48,26.45,50,1
318.6,26.45,50,1
318.73,26.45,50,1
318.85,26.45,50,1
318.97,26.45,50,1
319.1,26.45,50,1
319.22,26.45,50,1
319.34,26.45,50,1
319.47,26.45,50,1
319.59,26.45,50,1
319.72,26.45,50,1
319.84,26.45,50,1
319.96,26.45,50,1
320.09,26.45,50,1
320.21,26.45,50,1
320.33,26.45,50,1
320.46,26.45,50,1
320.58,26.45,50,1
320.7,26.45,50,1
320.83,26.45,50,1
320.95,26.45,50,1
321.08,26.45,50,1
321.2,26.45,50,1
321.32,26.45,50,1
321.45,26.45,50,1
321.57,26.45,50,1
321.7,26.45,50,1
321.82,26.45,50,1
321.94,26.45,50,1
322.07,26.45,50,1
322.19,26.45,50,1
322.31,26.45,50,1
322.44,26.45,50,1
322.56,26.45,50,1
322.68,26.45,50,1
322.81,26.45,50,1
322.93,26.45,50,1
323.06,26.46,50,1
323.18,26.46,50,1
323.3,26.46,50,1
323.43,26.46,50,1
323.55,26.46,50,1
323.67,26.46,50,1
323.8,26.46,50,1
323.92,26.46,50,1
324.05,26.46,50,1
324.17,26.46,50,1
324.29,26.46,50,1
324.42,26.46,50,1
324.54,26.46,50,1
324.67,26.46,50,1
324.79,26.46,50,1
324.91,26.46,50,1
325.04,26.46,50,1
325.16,26.46,50,1
325.28,26.46,50,1
325.41,26.46,50,1
325.53,26.46,50,1
325.66,26.46,50,1
325.78,26.46,50,1
325.9,26.46,50,1
326.03,26.46,50,1
326.15,26.46,50,1
326.27,26.46,50,1
326.4,26.46,50,1
326.52,26.46,50,1
326.64,26.46,50,1
326.77,26.46,50,1
326.89,26.46,50,1
327.02,26.46,50,1
327.14,26.46,50,1
327.26,26.46,50,1
327.39,26.46,50,1
327.51,26.46,50,1
327.63,26.46,50,1
327.76,26.46,50,1
327.88,26.46,50,1
328.01,26.46,50,1
328.13,26.46,50,1
328.25,26.46,50,1
328.38,26.46,50,1
328.5,26.46,50,1
328.63,26.46,50,1
328.75,26.46,50,1
328.87,26.46,50,1
329.0,26.46,50,1
329.12,26.46,50,1
329.24,26.45,50,1
329.37,26.46,50,1
329.49,26.46,50,1
329.61,26.46,50,1
329.74,26.46,50,1
329.86,26.46,50,1
329.99,26.46,50,1
330.11,26.45,50,1
330.23,26.46,50,1
330.36,26.46,50,1
330.48,26.46,50,1
330.61,26.46,50,1
330.73,26.46,50,1
330.85,26.46,50,1
330.98,26.45,50,1
331.1,26.46,50,1
331.22,26.46,50,1
331.35,26.46,50,1
331.47,26.46,50,1
331.6,26.46,50,1
331.72,26.46,50,1
331.84,26.46,50,1
331.97,26.46,50,1
332.09,26.46,50,1
332.21,26.46,50,1
332.34,26.46,50,1
332.46,26.46,50,1
332.58,26.46,50,1
332.71,26.46,50,1
332.83,26.46,50,1
332.96,26.46,50,1
333.08,26.46,50,1
333.2,26.46,50,1
333.33,26.46,50,1
333.45,26.46,50,1
333.58,26.46,50,1
333.7,26.46,50,1
333.82,26.46,50,1
333.95,26.46,50,1
334.07,26.46,50,1
334.19,26.46,50,1
334.32,26.45,50,1
334.44,26.45,50,1
334.57,26.45,50,1
334.69,26.45,50,1
334.81,26.46,50,1
334.94,26.46,50,1
335.06,26.45,50,1
335.18,26.45,50,1
335.31,26.45,50,1
335.43,26.46,50,1
335.55,26.45,50,1
335.68,26.45,50,1
335.8,26.46,50,1
335.93,26.45,50,1
336.05,26.45,50,1
336.17,26.45,50,1
336.3,26.45,50,1
336.42,26.45,50,1
336.55,26.45,50,1
336.67,26.45,50,1
336.79,26.45,50,1
336.92,26.45,50,1
337.04,26.45,50,1
337.16,26.45,50,1
337.29,26.45,50,1
337.41,26.45,50,1
337.54,26.45,50,1
337.66,26.46,50,1
337.78,26.46,50,1
337.91,26.46,50,1
338.03,26.46,50,1
338.15,26.45,50,1
338.28,26.46,50,1
338.4,26.45,50,1
338.52,26.46,50,1
338.65,26.45,50,1
338.77,26.46,50,1
338.9,26.45,50,1
339.02,26.46,50,1
339.14,26.46,50,1
339.27,26.45,50,1
339.39,26.46,50,1
339.52,26.46,50,1
339.64,26.45,50,1
339.76,26.46,50,1
339.89,26.46,50,1
340.01,26.46,50,1
340.13,26.45,50,1
340.26,26.45,50,1
340.38,26.45,50,1
340.51,26.45,50,1
340.63,26.45,50,1
340.75,26.45,50,1
340.88,26.45,50,1
341.0,26.46,50,1
341.12,26.46,50,1
341.25,26.46,50,1
341.37,26.46,50,1
341.5,26.46,50,1
341.62,26.46,48,1
341.74,26.46,48,1
341.87,26.46,48,1
341.99,26.46,49,1
342.12,26.46,50,1
342.24,26.46,51,1
342.36,26.46,52,1
342.49,26.46,53,1
342.61,26.46,53,1
342.74,26.45,53,1
342.86,26.46,53,1
342.99,26.46,53,1
343.11,26.46,75,1
343.24,26.45,81,1
343.36,26.45,81,1
343.48,26.45,81,1
343.61,26.45,97,1
344.73,26.45,97,1
344.86,26.45,97,1
344.98,26.45,97,1
345.1,26.45,97,1
345.23,26.45,97,1
345.35,26.45,97,1
345.48,26.45,97,1
345.6,26.45,97,1
345.72,26.45,97,1
345.85,26.45,97,1
345.97,26.45,97,1
346.09,26.45,114,1
346.22,26.45,114,1
346.34,26.45,113,1
346.47,26.45,112,1
346.59,26.45,111,1
346.72,26.45,110,1
346.84,26.45,109,1
346.96,26.45,109,1
347.09,26.45,109,1
347.21,26.45,109,1
347.34,26.45,108,1
347.46,26.45,106,1
347.59,26.45,103,1
347.71,26.45,103,1
347.83,26.45,94,1
347.96,26.45,94,1
348.08,26.45,81,1
348.21,26.45,81,1
348.33,26.45,67,1
348.45,26.45,66,1
348.58,26.45,65,1
348.7,26.45,65,1
348.83,26.45,64,1
348.95,26.45,64,1
349.08,26.45,64,1
349.2,26.45,64,1
349.32,26.45,64,1
349.45,26.45,64,1
349.57,26.45,64,1
349.69,26.45,64,1
349.82,26.45,64,1
349.94,26.45,64,1
350.07,26.45,64,1
350.19,26.45,64,1
350.31,26.45,64,1
350.44,26.45,64,1
350.56,26.45,64,1
350.69,26.45,64,1
350.81,26.45,64,1
350.93,26.45,64,1
351.05,26.45,64,1
351.18,26.45,64,1
351.3,26.45,64,1
351.43,26.45,64,1
351.55,26.46,64,1
351.67,26.46,64,1
351.8,26.45,64,1
351.92,26.45,64,1
352.05,26.45,64,1
352.17,26.45,64,1
352.29,26.46,64,1
352.42,26.45,64,1
352.54,26.46,64,1
352.67,26.45,64,1
352.79,26.45,64,1
352.91,26.45,64,1
353.04,26.46,64,1
353.16,26.45,64,1
353.28,26.45,64,1
353.41,26.46,64,1
353.53,26.45,64,1
353.65,26.45,64,1
353.78,26.45,64,1
353.9,26.45,64,1
354.03,26.45,64,1
354.15,26.45,64,1
354.27,26.45,64,1
354.4,26.45,64,1
354.52,26.46,64,1
354.64,26.45,64,1
354.77,26.45,64,1
354.89,26.46,64,1
355.02,26.46,64,1
355.14,26.46,64,1
355.26,26.45,64,1
355.39,26.45,64,1
355.51,26.45,64,1
355.64,26.45,64,1
355.76,26.45,64,1
355.88,26.45,64,1
356.01,26.45,64,1
356.13,26.45,64,1
356.25,26.45,64,1
356.38,26.45,64,1
356.5,26.45,64,1
356.63,26.45,64,1
356.75,26.45,64,1
356.87,26.45,64,1
357.0,26.45,64,1
357.12,26.45,64,1
357.24,26.45,64,1
357.37,26.45,200,1
357.49,26.43,200,1
357.62,26.43,200,1
357.74,26.43,200,1
357.86,26.42,200,1
357.99,26.42,200,1
358.11,26.42,200,1
358.24,26.42,200,1
358.36,26.42,200,1
358.48,26.42,200,1
358.61,26.42,200,1
358.73,26.42,200,1
358.86,26.42,200,1
358.98,26.42,200,1
359.1,26.42,200,1
359.23,26.42,200,1
359.35,26.41,200,1
359.48,26.42,200,1
359.6,26.42,200,1
359.72,26.42,200,1
359.85,26.42,200,1
359.97,26.42,200,1
360.09,26.42,200,1
360.22,26.42,200,1
360.34,26.42,200,1
360.47,26.42,200,1
360.59,26.42,200,1
360.71,26.42,200,1
360.84,26.42,200,1
360.96,26.43,200,1
361.08,26.43,200,1
361.21,26.43,200,1
361.33,26.43,200,1
361.46,26.43,200,1
361.58,26.43,200,1
361.7,26.42,200,1
361.83,26.43,200,1
361.95,26.42,200,1
362.08,26.42,200,1
362.2,26.42,200,1
362.32,26.42,200,1
362.45,26.42,200,1
362.57,26.42,200,1
362.69,26.42,200,1
362.82,26.43,200,1
362.94,26.43,200,1
363.07,26.43,200,1
363.19,26.43,200,1
363.31,26.43,200,1
363.44,26.43,200,1
363.56,26.42,200,1
363.68,26.42,200,1
363.81,26.42,200,1
363.93,26.42,200,1
364.06,26.42,200,1
364.18,26.42,200,1
364.3,26.42,200,1
364.43,26.42,200,1
364.55,26.42,200,1
364.67,26.42,200,1
364.8,26.42,200,1
364.92,26.43,200,1
365.05,26.42,200,1
365.17,26.42,200,1
365.29,26.42,200,1
365.42,26.42,200,1
365.54,26.41,200,1
365.67,26.41,200,1
365.79,26.42,200,1
365.91,26.42,200,1
366.04,26.44,200,1
366.16,26.42,200,1
366.28,26.45,200,1
366.41,26.46,200,1
366.53,26.46,200,1
366.66,26.46,200,1
366.78,26.46,200,1
366.9,26.46,200,1
367.03,26.46,200,1
367.15,26.46,200,1
367.27,26.46,200,1
367.4,26.46,200,1
367.52,26.46,200,1
367.65,26.46,200,1
367.77,26.46,200,1
367.89,26.46,200,1
368.02,26.46,200,1
368.14,26.46,200,1
368.27,26.46,200,1
368.39,26.46,200,1
368.51,26.46,200,1
368.64,26.46,200,1
368.76,26.46,200,1
368.88,26.46,200,1
369.01,26.46,200,1
369.13,26.46,200,1
369.26,26.46,200,1
369.38,26.46,200,1
369.5,26.46,200,1
369.63,26.46,200,1
369.75,26.46,200,1
369.87,26.46,200,1
370.0,26.46,200,1
370.12,26.46,200,1
370.25,26.46,200,1
370.37,26.46,200,1
370.49,26.46,200,1
370.62,26.46,200,1
370.74,26.46,200,1
370.86,26.46,200,1
370.99,26.46,200,1
371.11,26.46,200,1
371.23,26.46,200,1
371.36,26.46,200,1
371.48,26.45,200,1
371.61,26.47,200,1
371.73,26.46,200,1
371.86,26.46,200,1
371.98,26.46,200,1
372.1,26.46,200,1
372.23,26.46,200,1
372.35,26.46,200,1
372.47,26.46,200,1
372.6,26.46,200,1
372.72,26.46,200,1
372.85,26.46,200,1
372.97,26.46,200,1
373.09,26.46,200,1
373.22,26.47,200,1
373.34,26.49,200,1
373.47,26.47,200,1
373.59,26.5,200,1
373.71,26.47,200,1
373.83,26.47,200,1
373.96,26.47,200,1
374.08,26.46,200,1
374.21,26.46,200,1
374.33,26.46,200,1
374.45,26.46,200,1
374.58,26.46,200,1
374.7,26.46,200,1
374.83,26.46,200,1
374.95,26.46,200,1
375.07,26.46,200,1
375.2,26.46,200,1
375.32,26.46,200,1
375.45,26.46,200,1
375.57,26.46,200,1
375.69,26.46,200,1
375.82,26.47,200,1
375.94,26.46,200,1
376.06,26.46,200,1
376.19,26.46,200,1
376.31,26.46,200,1
376.44,26.46,200,1
376.56,26.46,200,1
376.68,26.46,200,1
376.81,26.48,200,1
376.93,26.49,200,1
377.05,26.49,200,1
377.18,26.47,200,1
377.3,26.46,200,1
377.42,26.46,200,1
377.55,26.46,200,1
377.67,26.46,200,1
377.8,26.46,200,1
377.92,26.46,200,1
378.04,26.46,200,1
378.17,26.46,200,1
378.29,26.46,200,1
378.42,26.46,200,1
378.54,26.46,200,1
378.66,26.46,200,1
378.79,26.46,200,1
378.91,26.46,200,1
379.04,26.46,200,1
379.16,26.46,200,1
379.28,26.46,200,1
379.41,26.61,200,1
379.53,26.46,200,1
379.65,26.46,200,1
379.78,26.46,200,1
379.9,26.46,200,1
380.02,26.46,200,1
380.15,26.46,200,1
380.27,26.46,200,1
380.4,26.46,200,1
380.52,26.46,200,1
380.64,26.46,200,1
380.77,26.46,200,1
380.89,26.46,200,1
381.02,26.46,200,1
381.14,26.46,200,1
381.26,26.46,200,1
381.39,26.46,200,1
381.51,26.46,200,1
381.64,26.46,200,1
381.76,26.46,200,1
381.88,26.46,200,1
382.01,26.46,200,1
382.13,26.46,200,1
382.25,26.46,200,1
382.38,26.46,200,1
382.5,26.46,200,1
382.63,26.46,200,1
382.75,26.46,200,1
382.87,26.46,200,1
383.0,26.46,200,1
383.12,26.46,200,1
383.24,26.46,200,1
383.37,26.46,200,1
383.49,26.46,200,1
383.62,26.46,200,1
383.74,26.46,200,1
383.86,26.46,200,1
383.99,26.46,200,1
384.11,26.46,200,1
384.23,26.46,200,1
384.36,26.46,200,1
384.48,26.46,200,1
384.61,26.46,200,1
384.73,26.46,200,1
384.85,26.46,200,1
384.98,26.46,200,1
385.1,26.46,200,1
385.23,26.46,200,1
385.35,26.46,200,1
385.47,26.46,200,1
385.6,26.46,200,1
385.72,26.46,200,1
385.84,26.46,200,1
385.97,26.46,200,1
386.09,26.46,200,1
386.22,26.46,200,1
386.34,26.46,200,1
386.46,26.46,200,1
386.59,26.46,200,1
386.71,26.46,200,1
386.83,26.46,200,1
386.96,26.46,200,1
387.08,26.46,200,1
387.21,26.46,200,1
387.33,26.46,200,1
387.45,26.46,200,1
387.58,26.46,200,1
387.7,26.46,200,1
387.82,26.46,200,1
387.95,26.46,200,1
388.07,26.46,200,1
388.2,26.46,200,1
388.32,26.46,200,1
388.44,26.46,200,1
388.57,26.46,200,1
388.69,26.46,200,1
388.82,26.46,200,1
388.94,26.46,200,1
389.06,26.46,200,1
389.19,26.46,200,1
389.31,26.45,200,1
389.43,26.45,200,1
389.56,26.46,200,1
389.68,26.46,200,1
389.81,26.46,200,1
389.93,26.46,200,1
390.05,26.46,200,1
390.18,26.46,200,1
390.3,26.46,200,1
390.42,26.46,200,1
390.55,26.46,200,1
390.67,26.46,200,1
390.8,26.46,200,1
390.92,26.46,200,1
391.04,26.46,200,1
391.17,26.46,200,1
391.29,26.46,200,1
391.41,26.46,200,1
391.54,26.46,200,1
391.66,26.46,200,1
391.79,26.46,200,1
391.91,26.46,200,1
392.03,26.46,200,1
392.16,26.46,200,1
392.28,26.43,200,1
392.41,26.4,200,1
392.53,26.4,200,1
392.65,26.43,200,1
392.78,26.41,200,1
392.9,26.4,200,1
393.02,26.44,200,1
393.15,26.44,200,1
393.27,26.4,200,1
393.4,26.41,200,1
393.52,26.4,200,1
393.64,26.39,200,1
393.77,26.4,200,1
393.89,26.4,200,1
394.01,26.4,200,1
394.14,26.39,200,1
394.26,26.39,200,1
394.39,26.4,200,1
394.51,26.4,200,1
394.63,26.4,200,1
394.76,26.46,200,1
394.88,26.46,200,1
395.0,26.46,200,1
395.13,26.46,200,1
395.25,26.46,200,1
395.38,26.46,200,1
395.5,26.46,200,1
395.62,26.46,200,1
395.75,26.46,200,1
395.87,26.46,200,1
396.0,26.46,200,1
396.12,26.46,200,1
396.24,26.46,200,1
396.37,26.46,200,1
396.49,26.46,200,1
396.61,26.46,200,1
396.74,26.46,200,1
396.86,26.46,200,1
396.99,26.46,200,1
397.11,26.46,200,1
397.23,26.46,200,1
397.36,26.46,200,1
397.48,26.46,200,1
397.6,26.46,200,1
397.73,26.46,200,1
397.85,26.46,200,1
397.98,26.46,200,1
398.1,26.46,200,1
398.22,26.46,200,1
398.35,26.46,200,1
398.47,26.46,200,1
398.6,26.46,200,1
398.72,26.46,200,1
398.84,26.46,200,1
398.97,26.46,200,1
399.09,26.46,200,1
399.21,26.46,200,1
399.34,26.46,200,1
399.46,26.46,200,1
399.59,26.46,200,1
399.71,26.46,200,1
399.83,26.46,200,1
399.96,26.46,200,1
400.08,26.46,200,1
400.2,26.46,200,1
400.33,26.46,200,1
400.45,26.46,200,1
400.58,26.46,200,1
400.7,26.46,200,1
400.82,26.46,200,1
400.95,26.46,200,1
401.07,26.46,200,1
401.2,26.46,200,1
401.32,26.46,200,1
401.44,26.46,200,1
401.57,26.46,200,1
401.69,26.46,200,1
401.81,26.46,200,1
401.94,26.46,200,1
402.06,26.46,200,1
402.19,26.46,200,1
402.31,26.46,200,1
402.43,26.46,200,1
402.56,26.46,200,1
402.68,26.46,200,1
402.8,26.46,200,1
402.93,26.46,200,1
403.05,26.46,200,1
403.18,26.46,200,1
403.3,26.46,200,1
403.42,26.46,200,1
403.55,26.46,200,1
403.67,26.46,200,1
403.79,26.46,200,1
403.92,26.46,200,1
404.04,26.46,200,1
404.17,26.46,200,1
404.29,26.46,200,1
404.41,26.46,200,1
404.54,26.46,200,1
404.66,26.46,200,1
404.79,26.46,200,1
404.91,26.46,200,1
405.03,26.46,200,1
405.16,26.46,200,1
405.28,26.46,200,1
405.4,26.46,200,1
405.53,26.46,200,1
405.65,26.46,200,1
405.77,26.46,200,1
405.9,26.46,200,1
406.02,26.46,200,1
406.15,26.46,200,1
406.27,26.46,200,1
406.39,26.46,200,1
406.52,26.46,200,1
406.64,26.46,200,1
406.77,26.46,200,1
406.89,26.46,200,1
407.01,26.46,200,1
407.14,26.46,200,1
407.26,26.46,200,1
407.39,26.46,200,1
407.51,26.46,200,1
407.63,26.46,200,1
407.76,26.46,200,1
407.88,26.46,200,1
408.0,26.46,200,1
408.13,26.46,200,1
408.25,26.46,200,1
408.38,26.46,200,1
408.5,26.45,200,1
408.62,26.45,200,1
408.75,26.46,200,1
408.87,26.45,200,1
408.99,26.45,200,1
409.12,26.44,200,1
409.24,26.42,200,1
409.36,26.41,200,1
409.49,26.42,200,1
409.61,26.43,200,1
409.74,26.44,200,1
409.86,26.44,200,1
409.98,26.44,200,1
410.11,26.44,200,1
410.23,26.44,200,1
410.36,26.45,200,1
410.48,26.44,200,1
410.6,26.45,200,1
410.73,26.44,200,1
410.85,26.45,200,1
410.98,26.44,200,1
411.1,26.45,200,1
411.22,26.45,200,1
411.35,26.45,200,1
411.47,26.45,200,1
411.59,26.45,200,1
411.72,26.45,200,1
411.84,26.45,200,1
411.97,26.44,200,1
412.09,26.44,200,1
412.21,26.44,200,1
412.34,26.44,200,1
412.46,26.45,200,1
412.58,26.45,200,1
412.71,26.44,200,1
412.83,26.45,200,1
412.95,26.44,200,1
413.08,26.44,200,1
413.2,26.44,200,1
413.33,26.44,200,1
413.45,26.44,200,1
413.57,26.44,200,1
413.7,26.44,200,1
413.82,26.44,200,1
413.95,26.44,200,1
414.07,26.44,200,1
414.19,26.44,200,1
414.32,26.44,200,1
414.44,26.43,200,1
414.56,26.44,200,1
414.69,26.45,200,1
414.81,26.45,200,1
414.94,26.44,200,1
415.06,26.45,200,1
415.18,26.45,200,1
415.31,26.45,200,1
415.43,26.45,200,1
415.55,26.45,200,1
415.68,26.45,200,1
415.8,26.45,200,1
415.93,26.45,200,1
416.05,26.45,200,1
416.17,26.45,200,1
416.3,26.45,200,1
416.42,26.45,200,1
416.55,26.45,200,1
416.67,26.45,200,1
416.79,26.45,200,1
416.92,26.45,200,1
417.04,26.45,200,1
417.16,26.45,200,1
417.29,26.45,200,1
417.41,26.45,200,1
417.54,26.45,200,1
417.66,26.45,200,1
417.78,26.45,200,1
417.91,26.45,200,1
418.03,26.45,200,1
418.15,26.45,200,1
418.28,26.45,200,1
418.4,26.45,200,1
418.53,26.45,200,1
418.65,26.44,200,1
418.77,26.44,200,1
418.9,26.44,200,1
419.02,26.45,200,1
419.14,26.44,200,1
419.27,26.44,200,1
419.39,26.44,200,1
419.52,26.44,200,1
419.64,26.44,200,1
419.76,26.44,200,1
419.89,26.44,200,1
420.01,26.44,200,1
420.14,26.44,200,1
420.26,26.44,200,1
420.38,26.44,200,1
420.51,26.44,200,1
420.63,26.44,200,1
420.75,26.45,200,1
420.88,26.44,200,1
421.0,26.44,200,1
421.13,26.44,200,1
421.25,26.44,200,1
421.37,26.42,200,1
421.5,26.42,200,1
421.62,25.7,200,1
421.75,25.84,200,1
421.87,25.84,200,1
421.99,25.84,200,1
422.12,25.84,200,1
422.24,25.84,200,1
422.36,25.73,200,1
422.49,24.93,200,1
422.61,25.38,200,1
422.73,25.29,200,1
422.86,24.68,200,1
422.98,24.23,200,1
423.11,24.56,200,1
423.23,24.82,200,1
423.35,25.0,200,1
423.48,25.49,200,1
423.6,25.33,200,1
423.73,25.58,200,1
423.85,25.97,200,1
423.97,26.12,200,1
424.1,26.09,200,1
424.22,26.1,200,1
424.34,25.99,200,1
424.47,25.89,200,1
424.59,25.81,200,1
424.72,25.89,200,1
424.84,25.91,200,1
424.96,25.85,200,1
425.09,25.75,200,1
425.21,25.75,200,1
425.33,25.75,200,1
425.46,25.69,200,1
425.58,25.67,200,1
425.71,25.57,200,1
425.83,25.57,200,1
425.95,25.57,200,1
426.08,25.58,200,1
426.2,25.57,200,1
426.33,25.51,200,1
426.45,25.49,200,1
426.57,25.41,200,1
426.7,25.33,200,1
426.82,25.23,200,1
426.94,25.11,200,1
427.07,24.96,200,1
427.19,24.93,200,1
427.32,24.87,200,1
427.44,24.87,200,1
427.56,24.84,200,1
427.69,24.77,200,1
427.81,24.54,200,1
427.93,24.55,200,1
428.06,24.62,200,1
428.18,24.61,200,1
428.31,24.66,200,1
428.43,24.87,200,1
428.55,24.87,200,1
428.68,24.87,200,1
428.8,24.83,200,1
428.92,24.81,200,1
429.05,24.89,200,1
429.17,25.01,200,1
429.3,25.04,200,1
429.42,25.02,200,1
429.54,25.02,200,1
429.67,25.01,200,1
429.79,24.98,200,1
429.92,24.97,200,1
430.04,24.96,200,1
430.16,24.96,200,1
430.29,25.01,200,1
430.41,25.05,200,1
430.53,25.05,200,1
430.66,25.05,200,1
430.78,25.11,200,1
430.91,25.12,200,1
431.03,25.13,200,1
431.15,25.13,200,1
431.28,25.13,200,1
431.4,25.13,200,1
431.52,25.13,200,1
431.65,25.13,200,1
431.77,25.22,200,1
431.9,25.24,200,1
432.02,25.23,200,1
432.14,25.22,200,1
432.27,25.22,200,1
432.39,25.22,200,1
432.52,25.22,200,1
432.64,25.22,200,1
432.76,25.22,200,1
432.89,25.22,200,1
433.01,25.22,200,1
433.13,25.22,200,1
433.26,25.22,200,1
433.38,25.22,200,1
433.51,25.22,200,1
433.63,25.22,200,1
433.75,25.22,200,1
433.88,25.22,200,1
434.0,25.22,200,1
434.12,25.22,200,1
434.25,25.22,200,1
434.37,25.22,200,1
434.5,25.22,200,1
434.62,25.22,200,1
434.74,25.22,200,1
434.87,25.22,200,1
434.99,25.22,200,1
435.12,25.22,200,1
435.24,25.24,200,1
435.36,25.29,200,1
435.49,25.31,200,1
435.61,25.31,200,1
435.73,25.31,200,1
435.86,25.31,200,1
435.98,25.31,200,1
436.11,25.31,200,1
436.23,25.31,200,1
436.35,25.31,200,1
436.48,25.31,200,1
436.6,25.31,200,1
436.72,25.31,200,1
436.85,25.31,200,1
436.97,25.31,200,1
437.1,25.31,200,1
437.22,25.31,200,1
437.34,25.31,200,1
437.47,25.31,200,1
437.59,25.31,200,1
437.72,25.31,200,1
437.84,25.31,200,1
437.96,25.31,200,1
438.09,25.31,200,1
438.21,25.31,200,1
438.33,25.31,200,1
438.46,25.31,200,1
438.58,25.31,200,1
438.71,25.31,200,1
438.83,25.31,200,1
438.95,25.31,200,1
439.08,25.31,200,1
439.2,25.31,200,1
439.32,25.31,200,1
439.45,25.31,200,1
439.57,25.31,200,1
439.7,25.31,200,1
439.82,25.31,200,1
439.94,25.31,200,1
440.07,25.31,200,1
440.19,25.31,200,1
440.32,25.31,200,1
440.44,25.31,200,1
440.56,25.31,200,1
440.69,25.31,200,1
440.81,25.31,200,1
440.93,25.31,200,1
441.06,25.31,200,1
441.18,25.31,200,1
441.31,25.31,200,1
441.43,25.31,200,1
441.55,25.31,200,1
441.68,25.31,200,1
441.8,25.31,200,1
441.92,25.31,200,1
442.05,25.31,200,1
442.17,25.31,200,1
442.3,25.31,200,1
442.42,25.31,200,1
442.54,25.31,200,1
442.67,25.31,200,1
442.79,25.31,200,1
442.92,25.31,200,1
443.04,25.31,200,1
443.16,25.31,200,1
443.29,25.31,200,1
443.41,25.31,200,1
443.53,25.31,200,1
443.66,25.31,200,1
443.78,25.31,200,1
443.91,25.31,200,1
444.03,25.31,200,1
444.15,25.31,200,1
444.28,25.31,200,1
444.4,25.31,200,1
444.52,25.31,200,1
444.65,25.31,200,1
444.77,25.31,200,1
444.9,25.31,200,1
445.02,25.31,200,1
445.14,25.31,200,1
445.27,25.31,200,1
445.39,25.31,200,1
445.52,25.31,200,1
445.64,25.31,200,1
445.76,25.31,200,1
445.89,25.31,200,1
446.01,25.31,200,1
446.13,25.31,200,1
446.26,25.31,200,1
446.38,25.31,200,1
446.51,25.31,200,1
446.63,25.31,200,1
446.75,25.31,200,1
446.88,25.31,200,1
447.0,25.31,200,1
447.12,25.31,200,1
447.25,25.31,200,1
447.37,25.31,200,1
447.5,25.31,200,1
447.62,25.31,200,1
447.74,25.31,200,1
447.87,25.31,200,1
447.99,25.31,200,1
448.11,25.31,200,1
448.24,25.31,200,1
448.36,25.31,200,1
448.49,25.31,200,1
448.61,25.52,200,1
448.73,25.84,200,1
448.86,25.89,200,1
448.98,25.79,200,1
449.11,25.89,200,1
449.23,25.81,200,1
449.35,25.75,200,1
449.48,25.75,200,1
449.6,25.73,200,1
449.72,25.75,200,1
449.85,25.76,200,1
449.97,25.79,200,1
450.1,25.83,200,1
450.22,25.81,200,1
450.34,25.8,200,1
450.47,25.76,200,1
450.59,25.75,200,1
450.72,25.76,200,1
450.84,25.82,200,1
450.96,25.83,200,1
451.09,25.75,200,1
451.21,25.76,200,1
451.33,25.76,200,1
451.46,25.76,200,1
451.58,25.77,200,1
451.7,25.79,200,1
451.83,25.79,200,1
451.95,25.78,200,1
452.08,25.79,200,1
452.2,25.76,200,1
452.33,25.75,200,1
452.45,25.75,200,1
452.57,25.75,200,1
452.7,25.74,200,1
452.82,25.72,200,1
452.94,25.71,200,1
453.07,25.68,200,1
453.19,25.67,200,1
453.32,25.66,200,1
453.44,25.65,200,1
453.56,25.6,200,1
453.69,25.58,200,1
453.81,25.57,200,1
453.93,25.57,200,1
454.06,25.55,200,1
454.18,25.53,200,1
454.3,24.17,200,1
454.43,24.13,200,1
454.55,24.24,200,1
454.68,24.24,200,1
454.8,24.62,200,1
454.92,24.69,200,1
455.05,24.74,200,1
455.17,24.79,200,1
455.3,24.76,200,1
455.42,24.67,200,1
455.54,24.66,200,1
455.67,24.5,200,1
455.79,24.34,200,1
455.92,24.36,200,1
456.04,24.28,200,1
456.16,24.16,200,1
456.29,24.07,200,1
456.41,24.09,200,1
456.53,24.06,200,1
456.66,23.98,200,1
456.78,24.0,200,1
456.91,24.11,200,1
457.03,24.01,200,1
457.15,24.32,200,1
457.28,24.35,200,1
457.4,24.35,200,1
457.52,24.36,200,1
457.65,24.38,200,1
457.77,24.4,200,1
457.89,24.61,200,1
458.02,24.61,200,1
458.14,24.59,200,1
458.27,24.53,200,1
458.39,24.52,200,1
458.52,24.52,200,1
458.64,24.49,200,1
458.76,24.43,200,1
458.89,24.45,200,1
459.01,24.52,200,1
459.13,24.54,200,1
459.26,24.53,200,1
459.38,24.52,200,1
459.51,24.52,200,1
459.63,24.46,200,1
459.75,24.43,200,1
459.88,24.43,200,1
460.0,24.44,200,1
460.12,24.5,200,1
460.25,24.45,200,1
460.37,24.39,200,1
460.5,24.4,200,1
460.62,24.43,200,1
460.74,24.36,200,1
460.87,23.93,200,1
460.99,24.47,200,1
461.11,23.8,200,1
461.24,24.35,200,1
461.36,24.46,200,1
461.49,24.43,200,1
461.61,24.36,200,1
461.73,24.23,200,1
461.86,24.15,200,1
461.98,24.05,200,1
462.11,23.96,200,1
462.23,23.86,200,1
462.35,23.87,200,1
462.48,23.85,200,1
462.6,23.97,200,1
462.72,23.69,200,1
462.85,23.89,200,1
462.97,23.33,200,1
463.1,23.46,200,1
463.22,23.68,200,1
463.34,23.7,200,1
463.47,23.72,200,1
463.59,23.66,200,1
463.71,23.84,200,1
463.84,23.86,200,1
463.96,23.79,200,1
464.09,23.82,200,1
464.21,23.85,200,1
464.33,23.92,200,1
464.46,23.84,200,1
464.58,23.92,200,1
464.7,24.18,200,1
464.83,24.11,200,1
464.95,24.06,200,1
465.08,23.87,200,1
465.2,23.89,200,1
465.32,23.97,200,1
465.45,24.02,200,1
465.57,24.2,200,1
465.69,23.98,200,1
465.82,24.18,200,1
465.94,24.37,200,1
466.07,24.35,200,1
466.19,24.66,200,1
466.31,24.78,200,1
466.44,25.01,200,1
466.56,24.79,200,1
466.69,24.77,200,1
466.81,24.69,200,1
466.93,24.62,200,1
467.06,24.7,200,1
467.18,24.72,200,1
467.3,24.72,200,1
467.43,24.76,200,1
467.55,24.75,200,1
467.68,24.75,200,1
467.8,24.77,200,1
467.92,24.76,200,1
468.05,24.78,200,1
468.17,24.78,200,1
468.29,24.78,200,1
468.42,24.78,200,1
468.54,24.78,200,1
468.67,24.78,200,1
468.79,24.78,200,1
468.91,24.78,200,1
469.04,24.78,200,1
469.16,24.78,200,1
469.28,24.78,200,1
469.41,24.78,200,1
469.53,24.79,200,1
469.66,24.79,200,1
469.78,24.8,200,1
469.9,24.8,200,1
470.03,24.82,200,1
470.15,24.86,200,1
470.27,24.87,200,1
470.4,24.87,200,1
470.52,24.87,200,1
470.65,24.88,200,1
470.77,24.89,200,1
470.89,24.89,200,1
471.02,24.89,200,1
471.14,24.89,200,1
471.27,24.89,200,1
471.39,24.92,200,1
471.51,24.94,200,1
471.64,24.9,200,1
471.76,24.9,200,1
471.88,24.89,200,1
472.01,24.89,200,1
472.13,24.89,200,1
472.26,24.88,200,1
472.38,24.87,200,1
472.5,24.88,200,1
472.63,24.89,200,1
472.75,24.91,200,1
472.88,24.91,200,1
473.0,24.89,200,1
473.12,24.89,200,1
473.25,24.9,200,1
473.37,24.91,200,1
473.49,24.94,200,1
473.62,24.96,200,1
473.74,24.97,200,1
473.86,24.98,200,1
473.99,24.98,200,1
474.11,24.98,200,1
474.24,24.98,200,1
474.36,24.98,200,1
474.48,24.98,200,0
474.61,24.98,200,0
474.73,24.98,200,0
474.86,24.98,200,0
474.98,24.98,200,0
475.1,24.98,200,0
475.23,24.98,200,0
475.35,24.99,200,0
475.48,24.98,200,0
475.6,24.98,200,0
475.72,24.98,200,0
475.85,24.98,200,0
475.97,24.98,200,0
476.09,24.98,200,0
476.22,24.98,200,0
476.34,24.98,200,0
476.47,24.98,200,0
476.59,24.98,200,0
476.71,24.98,200,0
476.84,24.98,200,0
476.96,24.98,200,0
477.08,24.98,200,0
477.21,24.98,200,0
477.33,24.98,200,0
477.46,24.98,200,0
477.58,24.98,200,0
477.7,24.98,200,0
477.83,24.98,200,0
477.95,24.98,200,0
478.07,24.98,200,0
478.2,24.98,200,0
478.32,24.98,200,0
478.45,24.98,200,0
478.57,24.98,200,0
478.69,24.98,200,0
478.82,24.98,200,0
478.94,24.97,200,0
479.07,24.97,200,0
479.19,24.97,200,0
479.31,24.98,200,0
479.44,24.98,200,0
479.56,24.98,200,0
479.68,24.98,200,0
479.81,24.98,200,0
479.93,24.98,200,0
480.06,24.98,200,0
480.18,24.98,200,0
480.3,24.98,200,0
480.43,24.98,200,0
480.55,24.98,200,0
480.67,24.98,200,0
480.8,24.98,200,0
480.92,24.98,200,0
481.05,24.98,200,0
481.17,24.98,200,0
481.29,24.98,200,0
481.42,24.99,200,0
481.54,25.01,200,0
481.67,24.99,200,0
481.79,24.93,200,0
481.91,24.91,200,0
482.04,24.9,200,0
482.16,24.91,200,0
482.28,24.95,200,0
482.41,24.95,200,0
482.53,24.95,200,0
482.66,24.95,200,0
482.78,24.95,200,0
482.9,24.95,200,0
483.03,24.95,200,0
483.15,24.95,200,0
483.27,24.95,200,0
483.4,24.95,200,0
483.52,24.95,200,0
483.65,24.95,200,0
483.77,24.95,200,0
483.89,24.96,200,0
484.02,24.96,200,0
484.14,24.95,200,0
484.26,24.96,200,0
484.39,24.96,200,0
484.51,24.96,200,0
484.64,24.95,200,0
484.76,24.96,200,0
484.88,24.96,200,0
485.01,24.96,200,0
485.13,24.95,200,0
485.26,24.96,200,0
485.38,24.95,200,0
485.5,24.95,200,0
485.63,24.96,200,0
485.75,24.96,200,0
485.87,24.96,200,0
486.0,24.96,200,0
486.12,24.96,200,0
486.25,24.96,200,0
486.37,24.96,200,0
486.49,24.96,200,0
486.62,24.96,200,0
486.74,24.96,200,0
486.86,24.96,200,0
486.99,24.97,200,0
487.11,24.96,200,0
487.24,24.96,200,0
487.36,24.96,200,0
487.48,24.96,200,0
487.61,24.96,200,0
487.73,24.96,200,0
487.86,24.96,200,0
487.98,24.96,200,0
488.1,24.96,200,0
488.23,24.96,200,0
488.35,24.96,200,0
488.47,24.96,200,0
488.6,24.96,200,0
488.72,24.96,200,0
488.85,24.96,200,0
488.97,24.96,200,0
489.09,24.96,200,0
489.22,24.96,200,0
489.34,24.96,200,0
489.46,24.96,200,0
489.59,24.96,200,0
489.71,24.96,200,0
489.84,24.96,200,0
489.96,24.96,200,0
490.08,24.96,200,0
490.21,24.96,200,0
490.33,24.96,200,0
490.45,24.96,200,0
490.58,24.96,200,0
490.7,24.96,200,0
490.83,24.96,200,0
490.95,24.96,200,0
491.07,24.96,200,0
491.2,24.97,200,0
491.32,24.96,200,0
491.45,24.96,200,0
491.57,24.96,200,0
491.69,24.96,200,0
491.82,24.96,200,0
491.94,24.96,200,0
492.06,24.96,200,0
492.19,24.96,200,0
492.31,24.96,200,0
492.44,24.97,200,0
492.56,24.96,200,0
492.68,24.96,200,0
492.81,24.96,200,0
492.93,24.96,200,0
493.05,24.96,200,0
493.18,24.96,200,0
493.3,24.96,200,0
493.43,24.96,200,0
493.55,24.96,200,0
493.67,24.96,200,0
493.8,24.96,200,0
493.92,24.96,200,0
494.05,24.96,200,0
494.17,24.96,200,0
494.29,24.96,200,0
494.42,24.96,200,0
494.54,24.96,200,0
494.66,24.96,200,0
494.79,24.96,200,0
494.91,24.96,200,0
495.04,24.96,200,0
495.16,24.96,200,0
495.28,24.96,200,0
495.41,24.96,200,0
495.53,24.96,200,0
495.65,24.96,200,0
495.78,24.96,200,0
495.9,24.96,200,0
496.03,24.96,200,0
496.15,24.96,200,0
496.27,24.96,200,0
496.4,24.96,200,0
496.52,24.96,200,0
496.64,24.96,200,0
496.77,24.96,200,0
496.89,24.96,200,0
497.02,24.96,200,0
497.14,24.96,200,0
497.26,24.96,200,0
497.39,24.96,200,0
497.51,24.96,200,0
497.64,24.96,200,0
497.76,24.96,200,0
497.88,24.96,200,0
498.01,24.96,200,0
498.13,24.96,200,0
498.25,24.96,200,0
498.38,24.96,200,0
498.5,24.96,200,0
498.63,24.96,200,0
498.75,24.95,200,0
498.87,24.96,200,0
499.0,24.96,200,0
499.12,24.95,200,0
499.25,24.95,200,0
499.37,24.95,200,0
499.49,24.96,200,0
499.62,24.96,200,0
499.74,24.96,200,0
499.86,24.96,200,0
499.99,24.96,200,0
500.11,24.96,200,0
500.23,24.96,200,0
500.36,24.96,200,0
500.48,24.96,200,0
500.61,24.96,200,0
500.73,24.95,200,0
500.85,24.95,200,0
500.98,24.95,200,0
501.1,24.95,200,0
501.23,24.94,200,0
501.35,24.94,200,0
501.47,24.94,200,0
501.6,24.94,200,0
501.72,24.94,200,0
501.84,24.95,200,0
501.97,24.95,200,0
502.09,24.95,200,0
502.22,24.95,200,0
502.34,24.95,200,0
502.46,24.95,200,0
502.59,24.95,200,0
502.71,24.95,200,0
502.83,24.96,200,0
502.96,24.96,200,0
503.08,24.96,200,0
503.21,24.96,200,0
503.33,24.96,200,0
503.45,24.96,200,0
503.58,24.96,1,0
503.7,24.96,1,0
503.83,24.96,1,0
503.95,24.96,1,0
504.07,24.96,1,0
504.2,24.96,1,0
504.32,24.96,1,0
504.44,24.96,1,0
504.57,24.96,1,0
504.69,24.96,1,0
504.82,24.96,1,0
504.94,24.96,1,0
505.06,24.96,1,0
505.19,24.96,1,0
505.31,24.96,1,0
505.43,24.96,1,0
505.56,24.96,1,0
505.68,24.96,1,0
505.8,24.96,1,0
505.93,24.96,1,0
506.05,24.96,1,0
506.18,24.96,1,0
506.3,24.96,1,0
506.42,24.96,1,0
506.55,24.96,1,0
506.67,24.96,1,0
506.8,24.96,1,0
506.92,24.96,1,0
507.04,24.96,1,0
507.17,24.96,1,0
507.29,24.96,1,0
507.41,24.96,1,0
507.54,24.96,1,0
507.66,24.96,1,0
507.78,24.96,1,0
507.91,24.96,1,0
508.03,24.96,1,0
508.16,24.96,1,0
508.28,24.96,1,0
508.4,24.96,1,0
508.53,24.96,1,0
508.65,24.96,1,0
508.77,24.96,1,0
508.9,24.96,1,0
509.02,24.96,1,0
509.14,24.96,1,0
509.27,24.96,1,0
509.39,24.96,1,0
509.52,24.96,1,0
509.64,24.96,1,0
509.76,24.96,1,0
509.89,24.96,1,0
510.01,24.96,1,0
510.13,24.96,1,0
510.26,24.96,1,0
510.38,24.96,1,0
510.51,24.96,1,0
510.63,24.96,1,0
510.75,24.96,1,0
510.88,24.96,1,0
511.0,24.96,1,0
511.12,24.96,1,0
511.25,24.96,1,0
511.37,24.96,1,0
511.5,24.96,1,0
511.62,24.96,1,0
511.74,24.96,1,0
511.86,24.96,1,0
511.99,24.96,1,0
512.11,24.96,1,0
512.24,24.96,1,0
512.36,24.96,1,0
512.48,24.96,1,0
512.61,24.97,1,0
512.73,24.96,1,0
512.86,24.96,1,0
512.98,24.96,1,0
513.1,24.96,1,0
513.23,24.96,1,0
513.35,24.96,1,0
513.47,24.96,1,0
513.6,24.96,1,0
513.72,24.96,1,0
513.84,24.96,1,0
513.97,24.96,1,0
514.09,24.96,1,0
514.22,24.96,1,0
514.34,24.97,1,0
514.46,24.97,1,0
514.59,24.98,1,0
514.71,25.01,1,0
514.84,25.01,1,0
514.96,24.99,1,0
515.08,25.0,1,0
515.21,25.01,1,0
515.33,25.03,1,0
515.45,25.03,1,0
515.58,25.03,1,0
515.7,25.03,1,0
515.82,25.03,1,0
515.95,25.03,1,0
516.07,25.02,1,0
516.2,25.03,1,0
516.32,25.04,1,0
516.44,25.04,1,0
516.57,25.04,1,0
516.69,25.03,1,0
516.81,25.03,1,0
516.94,25.03,1,0
517.06,25.03,1,0
517.19,25.03,1,0
517.31,25.03,1,0
517.43,25.03,1,0
517.56,25.03,1,0
517.68,25.03,1,0
517.8,25.03,1,0
517.93,25.04,1,0
518.05,25.03,1,0
518.17,25.03,1,0
518.3,25.03,1,0
518.42,25.03,1,0
518.55,25.04,1,0
518.67,25.03,1,0
518.79,25.03,1,0
518.92,25.03,1,0
519.04,25.02,1,0
519.16,25.01,1,0
519.29,25.02,1,0
519.41,25.02,1,0
519.53,25.02,1,0
519.66,25.03,1,0
519.78,25.03,1,0
519.91,25.04,1,0
520.03,25.04,1,0
520.15,25.03,1,0
520.28,25.03,1,0
520.4,25.04,1,0
520.52,25.04,1,0
520.65,25.04,1,0
520.77,25.04,1,0
520.9,25.04,1,0
521.02,25.04,1,0
521.14,25.04,1,0
521.27,25.04,1,0
521.39,25.04,1,0
521.52,25.04,1,0
521.64,25.04,1,0
521.76,25.04,1,0
521.89,25.04,1,0
522.01,25.04,1,0
522.13,25.04,1,0
522.26,25.04,1,0
522.38,25.04,1,0
522.5,25.04,1,0
522.63,25.04,1,0
522.75,25.04,1,0
522.87,25.04,1,0
523.0,25.04,1,0
523.12,25.04,1,0
523.25,25.04,1,0
523.37,25.04,1,0
523.49,25.04,1,0
523.62,25.04,1,0
523.74,25.04,1,0
523.86,25.04,1,0
523.99,25.04,1,0
524.11,25.04,1,0
524.24,25.04,1,1
524.36,25.04,1,1
524.48,25.04,1,1
524.61,25.04,1,1
524.73,25.04,1,1
524.85,25.04,1,1
524.98,25.04,1,1
525.1,25.04,1,1
525.22,25.04,1,1
525.35,25.04,1,1
525.47,25.04,1,1
525.6,25.04,1,1
525.72,25.04,1,1
525.84,25.04,1,1
525.97,25.04,1,1
526.09,25.04,1,1
526.22,25.04,1,1
526.34,25.04,1,1
526.46,25.04,1,1
526.59,25.04,1,1
526.71,25.04,1,1
526.83,25.04,1,1
526.96,25.04,1,1
527.08,25.04,1,1
527.21,25.04,1,1
527.33,25.04,1,1
527.45,25.04,1,1
527.58,25.04,1,1
527.7,25.04,1,1
527.82,25.04,1,1
527.95,25.04,1,1
528.07,25.04,1,1
528.19,25.04,1,1
528.32,25.04,1,1
528.44,25.04,1,1
528.57,25.04,1,1
528.69,25.04,1,1
528.81,25.04,1,1
528.94,25.05,1,1
529.06,25.04,1,1
529.18,25.04,1,1
529.31,25.04,1,1
529.43,25.04,1,1
529.55,25.04,1,1
529.68,25.04,1,1
529.8,25.04,1,1
529.93,25.04,1,1
530.05,25.04,1,1
530.17,25.05,1,1
530.3,25.04,1,1
530.42,25.04,1,1
530.54,25.04,1,1
530.67,25.04,1,1
530.79,25.04,1,1
530.91,25.04,1,1
531.04,25.04,1,1
531.16,25.04,1,1
531.29,25.04,1,1
531.41,25.04,1,1
531.53,25.04,1,1
531.66,25.04,1,1
531.78,25.04,1,1
531.91,25.04,1,1
532.03,25.04,1,1
532.15,25.04,1,1
532.28,25.04,1,1
532.4,25.04,1,1
532.52,25.04,1,1
532.65,25.04,1,1
532.77,25.04,1,1
532.89,25.04,1,1
533.02,25.04,1,1
533.14,25.04,1,1
533.27,25.04,1,1
533.39,25.04,1,1
533.51,25.04,1,1
533.64,25.04,1,1
533.76,25.04,1,1
533.88,25.04,1,1
534.01,25.04,1,1
534.13,25.04,1,1
534.26,25.04,1,1
534.38,25.04,1,1
534.5,25.04,1,1
534.63,25.04,1,1
534.75,25.04,1,1
534.87,25.04,1,1
535.0,25.04,1,1
535.12,25.04,1,1
535.24,25.04,1,1
535.37,25.04,1,1
535.49,25.04,1,1
535.62,25.04,1,1
535.74,25.04,1,1
535.86,25.04,1,1
535.99,25.04,1,1
536.11,25.04,1,1
536.23,25.04,1,1
536.36,25.04,1,1
536.48,25.04,1,1
536.6,25.04,1,1
536.73,25.04,1,1
536.85,25.04,1,1
536.98,25.04,1,1
537.1,25.04,1,1
537.22,25.04,1,1
537.35,25.04,1,1
537.47,25.04,1,1
537.59,25.04,1,1
537.72,25.04,1,1
537.84,25.04,1,1
537.97,25.04,1,1
538.09,25.04,1,1
538.21,25.04,1,1
538.34,25.04,1,1
538.46,25.04,1,1
538.59,25.04,1,1
538.71,25.04,1,1
538.83,25.04,1,1
538.96,25.04,1,1
539.08,25.04,1,1
539.2,25.04,1,1
539.33,25.04,1,1
539.45,25.04,1,1
539.57,25.04,1,1
539.7,25.04,1,1
539.82,25.04,1,1
539.95,25.04,1,1
540.07,25.04,1,1
540.19,25.04,1,1
540.32,25.04,1,1
540.44,25.04,1,1
540.56,25.04,1,1
540.69,25.04,1,1
540.81,25.04,1,1
540.94,25.04,1,1
541.06,25.04,1,1
541.18,25.04,1,1
541.3,25.04,1,1
541.43,25.04,1,1
541.55,25.04,1,1
541.68,25.04,1,1
541.8,25.04,1,1
541.92,25.04,1,1
542.05,25.04,1,1
542.17,25.04,1,1
542.3,25.04,1,1
542.42,25.04,1,1
542.54,25.04,1,1
542.67,25.04,1,1
542.79,25.04,1,1
542.91,25.04,1,1
543.04,25.04,1,1
543.16,25.04,1,1
543.28,25.04,1,1
543.41,25.04,1,1
543.53,25.04,1,1
543.66,25.04,1,1
543.78,25.04,1,1
543.9,25.04,1,1
544.03,25.04,1,1
544.15,25.04,1,1
544.28,25.04,1,1
544.4,25.04,1,1
544.52,25.04,1,1
544.65,25.04,1,1
544.77,25.04,1,1
544.89,25.04,1,1
545.02,25.04,1,1
545.14,25.04,1,1
545.26,25.04,1,1
545.39,25.04,1,1
545.51,25.04,1,1
545.64,25.04,1,1
545.76,25.04,1,1
545.88,25.04,1,1
546.01,25.04,1,1
546.13,25.04,1,1
546.25,25.04,1,1
546.38,25.04,1,1
546.5,25.04,1,1
546.63,25.04,1,1
546.75,25.04,1,1
546.87,25.04,1,1
547.0,25.04,1,1
547.12,25.04,1,1
547.24,25.04,1,1
547.37,25.04,1,1
547.49,25.04,1,1
547.61,25.04,1,1
547.74,25.04,1,1
547.86,25.04,1,1
547.98,25.04,1,1
548.11,25.04,1,1
548.23,25.04,1,1
548.36,25.04,1,1
548.48,25.04,1,1
548.6,25.04,1,1
548.73,25.04,1,1
548.85,25.04,1,1
548.97,25.04,1,1
549.1,25.04,1,1
549.22,25.04,1,1
549.35,25.04,1,1
549.47,25.04,1,1
549.59,25.04,1,1
549.72,25.04,1,1
549.84,25.04,1,1
549.96,25.04,1,1
550.09,25.04,1,1
550.21,25.03,1,1
550.34,25.04,1,1
550.46,25.04,1,1
550.58,25.04,1,1
550.71,25.04,1,1
550.83,25.04,1,1
550.95,25.03,1,1
551.08,25.03,1,1
551.2,25.03,1,1
551.33,25.04,1,1
551.45,25.04,1,1
551.57,25.03,1,1
551.7,25.04,1,1
551.82,25.04,1,1
551.94,25.04,1,1
552.07,25.04,1,1
552.19,25.04,1,1
552.31,25.04,1,1
552.44,25.04,1,1
552.56,25.04,1,1
552.69,25.04,1,1
552.81,25.04,1,1
552.93,25.04,1,1
553.06,25.04,1,1
553.18,25.04,1,1
553.3,25.04,1,1
553.43,25.04,1,1
553.55,25.04,1,1
553.67,25.04,1,1
553.8,25.03,1,1
553.92,25.04,1,1
554.05,25.04,1,1
554.17,25.04,1,1
554.29,25.04,1,1
554.42,25.04,1,1
554.54,25.04,1,1
554.66,25.04,1,1
554.79,25.04,1,1
554.91,25.04,1,1
555.04,25.04,1,1
555.16,25.04,1,1
555.28,25.04,1,1
555.41,25.04,1,1
555.53,25.04,1,1
555.66,25.04,1,1
555.78,25.04,1,1
555.9,25.04,1,1
556.03,25.04,1,1
556.15,25.04,1,1
556.27,25.04,1,1
556.4,25.04,1,1
556.52,25.03,1,1
556.64,25.04,1,1
556.77,25.04,1,1
556.89,25.03,1,1
557.02,25.03,1,1
557.14,25.03,1,1
557.26,25.02,1,1
557.39,25.03,1,1
557.51,25.03,1,1
557.63,25.03,1,1
557.76,25.0,1,1
557.88,25.0,1,1
558.01,25.01,1,1
558.13,25.03,1,1
558.25,25.04,1,1
558.38,25.04,1,1
558.5,25.04,1,1
558.62,25.01,1,1
558.75,25.0,1,1
558.87,25.01,1,1
558.99,25.02,1,1
559.12,25.01,1,1
559.24,25.01,1,1
559.37,25.02,1,1
559.49,25.02,1,1
559.61,25.03,1,1
559.74,25.02,1,1
559.86,25.03,1,1
559.98,25.03,1,1
560.11,25.03,1,1
560.23,25.03,1,1
560.35,25.02,1,1
560.48,25.02,1,1
560.6,24.99,1,1
560.73,24.98,1,1
560.85,25.0,1,1
560.97,25.02,1,1
561.1,24.98,1,1
561.22,24.99,1,1
561.34,24.98,1,1
561.47,24.98,1,1
561.59,24.97,1,1
561.73,24.97,1,0
561.86,24.97,1,0
561.98,24.98,1,0
562.1,24.98,1,0
562.23,24.98,1,0
562.35,24.98,1,0
562.48,24.99,1,0
562.6,24.98,1,0
562.72,24.98,1,0
562.85,24.98,1,0
562.97,24.98,1,0
563.09,24.98,1,0
563.22,24.98,1,0
563.34,24.98,1,0
563.47,24.98,1,0
563.59,24.98,1,0
563.71,24.98,1,0
563.84,24.98,1,0
563.96,24.98,1,0
564.08,24.96,1,0
564.21,24.97,1,0
564.33,24.97,1,0
564.46,24.96,1,0
564.58,24.97,1,0
564.7,24.97,1,0
564.83,24.97,1,0
564.95,24.97,1,0
565.07,24.97,1,0
565.2,24.97,1,0
565.32,24.98,1,0
565.44,24.98,1,0
565.57,24.98,1,0
565.69,24.97,1,0
565.82,24.97,1,0
565.94,24.97,1,0
566.06,24.97,1,0
566.19,24.97,1,0
566.31,24.96,1,0
566.43,24.98,1,0
566.56,24.98,1,0
566.68,24.98,1,0
566.8,24.98,1,0
566.93,24.99,1,0
567.05,24.99,1,0
567.18,24.99,1,0
567.3,24.98,0,0
567.42,24.99,0,0
567.55,25.0,1,0
567.67,25.0,2,0
567.8,24.99,5,0
567.92,24.99,6,0
568.05,24.99,6,0
568.17,24.99,6,0
568.29,24.99,6,0
568.42,24.98,35,0
568.54,24.97,35,0
568.67,24.97,35,0
568.79,24.97,56,0
568.92,24.96,58,0
569.04,24.97,58,0
569.17,24.97,58,0
569.29,24.97,83,0
569.41,24.97,89,0
569.54,24.97,89,0
569.66,24.97,97,0
569.79,24.97,98,0
569.91,24.97,98,0
570.04,24.96,105,0
570.16,24.96,106,0
570.29,24.96,107,0
570.41,24.96,108,0
570.53,24.97,109,0
570.66,24.96,111,0
570.78,24.96,110,0
570.91,24.97,110,0
571.03,24.97,110,0
571.16,24.97,110,0
571.28,24.96,110,0
571.4,24.97,110,0
571.53,24.97,110,0
571.65,24.97,110,0
571.78,24.98,110,0
571.9,24.97,110,0
572.02,24.97,110,0
572.15,24.97,110,0
572.27,24.97,110,0
572.39,24.97,110,0
572.52,24.97,110,0
572.64,24.97,110,0
572.77,24.97,110,0
572.89,24.97,110,0
573.01,24.97,110,0
573.14,24.97,110,0
573.26,24.97,110,0
573.38,24.97,110,0
573.51,24.97,110,0
573.63,24.97,110,0
573.76,24.97,110,0
573.88,24.97,110,0
574.0,24.97,110,0
574.13,24.96,110,0
574.25,24.97,110,0
574.37,24.96,110,0
574.5,24.97,110,0
574.62,24.97,110,0
574.75,24.97,110,0
574.87,24.97,110,0
574.99,24.97,110,0
575.12,24.96,110,0
575.24,24.96,110,0
575.37,24.96,110,0
575.49,24.96,110,0
575.61,24.96,110,0
575.74,24.96,110,0
575.86,24.96,110,0
575.98,24.96,110,0
576.11,24.96,110,0
576.23,24.96,110,0
576.36,24.97,110,0
576.48,24.96,110,0
576.6,24.96,110,0
576.73,24.97,110,0
576.85,24.96,110,0
576.97,24.96,110,0
577.1,24.96,110,0
577.22,24.96,110,0
577.35,24.96,110,0
577.47,24.96,110,0
577.59,24.96,110,0
577.72,24.96,110,0
577.84,24.96,110,0
577.97,24.96,110,0
578.09,24.96,110,0
578.21,24.96,110,0
578.34,24.96,110,0
578.46,24.96,110,0
578.58,24.96,110,0
578.71,24.96,110,0
578.83,24.96,110,0
578.96,24.96,110,0
579.08,24.96,110,0
579.2,24.96,110,0
579.33,24.96,110,0
579.45,24.96,110,0
579.57,24.96,110,0
579.7,24.96,110,0
579.82,24.96,110,0
579.95,24.96,110,0
580.07,24.96,110,0
580.19,24.96,110,0
580.32,24.96,110,0
580.44,24.96,110,0
580.56,24.96,110,0
580.69,24.96,110,0
580.81,24.96,110,0
580.94,24.96,110,0
581.06,24.96,110,0
581.18,24.96,110,0
581.31,24.96,110,0
581.43,24.96,110,0
581.55,24.96,110,0
581.68,24.96,110,0
581.8,24.96,110,0
581.93,24.96,110,0
582.05,24.96,110,0
582.17,24.96,110,0
582.3,24.96,110,0
582.42,24.96,110,0
582.54,24.96,110,0
582.67,24.96,110,0
582.79,24.96,110,0
582.92,24.96,110,0
583.04,24.96,110,0
583.16,24.96,110,0
583.29,24.96,110,0
583.41,24.96,110,0
583.53,24.96,110,0
583.66,24.96,110,0
583.78,24.96,110,0
583.91,24.96,110,0
584.03,24.96,110,0
584.16,24.96,110,0
584.28,24.96,110,0
584.4,24.96,110,0
584.53,24.96,110,0
584.65,24.96,110,0
584.77,24.96,110,0
584.9,24.96,110,0
585.02,24.96,110,0
585.15,24.96,110,0
585.27,24.96,110,0
585.39,24.96,110,0
585.52,24.96,110,0
585.64,24.96,110,0
585.76,24.96,110,0
585.89,24.96,110,0
586.01,24.96,110,0
586.14,24.96,110,0
586.26,24.96,110,0
586.38,24.96,110,0
586.51,24.96,110,0
586.63,24.96,110,0
586.76,24.96,110,0
586.88,24.96,110,0
587.0,24.96,110,0
587.13,24.96,110,0
587.25,24.96,110,0
587.37,24.96,110,0
587.5,24.96,110,0
587.62,24.96,110,0
587.75,24.96,110,0
587.87,24.96,110,0
587.99,24.96,110,0
588.12,24.96,110,0
588.24,24.96,110,0
588.36,24.96,110,0
588.49,24.96,110,0
588.61,24.96,110,0
588.73,24.96,110,0
588.86,24.96,110,0
588.98,24.96,110,0
589.11,24.96,110,0
589.23,24.96,110,0
589.35,24.96,110,0
589.48,24.96,110,0
589.6,24.96,110,0
589.72,24.96,110,0
589.85,24.96,110,0
589.97,24.96,110,0
590.1,24.96,110,0
590.22,24.96,110,0
590.34,24.96,110,0
590.47,24.96,110,0
590.59,24.96,110,0
590.72,24.96,110,0
590.84,24.96,110,0
590.96,24.96,110,0
591.09,24.96,110,0
591.21,24.96,110,0
591.34,24.96,110,0
591.46,24.96,110,0
591.58,24.96,110,0
591.71,24.96,110,0
591.83,24.96,110,0
591.95,24.96,110,0
592.08,24.96,110,0
592.2,24.96,110,0
592.33,24.96,110,0
592.45,24.96,110,0
592.57,24.96,110,0
592.7,24.96,110,0
592.82,24.96,110,0
592.95,24.96,110,0
593.07,24.96,110,0
593.19,24.96,110,0
593.32,24.96,110,0
593.44,24.96,110,0
593.56,24.96,110,0
593.69,24.96,110,0
593.81,24.96,110,0
593.94,24.96,110,0
594.06,24.96,110,0
594.18,24.96,110,0
594.31,24.96,110,0
594.43,24.96,110,0
594.55,24.96,110,0
594.68,24.96,110,0
594.8,24.96,110,0
594.92,24.96,110,0
595.05,24.96,110,0
595.17,24.96,110,0
595.3,24.95,110,0
595.42,24.95,110,0
595.54,24.95,110,0
595.67,24.96,110,0
595.79,24.96,110,0
595.91,24.95,110,0
596.04,24.95,110,0
596.16,24.95,110,0
596.29,24.96,110,0
596.41,24.96,110,0
596.53,24.96,110,0
596.66,24.96,110,0
596.78,24.7,110,0
596.91,24.63,110,0
597.03,24.41,110,0
597.15,24.49,110,0
597.28,24.64,110,0
597.4,24.71,110,0
597.53,24.75,110,0
597.65,24.77,110,0
597.77,24.87,110,0
597.9,25.15,110,0
598.02,25.58,110,0
598.14,26.17,110,0
598.27,26.82,110,0
598.39,27.49,110,0
598.52,28.1,110,0
598.64,28.61,110,0
598.76,29.05,110,0
598.89,29.43,110,0
599.01,29.76,110,0
599.13,30.05,110,0
599.26,30.3,110,0
599.38,30.52,110,0
599.51,30.74,110,0
599.63,30.92,110,0
599.75,31.1,110,0
599.88,31.25,110,0
600.0,31.39,110,0
600.12,31.53,110,0
600.25,31.64,110,0
600.37,31.75,110,0
600.5,31.85,110,0
600.62,31.94,110,0
600.74,32.02,110,0
600.87,32.1,110,0
600.99,32.18,110,0
601.11,32.25,110,0
601.24,32.32,110,0
601.36,32.38,110,0
601.49,32.43,110,0
601.61,32.48,110,0
601.73,32.53,110,0
601.86,32.58,110,0
601.98,32.63,110,0
602.1,32.67,110,0
602.23,32.71,110,0
602.35,32.75,110,0
602.48,32.78,110,0
602.6,32.81,110,0
602.72,32.59,110,0
602.85,32.7,110,0
602.97,32.71,110,0
603.1,32.69,110,0
603.22,32.66,110,0
603.34,32.62,110,0
603.47,32.58,110,0
603.59,32.55,110,0
603.71,32.51,110,0
603.84,32.46,110,0
603.96,32.4,110,0
604.09,32.34,110,0
604.21,32.28,110,0
604.33,32.2,110,0
604.46,32.11,110,0
604.58,32.03,110,0
604.7,31.95,110,0
604.83,31.88,110,0
604.95,31.82,110,0
605.08,31.8,110,0
605.2,31.77,110,0
605.32,31.69,110,0
605.45,31.61,110,0
605.57,31.54,110,0
605.69,31.47,110,0
605.82,31.41,110,0
605.94,31.36,110,0
606.07,31.24,110,0
606.19,31.08,110,0
606.31,31.02,110,0
606.44,30.98,110,0
606.56,30.92,110,0
606.69,30.78,110,0
606.81,30.6,110,0
606.93,30.44,110,0
607.06,30.3,110,0
607.18,30.09,110,0
607.3,29.9,110,0
607.43,29.74,110,0
607.55,29.6,110,0
607.68,29.46,110,0
607.8,29.33,110,0
607.92,29.2,110,0
608.05,29.08,110,0
608.17,28.95,110,0
608.29,28.83,110,0
608.42,28.72,110,0
608.54,28.61,110,0
608.67,28.5,110,0
608.79,28.4,110,0
608.91,28.3,110,0
609.04,28.2,110,0
609.16,28.1,110,0
609.28,28.01,110,0
609.41,27.92,110,0
609.53,27.83,110,0
609.66,27.74,110,0
609.78,27.65,110,0
609.9,27.57,110,0
610.03,27.48,110,0
610.15,27.41,110,0
610.28,27.33,110,0
610.4,27.25,110,0
610.52,27.18,110,0
610.65,27.11,110,0
610.77,27.04,110,0
610.89,26.97,110,0
611.02,26.9,110,0
611.14,26.85,110,0
611.27,26.79,110,0
611.39,27.29,110,0
611.51,27.33,110,0
611.64,27.27,110,0
611.76,27.21,110,0
611.89,27.17,110,0
612.01,27.12,110,0
612.13,27.08,110,0
612.26,27.01,110,0
612.38,26.98,110,0
612.5,26.91,110,0
612.63,26.89,110,0
612.75,26.82,110,0
612.88,26.8,110,0
613.0,26.74,110,0
613.12,26.72,110,0
613.25,26.66,110,0
613.37,26.64,110,0
613.49,26.6,110,0
613.62,26.55,110,0
613.74,26.53,111,0
613.87,26.48,110,0
614.0,26.46,100,0
614.12,26.44,87,0
614.25,26.39,68,0
614.37,26.37,68,0
615.49,26.18,11,0
615.62,26.46,11,0
615.74,26.7,11,0
615.87,26.7,11,0
615.99,26.66,11,0
616.11,26.65,11,0
616.24,26.64,11,0
616.36,26.61,11,0
616.48,26.6,11,0
616.61,26.58,11,0
616.73,26.58,11,0
616.85,26.55,11,0
616.98,26.56,11,0
617.1,26.53,11,0
617.23,26.51,11,0
617.35,26.5,11,0
617.47,26.47,11,0
617.6,26.47,11,0
617.72,26.45,11,0
617.84,26.44,11,0
617.97,26.43,11,0
618.09,26.41,11,0
618.22,26.4,11,0
618.34,26.39,11,0
618.46,26.36,11,0
618.59,26.35,11,0
618.71,26.33,11,0
618.84,26.33,11,0
618.96,26.31,11,0
619.08,26.3,11,0
619.21,26.29,11,0
619.33,26.27,11,0
619.45,26.24,11,0
619.58,26.25,11,0
619.7,26.21,11,0
619.83,26.21,11,0
619.95,26.2,11,0
620.07,26.19,11,0
620.2,26.18,11,0
620.32,26.17,11,0
620.44,26.17,11,0
620.57,26.14,11,0
620.69,26.14,11,0
620.82,26.12,11,0
620.94,26.11,11,0
621.06,26.11,11,0
621.19,26.09,11,0
621.31,26.1,11,0
621.43,26.07,11,0
621.56,26.06,11,0
621.68,26.05,11,0
621.8,26.04,11,0
621.93,26.04,11,0
622.05,26.03,11,0
622.18,26.03,11,0
622.3,26.01,11,0
622.42,26.01,11,0
622.55,26.0,11,0
622.67,26.0,11,0
622.79,25.99,11,0
622.92,25.97,11,0
623.04,25.97,11,0
623.17,25.95,11,0
623.29,25.95,11,0
623.41,25.95,11,0
623.54,25.94,11,0
623.66,25.94,11,0
623.78,25.93,11,0
623.91,25.92,11,0
624.03,25.91,11,0
624.16,25.91,11,0
624.28,25.91,11,0
624.4,25.89,11,0
624.53,25.89,11,0
624.65,25.89,11,0
624.78,25.89,11,0
624.9,25.89,11,0
625.02,25.87,11,0
625.15,25.87,11,0
625.27,25.87,11,0
625.39,25.88,11,0
625.52,25.85,11,0
625.64,25.87,11,0
625.77,25.86,11,0
625.89,25.86,11,0
626.01,25.85,11,0
626.14,25.84,11,0
626.26,25.84,11,0
626.38,25.83,11,0
626.51,25.82,11,0
626.63,25.82,11,0
626.76,25.81,11,0
626.88,25.82,11,0
627.0,25.8,11,0
627.13,25.82,11,0
627.25,25.81,11,0
627.38,25.78,60,0
627.5,25.8,60,0
627.62,25.78,60,0
627.75,25.78,60,0
627.87,25.79,60,0
627.99,25.77,60,0
628.12,25.76,60,0
628.24,25.73,60,0
628.36,25.74,60,0
628.49,25.72,60,0
628.61,25.71,60,0
628.74,25.67,60,0
628.86,25.67,60,0
628.98,25.65,60,0
629.11,25.64,60,0
629.23,25.62,60,0
629.35,25.61,60,0
629.48,25.59,60,0
629.6,25.58,60,0
629.73,25.55,60,0
629.85,25.51,60,0
629.97,25.51,60,0
630.1,25.49,60,0
630.22,25.47,60,0
630.34,25.48,60,0
630.47,25.44,60,0
630.59,25.42,60,0
630.72,25.39,60,0
630.84,25.39,60,0
630.96,25.36,60,0
631.09,25.33,60,0
631.21,25.32,60,0
631.34,25.29,60,0
631.46,25.27,60,0
631.58,25.26,60,0
631.71,25.24,60,0
631.83,25.21,60,0
631.95,25.2,60,0
632.08,25.18,60,0
632.2,25.15,60,0
632.33,25.14,60,0
632.45,25.11,60,0
632.57,25.1,60,0
632.7,25.07,60,0
632.82,25.06,60,0
632.94,25.03,60,0
633.07,25.03,60,0
633.19,25.0,60,0
633.32,25.01,60,0
633.44,24.97,60,0
633.56,24.94,60,0
633.69,24.95,60,0
633.81,24.9,60,0
633.93,24.89,60,0
634.06,24.88,60,0
634.18,24.88,60,0
634.3,24.81,60,0
634.43,24.81,60,0
634.55,24.8,60,0
634.68,24.79,60,0
634.8,24.78,60,0
634.92,24.76,60,0
635.05,24.75,60,0
635.17,24.75,60,0
635.29,24.71,60,0
635.42,24.71,60,0
635.54,24.69,60,0
635.67,24.67,60,0
635.79,24.67,60,0
635.91,24.64,60,0
636.04,24.62,60,0
636.16,24.6,60,0
636.28,24.6,60,0
636.41,24.58,60,0
636.53,24.59,60,0
636.66,24.56,60,0
636.78,24.53,60,0
636.9,24.52,60,0
637.03,24.52,60,0
637.15,24.5,60,0
637.28,24.48,60,0
637.4,24.46,60,0
637.52,24.44,60,0
637.65,24.43,60,0
637.77,24.42,60,0
637.89,24.4,60,0
638.02,24.39,60,0
638.14,24.37,60,0
638.27,24.36,60,0
638.39,24.35,60,0
638.51,24.36,60,0
638.64,24.32,60,0
638.76,24.31,60,0
638.88,24.3,60,0
639.01,24.3,60,0
639.13,24.27,60,0
639.26,24.27,60,0
639.38,24.25,60,0
639.5,24.23,60,0
639.63,24.2,60,0
639.75,24.2,60,0
639.88,24.19,60,0
640.0,24.17,60,0
640.12,24.16,60,0
640.25,24.15,60,0
640.37,24.14,60,0
640.49,24.14,62,0
640.62,24.11,62,0
640.74,24.1,63,0
640.87,24.09,65,0
640.99,24.08,68,0
641.11,24.07,68,0
641.24,24.06,89,0
641.36,24.05,89,0
641.49,24.05,89,0
641.61,24.02,164,0
641.74,24.0,164,0
641.86,23.97,164,0
641.99,23.96,191,0
642.11,23.96,191,0
642.23,23.93,198,0
643.36,23.55,198,0
643.48,23.51,198,0
643.61,23.47,198,0
643.73,23.4,198,0
643.85,23.36,198,0
643.98,23.31,198,0
644.1,23.25,198,0
644.22,23.19,198,0
644.35,23.14,198,0
644.47,23.08,198,0
644.6,23.01,198,0
644.72,22.94,198,0
644.84,22.89,198,0
644.97,22.84,198,0
645.09,22.77,198,0
645.22,22.72,198,0
645.34,22.65,198,0
645.46,22.58,198,0
645.59,22.54,198,0
645.71,22.48,198,0
645.83,22.41,198,0
645.96,22.37,198,0
646.08,22.29,198,0
646.21,22.21,198,0
646.33,22.18,198,0
646.45,22.11,203,0
646.58,22.04,204,0
646.7,21.98,205,0
646.83,21.92,207,0
646.95,21.88,207,0
647.08,21.8,207,0
647.2,21.76,207,0
647.32,21.7,207,0
647.45,21.63,207,0
647.57,21.56,207,0
647.7,21.51,207,0
647.82,21.44,207,0
647.94,21.38,207,0
648.07,21.32,207,0
648.19,21.27,207,0
648.32,21.21,207,0
648.44,21.18,207,0
648.56,21.13,207,0
648.69,21.07,207,0
648.81,21.01,207,0
648.93,20.96,207,0
649.06,20.9,207,0
649.18,20.84,207,0
649.31,20.78,207,0
649.43,20.73,207,0
649.55,20.67,207,0
649.68,20.62,207,0
649.8,20.56,207,0
649.92,20.51,207,0
650.05,20.45,207,0
650.17,20.39,207,0
650.3,20.35,207,0
650.42,20.3,207,0
650.54,20.23,207,0
650.67,20.17,207,0
650.79,20.12,207,0
650.91,20.08,207,0
651.04,20.03,207,0
651.16,19.96,207,0
651.29,19.92,207,0
651.41,19.87,207,0
651.53,19.81,207,0
651.66,19.76,207,0
651.78,19.7,207,0
651.91,19.65,207,0
652.03,19.59,207,0
652.15,19.55,207,0
652.28,19.5,207,0
652.4,19.46,207,0
652.52,19.38,207,0
652.65,19.33,207,0
652.77,19.29,207,0
652.9,19.24,207,0
653.02,19.19,207,0
653.14,19.13,207,0
653.27,19.09,207,0
653.39,19.02,207,0
653.51,18.97,207,0
653.64,18.94,207,0
653.76,18.9,207,0
653.89,18.84,207,0
654.01,18.77,207,0
654.13,18.74,207,0
654.26,18.69,207,0
654.38,18.64,207,0
654.5,18.59,207,0
654.63,18.55,207,0
654.75,18.49,207,0
654.88,18.44,207,0
655.0,18.39,207,0
655.12,18.35,207,0
655.25,18.31,207,0
655.37,18.29,207,0
655.5,18.23,207,0
655.62,18.18,207,0
655.74,18.14,207,0
655.86,18.09,207,0
655.99,18.04,207,0
656.11,18.0,207,0
656.24,17.95,207,0
656.36,17.9,207,0
656.48,17.86,207,0
656.61,17.82,207,0
656.73,17.78,207,0
656.86,17.73,207,0
656.98,17.68,207,0
657.1,17.65,207,0
657.23,17.6,207,0
657.35,17.56,207,0
657.47,17.51,207,0
657.6,17.47,207,0
657.72,17.41,207,0
657.85,17.39,207,0
657.97,17.35,207,0
658.09,17.3,207,0
658.22,17.25,207,0
658.34,17.2,207,0
658.47,17.16,207,0
658.59,17.12,207,0
658.71,17.07,207,0
658.84,17.05,207,0
658.96,17.01,207,0
659.08,16.96,207,0
659.21,16.92,207,0
659.33,16.88,207,0
659.46,16.83,207,0
659.58,16.79,207,0
659.7,16.75,207,0
659.83,16.72,207,0
659.95,16.67,207,0
660.07,16.64,207,0
660.2,16.6,207,0
660.32,16.55,207,0
660.45,16.52,207,0
660.57,16.47,207,0
660.69,16.43,207,0
660.82,16.4,207,0
660.94,16.37,207,0
661.06,16.32,207,0
661.19,16.3,207,0
661.31,16.24,207,0
661.44,16.22,207,0
661.56,16.17,207,0
661.68,16.11,207,0
661.81,16.1,207,0
661.93,16.06,207,0
662.05,16.02,207,0
662.18,15.98,207,0
662.3,15.94,207,0
662.42,15.89,207,0
662.55,15.87,207,0
662.67,15.83,207,0
662.8,15.79,207,0
662.92,15.76,207,0
663.04,15.72,207,0
663.17,15.67,207,0
663.29,15.64,207,0
663.42,15.61,207,0
663.54,15.56,207,0
663.66,15.54,207,0
663.79,15.5,207,0
663.91,15.46,207,0
664.03,15.42,207,0
664.16,15.39,207,0
664.28,15.35,207,0
664.41,15.32,207,0
664.53,15.29,207,0
664.65,15.24,207,0
664.78,15.21,207,0
664.9,15.18,207,0
665.03,15.14,207,0
665.15,15.11,207,0
665.27,15.07,207,0
665.4,15.04,207,0
665.52,15.0,207,0
665.64,14.96,207,0
665.77,14.93,207,0
665.89,14.9,207,0
666.02,14.85,207,0
666.14,14.82,207,0
666.26,14.8,207,0
666.39,14.76,207,0
666.51,14.73,207,0
666.64,14.69,207,0
666.76,14.66,207,0
666.88,14.63,207,0
667.01,14.09,207,0
667.13,14.14,207,0
667.25,14.22,207,0
667.38,14.22,207,0
667.5,14.2,207,0
667.63,14.21,207,0
667.75,14.25,207,0
667.87,14.25,207,0
668.0,14.18,207,0
668.12,14.13,207,0
668.24,14.1,207,0
668.37,14.11,207,0
668.49,14.07,207,0
668.61,14.04,207,0
668.74,13.98,207,0
668.86,13.94,207,0
668.99,13.91,207,0
669.11,13.87,207,0
669.23,13.85,207,0
669.36,13.81,207,0
669.48,13.8,207,0
669.6,13.78,207,0
669.73,13.75,207,0
669.85,13.78,207,0
669.98,13.77,207,0
670.1,13.75,207,0
670.22,13.72,207,0
670.35,13.69,207,0
670.47,13.66,207,0
670.6,13.62,207,0
670.72,13.59,207,0
670.84,13.58,207,0
670.97,13.54,207,0
671.09,13.51,207,0
671.21,13.48,207,0
671.34,13.45,207,0
671.46,13.41,207,0
671.59,13.38,207,0
671.71,13.35,207,0
671.83,13.32,207,0
671.96,13.28,207,0
672.08,13.26,207,0
672.2,13.23,207,0
672.33,13.2,207,0
672.45,13.15,207,0
672.58,13.15,207,0
672.7,13.11,207,0
672.82,13.1,207,0
672.95,13.06,207,0
673.07,13.04,207,0
673.2,13.0,207,0
673.32,12.98,207,0
673.44,12.96,207,0
673.57,12.92,207,0
673.69,12.89,207,0
673.81,12.85,207,0
673.94,12.84,207,0
674.06,12.79,207,0
674.19,12.77,207,0
674.31,12.75,207,0
674.43,12.71,207,0
674.56,12.69,207,0
674.68,12.66,207,0
674.8,12.63,207,0
674.93,12.61,207,0
675.05,12.58,207,0
675.17,12.55,207,0
675.3,12.52,207,0
675.42,12.5,207,0
675.55,12.48,207,0
675.67,12.45,207,0
675.79,12.44,207,0
675.92,12.42,207,0
676.04,12.38,207,0
676.16,12.36,207,0
676.29,12.33,207,0
676.41,12.31,207,0
676.54,12.29,207,0
676.66,12.26,207,0
676.78,12.24,207,0
676.91,12.22,235,1
677.03,12.19,235,1
677.16,12.16,235,1
677.28,12.15,235,1
677.4,12.15,235,1
677.53,12.19,235,1
677.65,12.25,235,1
677.78,12.32,235,1
677.9,12.41,235,1
678.02,12.53,235,1
678.15,12.65,235,1
678.27,12.8,235,1
678.39,12.96,235,1
678.52,13.12,235,1
678.64,13.3,235,1
678.77,13.5,235,1
678.89,13.68,235,1
679.01,13.89,235,1
679.14,14.1,235,1
679.26,14.32,235,1
679.39,14.53,235,1
679.51,14.75,235,1
679.63,14.98,235,1
679.76,15.22,235,1
679.88,15.46,235,1
680.0,15.7,235,1
680.13,15.94,235,1
680.25,16.21,235,1
680.38,16.47,235,1
680.5,16.72,235,1
680.62,16.98,235,1
680.75,17.24,235,1
680.87,17.5,235,1
680.99,17.75,235,1
681.12,18.01,235,1
681.24,18.27,235,1
681.36,18.53,235,1
681.49,18.8,235,1
681.61,19.06,235,1
681.74,19.33,235,1
681.86,19.59,235,1
681.98,19.85,235,1
682.11,20.12,235,1
682.23,20.39,235,1
682.35,20.66,235,1
682.48,20.92,235,1
682.6,21.18,235,1
682.73,21.45,235,1
682.85,21.7,235,1
682.97,21.97,235,1
683.1,22.22,235,1
683.22,22.49,235,1
683.35,22.76,235,1
683.47,23.02,235,1
683.59,23.27,235,1
683.72,23.54,235,1
683.84,23.8,235,1
683.97,24.07,235,1
684.09,24.33,235,1
684.21,24.58,235,1
684.34,24.85,235,1
684.46,25.12,235,1
684.58,25.4,235,1
684.71,25.66,235,1
684.83,25.91,235,1
684.96,26.18,235,1
685.08,26.44,235,1
685.2,26.7,235,1
685.33,26.97,235,1
685.45,27.22,235,1
685.58,27.47,235,1
685.7,27.74,235,1
685.82,28.02,235,1
685.95,28.27,235,1
686.07,28.54,235,1
686.19,28.8,235,1
686.32,29.05,235,1
686.44,29.3,235,1
686.57,29.56,235,1
686.69,29.81,235,1
686.81,30.06,235,1
686.94,30.31,235,1
687.06,30.56,235,1
687.18,30.81,235,1
687.31,31.05,235,1
687.43,31.3,235,1
687.55,31.53,235,1
687.68,31.79,235,1
687.8,32.03,235,1
687.93,32.27,235,1
688.05,32.51,235,1
688.17,32.75,235,1
688.3,32.99,235,1
688.42,33.23,235,1
688.54,33.47,235,1
688.67,33.7,235,1
688.79,33.93,235,1
688.92,34.17,235,1
689.04,34.4,235,1
689.16,34.62,235,1
689.29,34.86,235,1
689.41,35.09,235,1
689.54,35.32,237,1
689.66,35.56,238,1
689.78,35.79,237,1
689.91,36.01,231,1
690.03,36.23,231,1
690.16,36.44,231,1
690.28,36.67,231,1
690.41,36.91,149,1
690.53,37.12,117,1
690.66,37.34,117,1
690.78,37.56,114,1
690.91,37.78,114,1
691.03,37.96,114,1
691.15,38.17,103,1
691.28,38.34,103,1
691.4,38.52,102,1
691.53,38.65,101,1
691.65,38.85,100,1
691.78,38.98,100,1
691.9,39.13,100,1
692.02,39.28,100,1
692.15,39.4,100,1
692.27,39.55,100,1
692.4,39.67,100,1
692.52,39.78,100,1
692.64,39.9,100,1
692.77,40.0,100,1
692.89,40.13,100,1
693.01,40.23,100,1
693.14,40.34,100,1
693.26,40.44,100,1
693.39,40.55,100,1
693.51,40.64,100,1
693.63,40.72,100,1
693.76,40.81,100,1
693.88,40.9,100,1
694.0,40.97,100,1
694.13,41.05,100,1
694.25,41.14,100,1
694.38,41.24,100,1
694.5,41.31,100,1
694.62,41.36,100,1
694.75,41.46,100,1
694.87,41.55,100,1
694.99,41.6,100,1
695.12,41.68,100,1
695.24,41.76,100,1
695.37,41.81,100,1
695.49,41.9,100,0
695.61,41.96,100,0
695.74,42.02,100,0
695.86,42.09,100,0
695.99,42.12,100,0
696.11,42.17,100,0
696.23,42.19,100,0
696.36,42.2,100,0
696.48,42.24,100,0
696.6,42.22,100,0
696.73,42.23,100,0
696.85,42.21,100,0
696.98,42.19,100,0
697.1,42.16,100,0
697.22,42.12,100,0
697.35,42.1,100,0
697.47,42.07,100,0
697.59,42.03,100,0
697.72,41.97,100,0
697.84,41.93,100,0
697.97,41.89,100,0
698.09,41.85,100,0
698.22,41.77,100,0
698.34,41.73,100,0
698.46,41.65,100,0
698.59,41.6,100,0
698.71,41.55,100,0
698.83,41.47,100,0
698.96,41.42,100,0
699.08,41.36,100,0
699.21,41.28,100,0
699.33,41.22,100,0
699.45,41.15,100,0
699.58,41.08,100,0
699.7,41.0,100,0
699.82,40.92,100,0
699.95,40.83,100,0
700.07,40.77,100,0
700.2,40.7,100,1
700.32,40.66,100,1
700.44,40.54,100,1
700.57,40.48,100,1
700.69,40.44,100,1
700.82,40.35,100,1
700.94,40.32,100,1
701.06,40.3,100,1
701.19,40.27,100,1
701.31,40.26,100,1
701.43,40.22,100,1
701.56,40.25,100,1
701.68,40.25,100,1
701.81,40.24,100,1
701.93,40.25,100,1
702.05,40.25,100,1
702.18,40.31,100,1
702.3,40.31,100,1
702.42,40.33,100,1
702.55,40.35,100,1
702.67,40.39,100,1
702.8,40.4,100,1
702.92,40.44,100,1
703.04,40.47,100,1
703.17,40.55,100,1
703.29,40.58,100,1
703.41,40.61,100,1
703.54,40.61,100,1
703.66,40.66,100,1
703.79,40.71,100,1
703.91,40.76,100,1
704.03,40.79,100,1
704.16,40.84,150,1
704.28,40.9,150,1
704.41,40.93,150,1
704.53,40.99,150,1
704.65,41.05,150,1
704.78,41.11,150,1
704.9,41.18,150,1
705.03,41.27,150,1
705.15,41.33,150,1
705.27,41.4,150,1
705.4,41.48,150,1
705.52,41.56,150,1
705.64,41.65,150,1
705.77,41.71,150,1
705.89,41.84,150,1
706.02,41.89,150,1
706.14,42.01,150,1
706.26,42.1,150,1
706.39,42.2,150,1
706.51,42.28,150,1
706.64,42.38,150,1
706.76,42.49,150,1
706.88,42.59,150,1
707.01,42.69,150,1
707.13,42.78,150,1
707.25,42.87,150,1
707.38,42.97,150,1
707.5,43.07,150,1
707.63,43.17,150,1
707.75,43.28,150,1
707.87,43.43,150,1
708.0,43.52,150,1
708.12,43.63,150,1
708.24,43.71,150,1
708.37,43.82,150,1
708.49,43.91,150,1
708.62,44.02,150,1
708.74,44.12,150,1
708.86,44.25,150,1
708.99,44.33,150,1
709.11,44.43,150,1
709.23,44.52,150,1
709.36,44.68,150,1
709.48,44.74,150,1
709.61,44.88,150,1
709.73,44.97,150,1
709.85,45.08,150,1
709.98,45.2,150,1
710.1,45.32,150,1
710.22,45.4,150,1
710.35,45.5,150,1
710.47,45.62,150,1
710.6,45.71,150,1
710.72,45.81,150,1
710.84,45.92,150,1
710.97,46.03,150,1
711.09,46.15,150,1
711.22,46.26,150,1
711.34,46.33,150,1
711.46,46.45,150,1
711.59,46.55,150,1
711.71,46.64,150,1
711.83,46.74,150,1
711.96,46.86,150,1
712.08,46.99,150,1
712.21,47.07,150,1
712.33,47.18,150,1
712.45,47.29,150,1
712.58,47.39,150,1
712.7,47.48,150,1
712.83,47.57,150,1
712.95,47.69,150,1
713.07,47.79,150,1
713.2,47.89,150,1
713.32,47.97,150,1
713.44,48.11,150,1
713.57,48.19,150,1
713.69,48.26,150,1
713.82,48.4,150,1
713.94,48.47,150,1
714.06,48.58,150,1
714.19,48.66,150,1
714.31,48.73,150,1
714.43,48.87,150,1
714.56,48.94,150,1
714.68,49.06,150,1
714.81,49.15,150,1
714.93,49.23,150,1
715.05,49.33,150,1
715.18,49.44,150,1
715.3,49.5,150,1
715.42,49.66,150,1
715.55,49.71,150,1
715.67,49.8,150,1
715.8,49.86,150,1
715.92,49.99,150,1
716.04,50.08,150,1
716.17,50.16,150,1
716.29,50.26,150,1
716.42,50.32,150,1
716.54,50.46,150,1
716.66,50.51,150,1
716.79,50.61,150,1
716.91,50.75,150,1
717.03,50.77,150,1
717.16,50.89,150,1
717.28,51.01,150,1
717.41,51.06,150,1
717.53,51.13,150,1
717.65,51.22,150,1
717.78,51.34,150,1
717.9,51.39,150,1
718.02,51.48,150,1
718.15,51.57,150,1
718.27,51.67,150,1
718.4,51.78,150,1
718.52,51.86,150,1
718.64,51.88,150,1
718.77,52.06,150,1
718.89,52.1,150,1
719.01,52.15,150,1
719.14,52.28,150,1
719.26,52.3,150,1
719.39,52.49,150,1
719.51,52.52,150,1
719.63,52.57,150,1
719.76,52.69,150,1
719.88,52.83,150,1
720.01,52.94,150,1
720.13,52.86,150,1
720.25,52.93,150,1
720.38,52.96,150,1
720.5,53.09,150,1
720.62,53.26,150,1
720.75,53.39,150,1
720.87,53.38,150,1
721.0,53.41,150,1
721.12,53.58,150,1
721.24,53.58,150,1
721.37,53.65,150,1
721.49,53.79,150,1
721.61,53.88,150,1
721.74,53.91,150,1
721.86,54.02,150,1
721.99,54.06,150,1
722.11,54.16,150,1
722.23,54.2,150,1
722.36,54.35,150,1
722.48,54.39,150,1
722.6,54.45,150,1
722.73,54.56,150,1
722.85,54.63,150,1
722.98,54.7,150,1
723.1,54.85,150,1
723.22,54.85,150,1
723.35,54.93,150,1
723.47,55.0,150,1
723.59,55.06,150,1
723.72,55.13,150,1
723.84,55.19,150,1
723.97,55.29,150,1
724.09,55.41,150,1
724.21,55.42,150,1
724.34,55.5,150,1
724.46,55.56,150,1
724.59,55.62,150,1
724.71,55.74,150,1
724.83,55.77,150,1
724.96,55.85,150,1
725.08,55.93,150,1
725.2,56.0,150,1
725.33,56.08,150,1
725.45,56.14,150,1
725.58,56.22,150,1
725.7,56.28,150,1
725.82,56.33,150,1
725.95,56.4,150,1
726.07,56.51,150,1
726.2,56.54,150,1
726.32,56.65,150,1
726.44,56.7,150,1
726.57,56.77,150,1
726.69,56.9,150,1
726.81,56.89,150,1
726.94,56.96,150,1
727.06,57.0,150,1
727.19,57.1,150,1
727.31,57.14,150,1
727.43,57.25,150,1
727.56,57.28,150,1
727.68,57.36,150,1
727.8,57.45,150,1
727.93,57.5,150,1
728.05,57.56,150,1
728.18,57.65,150,1
728.3,57.69,150,1
728.42,57.77,150,1
728.55,57.84,150,1
728.67,57.9,150,1
728.79,57.96,150,1
728.92,58.03,150,1
729.04,58.05,150,1
729.17,58.17,150,1
729.29,58.19,150,1
729.41,58.26,150,1
729.54,58.35,150,1
729.66,58.39,150,1
729.78,58.47,150,1
729.91,58.5,150,1
730.03,58.62,150,1
730.16,58.67,150,1
730.28,58.71,150,1
730.4,58.76,150,1
730.53,58.85,150,1
730.65,58.89,150,1
730.78,58.96,150,1
730.9,59.01,150,1
731.02,59.06,150,1
731.15,59.13,150,1
731.27,59.18,150,1
731.4,59.27,150,1
731.52,59.29,150,1
731.64,59.39,150,1
731.77,59.47,150,1
731.89,59.51,150,1
732.01,59.56,150,1
732.14,59.63,150,1
732.26,59.67,150,1
732.39,59.74,150,1
732.51,59.79,150,1
732.63,59.86,150,1
732.76,59.89,150,1
732.88,59.97,150,1
733.0,60.03,150,1
733.13,60.06,150,1
733.25,60.14,150,1
733.38,60.19,150,1
733.5,60.26,150,1
733.62,60.33,150,1
733.75,60.34,150,1
733.87,60.42,150,1
734.0,60.48,150,1
734.12,60.52,150,1
734.24,60.58,150,1
734.37,60.61,150,1
734.49,60.7,150,1
734.61,60.77,150,1
734.74,60.84,150,1
734.86,60.87,150,1
734.98,60.94,150,1
735.11,60.97,150,1
735.23,61.03,150,1
735.36,61.11,150,1
735.48,61.15,150,1
735.6,61.19,150,1
735.73,61.29,150,1
735.85,61.32,150,1
735.98,61.37,150,1
736.1,61.42,150,1
736.22,61.53,150,1
736.35,61.54,150,1
736.47,61.61,150,1
736.59,61.69,150,1
736.72,61.7,150,1
736.84,61.75,150,1
736.97,61.81,150,1
737.09,61.86,150,1
737.21,61.93,150,1
737.34,61.93,150,1
737.46,62.01,150,1
737.59,62.07,150,1
737.71,62.11,150,1
737.83,62.17,150,1
737.96,62.26,150,1
738.08,62.28,150,1
738.2,62.34,150,1
738.33,62.4,150,1
738.45,62.45,150,1
738.58,62.47,150,1
738.7,62.52,150,1
738.82,62.57,150,1
738.95,62.65,150,1
739.07,62.69,150,1
739.19,62.74,150,1
739.32,62.78,150,1
739.44,62.84,150,1
739.57,62.91,150,1
739.69,62.97,150,1
739.81,62.99,150,1
739.94,63.06,150,1
740.06,63.11,150,1
740.19,63.13,150,1
740.31,63.21,150,1
740.43,63.25,150,1
740.56,63.32,150,1
740.68,63.34,150,1
740.8,63.4,150,1
740.93,63.41,150,1
741.05,63.51,150,1
741.18,63.5,150,1
741.3,63.54,150,1
741.42,63.61,150,1
741.55,63.69,150,1
741.67,63.74,150,1
741.79,63.76,150,1
741.92,63.79,150,1
742.04,63.88,150,1
742.17,63.98,150,1
742.29,63.99,150,1
742.41,64.04,150,1
742.54,64.08,150,1
742.66,64.14,150,1
742.78,64.17,150,1
742.91,64.24,150,1
743.03,64.25,150,1
743.16,64.28,150,1
743.28,64.35,150,1
743.4,64.34,150,1
743.53,64.46,150,1
743.65,64.52,150,1
743.78,64.58,150,1
743.9,64.55,150,1
744.02,64.69,150,1
744.15,64.69,150,1
744.27,64.75,150,1
744.39,64.82,150,1
744.52,64.81,150,1
744.64,64.86,150,1
744.77,64.87,150,1
744.89,64.98,150,1
745.01,65.05,150,1
745.14,65.05,150,1
745.26,65.08,150,1
745.38,65.16,150,1
745.51,65.17,150,1
745.63,65.23,150,1
745.76,65.28,150,1
745.88,65.32,150,1
746.0,65.38,150,1
746.13,65.42,150,1
746.25,65.41,150,1
746.38,65.49,150,1
746.5,65.53,150,1
746.62,65.61,150,1
746.75,65.63,150,1
746.87,65.64,150,1
746.99,65.71,150,1
747.12,65.77,150,1
747.24,65.8,150,1
747.37,65.82,150,1
747.49,65.9,150,1
747.61,65.94,150,1
747.74,65.96,150,1
747.86,66.01,150,1
747.98,66.05,150,1
748.11,66.05,150,1
748.23,66.13,150,1
748.36,66.23,150,1
748.48,66.25,150,1
748.6,66.32,150,1
748.73,66.34,150,1
748.85,66.34,150,1
748.97,66.38,150,1
749.1,66.42,150,1
749.22,66.5,150,1
749.35,66.52,150,1
749.47,66.55,150,1
749.59,66.61,150,1
749.72,66.61,150,1
749.84,66.68,150,1
749.97,66.77,150,1
750.09,66.79,150,1
750.21,66.8,150,1
750.34,66.83,150,1
750.46,66.92,150,1
750.58,66.99,150,1
750.71,66.97,150,1
750.83,66.94,150,1
750.96,67.09,150,1
751.08,67.09,150,1
751.2,67.13,150,1
751.33,67.16,150,1
751.45,67.2,150,1
751.58,67.25,150,1
751.7,67.3,150,1
751.82,67.32,150,1
751.95,67.4,150,1
752.07,67.46,150,1
752.19,67.47,150,1
752.32,67.5,150,1
752.44,67.51,150,1
752.57,67.6,150,1
752.69,67.63,150,1
752.81,67.62,150,1
752.94,67.69,150,1
753.06,67.72,150,1
753.18,67.78,150,1
753.31,67.78,150,1
753.43,67.9,150,1
753.55,67.92,150,1
753.68,67.92,150,1
753.8,67.96,150,1
753.93,68.0,150,1
754.05,68.05,150,1
754.17,68.1,150,1
754.3,68.15,150,1
754.42,68.22,150,1
754.54,68.19,150,1
754.67,68.23,150,1
754.79,68.28,150,1
754.92,68.26,150,1
755.04,68.34,150,1
755.16,68.38,150,1
755.29,68.45,150,1
755.41,68.48,150,1
755.54,68.5,150,1
755.66,68.52,150,1
755.78,68.58,150,1
755.91,68.64,150,1
756.03,68.58,150,1
756.16,68.73,150,1
756.28,68.72,150,1
756.4,68.76,150,1
756.53,68.83,150,1
756.65,68.84,150,1
756.77,68.93,150,1
756.9,68.89,150,1
757.02,68.94,150,1
757.15,68.97,150,1
757.27,69.07,150,1
757.39,69.03,150,1
757.52,69.05,150,1
757.64,69.13,150,1
757.77,69.13,150,1
757.89,69.25,150,1
758.01,69.34,150,1
758.14,69.26,150,1
758.26,69.34,150,1
758.38,69.39,150,1
758.51,69.42,150,1
758.63,69.44,150,1
758.76,69.51,150,1
758.88,69.48,150,1
759.0,69.61,150,1
759.13,69.57,150,1
759.25,69.66,150,1
759.37,69.67,150,1
759.5,69.71,150,1
759.62,69.71,150,1
759.75,69.76,150,1
759.87,69.82,150,1
759.99,69.89,150,1
760.12,69.84,150,1
760.24,69.89,150,1
760.36,69.93,150,1
760.49,69.98,150,1
760.61,69.99,150,1
760.73,70.05,150,1
760.86,70.08,150,1
760.98,70.15,150,1
761.11,70.14,150,1
761.23,70.22,150,1
761.35,70.3,150,1
761.48,70.29,150,1
761.6,70.3,150,1
761.72,70.28,150,1
761.85,70.38,150,1
761.97,70.35,150,1
762.1,70.42,150,1
762.22,70.44,150,1
762.34,70.54,150,1
762.47,70.43,150,1
762.59,70.49,150,1
762.72,70.6,150,1
762.84,70.66,150,1
762.96,70.6,150,1
763.09,70.69,150,1
763.21,70.73,150,1
763.34,70.79,150,1
763.46,70.76,150,1
763.58,70.83,150,1
763.71,70.89,150,1
763.83,70.92,150,1
763.96,70.96,150,1
764.08,70.96,150,1
764.2,70.99,150,1
764.33,71.01,150,1
764.45,71.06,150,1
764.57,71.06,150,1
764.7,71.12,150,1
764.82,71.15,150,1
764.95,71.17,150,1
765.07,71.24,150,1
765.19,71.3,150,1
765.32,71.28,150,1
765.44,71.29,150,1
765.56,71.35,150,1
765.69,71.3,150,1
765.81,71.42,150,1
765.94,71.46,150,1
766.06,71.42,150,1
766.18,71.48,150,1
766.31,71.56,150,1
766.43,71.57,150,1
766.55,71.62,150,1
766.68,71.61,150,1
766.8,71.66,150,1
766.92,71.7,150,1
767.05,71.72,150,1
767.17,71.76,150,1
767.3,71.8,150,1
767.42,71.82,150,1
767.54,71.85,150,1
767.67,71.85,150,1
767.79,71.89,150,1
767.92,71.95,150,1
768.04,71.93,150,1
768.16,72.03,150,1
768.29,71.99,150,1
768.41,72.09,150,1
768.53,72.11,150,1
768.66,72.12,150,1
768.78,72.17,150,1
768.91,72.15,150,1
769.03,72.24,150,1
769.15,72.28,150,1
769.28,72.26,150,1
769.4,72.32,150,1
769.53,72.19,150,1
769.65,72.45,150,1
769.77,72.43,150,1
769.9,72.3,150,1
770.02,72.37,150,1
770.14,72.46,150,1
770.27,72.57,150,1
770.39,72.61,150,1
770.52,72.63,150,1
770.64,72.66,150,1
770.76,72.55,150,1
770.89,72.59,150,1
771.01,72.73,150,1
771.13,72.72,150,1
771.26,72.74,150,1
771.38,72.88,150,1
771.51,72.91,150,1
771.63,72.85,150,1
771.75,72.78,150,1
771.88,72.9,150,1
772.0,72.96,150,1
772.12,72.91,150,1
772.25,72.89,150,1
772.37,73.08,150,1
772.5,73.05,150,1
772.62,73.06,150,1
772.74,73.06,150,1
772.87,73.07,150,1
772.99,73.09,150,1
773.11,73.17,150,1
773.24,73.23,150,1
773.36,73.21,150,1
773.49,73.17,150,1
773.61,73.24,150,1
773.73,73.4,150,1
773.86,73.31,150,1
773.98,73.3,150,1
774.11,73.34,150,1
774.23,73.43,150,1
774.35,73.36,150,1
774.48,73.48,150,1
774.6,73.47,150,1
774.72,73.45,150,1
774.85,73.55,150,1
774.97,73.54,150,1
775.1,73.55,150,1
775.22,73.61,150,1
775.34,73.66,150,1
775.47,73.65,150,1
775.59,73.67,150,1
775.71,73.77,150,1
775.84,73.75,150,1
775.96,73.74,150,1
776.09,73.8,150,1
776.21,73.82,150,1
776.33,73.92,150,1
776.46,73.9,150,1
776.58,73.86,150,1
776.71,73.96,150,1
776.83,73.96,150,1
776.95,73.95,150,1
777.08,73.95,150,1
777.2,74.07,150,1
777.32,74.04,150,1
777.45,74.08,150,1
777.57,74.13,150,1
777.7,74.14,150,1
777.82,74.17,150,1
777.94,74.16,150,1
778.07,74.23,150,1
778.19,74.25,150,1
778.31,74.23,150,1
778.44,74.32,150,1
778.56,74.31,150,1
778.69,74.33,150,1
778.81,74.25,150,1
778.93,74.39,150,1
779.06,74.33,150,1
779.18,74.41,150,1
779.3,74.49,150,1
779.43,74.51,150,1
779.55,74.53,150,1
779.68,74.55,150,1
779.8,74.47,150,1
779.92,74.57,150,1
780.05,74.59,150,1
780.17,74.74,150,1
780.29,74.6,150,1
780.42,74.69,150,1
780.54,74.73,150,1
780.67,74.7,150,1
780.79,74.71,150,1
780.91,74.7,150,1
781.04,74.83,150,1
781.16,74.75,150,1
781.29,74.88,150,1
781.41,74.8,150,1
781.53,74.98,150,1
781.66,74.86,150,1
781.78,74.92,150,1
781.9,74.9,150,1
782.03,75.03,150,1
782.15,74.99,150,1
782.28,74.98,150,1
782.4,75.01,150,1
782.52,75.05,150,1
782.65,75.06,150,1
782.77,75.18,150,1
782.9,75.18,150,1
783.02,75.12,150,1
783.14,75.15,150,1
783.27,75.2,150,1
783.39,75.18,150,1
783.51,75.22,150,1
783.64,75.25,150,1
783.76,75.29,150,1
783.89,75.2,150,1
784.01,75.31,150,1
784.13,75.33,150,1
784.26,75.36,150,1
784.38,75.39,150,1
784.5,75.41,150,1
784.63,75.4,150,1
784.75,75.45,150,1
784.88,75.48,150,1
785.0,75.51,150,1
785.12,75.43,150,1
785.25,75.42,150,1
785.37,75.58,150,1
785.5,75.57,150,1
785.62,75.61,150,1
785.74,75.59,150,1
785.87,75.64,150,1
785.99,75.71,150,1
786.11,75.69,150,1
786.24,75.7,150,1
786.36,75.73,150,1
786.48,75.7,150,1
786.61,75.78,150,1
786.73,75.83,150,1
786.86,75.78,150,1
786.98,75.85,150,1
787.1,75.87,150,1
787.23,75.86,150,1
787.35,75.87,150,1
787.47,75.9,150,1
787.6,75.94,150,1
787.72,75.92,150,1
787.85,75.99,150,1
787.97,75.98,150,1
788.09,76.08,150,1
788.22,76.1,150,1
788.34,76.19,150,1
788.47,76.07,150,1
788.59,76.14,150,1
788.71,76.16,150,1
788.84,76.14,150,1
788.96,76.16,150,1
789.09,76.14,150,1
789.21,76.18,150,1
789.33,76.26,150,1
789.46,76.3,150,1
789.58,76.22,150,1
789.7,76.2,150,1
789.83,76.32,150,1
789.95,76.38,150,1
790.08,76.3,150,1
790.2,76.36,150,1
790.32,76.44,150,1
790.45,76.42,150,1
790.57,76.41,150,1
790.69,76.52,150,1
790.82,76.55,150,1
790.94,76.46,150,1
791.07,76.57,150,1
791.19,76.51,150,1
791.31,76.6,150,1
791.44,76.62,150,1
791.56,76.67,150,1
791.69,76.65,150,1
791.81,76.79,150,1
791.93,76.67,150,1
792.06,76.7,150,1
792.18,76.71,150,1
792.3,76.74,150,1
792.43,76.74,150,1
792.55,76.8,150,1
792.67,76.84,150,1
792.8,76.92,150,1
792.92,76.79,150,1
793.05,76.81,150,1
793.17,76.95,150,1
793.29,76.9,150,1
793.42,76.94,150,1
793.54,76.95,150,1
793.67,77.05,150,1
793.79,76.88,150,1
793.91,77.03,150,1
794.04,77.16,150,1
794.16,77.1,150,1
794.28,77.07,150,1
794.41,77.09,150,1
794.53,77.1,150,1
794.66,77.14,150,1
794.78,77.1,150,0
794.91,77.19,150,0
795.03,77.19,150,0
795.15,77.17,150,0
795.28,77.25,150,0
795.4,77.18,150,0
795.53,77.13,150,0
795.65,77.17,150,0
795.77,77.16,150,0
795.9,76.99,150,0
796.02,77.03,150,0
796.14,76.96,150,0
796.27,76.86,150,0
796.39,76.89,150,0
796.52,76.72,150,0
796.64,76.62,150,0
796.76,76.62,150,0
796.89,76.32,150,0
797.01,76.39,150,0
797.13,76.29,150,0
797.26,76.25,150,0
797.38,75.98,150,0
797.51,76.07,150,0
797.63,76.09,150,0
797.75,75.95,150,0
797.88,75.72,150,0
798.0,75.51,150,0
798.13,75.28,150,0
798.25,75.35,150,0
798.37,75.35,150,0
798.5,75.26,150,0
798.62,75.12,150,0
798.74,74.98,150,0
798.87,74.69,150,0
798.99,74.72,150,0
799.11,74.49,150,0
799.24,74.29,150,0
799.36,74.44,150,0
799.49,74.11,150,0
799.61,73.89,150,0
799.73,73.85,150,0
799.86,73.71,150,0
799.98,73.7,150,0
800.1,73.53,150,0
800.23,73.4,150,0
800.35,73.27,150,0
800.48,73.1,150,0
800.6,72.98,150,0
800.72,73.0,150,0
800.85,72.67,150,0
800.97,72.6,150,0
801.09,72.48,150,0
801.22,72.37,150,0
801.34,72.2,150,0
801.47,72.04,150,0
801.59,71.96,150,0
801.72,71.84,150,0
801.84,71.72,150,0
801.96,71.51,150,0
802.09,71.49,150,0
802.21,71.24,150,0
802.33,71.32,150,0
802.46,71.05,150,0
802.58,70.9,150,0
802.71,70.79,150,0
802.83,70.66,150,0
802.95,70.54,150,0
803.08,70.39,150,0
803.2,70.22,150,0
803.32,70.15,150,0
803.45,70.0,150,0
803.57,69.87,150,0
803.7,69.73,150,0
803.82,69.61,150,0
803.94,69.51,150,0
804.07,69.31,150,0
804.19,69.27,150,0
804.32,69.13,150,0
804.44,68.95,150,0
804.56,68.8,150,0
804.69,68.74,150,0
804.81,68.56,150,0
804.93,68.49,150,0
805.06,68.36,150,0
805.18,68.2,150,0
805.3,68.09,150,0
805.43,67.99,150,0
805.55,67.87,150,0
805.68,67.71,150,0
805.8,67.59,150,0
805.92,67.42,150,0
806.05,67.37,150,0
806.17,67.24,150,0
806.29,67.17,150,0
806.42,67.03,150,0
806.54,66.89,150,0
806.67,66.79,150,0
806.79,66.66,150,0
806.91,66.62,150,0
807.04,66.4,150,0
807.16,66.29,150,0
807.28,66.24,150,0
807.41,66.04,150,0
807.53,66.0,150,0
807.66,65.81,150,0
807.78,65.77,150,0
807.91,65.65,150,0
808.03,65.49,150,0
808.15,65.38,150,0
808.28,65.3,150,0
808.4,65.12,150,0
808.52,65.05,150,0
808.65,64.93,150,0
808.77,64.78,150,0
808.9,64.72,150,0
809.02,64.59,150,0
809.14,64.45,150,0
809.27,64.39,150,0
809.39,64.28,150,0
809.51,64.22,150,0
809.64,64.01,150,0
809.76,63.91,150,0
809.89,63.81,150,0
810.01,63.73,150,0
810.13,63.71,150,0
810.26,63.59,150,0
810.38,63.34,150,0
810.5,63.3,150,0
810.63,63.19,150,0
810.75,63.07,150,0
810.88,62.98,150,0
811.0,62.83,150,0
811.12,62.82,150,0
811.25,62.66,150,0
811.37,62.56,150,0
811.5,62.41,150,0
811.62,62.37,150,0
811.74,62.27,150,0
811.87,62.08,150,0
811.99,62.05,150,0
812.11,61.96,150,0
812.24,61.84,150,0
812.36,61.73,150,0
812.48,61.6,150,0
812.61,61.55,150,0
812.73,61.45,150,0
812.86,61.31,150,0
812.98,61.2,150,0
813.1,61.11,150,0
813.23,61.08,150,0
813.35,60.94,150,0
813.47,60.82,150,0
813.6,60.74,150,0
813.72,60.59,150,0
813.85,60.5,150,0
813.97,60.5,150,0
814.09,60.33,150,0
814.22,60.29,150,0
814.34,60.15,150,0
814.47,60.04,150,0
814.59,60.0,150,0
814.71,59.84,150,0
814.84,59.76,150,0
814.96,59.65,150,0
815.09,59.57,150,0
815.21,59.48,150,0
815.33,59.38,150,0
815.46,59.3,150,0
815.58,59.21,150,0
815.7,59.12,150,0
815.83,59.03,150,0
815.95,58.95,150,0
816.08,58.8,150,0
816.2,58.75,150,0
816.32,58.66,150,0
816.45,58.56,150,0
816.57,58.48,150,0
816.69,58.4,150,0
816.82,58.3,150,0
816.94,58.21,150,0
817.07,58.06,150,0
817.19,58.02,150,0
817.31,57.9,150,0
817.44,57.84,150,0
817.56,57.75,150,0
817.69,57.65,150,0
817.81,57.54,150,0
817.93,57.52,150,0
818.06,57.4,150,0
818.18,57.3,150,0
818.3,57.18,150,0
818.43,57.11,150,0
818.55,57.07,150,0
818.67,56.95,150,0
818.8,56.86,150,0
818.92,56.7,150,0
819.05,56.66,150,0
819.17,56.59,150,0
819.29,56.51,150,0
819.42,56.41,150,0
819.54,56.38,150,0
819.66,56.2,150,0
819.79,56.19,150,0
819.91,56.1,150,0
820.04,55.95,150,0
820.16,55.89,150,0
820.28,55.83,150,0
820.41,55.74,150,0
820.53,55.67,150,0
820.66,55.61,150,0
820.78,55.5,150,0
820.9,55.37,150,0
821.03,55.29,150,0
821.15,55.23,150,0
821.28,55.17,150,0
821.4,55.09,150,0
821.52,54.99,150,0
821.65,54.89,150,0
821.77,54.83,150,0
821.9,54.7,150,0
822.02,54.66,150,0
822.14,54.58,150,0
822.27,54.45,150,0
822.39,54.38,150,0
822.51,54.35,150,0
822.64,54.24,150,0
822.76,54.16,150,0
822.89,54.05,150,0
823.01,53.94,150,0
823.13,53.96,150,0
823.26,53.85,150,0
823.38,53.75,150,0
823.5,53.64,150,0
823.63,53.6,150,0
823.75,53.54,150,0
823.88,53.39,150,0
824.0,53.38,150,0
824.12,53.27,150,0
824.25,53.22,150,0
824.37,53.1,150,0
824.49,53.04,150,0
824.62,52.92,150,0
824.74,52.92,150,0
824.86,52.81,150,0
824.99,52.71,150,0
825.11,52.64,150,0
825.24,52.55,150,0
825.36,52.45,150,0
825.48,52.4,150,0
825.61,52.36,150,0
825.73,52.24,150,0
825.86,52.13,150,0
825.98,52.09,150,0
826.1,52.0,150,0
826.23,51.95,150,0
826.35,51.83,150,0
826.47,51.78,150,0
826.6,51.77,150,0
826.72,51.66,150,0
826.85,51.56,150,0
826.97,51.43,150,0
827.09,51.39,150,0
827.22,51.36,150,0
827.34,51.23,150,0
827.47,51.17,150,0
827.59,51.15,150,0
827.71,51.04,150,0
827.84,50.97,150,0
827.96,50.89,150,0
828.08,50.75,150,0
828.21,50.72,150,0
828.33,50.68,150,0
828.46,50.64,150,0
828.58,50.48,150,0
828.7,50.44,150,0
828.83,50.34,150,0
828.95,50.26,150,0
829.07,50.17,150,0
829.2,50.1,150,0
829.32,50.1,150,0
829.45,49.97,150,0
829.57,49.9,150,0
829.69,49.83,150,0
829.82,49.8,150,0
829.94,49.68,150,0
830.06,49.64,150,0
830.19,49.59,150,0
830.31,49.49,150,0
830.44,49.38,150,0
830.56,49.35,150,0
830.68,49.31,150,0
830.81,49.2,150,0
830.93,49.18,150,0
831.05,49.01,150,0
831.18,49.0,150,0
831.3,48.91,150,0
831.43,48.79,150,0
831.55,48.73,150,0
831.67,48.7,150,0
831.8,48.63,150,0
831.92,48.59,150,0
832.04,48.47,150,0
832.17,48.41,150,0
832.29,48.35,150,0
832.42,48.3,80,0
832.54,48.21,80,0
832.66,48.19,80,0
832.79,48.08,80,0
832.91,48.02,80,0
833.04,47.98,80,0
833.16,47.9,80,0
833.28,47.86,80,0
833.41,47.78,80,0
833.53,47.73,80,0
833.65,47.66,80,0
833.78,47.61,80,0
833.9,47.56,80,0
834.03,47.45,80,0
834.15,47.46,80,0
834.27,47.33,80,0
834.4,47.35,80,0
834.52,47.36,80,0
834.64,47.28,80,0
834.77,47.24,80,0
834.89,47.19,80,0
835.02,47.14,80,0
835.14,47.09,80,0
835.26,47.04,80,0
835.39,47.01,80,0
835.51,46.99,80,0
835.64,46.97,80,0
835.76,46.88,80,0
835.88,46.84,80,0
836.01,46.79,80,0
836.13,46.77,80,0
836.25,46.7,80,0
836.38,46.72,80,0
836.5,46.64,80,0
836.63,46.63,80,0
836.75,46.53,80,0
836.87,46.51,80,0
837.0,46.48,80,0
837.12,46.38,80,0
837.24,46.41,80,0
837.37,46.34,80,0
837.49,46.3,80,0
837.61,46.29,80,0
837.74,46.16,80,0
837.86,46.18,80,0
837.99,46.13,80,0
838.11,46.07,80,0
838.23,46.06,80,0
838.36,46.03,80,0
838.48,45.97,80,0
838.6,45.96,80,0
838.73,45.93,80,0
838.85,45.88,80,0
838.98,45.8,80,0
839.1,45.78,80,0
839.22,45.78,80,0
839.35,45.71,80,0
839.47,45.72,80,0
839.59,45.63,80,0
839.72,45.51,80,0
839.84,45.55,80,0
839.97,45.47,80,0
840.09,45.53,80,0
840.21,45.4,80,0
840.34,45.38,80,0
840.46,45.32,80,0
840.59,45.26,80,0
840.71,45.21,80,0
840.83,45.17,80,0
840.96,45.13,80,0
841.08,45.16,80,0
841.2,45.08,80,0
841.33,45.05,80,0
841.45,45.04,80,0
841.57,44.94,80,0
841.7,44.88,80,0
841.82,44.89,80,0
841.95,44.81,80,0
842.07,44.78,80,0
842.19,44.78,80,0
842.32,44.73,80,0
842.44,44.7,80,0
842.56,44.63,80,0
842.69,44.58,80,0
842.81,44.55,80,0
842.94,44.48,80,0
843.06,44.42,80,0
843.18,44.39,80,0
843.31,44.39,80,0
843.43,44.35,80,0
843.55,44.35,80,0
843.68,44.25,80,0
843.8,44.2,80,0
843.92,44.15,80,0
844.05,44.12,80,0
844.17,44.08,80,0
844.3,44.05,80,0
844.42,44.07,80,0
844.54,43.99,80,0
844.67,43.89,80,0
844.79,43.87,80,0
844.91,43.88,80,0
845.04,43.82,80,0
845.16,43.78,80,0
845.29,43.74,80,0
845.41,43.65,80,0
845.53,43.64,80,0
845.66,43.6,80,0
845.78,43.52,80,0
845.91,43.45,80,0
846.03,43.45,80,0
846.15,43.42,80,0
846.28,43.41,80,0
846.4,43.34,80,0
846.53,43.27,80,0
846.65,43.3,80,0
846.77,43.25,80,0
846.9,43.17,80,0
847.02,43.15,80,0
847.14,43.09,80,0
847.27,43.05,80,0
847.39,42.99,80,0
847.51,43.0,80,0
847.64,42.96,80,0
847.76,42.87,80,0
847.89,42.85,80,0
848.01,42.82,80,0
848.13,42.77,80,0
848.26,42.74,80,0
848.38,42.69,80,0
848.5,42.61,80,0
848.63,42.58,80,0
848.75,42.6,80,0
848.88,42.51,80,0
849.0,42.46,80,0
849.12,42.41,80,0
849.25,42.38,80,0
849.37,42.33,80,0
849.5,42.32,80,0
849.62,42.32,80,0
849.74,42.15,80,0
849.87,42.17,80,0
849.99,42.17,80,0
850.11,42.08,80,0
850.24,42.07,80,0
850.36,41.99,80,0
850.48,41.95,80,0
850.61,41.94,80,0
850.73,41.88,80,0
850.86,41.88,80,0
850.98,41.83,80,0
851.1,41.72,80,0
851.23,41.72,80,0
851.35,41.71,80,0
851.47,41.65,80,0
851.6,41.62,80,0
851.72,41.58,80,0
851.85,41.54,80,0
851.97,41.5,80,0
852.09,41.45,80,0
852.22,41.41,80,0
852.34,41.34,80,0
852.47,41.33,80,0
852.59,41.31,80,0
852.71,41.23,80,0
852.84,41.23,80,0
852.96,41.18,80,0
853.08,41.16,80,0
853.21,41.05,80,0
853.33,41.04,80,0
853.46,41.02,80,0
853.58,40.97,80,0
853.7,40.93,80,0
853.83,40.88,80,0
853.95,40.81,80,0
854.07,40.8,80,0
854.2,40.75,80,0
854.32,40.74,80,0
854.45,40.71,80,0
854.57,40.64,80,0
854.69,40.65,80,0
854.82,40.58,80,0
854.94,40.52,80,0
855.06,40.51,80,0
855.19,40.49,80,0
855.31,40.4,80,0
855.44,40.37,80,0
855.56,40.36,80,0
855.68,40.33,80,0
855.81,40.29,80,0
855.93,40.23,80,0
856.05,40.21,80,0
856.18,40.16,80,0
856.3,40.17,80,0
856.42,40.08,80,0
856.55,40.01,80,0
856.67,39.98,80,0
856.8,39.92,80,0
856.92,39.93,80,0
857.04,39.88,80,0
857.17,39.83,80,1
857.29,39.75,80,1
857.42,39.77,80,1
857.54,39.72,80,1
857.66,39.71,80,1
857.79,39.66,80,1
857.91,39.7,80,1
858.03,39.65,80,1
858.16,39.64,80,1
858.28,39.69,80,1
858.41,39.74,80,1
858.53,39.68,80,1
858.65,39.75,80,1
858.78,39.77,78,1
858.9,39.78,79,1
859.03,39.93,81,1
859.15,39.85,83,1
859.28,39.9,83,1
859.4,39.97,88,1
859.53,39.98,88,1
860.65,40.51,88,1
860.77,40.5,88,1
860.9,40.65,88,1
861.02,40.66,88,1
861.14,40.71,88,1
861.27,40.84,88,1
861.39,40.87,88,1
861.52,40.98,88,1
861.64,41.02,88,1
861.76,41.12,88,1
861.89,41.16,88,1
862.01,41.24,88,1
862.13,41.34,88,1
862.26,41.47,88,1
862.38,41.48,88,1
862.51,41.51,88,1
862.63,41.62,88,1
862.75,41.66,88,1
862.88,41.73,88,1
863.0,41.83,88,1
863.12,41.93,88,1
863.25,41.95,88,1
863.37,42.05,88,1
863.5,42.16,88,1
863.62,42.16,88,1
863.74,42.21,88,1
863.87,42.38,88,1
863.99,42.3,88,1
864.11,42.38,88,1
864.24,42.48,88,1
864.36,42.54,88,1
864.49,42.69,88,1
864.61,42.75,88,1
864.73,42.81,88,1
864.86,42.87,88,1
864.98,42.97,88,1
865.1,43.04,88,1
865.23,43.18,88,1
865.35,43.13,88,1
865.47,43.26,88,1
865.6,43.3,88,1
865.72,43.36,88,1
865.85,43.44,88,1
865.97,43.51,88,1
866.09,43.57,88,1
866.22,43.67,88,1
866.34,43.78,88,1
866.47,43.81,88,1
866.59,43.92,88,1
866.71,43.94,88,1
866.84,44.01,88,1
866.96,44.06,88,1
867.09,44.15,88,1
867.21,44.15,88,1
867.33,44.23,88,1
867.46,44.27,88,1
867.58,44.34,88,1
867.7,44.52,88,1
867.83,44.61,88,1
867.95,44.53,88,1
868.07,44.64,88,1
868.2,44.7,88,1
868.32,44.75,88,1
868.45,44.77,88,1
868.57,44.89,88,1
868.69,44.98,88,1
868.82,44.99,88,1
868.94,45.02,88,1
869.06,45.11,88,1
869.19,45.18,88,1
869.31,45.27,88,1
869.44,45.29,88,1
869.56,45.37,88,1
869.68,45.44,88,1
869.81,45.44,88,1
869.93,45.51,88,1
870.05,45.63,88,1
870.18,45.69,88,1
870.3,45.75,88,1
870.43,45.7,88,1
870.55,45.8,88,1
870.67,45.86,88,1
870.8,45.94,88,1
870.92,46.05,88,1
871.04,46.0,88,1
871.17,46.09,88,1
871.29,46.15,88,1
871.41,46.21,88,1
871.54,46.26,88,1
871.66,46.28,88,1
871.79,46.32,88,1
871.91,46.41,88,1
872.03,46.46,88,1
872.16,46.54,88,1
872.28,46.52,88,1
872.41,46.63,88,1
872.53,46.64,88,1
872.65,46.71,88,1
872.78,46.76,88,1
872.9,46.82,88,1
873.02,46.84,88,1
873.15,46.92,88,1
873.27,47.0,88,1
873.4,47.07,88,1
873.52,47.03,88,1
873.64,47.08,88,1
873.77,47.17,88,1
873.89,47.18,88,1
874.01,47.23,88,1
874.14,47.33,88,1
874.26,47.35,88,1
874.39,47.4,88,1
874.51,47.43,88,1
874.63,47.53,88,1
874.76,47.48,88,1
874.88,47.63,88,1
875.0,47.69,88,1
875.13,47.73,88,1
875.25,47.7,88,1
875.38,47.82,88,1
875.5,47.86,88,1
875.62,47.86,88,1
875.75,47.94,88,1
875.87,48.02,88,1
876.0,48.03,88,1
876.12,47.96,88,1
876.24,48.08,88,1
876.36,48.15,88,1
876.49,48.24,88,1
876.61,48.15,88,1
876.74,48.18,88,1
876.86,48.3,88,1
876.98,48.28,88,1
877.11,48.32,88,1
877.23,48.44,88,1
877.36,48.44,88,1
877.48,48.47,88,1
877.6,48.54,88,1
877.73,48.66,88,1
877.85,48.65,88,1
877.97,48.74,88,1
878.1,48.77,88,1
878.22,48.74,88,1
878.35,48.81,88,1
878.47,48.87,88,1
878.59,48.85,88,1
878.72,48.85,88,1
878.84,48.92,88,1
878.96,49.02,88,1
879.09,49.12,88,1
879.21,49.07,88,1
879.34,49.12,88,1
879.46,49.17,88,1
879.58,49.21,88,1
879.71,49.32,88,1
879.83,49.24,88,1
879.95,49.33,88,1
880.08,49.42,88,1
880.2,49.34,88,1
880.33,49.43,88,1
880.45,49.4,88,1
880.57,49.49,88,1
880.7,49.57,88,1
880.82,49.65,88,1
880.95,49.62,88,1
881.07,49.6,88,1
881.19,49.77,88,1
881.32,49.71,88,1
881.44,49.82,88,1
881.56,49.84,88,1
881.69,49.85,88,1
881.81,49.85,88,1
881.93,49.96,88,1
882.06,50.06,88,1
882.18,49.91,88,1
882.31,50.04,88,1
882.43,50.1,88,1
882.55,50.13,252,1
882.68,50.14,243,1
882.8,50.11,235,1
882.93,50.2,225,1
883.05,50.39,225,1
883.18,50.39,225,1
883.3,50.41,225,1
883.42,50.47,4,1
883.55,50.61,0,1
883.67,50.74,0,1
883.8,50.81,0,1
883.92,50.91,0,1
884.04,50.92,0,1
884.17,51.01,0,1
884.29,51.11,0,1
884.41,51.09,0,1
884.54,51.13,0,1
884.66,51.08,0,1
884.79,51.19,0,1
884.91,51.2,0,1
885.03,51.3,0,1
885.16,51.32,0,1
885.28,51.2,0,1
885.41,51.22,0,1
885.53,51.22,0,1
885.65,51.26,0,1
885.78,51.2,0,1
885.9,51.19,0,1
886.02,51.21,0,1
886.15,51.15,0,1
886.27,51.16,0,1
886.39,51.11,0,1
886.52,51.18,0,1
886.64,51.14,0,1
886.77,51.05,0,1
886.89,51.0,0,1
887.01,51.13,0,1
887.14,50.94,0,1
887.26,50.85,0,1
887.38,50.92,0,1
887.51,50.87,0,1
887.63,50.84,0,1
887.76,50.76,0,1
887.88,50.73,0,1
888.0,50.71,0,1
888.13,50.65,0,1
888.25,50.59,0,1
888.37,50.57,0,1
888.5,50.55,0,1
888.62,50.46,0,1
888.74,50.45,0,1
888.87,50.42,0,1
888.99,50.34,0,1
889.11,50.39,0,1
889.24,50.32,0,1
889.36,50.13,0,1
889.49,50.12,0,1
889.61,50.2,0,1
889.73,50.07,0,1
889.86,50.11,0,1
889.98,50.08,0,1
890.1,50.0,0,1
890.23,49.89,0,1
890.35,49.86,0,1
890.48,49.83,0,1
890.6,49.66,0,1
890.72,49.68,0,1
890.85,49.72,0,1
890.97,49.75,0,1
891.09,49.34,0,1
891.22,49.27,0,1
891.34,49.31,0,1
891.47,49.22,0,1
891.59,49.16,0,1
891.71,49.05,0,1
891.84,49.06,0,1
891.96,49.02,0,1
892.08,48.89,0,1
892.21,48.91,0,1
892.33,48.96,0,1
892.46,48.85,0,1
892.58,48.77,0,1
892.7,48.85,0,1
892.83,48.81,0,1
892.95,48.62,0,1
893.07,48.66,0,1
893.2,48.61,0,1
893.32,48.59,0,1
893.45,48.53,0,1
893.57,48.37,0,1
893.69,48.29,0,1
893.82,48.35,0,1
893.94,48.25,0,1
894.06,48.15,0,1
894.19,48.18,0,1
894.31,48.07,0,1
894.43,48.1,0,1
894.56,48.22,0,1
894.68,48.07,0,1
894.81,47.91,0,1
894.93,47.85,0,1
895.05,47.96,0,1
895.18,47.67,0,1
895.3,47.85,0,1
895.42,47.71,0,1
895.55,47.65,0,1
895.67,47.78,0,1
895.79,47.43,0,1
895.92,47.4,0,1
896.04,47.62,0,1
896.17,47.38,0,1
896.29,47.54,0,1
896.41,47.38,0,1
896.54,47.26,0,1
896.66,47.22,0,1
896.78,47.17,0,1
896.91,47.27,0,1
897.03,47.09,0,1
897.16,47.19,0,1
897.28,47.13,0,1
897.4,47.0,0,1
897.53,47.16,0,1
897.65,46.74,0,1
897.77,47.13,0,1
897.9,46.77,0,1
898.02,46.85,0,1
898.15,46.68,0,1
898.27,46.71,0,1
898.39,46.69,0,1
898.52,46.57,0,1
898.64,46.41,0,1
898.76,46.75,0,1
898.89,46.23,0,1
899.01,46.28,0,1
899.14,46.39,0,1
899.26,46.47,0,1
899.38,46.04,0,1
899.51,46.47,0,1
899.63,46.25,0,1
899.75,46.36,0,1
899.88,45.91,0,1
900.0,46.27,0,1
900.12,46.08,0,1
900.25,45.83,0,1
900.37,45.97,0,1
900.5,45.81,0,1
900.62,46.06,0,1
900.74,46.11,0,1
900.87,46.08,0,1
900.99,46.01,0,1
901.11,45.59,0,1
901.24,45.72,0,1
901.36,45.69,0,1
901.48,45.95,0,1
901.61,45.53,0,1
901.73,45.5,0,1
901.86,45.72,0,1
901.98,45.35,0,1
902.1,45.82,0,1
902.23,45.38,0,1
902.35,45.35,0,1
902.47,45.49,0,1
902.6,45.33,0,1
902.72,45.61,0,1
902.85,45.09,0,1
902.97,45.26,0,1
903.09,45.59,0,1
903.22,45.6,0,1
903.34,45.22,0,1
903.46,45.23,0,1
903.59,44.9,0,1
903.71,45.05,0,1
903.84,45.24,0,1
903.96,44.85,0,1
904.08,44.9,0,1
904.21,45.05,0,1
904.33,45.26,0,1
904.45,45.06,0,1
904.58,45.24,0,1
904.7,45.31,0,1
904.82,45.17,0,1
904.95,45.24,0,1
905.07,44.65,0,1
905.2,45.03,0,1
905.32,44.89,0,1
905.44,45.03,0,1
905.57,45.11,0,1
905.69,44.68,0,1
905.82,45.01,0,1
905.94,44.94,0,1
906.06,45.05,0,1
906.19,44.93,0,1
906.31,44.78,0,1
906.43,44.72,0,1
906.56,44.7,0,1
906.68,44.54,0,1
906.8,44.39,0,1
906.93,44.91,0,1
907.05,44.83,0,1
907.17,44.83,0,1
907.3,44.59,0,1
907.42,44.27,0,1
907.55,44.75,0,1
907.67,43.96,0,1
907.79,44.3,0,1
907.92,44.48,0,1
908.04,44.21,0,1
908.16,44.56,0,1
908.29,44.08,0,1
908.41,44.58,0,1
908.53,44.03,0,1
908.66,44.33,0,1
908.78,43.61,0,1
908.91,44.16,0,1
909.03,44.37,0,1
909.16,44.46,0,1
909.28,43.85,0,1
909.4,44.37,0,1
909.53,44.22,0,1
909.65,43.96,0,1
909.77,44.23,0,1
909.9,43.63,0,1
910.02,44.17,0,1
910.14,43.15,0,1
910.27,44.13,0,1
910.39,43.97,0,1
910.52,43.46,0,1
910.64,43.85,0,1
910.76,44.04,0,1
910.89,43.73,0,1
911.01,43.71,0,1
911.13,44.03,0,1
911.26,43.36,0,1
911.38,44.27,0,1
911.51,43.78,0,1
911.63,43.5,0,1
911.75,43.7,0,1
911.88,44.55,0,1
912.0,43.58,0,1
912.12,43.75,0,1
912.25,43.74,0,1
912.37,43.28,0,1
912.49,43.58,0,1
912.62,43.67,0,1
912.74,43.66,0,1
912.87,43.48,0,1
912.99,43.79,0,1
913.11,43.37,0,1
913.24,43.39,0,1
913.36,42.78,0,1
913.48,43.57,0,1
913.61,43.74,0,1
913.73,43.35,0,1
913.85,43.45,0,1
913.98,43.42,0,1
914.1,43.16,0,1
914.23,43.6,0,1
914.35,43.14,0,1
914.47,43.23,0,1
914.6,43.36,0,1
914.72,43.48,0,1
914.84,43.24,0,1
914.97,42.87,0,1
915.09,42.96,0,1
915.22,42.96,0,1
915.34,43.34,0,1
915.46,43.12,0,1
915.59,43.24,0,1
915.71,42.81,0,1
915.84,43.26,0,1
915.96,43.28,0,1
916.08,43.2,0,1
916.21,42.69,0,1
916.33,43.16,0,1
916.45,42.68,0,1
916.58,42.82,0,1
916.7,42.71,0,1
916.83,42.79,0,1
916.95,42.85,0,1
917.07,42.84,0,1
917.2,43.02,0,1
917.32,42.99,0,1
917.44,43.03,0,1
917.57,42.99,0,1
917.69,42.62,0,1
917.82,42.67,0,1
917.94,42.8,0,1
918.06,42.93,0,1
918.19,42.53,0,1
918.31,42.75,0,1
918.43,42.78,0,1
918.56,42.48,0,1
918.68,42.45,0,1
918.8,42.62,0,1
918.93,42.56,0,1
919.05,42.75,0,1
919.18,42.73,0,1
919.3,42.12,0,1
919.42,42.22,0,1
919.55,42.42,0,1
919.67,42.65,0,1
919.79,42.02,0,1
919.92,42.48,0,1
920.04,42.43,0,1
920.16,42.23,0,1
920.29,42.56,0,1
920.41,42.47,0,1
920.54,42.05,0,1
920.66,42.41,0,1
920.78,42.36,0,1
920.91,42.14,0,1
921.03,42.19,0,1
921.16,42.25,0,1
921.28,42.02,0,1
921.4,42.4,0,1
921.53,42.12,0,1
921.65,41.96,0,1
921.77,42.28,0,1
921.9,42.09,0,1
922.02,42.27,0,1
922.15,42.24,0,1
922.27,42.05,0,1
922.39,41.74,0,1
922.52,42.01,0,1
922.64,42.21,0,1
922.76,42.03,0,1
922.89,42.21,0,1
923.01,41.71,0,1
923.13,41.88,0,1
923.26,41.89,0,1
923.38,41.71,0,1
923.51,41.6,0,1
923.63,41.78,0,1
923.75,41.52,0,1
923.88,41.95,0,1
924.0,41.61,0,1
924.13,41.79,0,1
924.25,41.54,0,1
924.37,41.73,0,1
924.5,41.75,0,1
924.62,41.74,0,1
924.74,41.74,0,1
924.87,41.57,0,1
924.99,41.73,0,1
925.11,41.58,0,1
925.24,41.52,0,1
925.36,41.54,0,1
925.49,41.45,0,1
925.61,41.22,0,1
925.73,41.28,0,1
925.86,41.42,0,1
925.98,41.43,0,1
926.1,41.05,0,1
926.23,41.27,0,1
926.35,41.34,0,1
926.47,41.0,0,1
926.6,41.15,0,1
926.72,41.12,0,1
926.85,41.11,0,1
926.97,41.3,0,1
927.09,40.93,0,1
927.22,41.02,0,1
927.34,41.11,0,1
927.47,41.21,0,1
927.59,41.09,0,1
927.71,40.92,0,1
927.84,40.92,0,1
927.96,40.93,0,1
928.08,40.79,0,1
928.21,41.04,0,1
928.33,40.74,0,1
928.45,40.89,0,1
928.58,40.87,0,1
928.7,40.77,0,1
928.83,40.83,0,1
928.95,40.65,0,1
929.07,40.82,0,1
929.2,40.57,0,1
929.32,40.74,0,1
929.44,40.68,0,1
929.57,40.58,0,1
929.69,40.66,0,1
929.82,40.54,0,1
929.94,40.43,0,1
930.06,40.43,0,1
930.19,40.49,0,1
930.31,40.39,0,1
930.43,40.38,0,1
930.56,40.38,0,1
930.68,40.45,0,1
930.8,40.29,0,1
930.93,40.52,0,1
931.05,40.24,0,1
931.18,40.28,0,1
931.3,40.27,0,1
931.42,40.25,0,1
931.55,40.13,0,1
931.67,40.08,0,1
931.79,40.2,0,1
931.92,40.08,0,1
932.04,40.21,0,1
932.17,40.06,0,1
932.29,40.06,0,1
932.41,40.11,4,1
932.54,40.02,28,1
932.66,40.2,81,1
932.79,40.12,159,1
933.91,39.96,159,1
934.03,39.9,159,1
934.16,40.2,159,1
934.28,40.07,159,1
934.41,40.26,159,1
934.53,40.14,159,1
934.65,40.34,159,1
934.78,40.3,159,1
934.9,40.41,159,1
935.03,40.63,159,1
935.15,40.72,159,1
935.27,40.75,159,1
935.4,40.93,159,1
935.52,40.98,159,1
935.65,40.94,159,1
935.77,41.19,159,1
935.89,41.15,159,1
936.02,41.16,159,1
936.14,41.35,159,1
936.26,41.35,159,1
936.39,41.63,159,1
936.51,41.78,159,1
936.64,41.84,159,1
936.76,41.95,159,1
936.88,42.04,159,1
937.01,42.22,159,1
937.13,42.08,159,1
937.25,42.31,159,1
937.38,42.38,159,1
937.5,42.47,159,1
937.63,42.58,159,1
937.75,42.59,159,1
937.87,42.82,159,1
938.0,42.9,159,1
938.12,43.15,159,1
938.25,43.18,159,1
938.37,43.26,159,1
938.49,43.38,159,1
938.62,43.51,159,1
938.74,43.72,159,1
938.86,43.91,159,1
938.99,43.96,159,1
939.11,44.02,159,1
939.23,44.08,159,1
939.36,44.17,159,1
939.48,44.31,159,1
939.61,44.5,159,1
939.73,44.56,159,1
939.85,44.77,159,1
939.98,44.83,159,1
940.1,45.03,159,1
940.22,45.15,159,1
940.35,45.2,159,1
940.47,45.49,159,1
940.6,45.62,159,1
940.72,45.71,159,1
940.84,45.72,159,1
940.97,45.81,159,1
941.09,45.86,159,1
941.22,45.87,159,1
941.34,46.15,159,1
941.46,46.23,159,1
941.59,46.4,159,1
941.71,46.44,159,1
941.84,46.61,159,1
941.96,46.7,159,1
942.08,46.85,159,1
942.21,46.96,159,1
942.33,47.08,159,1
942.45,47.19,159,1
942.58,47.29,159,1
942.7,47.57,159,1
942.83,47.46,159,1
942.95,47.6,159,1
943.07,47.76,159,1
943.2,47.87,255,1
943.32,48.01,255,1
943.44,48.13,255,1
943.57,48.21,255,1
943.69,48.35,255,1
943.82,48.37,255,1
943.94,48.54,255,1
944.06,48.68,255,1
944.19,48.82,255,1
944.31,49.19,255,1
944.44,49.09,255,1
944.56,49.24,255,1
944.68,49.36,255,1
944.81,49.51,255,1
944.93,49.63,255,1
945.05,49.72,255,1
945.18,50.02,255,1
945.3,50.17,255,1
945.42,50.31,255,1
945.55,50.48,255,1
945.67,50.68,255,1
945.8,50.79,255,1
945.92,51.04,255,1
946.04,51.17,255,1
946.17,51.1,255,1
946.29,51.43,255,1
946.41,51.67,255,1
946.54,51.81,255,1
946.66,51.97,255,1
946.79,52.2,255,1
946.91,52.4,255,1
947.03,52.5,255,1
947.16,52.47,255,1
947.28,52.74,255,1
947.41,53.0,255,1
947.53,53.19,255,1
947.65,53.58,255,1
947.78,53.54,255,1
947.9,53.63,255,1
948.03,53.74,255,1
948.15,53.95,255,1
948.27,54.12,255,1
948.4,54.38,255,1
948.52,54.6,255,1
948.64,54.79,255,1
948.77,54.84,255,1
948.89,54.98,255,1
949.02,55.03,255,1
949.14,55.3,255,1
949.26,55.71,255,1
949.39,55.75,255,1
949.51,55.82,255,1
949.64,56.05,255,1
949.76,56.23,255,1
949.88,56.62,255,1
950.01,56.41,255,1
950.13,56.79,255,1
950.25,56.92,255,1
950.38,57.1,255,1
950.5,57.12,255,1
950.63,57.46,255,1
950.75,57.49,255,1
950.87,57.71,255,1
951.0,58.01,255,1
951.12,58.1,255,1
951.24,58.15,255,1
951.37,58.34,255,1
951.49,58.59,255,1
951.61,58.89,255,1
951.74,58.89,255,1
951.86,58.91,255,1
951.99,58.89,255,1
952.11,59.24,255,1
952.23,59.5,255,1
952.36,59.66,255,1
952.48,59.87,255,1
952.61,59.85,255,1
952.73,60.12,255,1
952.85,60.12,255,1
952.98,60.48,255,1
953.1,60.57,255,1
953.22,60.53,255,1
953.35,60.63,255,1
953.47,60.97,255,1
953.6,61.06,255,1
953.72,61.41,255,1
953.84,61.36,255,1
953.97,61.5,255,1
954.09,61.47,255,1
954.22,61.9,255,1
954.34,62.0,255,1
954.46,62.28,255,1
954.59,62.23,255,1
954.71,62.54,255,1
954.83,62.43,255,1
954.96,63.03,255,1
955.08,62.93,255,1
955.21,62.99,255,1
955.33,63.51,255,1
955.45,63.3,255,1
955.58,63.24,255,1
955.7,63.48,255,1
955.83,64.11,255,1
955.95,63.89,255,1
956.07,63.93,255,1
956.2,64.02,255,1
956.32,64.49,255,1
956.44,64.3,255,1
956.57,64.61,255,1
956.69,64.84,255,1
956.82,64.76,255,1
956.94,64.98,255,1
957.06,65.26,255,1
957.19,65.45,255,1
957.31,65.42,255,1
957.43,65.34,255,1
957.58,65.69,254,1
957.7,65.64,253,1
957.83,66.05,249,1
957.95,65.93,245,1
958.08,65.97,245,1
958.2,66.37,234,1
958.36,66.61,234,1
958.49,66.52,205,1
958.61,66.81,202,1
958.74,66.79,200,1
958.86,67.22,200,1
958.98,67.06,200,1
959.11,67.18,200,1
959.66,67.91,200,1
959.79,67.96,164,1
959.91,68.09,163,1
960.04,68.31,162,1
960.16,68.36,162,1
961.29,68.94,159,1
961.41,69.11,159,1
961.53,69.06,159,1
961.66,69.21,159,1
961.78,69.28,159,1
961.91,69.45,159,1
962.03,69.6,159,1
962.15,69.47,159,1
962.28,69.61,159,1
962.4,69.65,159,1
962.52,69.67,159,1
962.65,69.78,159,1
962.77,69.75,159,1
962.9,69.89,159,1
963.02,69.96,159,1
963.14,70.0,159,1
963.27,70.16,159,1
963.39,70.02,159,1
963.51,70.27,159,1
963.64,70.08,159,1
963.76,70.38,159,1
963.89,70.26,159,1
964.01,70.56,159,1
964.13,70.46,159,1
964.26,70.41,159,1
964.38,70.71,159,1
964.5,70.58,159,1
964.63,70.59,159,1
964.75,70.81,159,1
964.88,70.59,159,1
965.0,70.99,159,1
965.12,70.58,159,1
965.25,71.04,159,1
965.37,70.82,159,1
965.49,70.96,159,1
965.62,70.99,159,1
965.74,70.96,159,1
965.87,70.97,159,1
965.99,71.21,159,1
966.11,71.2,159,1
966.24,71.7,159,1
966.36,71.26,159,1
966.48,71.36,159,1
966.61,71.23,159,1
966.73,71.45,159,1
966.86,71.46,159,1
966.98,71.36,159,1
967.1,71.58,159,1
967.23,71.57,159,1
967.35,71.5,159,1
967.47,71.64,159,1
967.6,71.59,159,1
967.72,71.75,159,1
967.85,71.77,159,1
967.97,71.76,159,1
968.09,71.83,159,1
968.22,72.03,159,1
968.34,71.89,159,1
968.47,72.05,159,1
968.59,72.0,159,1
968.71,72.03,159,1
968.84,71.92,159,1
968.96,72.16,159,1
969.08,72.13,159,1
969.21,72.3,159,1
969.33,72.29,159,1
969.46,72.27,159,1
969.58,72.58,159,1
969.7,72.33,159,1
969.83,72.32,159,1
969.95,72.39,159,1
970.08,72.59,159,1
970.2,72.04,159,1
970.32,72.6,159,1
970.45,72.52,159,1
970.57,72.72,159,1
970.69,72.59,159,1
970.82,72.7,159,1
970.94,72.71,159,1
971.07,72.81,159,1
971.19,72.81,159,1
971.31,72.7,159,1
971.44,72.9,159,1
971.56,72.77,159,1
971.68,72.87,159,1
971.81,72.95,159,1
971.93,73.18,159,1
972.05,73.04,159,1
972.18,73.13,159,1
972.3,73.03,159,1
972.43,73.15,159,1
972.55,73.15,159,1
972.67,73.27,159,1
972.8,73.22,159,1
972.92,73.4,159,1
973.04,73.31,159,1
973.17,73.7,159,1
973.29,73.57,159,1
973.42,73.39,159,1
973.54,73.51,159,1
973.66,73.3,159,1
973.79,73.54,159,1
973.91,73.71,159,1
974.04,73.54,159,1
974.16,73.52,159,1
974.28,73.88,159,1
974.41,73.83,159,1
974.53,73.98,159,1
974.66,74.12,159,1
974.78,73.85,159,1
974.9,73.86,159,1
975.03,73.75,159,1
975.15,73.63,159,1
975.28,74.28,159,1
975.4,73.97,159,1
975.52,74.09,159,1
975.65,73.73,159,1
975.77,74.5,159,1
975.89,74.03,159,1
976.02,74.06,159,1
976.14,74.56,159,1
976.27,74.47,159,1
976.39,74.36,159,1
976.51,74.12,159,1
976.64,74.34,159,1
976.76,74.36,159,1
976.88,74.35,159,1
977.01,74.66,159,1
977.13,74.61,159,1
977.26,74.53,159,1
977.38,74.69,159,1
977.5,74.74,159,1
977.63,74.7,159,1
977.75,74.88,159,1
977.87,74.63,159,1
978.0,74.64,159,1
978.12,74.83,159,1
978.25,74.97,159,1
978.37,75.01,159,1
978.49,74.83,159,1
978.62,74.95,159,1
978.74,75.02,159,1
978.86,74.88,159,1
978.99,75.2,159,1
979.11,74.68,159,1
979.23,75.07,159,1
979.36,75.6,159,1
979.48,75.22,159,1
979.61,75.44,159,1
979.73,75.26,159,1
979.85,75.14,159,1
979.98,75.23,159,1
980.1,75.25,159,1
980.23,75.62,159,1
980.35,75.46,159,1
980.47,75.69,159,1
980.6,75.4,159,1
980.72,76.17,159,1
980.84,75.59,159,1
980.97,75.74,159,1
981.09,75.49,159,1
981.22,75.77,159,1
981.34,75.91,159,1
981.46,76.0,159,1
981.59,75.65,159,1
981.71,76.01,159,1
981.84,76.15,159,1
981.96,75.58,159,1
982.08,75.99,159,1
982.21,76.11,159,1
982.33,76.08,159,1
982.46,76.44,159,1
982.58,76.15,159,1
982.7,76.15,159,1
982.83,76.23,159,1
982.95,75.65,159,1
983.07,76.12,159,1
983.2,76.35,159,1
983.32,76.28,159,1
983.45,76.18,159,1
983.57,76.32,159,1
983.69,76.34,159,1
983.82,76.65,159,1
983.94,76.58,159,1
984.06,76.47,159,1
984.19,76.86,159,1
984.31,76.28,159,1
984.44,76.78,159,1
984.56,76.19,159,1
984.68,76.49,159,1
984.81,76.55,159,1
984.93,76.62,159,1
985.05,76.42,159,1
985.18,76.85,159,1
985.3,76.68,156,1
985.43,77.48,156,1
985.55,76.64,157,1
985.67,76.82,159,1
985.8,76.81,162,1
985.92,76.88,164,1
986.05,77.02,164,1
986.17,77.16,164,1
986.3,77.11,164,1
986.42,77.47,212,1
986.55,77.35,212,1
987.67,77.59,212,1
987.79,77.73,212,1
987.92,77.22,212,1
988.04,77.57,212,1
988.17,77.67,212,1
988.29,77.96,212,1
988.41,77.56,212,1
988.54,77.95,212,1
988.66,77.98,212,1
988.78,78.12,212,1
988.91,77.93,212,1
989.03,77.78,212,1
989.16,78.16,212,1
989.28,78.22,212,1
989.41,78.46,212,1
989.53,78.21,212,1
989.65,78.5,212,1
989.78,78.2,212,1
989.9,78.44,212,1
990.02,78.23,212,1
990.15,78.76,212,1
990.27,78.8,212,1
990.4,78.51,212,1
990.52,78.69,212,1
990.64,78.44,212,1
990.77,78.83,212,1
990.89,79.01,212,1
991.01,78.96,212,1
991.14,79.3,212,1
991.26,79.19,212,1
991.39,79.17,212,1
991.51,79.11,212,1
991.63,79.31,212,1
991.76,79.29,212,1
991.88,79.65,212,1
992.01,79.44,212,1
992.13,79.35,212,1
992.25,78.89,212,1
992.38,79.42,212,1
992.5,79.43,212,1
992.62,79.41,212,1
992.75,79.45,212,1
992.87,79.44,212,1
993.0,79.42,212,1
993.12,79.49,212,1
993.24,79.22,212,1
993.37,79.09,212,1
993.49,79.36,212,1
993.61,79.24,212,1
993.74,79.32,212,1
993.86,79.26,212,1
993.98,79.28,212,1
994.11,79.17,212,1
994.23,79.19,212,1
994.36,79.15,212,1
994.48,79.68,212,1
994.6,79.12,212,1
994.73,78.61,212,1
994.85,78.97,212,1
994.98,78.72,212,1
995.1,78.9,212,1
995.22,78.93,212,1
995.35,78.89,212,1
995.47,78.85,212,1
995.59,78.79,212,1
995.72,78.98,212,1
995.84,78.2,212,1
995.97,78.64,212,1
996.09,78.49,212,1
996.21,78.4,212,1
996.34,78.47,212,1
996.46,78.45,212,1
996.59,78.73,212,1
996.71,78.33,212,1
996.83,78.23,212,1
996.96,78.15,212,1
997.08,78.2,212,1
997.2,78.08,212,1
997.33,77.81,212,1
997.45,78.02,212,1
997.58,77.96,212,1
997.7,77.89,212,1
997.82,77.8,212,1
997.95,77.83,212,1
998.07,77.36,212,1
998.2,77.74,212,1
998.32,77.56,212,1
998.44,77.53,212,1
998.57,77.44,212,1
998.69,77.14,212,1
998.81,77.26,212,1
998.94,77.34,212,1
999.06,77.27,212,1
999.19,77.22,212,1
999.31,77.15,212,1
999.43,76.81,212,1
999.56,77.03,212,1
999.68,76.96,212,1
999.8,76.58,212,1
999.93,76.87,212,1
1000.05,76.72,212,1
1000.18,76.67,212,1
1000.3,76.62,212,1
1000.42,76.44,212,1
1000.55,76.58,212,1
1000.67,76.69,212,1
1000.8,76.42,212,1
1000.92,76.27,212,1
1001.05,76.38,212,1
1001.17,76.18,255,1
1001.3,76.16,255,1
1001.42,76.22,255,1
1001.55,76.07,255,1
1001.67,75.9,255,1
1001.8,75.6,255,1
1001.92,75.64,255,1
1002.04,75.82,255,1
1002.17,75.81,255,1
1002.29,75.71,255,1
1002.42,75.5,255,1
1002.54,75.52,255,1
1002.67,75.41,255,1
1002.79,75.47,255,1
1002.92,75.35,255,1
1003.04,75.2,255,1
1003.16,75.01,255,1
1003.29,75.21,255,1
1003.41,75.11,255,1
1003.54,75.1,255,1
1003.66,75.1,255,1
1003.79,74.83,255,1
1003.91,74.94,255,1
1004.04,74.89,255,1
1004.16,74.69,255,1
1004.28,74.52,255,1
1004.41,74.7,255,1
1004.53,74.56,255,1
1004.66,74.58,255,1
1004.78,74.36,255,1
1004.91,74.48,255,1
1005.03,74.37,255,1
1005.16,74.24,255,1
1005.28,74.28,255,1
1005.41,74.11,255,1
1005.53,74.21,255,1
1005.66,73.98,255,1
1005.78,74.09,255,1
1005.9,73.94,255,1
1006.03,73.81,255,1
1006.15,73.93,255,1
1006.28,73.72,255,1
1006.4,74.0,255,1
1006.53,73.46,255,1
1006.65,73.6,255,1
1006.78,73.65,255,1
1006.9,73.41,255,1
1007.03,73.49,255,1
1007.15,73.32,255,1
1007.27,73.21,255,1
1007.4,73.35,255,1
1007.52,73.35,255,1
1007.65,73.07,255,1
1007.77,73.11,255,1
1007.9,73.03,255,1
1008.02,73.12,255,1
1008.15,73.04,255,1
1008.27,73.06,255,1
1008.39,72.94,255,1
1008.52,73.03,255,1
1008.64,72.79,255,1
1008.77,72.66,255,1
1008.89,72.74,255,1
1009.02,72.55,255,1
1009.14,72.57,255,1
1009.27,72.42,255,1
1009.39,72.39,255,1
1009.52,72.28,255,1
1009.64,72.28,255,1
1009.76,72.4,255,1
1009.89,72.18,255,1
1010.01,72.28,255,1
1010.14,72.11,255,1
1010.26,72.05,255,1
1010.39,71.99,255,1
1010.51,72.15,255,1
1010.64,71.92,255,1
1010.76,71.96,255,1
1010.88,71.95,255,1
1011.01,71.76,255,1
1011.13,71.77,255,1
1011.26,71.63,255,1
1011.38,71.68,255,1
1011.51,71.65,255,1
1011.63,71.75,255,1
1011.76,71.43,255,1
1011.88,71.14,255,1
1012.0,71.43,255,1
1012.13,71.31,255,1
1012.25,71.32,255,1
1012.38,71.3,255,1
1012.5,71.12,255,1
1012.63,71.04,255,1
1012.75,70.86,255,1
1012.88,71.06,255,1
1013.0,71.07,255,1
1013.13,71.09,255,1
1013.25,70.96,255,1
1013.37,70.75,255,1
1013.5,70.78,255,1
1013.62,70.82,255,1
1013.75,70.5,255,1
1013.87,70.44,255,1
1014.0,70.62,255,1
1014.12,70.46,255,1
1014.25,70.59,255,1
1014.37,70.33,255,1
1014.5,70.31,255,1
1014.62,70.21,255,1
1014.74,70.28,255,1
1014.87,70.09,255,1
1014.99,70.13,255,1
1015.12,70.07,255,1
1015.24,70.0,255,1
1015.37,69.88,255,1
1015.49,70.0,255,1
1015.61,69.86,255,1
1015.74,69.96,255,1
1015.86,69.96,255,1
1015.99,69.65,255,1
1016.11,69.68,255,1
1016.24,69.6,255,1
1016.36,69.58,255,1
1016.49,69.58,255,1
1016.61,69.51,255,1
1016.74,69.41,255,1
1016.86,69.44,255,1
1016.98,69.24,255,1
1017.11,69.26,255,1
1017.23,69.37,255,1
1017.36,69.19,255,1
1017.48,69.12,255,1
1017.61,69.05,255,1
1017.73,68.97,255,1
1017.86,69.04,255,1
1017.98,68.98,255,1
1018.1,68.94,255,1
1018.23,68.9,255,1
1018.35,68.83,255,1
1018.48,68.95,255,1
1018.6,68.75,255,1
1018.73,68.71,255,1
1018.85,68.63,255,1
1018.98,68.64,255,1
1019.1,68.7,255,1
1019.23,68.7,255,1
1019.35,68.47,255,1
1019.47,68.43,255,1
1019.6,68.36,255,1
1019.72,68.35,255,1
1019.85,68.28,255,1
1019.97,68.21,255,1
1020.1,68.1,255,1
1020.22,68.21,255,1
1020.35,68.11,255,1
1020.47,68.07,255,1
1020.59,68.02,255,1
1020.72,67.99,255,1
1020.84,67.91,255,1
1020.97,67.93,255,1
1021.09,67.84,255,1
1021.22,67.8,255,1
1021.34,67.71,255,1
1021.47,67.53,255,1
1021.59,67.75,255,1
1021.72,67.63,255,1
1021.84,67.51,255,1
1021.97,67.49,255,1
1022.09,67.45,255,1
1022.21,67.44,255,1
1022.34,67.4,255,1
1022.46,67.51,255,1
1022.59,67.38,255,1
1022.71,67.3,255,1
1022.84,67.32,255,1
1022.96,67.16,255,1
1023.09,67.07,255,1
1023.21,67.0,255,1
1023.33,67.01,255,1
1023.46,66.92,255,1
1023.58,66.88,255,1
1023.71,66.97,255,1
1023.83,66.85,255,1
1023.96,66.56,255,1
1024.08,66.81,255,1
1024.21,66.66,255,1
1024.33,66.53,255,1
1024.45,66.62,255,1
1024.58,66.6,255,1
1024.7,66.5,255,1
1024.83,66.47,255,1
1024.95,66.49,255,1
1025.08,66.37,255,1
1025.2,66.35,255,1
1025.33,66.16,255,1
1025.45,66.27,255,1
1025.57,66.19,255,1
1025.7,66.2,255,1
1025.82,66.18,255,1
1025.95,66.14,255,1
1026.07,66.07,255,1
1026.2,65.9,255,1
1026.32,65.98,255,1
1026.45,66.0,255,1
1026.57,65.9,255,1
1026.7,65.92,255,1
1026.82,65.82,255,1
1026.94,65.74,255,1
1027.07,65.68,255,1
1027.19,65.5,255,1
1027.32,65.62,255,1
1027.44,65.6,255,1
1027.57,65.51,255,1
1027.69,65.43,255,1
1027.82,65.43,255,1
1027.94,65.45,255,1
1028.07,65.36,255,1
1028.19,65.36,255,1
1028.31,65.28,255,1
1028.44,65.17,255,1
1028.56,65.21,255,1
1028.69,65.17,255,1
1028.81,65.13,255,1
1028.94,65.1,255,1
1029.06,65.03,255,1
1029.19,65.02,255,1
1029.31,65.06,255,1
1029.44,64.94,255,1
1029.56,64.84,255,1
1029.68,64.93,255,1
1029.81,64.76,255,1
1029.93,64.79,255,1
1030.06,64.71,255,1
1030.18,64.66,255,1
1030.31,64.6,255,1
1030.43,64.57,255,1
1030.56,64.56,255,1
1030.68,64.54,255,1
1030.8,64.41,255,1
1030.93,64.43,255,1
1031.05,64.35,255,1
1031.18,64.33,255,1
1031.3,64.28,255,1
1031.43,64.25,255,1
1031.55,64.24,255,1
1031.68,64.14,255,1
1031.8,64.16,255,1
1031.92,64.06,255,1
1032.05,64.06,255,1
1032.17,63.99,255,1
1032.3,63.95,255,1
1032.42,63.94,255,1
1032.55,63.89,255,1
1032.67,63.84,255,1
1032.8,63.75,255,1
1032.92,63.78,255,1
1033.05,63.75,255,1
1033.17,63.69,255,1
1033.29,63.64,255,1
1033.42,63.5,255,1
1033.54,63.54,255,1
1033.67,63.44,255,1
1033.79,63.49,255,1
1033.92,63.42,255,1
1034.04,63.44,255,1
1034.17,63.37,255,1
1034.29,63.32,255,1
1034.42,63.26,255,1
1034.54,63.27,255,1
1034.66,63.18,255,1
1034.79,63.14,255,1
1034.91,63.11,255,1
1035.04,62.95,255,1
1035.16,63.09,255,1
1035.29,63.02,255,1
1035.41,62.93,255,1
1035.54,62.96,255,1
1035.66,62.9,255,1
1035.78,62.82,255,1
1035.91,62.8,255,1
1036.03,62.79,255,1
1036.16,62.76,255,1
1036.28,62.75,255,1
1036.41,62.63,255,1
1036.53,62.51,255,1
1036.66,62.56,255,1
1036.78,62.54,255,1
1036.91,62.48,255,1
1037.03,62.45,255,1
1037.15,62.46,255,1
1037.28,62.35,255,1
1037.4,62.27,255,1
1037.53,62.28,255,1
1037.65,62.3,255,1
1037.78,62.25,255,1
1037.9,62.25,255,1
1038.03,62.2,255,1
1038.15,62.07,255,1
1038.27,61.97,255,1
1038.4,62.01,255,1
1038.52,61.99,255,1
1038.65,61.95,255,1
1038.77,61.91,255,1
1038.9,61.91,255,1
1039.02,61.88,255,1
1039.15,61.85,255,1
1039.27,61.76,255,1
1039.39,61.74,255,1
1039.52,61.74,255,1
1039.64,61.68,255,1
1039.77,61.62,255,1
1039.89,61.59,255,1
1040.02,61.55,255,1
1040.14,61.5,255,1
1040.27,61.47,255,1
1040.39,61.45,255,1
1040.52,61.42,255,1
1040.64,61.38,255,1
1040.76,61.33,255,1
1040.89,61.28,255,1
1041.01,61.16,255,1
1041.14,61.2,255,1
1041.26,61.19,255,1
1041.39,61.11,255,1
1041.51,61.01,255,1
1041.64,61.11,255,1
1041.76,60.96,255,1
1041.89,60.92,255,1
1042.01,60.92,255,1
1042.13,60.79,255,1
1042.26,60.86,255,1
1042.38,60.85,255,1
1042.51,60.83,255,1
1042.63,60.88,255,1
1042.76,60.91,255,1
1042.88,60.91,255,1
1043.01,60.9,255,1
1043.13,61.0,255,1
1043.26,60.99,255,1
1043.38,61.13,255,1
1043.5,61.25,255,1
1043.63,61.33,255,1
1043.75,61.23,255,1
1043.88,61.48,255,1
1044.0,61.57,255,1
1044.13,61.72,255,1
1044.25,61.79,255,1
1044.38,61.89,255,1
1044.5,61.99,255,1
1044.62,62.11,255,1
1044.75,62.27,255,1
1044.87,62.41,255,1
1045.0,62.43,255,1
1045.12,62.55,255,1
1045.25,62.73,255,1
1045.37,62.8,255,1
1045.5,63.1,255,1
1045.62,63.09,255,1
1045.75,63.26,255,1
1045.87,63.35,255,1
1045.99,63.53,255,1
1046.12,63.59,255,1
1046.24,63.8,255,1
1046.37,63.87,255,1
1046.49,64.08,255,1
1046.62,64.26,255,1
1046.74,64.28,255,1
1046.86,64.55,255,1
1046.99,64.53,255,1
1047.11,64.69,255,1
1047.24,64.85,255,1
1047.36,64.98,255,1
1047.49,65.16,255,1
1047.61,65.26,255,1
1047.74,65.38,255,1
1047.86,65.6,255,1
1047.99,65.7,255,1
1048.11,65.89,255,1
1048.23,65.95,255,1
1048.36,66.16,255,1
1048.48,66.26,255,1
1048.61,66.46,255,1
1048.73,66.55,255,1
1048.86,66.61,255,1
1048.98,66.83,255,1
1049.11,67.05,255,1
1049.23,66.93,255,1
1049.35,67.28,255,1
1049.48,67.17,255,1
1049.6,67.57,255,1
1049.73,67.71,255,1
1049.85,67.93,255,1
1049.98,67.88,255,1
1050.1,68.13,255,1
1050.23,68.25,255,1
1050.35,68.31,255,1
1050.48,68.53,255,1
1050.6,68.74,255,1
1050.72,68.8,255,1
1050.85,68.98,255,1
1050.97,69.18,255,1
1051.1,69.18,255,1
1051.22,69.25,255,1
1051.35,69.44,255,1
1051.47,69.58,255,1
1051.6,69.79,255,1
1051.72,69.83,255,1
1051.84,69.99,255,1
1051.97,70.25,255,1
1052.09,70.29,255,1
1052.22,70.37,255,1
1052.34,70.44,255,1
1052.47,70.65,255,1
1052.59,70.86,255,1
1052.72,70.88,255,1
1052.84,71.07,255,1
1052.96,71.19,255,1
1053.09,71.28,255,1
1053.21,71.35,255,1
1053.34,71.57,255,1
1053.46,71.64,255,1
1053.59,71.86,255,1
1053.71,71.94,255,1
1053.84,71.98,255,1
1053.96,72.19,255,1
1054.09,72.28,255,1
1054.21,72.45,255,1
1054.34,72.34,255,1
1054.46,72.75,255,1
1054.58,72.78,255,1
1054.71,72.78,255,1
1054.83,72.94,255,1
1054.96,73.17,255,1
1055.08,73.33,255,1
1055.21,73.44,255,1
1055.33,73.56,255,1
1055.46,73.51,255,1
1055.58,73.71,255,1
1055.7,73.78,255,1
1055.83,74.09,255,1
1055.95,74.26,255,1
1056.08,74.2,255,1
1056.2,74.31,255,1
1056.33,74.39,255,1
1056.45,74.57,255,1
1056.58,74.71,255,1
1056.7,74.77,255,1
1056.82,74.86,255,1
1056.95,75.04,255,1
1057.07,75.11,255,1
1057.2,75.21,255,1
1057.32,75.39,255,1
1057.45,75.3,255,1
1057.57,75.65,255,1
1057.7,75.61,255,1
1057.82,75.84,255,1
1057.95,76.06,255,1
1058.07,76.02,255,1
1058.19,76.08,255,1
1058.32,76.02,255,1
1058.44,76.17,255,1
1058.57,76.33,255,1
1058.69,76.47,255,1
1058.82,76.62,255,1
1058.94,76.7,255,1
1059.07,76.86,255,1
1059.19,76.88,255,1
1059.31,77.06,255,1
1059.44,77.01,255,1
1059.56,77.26,255,1
1059.69,77.35,255,1
1059.81,77.42,255,1
1059.94,77.56,255,1
1060.06,77.7,255,1
1060.19,77.73,255,1
1060.31,77.8,255,1
1060.44,77.95,255,1
1060.56,77.98,255,1
1060.68,78.31,255,1
1060.81,78.25,255,1
1060.93,78.3,255,1
1061.06,78.55,255,1
1061.18,78.49,255,1
1061.31,78.66,255,1
1061.43,78.69,255,1
1061.56,78.73,255,1
1061.68,78.97,255,1
1061.81,78.86,255,1
1061.93,79.13,255,1
1062.05,79.17,255,1
1062.18,79.39,255,1
1062.3,79.43,255,1
1062.43,79.58,255,1
1062.55,79.59,255,1
1062.68,79.77,255,1
1062.8,79.93,255,1
1062.93,79.94,255,1
1063.05,79.94,255,1
1063.18,80.01,255,1
1063.3,80.03,255,1
1063.42,80.05,255,1
1063.55,79.93,255,1
1063.67,80.14,255,1
1063.8,80.14,255,1
1063.92,80.18,255,1
1064.05,80.15,255,1
1064.17,80.13,255,1
1064.3,80.16,255,1
1064.42,80.17,255,1
1064.55,80.13,255,1
1064.67,80.17,255,1
1064.79,80.09,255,1
1064.92,80.09,255,1
1065.04,80.12,255,1
1065.17,80.12,255,1
1065.29,79.92,255,1
1065.42,80.04,255,1
1065.54,79.98,255,1
1065.67,80.02,255,1
1065.79,80.21,255,1
1065.91,79.89,255,1
1066.04,79.86,255,1
1066.16,79.83,255,1
1066.29,79.94,255,1
1066.41,79.74,255,1
1066.54,79.72,255,1
1066.66,79.66,255,1
1066.79,79.63,255,1
1066.91,79.59,255,1
1067.04,79.64,255,1
1067.16,79.49,255,1
1067.28,79.41,255,1
1067.41,79.44,255,1
1067.53,79.34,255,1
1067.66,79.48,255,1
1067.78,79.27,255,1
1067.91,79.21,255,1
1068.03,78.85,255,1
1068.16,79.08,255,1
1068.28,78.88,255,1
1068.4,78.95,255,1
1068.53,78.88,255,1
1068.65,78.87,255,1
1068.78,78.75,255,1
1068.9,78.68,255,1
1069.03,78.66,255,1
1069.15,78.62,255,1
1069.28,78.49,255,1
1069.4,78.49,255,1
1069.52,78.44,255,1
1069.65,78.35,255,1
1069.77,78.29,255,1
1069.9,78.25,255,1
1070.02,77.97,255,1
1070.15,78.14,255,1
1070.27,78.01,255,1
1070.4,78.2,255,1
1070.52,77.9,255,1
1070.65,77.81,255,1
1070.77,77.83,255,1
1070.9,77.75,255,1
1071.02,77.69,255,1
1071.14,77.61,255,1
1071.27,77.53,255,1
1071.39,77.47,255,1
1071.52,77.46,255,1
1071.64,77.33,255,1
1071.77,77.32,255,1
1071.89,77.18,250,1
1072.02,77.16,238,1
1072.14,77.06,180,1
1072.27,77.06,132,1
1072.39,77.06,132,1
1072.52,76.81,132,1
1072.64,76.93,132,1
1072.76,76.95,132,1
1072.89,76.79,132,1
1073.01,76.74,132,1
1073.14,76.61,132,1
1073.26,76.64,132,1
1073.39,76.48,132,1
1073.51,76.5,132,1
1073.64,76.36,132,1
1073.76,76.38,132,1
1073.89,76.1,132,1
1074.01,76.24,132,1
1074.14,76.27,132,1
1074.26,76.12,132,1
1074.38,75.98,132,1
1074.51,76.0,132,1
1074.63,75.92,132,1
1074.76,75.88,132,1
1074.88,75.85,132,1
1075.01,75.7,132,1
1075.13,75.68,132,1
1075.26,75.64,132,1
1075.38,75.51,132,1
1075.5,75.53,132,1
1075.63,75.45,132,1
1075.75,75.38,132,1
1075.88,75.34,132,1
1076.0,75.23,132,1
1076.13,75.22,132,1
1076.25,75.01,132,1
1076.38,75.06,132,1
1076.5,74.94,132,1
1076.63,74.93,132,1
1076.75,74.92,132,1
1076.87,74.71,132,1
1077.0,74.73,132,1
1077.12,74.7,132,1
1077.25,74.69,132,1
1077.37,74.6,132,1
1077.5,74.6,132,1
1077.62,74.43,132,1
1077.75,74.5,132,1
1077.87,74.22,132,1
1077.99,74.29,132,1
1078.12,74.26,132,1
1078.24,74.19,132,1
1078.37,74.14,132,1
1078.49,74.12,132,1
1078.62,74.05,132,1
1078.74,73.91,132,1
1078.86,73.91,132,1
1078.99,73.88,132,1
1079.11,73.78,132,1
1079.24,73.77,132,1
1079.36,73.75,132,1
1079.49,73.69,132,1
1079.61,73.5,132,1
1079.74,73.39,132,1
1079.86,73.45,132,1
1079.99,73.39,132,1
1080.11,73.43,132,1
1080.24,73.36,132,1
1080.36,73.28,132,1
1080.48,73.17,132,1
1080.61,73.14,132,1
1080.73,73.06,132,1
1080.86,73.01,132,1
1080.98,72.99,132,1
1081.11,72.92,132,1
1081.23,72.82,132,1
1081.36,72.76,132,1
1081.48,72.8,132,1
1081.6,72.76,132,1
1081.73,72.67,132,1
1081.85,72.58,132,1
1081.98,72.43,132,1
1082.1,72.49,132,1
1082.23,72.42,132,1
1082.35,72.37,132,1
1082.48,72.29,132,1
1082.6,72.21,132,1
1082.72,72.29,132,1
1082.85,72.16,132,1
1082.97,72.04,132,1
1083.1,72.11,132,1
1083.22,72.04,132,1
1083.35,72.03,132,1
1083.47,71.79,132,1
1083.6,71.97,132,1
1083.72,71.79,132,1
1083.85,71.72,132,1
1083.97,71.71,132,1
1084.09,71.63,132,1
1084.22,71.54,132,1
1084.34,71.49,132,1
1084.47,71.53,132,1
1084.59,71.44,132,1
1084.72,71.41,132,1
1084.84,71.45,132,1
1084.97,71.35,132,1
1085.09,71.29,132,1
1085.21,71.28,132,1
1085.34,71.19,132,1
1085.46,71.16,132,1
1085.59,71.04,132,1
1085.71,70.96,132,1
1085.84,70.98,132,1
1085.96,70.98,132,1
1086.09,70.86,132,1
1086.21,70.76,132,1
1086.34,70.78,132,1
1086.46,70.55,132,1
1086.58,70.71,132,1
1086.71,70.67,132,1
1086.83,70.64,132,1
1086.96,70.53,132,1
1087.08,70.46,132,1
1087.21,70.44,132,1
1087.33,70.37,132,1
1087.46,70.23,132,1
1087.58,70.24,132,1
1087.7,70.27,132,1
1087.83,70.14,132,1
1087.95,70.12,132,1
1088.08,70.04,132,1
1088.2,69.99,132,1
1088.33,70.06,132,1
1088.45,70.07,132,1
1088.58,69.94,132,1
1088.7,69.86,132,1
1088.82,69.83,132,1
1088.95,69.75,132,1
1089.07,69.72,132,1
1089.2,69.64,132,1
1089.32,69.58,132,1
1089.45,69.59,132,1
1089.57,69.49,132,1
1089.7,69.49,132,1
1089.82,69.48,132,1
1089.95,69.42,132,1
1090.07,69.37,132,1
1090.19,69.24,132,1
1090.32,69.26,132,1
1090.44,69.16,132,1
1090.57,69.08,132,1
1090.69,69.07,132,1
1090.82,69.02,132,1
1090.94,68.89,132,1
1091.07,68.94,132,1
1091.19,68.83,132,1
1091.31,68.9,132,1
1091.44,68.83,132,1
1091.56,68.75,132,1
1091.69,68.75,132,1
1091.81,68.7,132,1
1091.94,68.61,132,1
1092.06,68.5,132,1
1092.19,68.51,132,1
1092.31,68.54,132,1
1092.44,68.43,132,1
1092.56,68.38,132,1
1092.68,68.38,132,1
1092.81,68.24,132,1
1092.93,68.16,132,1
1093.06,68.23,132,1
1093.18,68.15,132,1
1093.31,68.14,132,1
1093.43,68.13,132,1
1093.56,68.01,132,1
1093.68,67.98,132,1
1093.81,67.97,132,1
1093.93,67.97,132,1
1094.05,67.77,132,1
1094.18,67.79,132,1
1094.3,67.83,132,1
1094.43,67.73,132,1
1094.55,67.71,132,1
1094.68,67.64,132,1
1094.8,67.58,132,1
1094.93,67.53,132,1
1095.05,67.53,132,1
1095.18,67.45,132,1
1095.3,67.43,132,1
1095.42,67.32,132,1
1095.55,67.27,132,1
1095.67,67.28,132,1
1095.8,67.26,132,1
1095.92,67.19,132,1
1096.05,67.18,132,1
1096.17,67.11,132,1
1096.3,67.1,132,1
1096.42,67.03,132,1
1096.54,66.97,132,1
1096.67,66.99,132,1
1096.79,66.9,132,1
1096.92,66.79,132,1
1097.04,66.7,132,1
1097.17,66.75,132,1
1097.29,66.71,132,1
1097.42,66.66,132,1
1097.54,66.64,132,1
1097.66,66.68,132,1
1097.79,66.57,132,1
1097.91,66.47,132,1
1098.04,66.46,132,1
1098.16,66.47,132,1
1098.29,66.41,132,1
1098.41,66.35,132,1
1098.54,66.3,132,1
1098.66,66.22,132,1
1098.79,66.17,132,1
1098.91,66.11,132,1
1099.03,66.19,132,1
1099.16,66.04,132,1
1099.28,66.05,132,1
1099.41,66.01,132,1
1099.53,65.95,132,1
1099.66,65.92,132,1
1099.78,65.94,132,1
1099.91,65.85,132,1
1100.03,65.78,132,1
1100.15,65.75,132,1
1100.28,65.66,132,1
1100.4,65.58,132,1
1100.53,65.56,132,1
1100.65,65.51,132,1
1100.78,65.53,132,1
1100.9,65.5,132,1
1101.03,65.46,132,1
1101.15,65.46,132,1
1101.28,65.37,132,1
1101.4,65.33,132,1
1101.52,65.3,132,1
1101.65,65.26,132,1
1101.77,65.23,132,1
1101.9,65.16,132,1
1102.02,65.13,132,1
1102.15,65.09,132,1
1102.27,65.05,132,1
1102.4,65.04,132,1
1102.52,64.93,132,1
1102.64,64.9,132,1
1102.77,64.88,132,1
1102.89,64.84,132,1
1103.02,64.8,132,1
1103.14,64.74,132,1
1103.27,64.82,132,1
1103.39,64.68,132,1
1103.52,64.63,132,1
1103.64,64.6,132,1
1103.76,64.51,132,1
1103.89,64.61,132,1
1104.01,64.54,132,1
1104.14,64.4,132,1
1104.26,64.43,132,1
1104.39,64.29,132,1
1104.51,64.33,132,1
1104.64,64.28,132,1
1104.76,64.17,132,1
1104.89,64.19,132,1
1105.01,64.17,132,1
1105.13,64.1,132,1
1105.26,64.11,132,1
1105.38,64.04,132,1
1105.51,63.98,132,1
1105.63,63.88,132,1
1105.76,63.92,132,1
1105.88,63.87,132,1
1106.01,63.82,132,1
1106.13,63.88,132,1
1106.25,63.76,132,1
1106.38,63.68,132,1
1106.5,63.66,132,1
1106.63,63.63,132,1
1106.75,63.65,132,1
1106.88,63.56,132,1
1107.0,63.53,132,1
1107.13,63.49,132,1
1107.25,63.45,132,1
1107.38,63.42,132,1
1107.5,63.35,132,1
1107.62,63.32,132,1
1107.75,63.32,132,1
1107.87,63.25,132,1
1108.0,63.13,132,1
1108.12,63.16,132,1
1108.25,63.14,132,1
1108.37,63.1,132,1
1108.5,63.05,132,1
1108.62,63.01,132,1
1108.74,62.96,132,1
1108.87,62.94,132,1
1108.99,62.92,132,1
1109.12,62.88,132,1
1109.24,62.84,132,1
1109.37,62.78,132,1
1109.49,62.73,132,1
1109.61,62.71,132,1
1109.74,62.68,132,1
1109.86,62.67,132,1
1109.99,62.59,132,1
1110.11,62.54,132,1
1110.24,62.52,132,1
1110.36,62.45,132,1
1110.49,62.44,132,1
1110.61,62.4,132,1
1110.74,62.35,132,1
1110.86,62.34,132,1
1110.98,62.35,132,1
1111.11,62.28,132,1
1111.23,62.2,132,1
1111.36,62.15,132,1
1111.48,62.15,132,1
1111.61,62.09,132,1
1111.73,62.06,132,1
1111.86,62.01,132,1
1111.98,61.98,132,1
1112.1,61.95,132,1
1112.23,61.92,132,1
1112.35,61.88,132,1
1112.48,61.85,132,1
1112.6,61.79,132,1
1112.73,61.76,132,1
1112.85,61.72,132,1
1112.98,61.73,132,1
1113.1,61.67,132,1
1113.23,61.67,132,1
1113.35,61.53,132,1
1113.48,61.55,132,1
1113.6,61.48,132,1
1113.72,61.46,132,1
1113.85,61.41,132,1
1113.97,61.37,132,1
1114.1,61.33,132,1
1114.22,61.33,132,1
1114.35,61.29,132,1
1114.47,61.24,132,1
1114.6,61.21,132,1
1114.72,61.18,132,1
1114.84,61.12,132,1
1114.97,61.1,132,1
1115.09,61.07,132,1
1115.22,61.09,132,1
1115.34,60.98,132,1
1115.47,60.95,132,1
1115.59,60.91,132,1
1115.72,60.86,132,1
1115.84,60.83,132,1
1115.96,60.76,132,1
1116.09,60.76,132,1
1116.21,60.73,132,1
1116.34,60.69,132,1
1116.46,60.62,132,1
1116.59,60.57,132,1
1116.71,60.55,132,1
1116.84,60.62,132,1
1116.96,60.52,132,1
1117.09,60.47,132,1
1117.21,60.49,132,1
1117.33,60.41,132,1
1117.46,60.39,132,1
1117.58,60.4,132,1
1117.71,60.46,0,1
1117.83,60.56,0,1
1117.96,60.4,0,1
1118.08,60.55,0,1
1118.2,60.55,0,1
1118.33,60.54,0,1
1118.45,60.54,0,1
1118.57,60.56,0,1
1118.7,60.52,0,1
1118.82,60.53,0,1
1118.95,60.54,0,1
1119.07,60.48,0,1
1119.19,60.5,0,1
1119.32,60.46,0,1
1119.44,60.43,0,1
1119.56,60.42,0,1
1119.69,60.42,0,1
1119.81,60.36,0,1
1119.94,60.33,0,1
1120.06,60.3,0,1
1120.19,60.27,0,1
1120.31,60.22,0,1
1120.43,60.18,0,1
1120.56,60.18,0,1
1120.68,60.14,0,1
1120.8,60.1,0,1
1120.93,60.09,0,1
1121.05,60.02,0,1
1121.17,59.97,0,1
1121.3,59.97,0,1
1121.42,60.0,0,1
1121.55,59.89,0,1
1121.67,59.86,0,1
1121.79,59.8,0,1
1121.92,59.75,0,1
1122.04,59.72,0,1
1122.17,59.63,0,1
1122.29,59.6,0,1
1122.41,59.6,0,1
1122.54,59.53,0,1
1122.66,59.49,0,1
1122.78,59.4,0,1
1122.91,59.4,0,1
1123.03,59.34,0,1
1123.16,59.31,0,1
1123.28,59.25,0,1
1123.4,59.19,0,1
1123.53,59.16,0,1
1123.65,59.13,0,1
1123.77,59.09,0,1
1123.9,59.01,0,1
1124.02,59.02,0,1
1124.15,58.9,0,1
1124.27,58.88,0,1
1124.39,58.81,0,1
1124.52,58.78,0,1
1124.64,58.73,0,1
1124.76,58.69,0,1
1124.89,58.63,0,1
1125.01,58.59,0,1
1125.14,58.55,0,1
1125.26,58.46,0,1
1125.38,58.44,0,1
1125.51,58.32,0,1
1125.63,58.36,0,1
1125.75,58.27,0,1
1125.88,58.25,0,1
1126.0,58.21,0,1
1126.13,58.15,0,1
1126.25,58.07,0,1
1126.37,58.06,0,1
1126.5,58.04,0,1
1126.62,57.95,0,1
1126.75,57.99,0,1
1126.87,57.82,0,1
1126.99,57.82,0,1
1127.11,57.77,0,1
1127.24,57.69,0,1
1127.36,57.64,0,1
1127.49,57.64,0,1
1127.61,57.53,0,1
1127.73,57.48,0,1
1127.86,57.48,0,1
1127.98,57.42,0,1
1128.1,57.34,0,1
1128.23,57.32,0,1
1128.35,57.25,0,1
1128.48,57.22,0,1
1128.6,57.24,0,1
1128.72,57.16,0,1
1128.85,57.06,0,1
1128.97,57.01,0,1
1129.1,56.98,0,1
1129.22,56.93,0,1
1129.34,56.81,0,1
1129.47,56.83,0,1
1129.59,56.79,0,1
1129.71,56.74,0,1
1129.84,56.67,0,1
1129.96,56.64,0,1
1130.09,56.61,0,1
1130.21,56.52,0,1
1130.33,56.51,0,1
1130.46,56.47,0,1
1130.58,56.42,0,1
1130.7,56.41,0,1
1130.83,56.32,0,1
1130.95,56.26,0,1
1131.08,56.21,0,1
1131.2,56.17,0,1
1131.32,56.13,0,1
1131.45,56.07,0,1
1131.57,56.03,0,1
1131.69,55.98,0,1
1131.82,55.9,0,1
1131.94,55.86,0,1
1132.07,55.85,0,1
1132.19,55.82,0,1
1132.31,55.78,0,1
1132.44,55.72,0,1
1132.56,55.66,0,1
1132.69,55.65,0,1
1132.81,55.55,0,1
1132.93,55.51,0,1
1133.06,55.45,0,1
1133.18,55.43,0,1
1133.3,55.41,0,1
1133.43,55.37,0,1
1133.55,55.33,0,1
1133.68,55.28,0,1
1133.8,55.21,0,1
1133.92,55.19,0,1
1134.05,55.15,0,1
1134.17,55.11,0,1
1134.29,55.04,0,1
1134.42,54.98,0,1
1134.54,54.94,0,1
1134.66,54.91,0,1
1134.79,54.87,0,1
1134.91,54.83,0,1
1135.04,54.8,0,1
1135.16,54.76,0,1
1135.28,54.72,0,1
1135.41,54.68,0,1
1135.53,54.64,0,1
1135.65,54.58,0,1
1135.78,54.54,0,1
1135.9,54.5,0,1
1136.03,54.45,0,1
1136.15,54.41,0,1
1136.27,54.38,0,1
1136.4,54.34,0,1
1136.52,54.31,0,1
1136.65,54.24,0,1
1136.77,54.21,0,1
1136.89,54.13,0,1
1137.02,54.13,0,1
1137.14,54.09,0,1
1137.26,54.04,0,1
1137.39,53.96,0,1
1137.51,53.93,0,1
1137.64,53.89,0,1
1137.76,53.88,0,1
1137.88,53.8,0,1
1138.01,53.76,0,1
1138.13,53.74,0,1
1138.25,53.7,0,1
1138.38,53.65,0,1
1138.5,53.59,0,1
1138.63,53.55,0,1
1138.75,53.52,0,1
1138.87,53.46,0,1
1139.0,53.44,0,1
1139.12,53.39,0,1
1139.24,53.34,0,1
1139.37,53.34,0,1
1139.49,53.31,0,1
1139.61,53.23,0,1
1139.74,53.22,0,1
1139.86,53.18,0,1
1139.99,53.11,0,1
1140.11,53.1,0,1
1140.23,53.08,0,1
1140.36,52.99,0,1
1140.48,52.96,0,1
1140.6,52.89,0,1
1140.73,52.91,0,1
1140.85,52.86,0,1
1140.98,52.82,0,1
1141.1,52.78,0,1
1141.22,52.72,0,1
1141.35,52.69,0,1
1141.47,52.67,0,1
1141.59,52.6,0,1
1141.72,52.57,0,1
1141.84,52.53,0,1
1141.97,52.51,0,1
1142.09,52.45,0,1
1142.21,52.39,0,1
1142.34,52.35,0,1
1142.46,52.35,0,1
1142.58,52.3,0,1
1142.71,52.22,0,1
1142.83,52.2,0,1
1142.96,52.16,0,1
1143.08,52.14,0,1
1143.2,52.09,0,1
1143.33,52.07,0,1
1143.45,52.03,0,1
1143.57,51.96,0,1
1143.7,51.93,0,1
1143.82,51.93,0,1
1143.95,51.88,0,1
1144.07,51.81,0,1
1144.19,51.79,0,1
1144.32,51.78,0,1
1144.44,51.72,0,1
1144.56,51.68,0,1
1144.69,51.63,0,1
1144.81,51.62,0,1
1144.94,51.55,0,1
1145.06,51.53,0,1
1145.18,51.51,0,1
1145.31,51.48,0,1
1145.43,51.44,0,1
1145.55,51.38,0,1
1145.68,51.33,0,1
1145.8,51.3,0,1
1145.93,51.27,0,1
1146.05,51.23,0,1
1146.17,51.19,0,1
1146.3,51.17,0,1
1146.42,51.11,0,1
1146.55,51.07,0,1
1146.67,51.05,0,1
1146.79,50.99,0,1
1146.92,50.99,0,1
1147.04,50.98,0,1
1147.16,50.92,0,1
1147.29,50.87,0,1
1147.41,50.84,0,1
1147.53,50.81,0,1
1147.66,50.74,0,1
1147.78,50.72,0,1
1147.91,50.68,0,1
1148.03,50.64,0,1
1148.15,50.65,0,1
1148.28,50.58,0,1
1148.4,50.55,0,1
1148.52,50.55,0,1
1148.65,50.5,0,1
1148.77,50.44,0,1
1148.9,50.42,0,1
1149.02,50.39,0,1
1149.14,50.33,0,1
1149.27,50.31,0,1
1149.39,50.24,0,1
1149.51,50.23,0,1
1149.64,50.2,0,1
1149.76,50.14,0,1
1149.89,50.07,0,1
1150.01,50.11,0,1
1150.13,50.05,0,1
1150.26,50.02,0,1
1150.38,49.99,0,1
1150.5,49.96,0,1
1150.63,49.94,0,1
1150.75,49.87,0,1
1150.88,49.85,0,1
1151.0,49.83,0,1
1151.12,49.8,0,1
1151.25,49.76,0,1
1151.37,49.73,0,1
1151.5,49.7,0,1
1151.62,49.68,0,1
1151.74,49.6,0,1
1151.86,49.6,0,1
1151.99,49.56,0,1
1152.11,49.5,0,1
1152.24,49.48,0,1
1152.36,49.46,0,1
1152.48,49.4,0,1
1152.61,49.38,0,1
1152.73,49.34,0,1
1152.86,49.31,0,1
1152.98,49.29,0,1
1153.1,49.25,0,1
1153.23,49.2,0,1
1153.35,49.18,0,1
1153.47,49.16,0,1
1153.6,49.1,0,1
1153.72,49.07,0,1
1153.85,49.04,0,1
1153.97,49.0,0,1
1154.09,48.99,0,1
1154.22,48.94,0,1
1154.34,48.91,0,1
1154.46,48.9,0,1
1154.59,48.86,0,1
1154.71,48.8,0,1
1154.83,48.78,0,1
1154.96,48.76,0,1
1155.08,48.71,0,1
1155.21,48.68,0,1
1155.33,48.68,0,1
1155.45,48.62,0,1
1155.58,48.56,0,1
1155.7,48.55,0,1
1155.82,48.52,0,1
1155.95,48.5,0,1
1156.07,48.46,0,1
1156.2,48.44,0,1
1156.32,48.37,0,1
1156.44,48.38,0,1
1156.57,48.32,0,1
1156.69,48.31,0,1
1156.81,48.26,0,1
1156.94,48.21,0,1
1157.06,48.19,0,1
1157.19,48.16,0,1
1157.31,48.16,0,1
1157.43,48.08,0,1
1157.56,48.07,0,1
1157.68,48.05,0,1
1157.81,48.0,0,1
1157.93,48.0,0,1
1158.05,47.95,0,1
1158.18,47.91,0,1
1158.3,47.89,0,1
1158.42,47.84,0,1
1158.55,47.83,0,1
1158.67,47.79,0,1
1158.8,47.74,0,1
1158.92,47.71,0,1
1159.04,47.73,0,1
1159.17,47.66,0,1
1159.29,47.64,0,1
1159.41,47.61,0,1
1159.54,47.57,0,1
1159.66,47.55,0,1
1159.79,47.52,0,1
1159.91,47.51,0,1
1160.03,47.45,0,1
1160.16,47.46,0,1
1160.28,47.37,0,1
1160.4,47.38,0,1
1160.53,47.31,0,1
1160.65,47.3,0,1
1160.78,47.29,0,1
1160.9,47.24,0,1
1161.02,47.2,0,1
1161.15,47.18,0,1
1161.27,47.16,0,1
1161.39,47.14,0,1
1161.52,47.1,0,1
1161.64,47.07,0,1
1161.77,47.03,0,1
1161.89,46.99,0,1
1162.01,46.96,0,1
1162.14,46.95,0,1
1162.26,46.9,0,1
1162.38,46.88,0,1
1162.51,46.86,0,1
1162.63,46.82,0,1
1162.76,46.82,0,1
1162.88,46.77,0,1
1163.0,46.72,0,1
1163.13,46.69,0,1
1163.25,46.66,0,1
1163.37,46.65,0,1
1163.5,46.63,0,1
1163.62,46.58,0,1
1163.75,46.57,0,1
1163.87,46.53,0,1
1163.99,46.5,0,1
1164.12,46.48,0,1
1164.24,46.45,0,1
1164.36,46.41,0,1
1164.49,46.39,0,1
1164.61,46.36,0,1
1164.73,46.33,0,1
1164.86,46.29,0,1
1164.98,46.26,0,1
1165.11,46.25,0,1
1165.23,46.22,0,1
1165.35,46.17,0,1
1165.48,46.15,0,1
1165.6,46.12,0,1
1165.72,46.1,0,1
1165.85,46.07,0,1
1165.97,46.03,0,1
1166.1,46.03,0,1
1166.22,45.99,0,1
1166.34,45.96,0,1
1166.47,45.92,0,1
1166.59,45.9,0,1
1166.71,45.88,0,1
1166.84,45.79,0,1
1166.96,45.82,0,1
1167.09,45.78,0,1
1167.21,45.76,0,1
1167.33,45.72,0,1
1167.46,45.7,0,1
1167.58,45.68,0,1
1167.7,45.64,0,1
1167.83,45.61,0,1
1167.95,45.56,0,1
1168.08,45.57,0,1
1168.2,45.57,0,1
1168.32,45.5,0,1
1168.45,45.46,0,1
1168.57,45.46,0,1
1168.69,45.43,0,1
1168.82,45.4,0,1
1168.94,45.38,0,1
1169.07,45.35,0,1
1169.19,45.32,0,1
1169.31,45.29,0,1
1169.44,45.27,0,1
1169.56,45.24,0,1
1169.69,45.23,0,1
1169.81,45.18,0,1
1169.93,45.15,0,1
1170.06,45.16,0,1
1170.18,45.1,0,1
1170.3,45.07,0,1
1170.43,45.04,0,1
1170.55,45.01,0,1
1170.68,45.0,0,1
1170.8,44.99,0,1
1170.92,44.93,0,1
1171.05,44.91,0,1
1171.17,44.89,0,1
1171.29,44.83,0,1
1171.42,44.83,0,1
1171.54,44.8,0,1
1171.67,44.78,0,1
1171.79,44.75,0,1
1171.91,44.71,0,1
1172.04,44.69,0,1
1172.16,44.67,0,1
1172.28,44.64,0,1
1172.41,44.62,0,1
1172.53,44.58,0,1
1172.66,44.56,0,1
1172.78,44.54,0,1
1172.9,44.53,0,1
1173.03,44.49,0,1
1173.15,44.46,0,1
1173.27,44.43,0,1
1173.4,44.41,0,1
1173.52,44.38,0,1
1173.65,44.35,0,1
1173.77,44.33,0,1
1173.89,44.29,0,1
1174.02,44.26,0,1
1174.14,44.25,0,1
1174.26,44.23,0,1
1174.39,44.21,0,1
1174.51,44.18,0,1
1174.64,44.15,0,1
1174.76,44.14,0,1
1174.88,44.1,0,1
1175.01,44.07,0,1
1175.13,44.07,0,1
1175.26,44.03,0,1
1175.38,44.01,0,1
1175.5,43.98,0,1
1175.63,43.98,0,1
1175.75,43.92,0,1
1175.87,43.91,0,1
1176.0,43.88,0,1
1176.12,43.85,0,1
1176.24,43.82,0,1
1176.37,43.8,0,1
1176.49,43.8,0,1
1176.61,43.76,0,1
1176.74,43.73,0,1
1176.86,43.7,0,1
1176.99,43.68,0,1
1177.11,43.63,0,1
1177.23,43.63,0,1
1177.36,43.6,0,1
1177.48,43.57,0,1
1177.61,43.55,0,1
1177.73,43.53,0,1
1177.85,43.5,0,1
1177.98,43.46,0,1
1178.1,43.45,0,1
1178.22,43.46,0,1
1178.35,43.41,0,1
1178.47,43.39,0,1
1178.6,43.37,0,1
1178.72,43.34,0,1
1178.84,43.35,0,1
1178.97,43.28,0,1
1179.09,43.27,0,1
1179.21,43.24,0,1
1179.34,43.22,0,1
1179.46,43.2,0,1
1179.59,43.18,0,1
1179.71,43.15,0,1
1179.83,43.09,0,1
1179.96,43.09,0,1
1180.08,43.07,0,1
1180.2,43.03,0,1
1180.33,43.02,0,1
1180.45,43.0,0,1
1180.57,42.98,0,1
1180.7,42.95,0,1
1180.82,42.91,0,1
1180.95,42.92,0,1
1181.07,42.88,0,1
1181.19,42.87,0,1
1181.32,42.83,0,1
1181.44,42.85,0,1
1181.56,42.79,0,1
1181.69,42.75,0,1
1181.81,42.73,0,1
1181.94,42.73,0,1
1182.06,42.7,0,1
1182.19,42.67,0,1
1182.31,42.63,0,1
1182.43,42.63,0,1
1182.56,42.6,0,1
1182.68,42.57,0,1
1182.8,42.56,0,1
1182.93,42.52,0,1
1183.05,42.5,0,1
1183.18,42.49,0,1
1183.3,42.46,0,1
1183.42,42.44,0,1
1183.55,42.41,0,1
1183.67,42.39,0,1
1183.79,42.37,0,1
1183.92,42.35,0,1
1184.04,42.34,0,1
1184.16,42.3,0,1
1184.29,42.28,0,1
1184.41,42.27,0,1
1184.54,42.24,0,1
1184.66,42.21,0,1
1184.78,42.19,0,1
1184.91,42.17,0,1
1185.03,42.15,0,1
1185.16,42.12,0,1
1185.28,42.1,0,1
1185.4,42.08,0,1
1185.53,42.06,0,1
1185.65,42.04,0,1
1185.77,42.02,0,1
1185.9,41.99,0,1
1186.02,41.97,0,1
1186.15,41.95,0,1
1186.27,41.93,0,1
1186.39,41.9,0,1
1186.52,41.89,0,1
1186.64,41.86,0,1
1186.76,41.83,0,1
1186.89,41.82,0,1
1187.01,41.79,0,1
1187.14,41.77,0,1
1187.26,41.78,0,1
1187.38,41.73,0,1
1187.51,41.71,0,1
1187.63,41.69,0,1
1187.75,41.67,0,1
1187.88,41.65,0,1
1188.0,41.63,0,1
1188.13,41.6,0,1
1188.25,41.58,0,1
1188.37,41.55,0,1
1188.5,41.54,0,1
1188.62,41.5,0,1
1188.74,41.49,0,1
1188.87,41.47,0,1
1188.99,41.45,0,1
1189.11,41.42,0,1
1189.24,41.4,0,1
1189.36,41.38,0,1
1189.49,41.37,0,1
1189.61,41.34,0,1
1189.73,41.29,0,1
1189.86,41.29,0,1
1189.98,41.27,0,1
1190.11,41.25,0,1
1190.23,41.24,0,1
1190.35,41.21,0,1
1190.48,41.19,0,1
1190.6,41.17,0,1
1190.72,41.15,0,1
1190.85,41.13,0,1
1190.97,41.1,0,1
1191.1,41.09,0,1
1191.22,41.07,0,1
1191.34,41.05,0,1
1191.47,41.02,0,1
1191.59,41.01,0,1
1191.71,40.97,0,1
1191.84,40.96,0,1
1191.96,40.94,0,1
1192.08,40.92,0,1
1192.21,40.9,0,1
1192.33,40.88,0,1
1192.46,40.86,0,1
1192.58,40.84,0,1
1192.7,40.81,0,1
1192.83,40.8,0,1
1192.95,40.76,0,1
1193.07,40.76,0,1
1193.2,40.73,0,1
1193.32,40.72,0,1
1193.45,40.69,0,1
1193.57,40.68,0,1
1193.69,40.66,0,1
1193.82,40.62,0,1
1193.94,40.61,0,1
1194.06,40.59,0,1
1194.19,40.57,0,1
1194.31,40.54,0,1
1194.44,40.55,0,1
1194.56,40.5,0,1
1194.68,40.49,0,1
1194.81,40.47,0,1
1194.93,40.45,0,1
1195.06,40.44,0,1
1195.18,40.44,0,1
1195.3,40.39,0,1
1195.43,40.39,0,1
1195.55,40.36,0,1
1195.67,40.34,0,1
1195.8,40.32,0,1
1195.92,40.28,0,1
1196.05,40.26,0,1
1196.17,40.26,0,1
1196.29,40.24,0,1
1196.42,40.22,0,1
1196.54,40.19,0,1
1196.66,40.18,0,1
1196.79,40.16,0,1
1196.91,40.14,0,1
1197.04,40.11,0,1
1197.16,40.11,0,1
1197.28,40.05,0,1
1197.41,40.05,0,1
1197.53,40.04,0,1
1197.66,40.02,0,1
1197.78,40.01,0,1
1197.9,39.99,0,1
1198.03,39.96,0,1
1198.15,39.94,0,1
1198.27,39.93,0,1
1198.4,39.9,0,1
1198.52,39.88,0,1
1198.65,39.86,0,1
1198.77,39.82,0,1
1198.89,39.83,0,1
1199.02,39.81,0,1
1199.14,39.8,0,1
1199.26,39.78,0,1
1199.39,39.73,0,1
1199.51,39.73,0,1
1199.64,39.7,0,1
1199.76,39.69,0,1
1199.88,39.68,0,1
1200.01,39.66,0,1
1200.13,39.64,0,1
1200.25,39.62,0,1
1200.38,39.61,0,1
1200.5,39.59,0,1
1200.63,39.56,0,1
1200.75,39.54,0,1
1200.87,39.55,0,1
1201.0,39.51,0,1
1201.12,39.48,0,1
1201.24,39.46,0,1
1201.37,39.45,0,1
1201.49,39.44,0,1
1201.61,39.41,0,1
1201.74,39.37,0,1
1201.86,39.4,0,1
1201.99,39.37,0,1
1202.11,39.31,0,1
1202.23,39.33,0,1
1202.36,39.29,0,1
1202.48,39.28,0,1
1202.61,39.26,0,1
1202.73,39.24,0,1
1202.85,39.23,0,1
1202.98,39.21,0,1
1203.1,39.2,0,1
1203.22,39.18,0,1
1203.35,39.16,0,1
1203.47,39.13,0,1
1203.59,39.13,0,1
1203.72,39.11,0,1
1203.84,39.09,0,1
1203.97,39.06,0,1
1204.09,39.05,0,1
1204.21,39.03,0,1
1204.34,39.04,0,1
1204.46,39.0,0,1
1204.58,38.99,0,1
1204.71,38.95,0,1
1204.83,38.93,0,1
1204.96,38.94,0,1
1205.08,38.9,0,1
1205.2,38.88,0,1
1205.33,38.88,0,1
1205.45,38.84,0,1
1205.57,38.84,0,1
1205.7,38.82,0,1
1205.82,38.81,0,1
1205.95,38.78,0,1
1206.07,38.78,0,1
1206.19,38.75,0,1
1206.32,38.74,0,1
1206.44,38.71,0,1
1206.56,38.71,0,1
1206.69,38.68,0,1
1206.81,38.66,0,1
1206.94,38.63,0,1
1207.06,38.63,0,1
1207.18,38.61,0,1
1207.31,38.58,0,1
1207.43,38.59,0,1
1207.56,38.56,0,1
1207.68,38.55,0,1
1207.8,38.53,0,1
1207.93,38.49,0,1
1208.05,38.5,0,1
1208.17,38.48,0,1
1208.3,38.47,0,1
1208.42,38.45,0,1
1208.55,38.42,0,1
1208.67,38.4,0,1
1208.79,38.39,0,1
1208.92,38.37,0,1
1209.04,38.36,0,1
1209.16,38.33,0,1
1209.29,38.33,0,1
1209.41,38.31,0,1
1209.54,38.29,0,1
1209.66,38.23,0,1
1209.78,38.26,0,1
1209.91,38.24,0,1
1210.03,38.23,0,1
1210.16,38.2,0,1
1210.28,38.19,0,1
1210.4,38.18,0,1
1210.53,38.14,0,1
1210.65,38.15,0,1
1210.77,38.13,0,1
1210.9,38.09,0,1
1211.02,38.08,0,1
1211.15,38.07,0,1
1211.27,38.06,0,1
1211.39,38.04,0,1
1211.52,38.02,0,1
1211.64,38.01,0,1
1211.76,37.98,0,1
1211.89,37.97,0,1
1212.01,37.97,0,1
1212.14,37.97,0,1
1212.26,37.93,0,1
1212.38,37.9,0,1
1212.51,37.91,0,1
1212.63,37.88,0,1
1212.75,37.87,0,1
1212.88,37.85,0,1
1213.0,37.83,0,1
1213.13,37.81,0,1
1213.25,37.82,0,1
1213.37,37.78,0,1
1213.5,37.79,0,1
1213.62,37.76,0,1
1213.74,37.74,0,1
1213.87,37.72,0,1
1213.99,37.69,0,1
1214.11,37.69,0,1
1214.24,37.67,0,1
1214.36,37.66,0,1
1214.49,37.65,0,1
1214.61,37.63,0,1
1214.73,37.63,0,1
1214.86,37.61,0,1
1214.98,37.57,0,1
1215.1,37.56,0,1
1215.23,37.55,0,1
1215.35,37.54,0,1
1215.48,37.52,0,1
1215.6,37.52,0,1
1215.72,37.49,0,1
1215.85,37.48,0,1
1215.97,37.45,0,1
1216.09,37.45,0,1
1216.22,37.44,0,1
1216.34,37.42,0,1
1216.47,37.39,0,1
1216.59,37.37,0,1
1216.71,37.37,0,1
1216.84,37.36,0,1
1216.96,37.34,0,1
1217.08,37.3,0,1
1217.21,37.31,0,1
1217.33,37.29,0,1
1217.46,37.28,0,1
1217.58,37.26,0,1
1217.7,37.26,0,1
1217.83,37.24,0,1
1217.95,37.21,0,1
1218.07,37.19,0,1
1218.2,37.19,0,1
1218.32,37.18,0,1
1218.45,37.15,0,1
1218.57,37.14,0,1
1218.69,37.13,0,1
1218.82,37.11,0,1
1218.94,37.12,0,1
1219.06,37.09,0,1
1219.19,37.06,0,1
1219.31,37.06,0,1
1219.44,37.03,0,1
1219.56,37.02,0,1
1219.68,37.0,0,1
1219.81,36.99,0,1
1219.93,36.98,0,1
1220.06,36.97,0,1
1220.18,36.96,0,1
1220.3,36.92,0,1
1220.43,36.9,0,1
1220.55,36.91,0,1
1220.67,36.87,0,1
1220.8,36.88,0,1
1220.92,36.85,0,1
1221.05,36.81,0,1
1221.17,36.84,0,1
1221.29,36.83,0,1
1221.42,36.8,0,1
1221.54,36.8,0,1
1221.66,36.78,0,1
1221.79,36.74,0,1
1221.91,36.74,0,1
1222.04,36.71,0,1
1222.16,36.72,0,1
1222.28,36.71,0,1
1222.41,36.7,0,1
1222.53,36.68,0,1
1222.65,36.67,0,1
1222.78,36.65,0,1
1222.9,36.62,0,1
1223.03,36.61,0,1
1223.15,36.62,0,1
1223.27,36.59,0,1
1223.4,36.58,0,1
1223.52,36.56,0,1
1223.64,36.55,0,1
1223.77,36.52,0,1
1223.89,36.52,0,1
1224.02,36.52,0,1
1224.14,36.49,0,1
1224.26,36.48,0,1
1224.39,36.47,0,1
1224.51,36.44,0,1
1224.63,36.45,0,1
1224.76,36.43,0,1
1224.88,36.4,0,1
1225.01,36.39,0,1
1225.13,36.39,0,1
1225.25,36.36,0,1
1225.38,36.35,0,1
1225.5,36.34,0,1
1225.62,36.32,0,1
1225.75,36.31,0,1
1225.87,36.29,0,1
1226.0,36.29,0,1
1226.12,36.27,0,1
1226.24,36.25,0,1
1226.37,36.24,0,1
1226.49,36.23,0,1
1226.61,36.24,0,1
1226.74,36.2,0,1
1226.86,36.19,0,1
1226.98,36.18,0,1
1227.11,36.16,0,1
1227.23,36.15,0,1
1227.36,36.15,0,1
1227.48,36.14,0,1
1227.6,36.13,0,1
1227.73,36.1,0,1
1227.85,36.09,0,1
1227.97,36.07,0,1
1228.1,36.06,0,1
1228.22,36.06,0,1
1228.35,36.04,0,1
1228.47,36.0,0,1
1228.59,36.01,0,1
1228.72,36.0,0,1
1228.84,35.97,0,1
1228.96,35.97,0,1
1229.09,35.97,0,1
1229.21,35.96,0,1
1229.34,35.94,0,1
1229.46,35.92,0,1
1229.58,35.92,0,1
1229.71,35.89,0,1
1229.83,35.88,0,1
1229.95,35.86,0,1
1230.08,35.86,0,1
1230.2,35.85,0,1
1230.33,35.83,0,1
1230.45,35.82,0,1
1230.57,35.82,0,1
1230.7,35.8,0,1
1230.82,35.78,0,1
1230.94,35.77,0,1
1231.07,35.76,0,1
1231.19,35.75,0,1
1231.32,35.74,0,1
1231.44,35.72,0,1
1231.56,35.69,0,1
1231.69,35.73,0,1
1231.81,35.7,0,1
1231.94,35.66,0,1
1232.06,35.66,0,1
1232.18,35.64,0,1
1232.31,35.64,0,1
1232.43,35.63,0,1
1232.55,35.59,0,1
1232.68,35.59,0,1
1232.8,35.59,0,1
1232.93,35.57,0,1
1233.05,35.55,0,1
1233.17,35.53,0,1
1233.3,35.57,0,1
1233.42,35.51,0,1
1233.54,35.51,0,1
1233.67,35.5,0,1
1233.79,35.48,0,1
1233.92,35.48,0,1
1234.04,35.46,0,1
1234.16,35.43,0,1
1234.29,35.43,0,1
1234.41,35.42,0,1
1234.53,35.4,0,1
1234.66,35.38,0,1
1234.78,35.38,0,1
1234.91,35.38,0,1
1235.03,35.36,0,1
1235.15,35.34,0,1
1235.28,35.34,0,1
1235.4,35.34,0,1
1235.52,35.32,0,1
1235.65,35.31,0,1
1235.77,35.3,0,1
1235.9,35.29,0,1
1236.02,35.26,0,1
1236.14,35.24,0,1
1236.27,35.22,0,1
1236.39,35.23,0,1
1236.51,35.22,0,1
1236.64,35.22,0,1
1236.76,35.2,0,1
1236.89,35.18,0,1
1237.01,35.18,0,1
1237.13,35.17,0,1
1237.26,35.15,0,1
1237.38,35.14,0,1
1237.51,35.13,0,1
1237.63,35.12,0,1
1237.75,35.11,0,1
1237.88,35.08,0,1
1238.0,35.09,0,1
1238.12,35.08,0,1
1238.25,35.06,0,1
1238.37,35.06,0,1
1238.49,35.03,0,1
1238.62,35.02,0,1
1238.74,35.02,0,1
1238.86,35.01,0,1
1238.99,35.01,0,1
1239.11,34.99,0,1
1239.24,34.97,0,1
1239.36,34.98,0,1
1239.48,34.95,0,1
1239.61,34.94,0,1
1239.73,34.94,0,1
1239.86,34.91,0,1
1239.98,34.91,0,1
1240.1,34.88,0,1
1240.23,34.88,0,1
1240.35,34.86,0,1
1240.47,34.86,0,1
1240.6,34.85,0,1
1240.72,34.84,0,1
1240.84,34.82,0,1
1240.97,34.79,0,1
1241.09,34.8,0,1
1241.22,34.78,0,1
1241.34,34.78,0,1
1241.46,34.75,0,1
1241.59,34.74,0,1
1241.71,34.75,0,1
1241.83,34.73,0,1
1241.96,34.72,0,1
1242.08,34.71,0,1
1242.21,34.69,0,1
1242.33,34.68,0,1
1242.45,34.68,0,1
1242.58,34.66,0,1
1242.7,34.65,0,1
1242.82,34.63,0,1
1242.95,34.63,0,1
1243.07,34.64,0,1
1243.2,34.62,0,1
1243.32,34.6,0,1
1243.44,34.59,0,1
1243.57,34.59,0,1
1243.69,34.56,0,1
1243.81,34.55,0,1
1243.94,34.56,0,1
1244.06,34.55,0,1
1244.19,34.52,0,1
1244.31,34.51,0,1
1244.43,34.49,0,1
1244.56,34.5,0,1
1244.68,34.48,0,1
1244.81,34.47,0,1
1244.93,34.46,0,1
1245.05,34.44,0,1
1245.18,34.45,0,1
1245.3,34.44,0,1
1245.42,34.43,0,1
1245.55,34.4,0,1
1245.67,34.4,0,1
1245.8,34.39,0,1
1245.92,34.38,0,1
1246.04,34.36,0,1
1246.17,34.36,0,1
1246.29,34.35,0,1
1246.41,34.35,0,1
1246.54,34.32,0,1
1246.66,34.31,0,1
1246.79,34.28,0,1
1246.91,34.29,0,1
1247.03,34.28,0,1
1247.16,34.28,0,1
1247.28,34.28,0,1
1247.4,34.25,0,1
1247.53,34.24,0,1
1247.65,34.23,0,1
1247.78,34.21,0,1
1247.9,34.2,0,1
1248.02,34.19,0,1
1248.15,34.18,0,1
1248.27,34.18,0,1
1248.39,34.18,0,1
1248.52,34.16,0,1
1248.64,34.14,0,1
1248.77,34.15,0,1
1248.89,34.13,0,1
1249.01,34.11,0,1
1249.14,34.1,0,1
1249.26,34.11,0,1
1249.38,34.09,0,1
1249.51,34.07,0,1
1249.63,34.07,0,1
1249.76,34.04,0,1
1249.88,34.03,0,1
1250.0,34.04,0,1
1250.13,34.02,0,1
1250.25,34.02,0,1
1250.37,34.01,0,1
1250.5,33.99,0,1
1250.62,33.99,0,1
1250.75,33.98,0,1
1250.87,33.96,0,1
1250.99,33.94,0,1
1251.12,33.94,0,1
1251.24,33.95,0,1
1251.36,33.92,0,1
1251.49,33.93,0,1
1251.61,33.91,0,1
1251.73,33.89,0,1
1251.86,33.89,0,1
1251.98,33.87,0,1
1252.11,33.85,0,1
1252.23,33.86,0,1
1252.35,33.85,0,1
1252.48,33.83,0,1
1252.6,33.81,0,1
1252.72,33.81,0,1
1252.85,33.79,0,1
1252.97,33.8,0,1
1253.1,33.79,0,1
1253.22,33.77,0,1
1253.34,33.77,0,1
1253.47,33.76,0,1
1253.59,33.74,0,1
1253.71,33.73,0,1
1253.84,33.74,0,1
1253.96,33.72,0,1
1254.09,33.72,0,1
1254.21,33.7,0,1
1254.33,33.69,0,1
1254.46,33.68,0,1
1254.58,33.68,0,1
1254.71,33.66,0,1
1254.83,33.66,0,1
1254.95,33.64,0,1
1255.08,33.63,0,1
1255.2,33.62,0,1
1255.32,33.63,0,1
1255.45,33.61,0,1
1255.57,33.61,0,1
1255.69,33.6,0,1
1255.82,33.58,0,1
1255.94,33.58,0,1
1256.07,33.55,0,1
1256.19,33.55,0,1
1256.31,33.53,0,1
1256.44,33.52,0,1
1256.56,33.52,0,1
1256.69,33.51,0,1
1256.81,33.5,0,1
1256.93,33.49,0,1
1257.06,33.49,0,1
1257.18,33.47,0,1
1257.31,33.45,0,1
1257.43,33.45,0,1
1257.55,33.45,0,1
1257.68,33.44,0,1
1257.8,33.43,0,1
1257.92,33.41,0,1
1258.05,33.41,0,1
1258.17,33.42,0,1
1258.29,33.4,0,1
1258.42,33.38,0,1
1258.54,33.37,0,1
1258.67,33.37,0,1
1258.79,33.35,0,1
1258.91,33.36,0,1
1259.04,33.35,0,1
1259.16,33.32,0,1
1259.28,33.33,0,1
1259.41,33.31,0,1
1259.53,33.29,0,1
1259.66,33.29,0,1
1259.78,33.28,0,1
1259.9,33.29,0,1
1260.03,33.27,0,1
1260.15,33.25,0,1
1260.27,33.25,0,1
1260.4,33.24,0,1
1260.52,33.22,0,1
1260.65,33.22,0,1
1260.77,33.21,0,1
1260.89,33.19,0,1
1261.02,33.19,0,1
1261.14,33.19,0,1
1261.26,33.18,0,1
1261.39,33.17,0,1
1261.51,33.15,0,1
1261.64,33.14,0,1
1261.76,33.14,0,1
1261.88,33.13,0,1
1262.01,33.13,0,1
1262.13,33.11,0,1
1262.25,33.1,0,1
1262.38,33.11,0,1
1262.5,33.08,0,1
1262.63,33.08,0,1
1262.75,33.07,0,1
1262.87,33.06,0,1
1263.0,33.07,0,1
1263.12,33.04,0,1
1263.24,33.04,0,1
1263.37,33.02,0,1
1263.49,33.01,0,1
1263.62,33.01,0,1
1263.74,32.99,0,1
1263.86,32.98,0,1
1263.99,32.99,0,1
1264.11,32.96,0,1
1264.23,32.95,0,1
1264.36,32.96,0,1
1264.48,32.96,0,1
1264.6,32.95,0,1
1264.73,32.92,0,1
1264.85,32.91,0,1
1264.98,32.91,0,1
1265.1,32.9,0,1
1265.22,32.89,0,1
1265.35,32.88,0,1
1265.47,32.87,0,1
1265.59,32.86,0,1
1265.72,32.87,0,1
1265.84,32.84,0,1
1265.97,32.84,0,1
1266.09,32.84,0,1
1266.21,32.81,0,1
1266.34,32.81,0,1
1266.46,32.8,0,1
1266.58,32.8,0,1
1266.71,32.79,0,1
1266.83,32.78,0,1
1266.96,32.77,0,1
1267.08,32.75,0,1
1267.2,32.74,0,1
1267.33,32.74,0,1
1267.45,32.73,0,1
1267.57,32.72,0,1
1267.7,32.73,0,1
1267.82,32.72,0,1
1267.95,32.69,0,1
1268.07,32.69,0,1
1268.19,32.68,0,1
1268.32,32.67,0,1
1268.44,32.67,0,1
1268.56,32.66,0,1
1268.69,32.65,0,1
1268.81,32.64,0,1
1268.94,32.63,0,1
1269.06,32.62,0,1
1269.18,32.6,0,1
1269.31,32.61,0,1
1269.43,32.61,0,1
1269.56,32.6,0,1
1269.68,32.58,0,1
1269.8,32.58,0,1
1269.93,32.57,0,1
1270.05,32.55,0,1
1270.17,32.55,0,1
1270.3,32.54,0,1
1270.42,32.53,0,1
1270.55,32.52,0,1
1270.67,32.52,0,1
1270.79,32.51,0,1
1270.92,32.49,0,1
1271.04,32.49,0,1
1271.16,32.5,0,1
1271.29,32.47,0,1
1271.41,32.47,0,1
1271.54,32.45,0,1
1271.66,32.45,0,1
1271.78,32.44,0,1
1271.91,32.44,0,1
1272.03,32.44,0,1
1272.15,32.41,0,1
1272.28,32.4,0,1
1272.4,32.41,0,1
1272.53,32.39,0,1
1272.65,32.39,0,1
1272.77,32.38,0,1
1272.9,32.37,0,1
1273.02,32.37,0,1
1273.14,32.35,0,1
1273.27,32.35,0,1
1273.39,32.32,0,1
1273.52,32.33,0,1
1273.64,32.32,0,1
1273.76,32.31,0,1
1273.89,32.3,0,1
1274.01,32.3,0,1
1274.13,32.29,0,1
1274.26,32.28,0,1
1274.38,32.28,0,1
1274.51,32.27,0,1
1274.63,32.25,0,1
1274.75,32.26,0,1
1274.88,32.25,0,1
1275.0,32.24,0,1
1275.12,32.23,0,1
1275.25,32.22,0,1
1275.37,32.22,0,1
1275.5,32.23,0,1
1275.62,32.2,0,1
1275.74,32.2,0,1
1275.87,32.18,0,1
1275.99,32.17,0,1
1276.11,32.17,0,1
1276.24,32.16,0,1
1276.36,32.17,0,1
1276.48,32.14,0,1
1276.61,32.12,0,1
1276.73,32.13,0,1
1276.86,32.14,0,1
1276.98,32.12,0,1
1277.1,32.1,0,1
1277.23,32.09,0,1
1277.35,32.1,0,1
1277.47,32.08,0,1
1277.6,32.07,0,1
1277.72,32.07,0,1
1277.85,32.06,0,1
1277.97,32.06,0,1
1278.09,32.04,0,1
1278.22,32.03,0,1
1278.34,32.04,0,1
1278.46,32.03,0,1
1278.59,32.01,0,1
1278.71,32.02,0,1
1278.84,32.0,0,1
1278.96,32.01,0,1
1279.08,31.99,0,1
1279.21,31.99,0,1
1279.33,31.97,0,1
1279.45,31.96,0,1
1279.58,31.95,0,1
1279.7,31.97,0,1
1279.83,31.94,0,1
1279.95,31.93,0,1
1280.07,31.95,0,1
1280.2,31.91,0,1
1280.32,31.94,0,1
1280.44,31.91,0,1
1280.57,31.89,0,1
1280.69,31.89,0,1
1280.82,31.89,0,1
1280.94,31.88,0,1
1281.06,31.89,0,1
1281.19,31.86,0,1
1281.31,31.86,0,1
1281.44,31.84,0,1
1281.56,31.83,0,1
1281.68,31.83,0,1
1281.81,31.83,0,1
1281.93,31.82,0,1
1282.05,31.81,0,1
1282.18,31.8,0,1
1282.3,31.8,0,1
1282.42,31.79,0,1
1282.55,31.78,0,1
1282.67,31.78,0,1
1282.8,31.77,0,1
1282.92,31.76,0,1
1283.04,31.76,0,1
1283.17,31.75,0,1
1283.29,31.74,0,1
1283.42,31.73,0,1
1283.54,31.73,0,1
1283.66,31.72,0,1
1283.79,31.74,0,1
1283.91,31.71,0,1
1284.03,31.7,0,1
1284.16,31.71,0,1
1284.28,31.68,0,1
1284.41,31.68,0,1
1284.53,31.68,0,1
1284.65,31.67,0,1
1284.78,31.65,0,1
1284.9,31.67,0,1
1285.02,31.64,0,1
1285.15,31.64,0,1
1285.27,31.63,0,1
1285.4,31.63,0,1
1285.52,31.61,0,1
1285.64,31.61,0,1
1285.77,31.6,0,1
1285.89,31.61,0,1
1286.01,31.59,0,1
1286.14,31.58,0,1
1286.26,31.58,0,1
1286.39,31.57,0,1
1286.51,31.55,0,1
1286.63,31.56,0,1
1286.76,31.55,0,1
1286.88,31.52,0,1
1287.0,31.54,0,1
1287.13,31.53,0,1
1287.25,31.52,0,1
1287.37,31.52,0,1
1287.5,31.51,0,1
1287.62,31.51,0,1
1287.75,31.5,0,1
1287.87,31.49,0,1
1287.99,31.48,0,1
1288.12,31.48,0,1
1288.24,31.47,0,1
1288.36,31.47,0,1
1288.49,31.45,0,1
1288.61,31.44,0,1
1288.74,31.44,0,1
1288.86,31.44,0,1
1288.98,31.44,0,1
1289.11,31.43,0,1
1289.23,31.41,0,1
1289.35,31.43,0,1
1289.48,31.41,0,1
1289.6,31.41,0,1
1289.73,31.39,0,1
1289.85,31.37,0,1
1289.97,31.38,0,1
1290.1,31.36,0,1
1290.22,31.37,0,1
1290.34,31.36,0,1
1290.47,31.36,0,1
1290.59,31.35,0,1
1290.72,31.35,0,1
1290.84,31.34,0,1
1290.96,31.33,0,1
1291.09,31.32,0,1
1291.21,31.34,0,1
1291.33,31.31,0,1
1291.46,31.3,0,1
1291.58,31.29,0,1
1291.71,31.3,0,1
1291.83,31.29,0,1
1291.95,31.27,0,1
1292.08,31.27,0,1
1292.2,31.25,0,1
1292.32,31.25,0,1
1292.45,31.24,0,1
1292.57,31.26,0,1
1292.7,31.24,0,1
1292.82,31.24,0,1
1292.94,31.23,0,1
1293.07,31.24,0,1
1293.19,31.22,0,1
1293.31,31.21,0,1
1293.44,31.23,0,1
1293.56,31.2,0,1
1293.69,31.19,0,1
1293.81,31.18,0,1
1293.93,31.18,0,1
1294.06,31.17,0,1
1294.18,31.17,0,1
1294.31,31.16,0,1
1294.43,31.16,0,1
1294.55,31.16,0,1
1294.68,31.14,0,1
1294.8,31.13,0,1
1294.92,31.13,0,1
1295.05,31.12,0,1
1295.17,31.12,0,1
1295.3,31.12,0,1
1295.42,31.11,0,1
1295.54,31.1,0,1
1295.67,31.09,0,1
1295.79,31.09,0,1
1295.91,31.09,0,1
1296.04,31.07,0,1
1296.16,31.07,0,1
1296.29,31.07,0,1
1296.41,31.06,0,1
1296.53,31.06,0,1
1296.66,31.05,0,1
1296.78,31.04,0,1
1296.9,31.03,0,1
1297.03,31.03,0,1
1297.15,31.03,0,1
1297.27,31.02,0,1
1297.4,31.01,0,1
1297.52,31.0,0,1
1297.65,31.01,0,1
1297.77,31.0,0,1
1297.89,30.98,0,1
1298.02,30.98,0,1
1298.14,30.98,0,1
1298.27,30.97,0,1
1298.39,30.96,0,1
1298.51,30.96,0,1
1298.64,30.96,0,1
1298.76,30.95,0,1
1298.88,30.94,0,1
1299.01,30.93,0,1
1299.13,30.92,0,1
1299.26,30.92,0,1
1299.38,30.92,0,1
1299.5,30.91,0,1
1299.63,30.9,0,1
1299.75,30.88,0,1
1299.87,30.89,0,1
1300.0,30.9,0,1
1300.12,30.88,0,1
1300.24,30.87,0,1
1300.37,30.87,0,1
1300.49,30.87,0,1
1300.62,30.86,0,1
1300.74,30.86,0,1
1300.86,30.85,0,1
1300.99,30.84,0,1
1301.11,30.84,0,1
1301.23,30.83,0,1
1301.36,30.83,0,1
1301.48,30.82,0,1
1301.61,30.82,0,1
1301.73,30.81,0,1
1301.85,30.8,0,1
1301.98,30.8,0,1
1302.1,30.8,0,1
1302.22,30.8,0,1
1302.35,30.78,0,1
1302.47,30.78,0,1
1302.59,30.78,0,1
1302.72,30.76,0,1
1302.84,30.76,0,1
1302.97,30.76,0,1
1303.09,30.75,0,1
1303.21,30.74,0,1
1303.34,30.75,0,1
1303.46,30.74,0,1
1303.58,30.73,0,1
1303.71,30.75,0,1
1303.83,30.72,0,1
1303.96,30.71,0,1
1304.08,30.71,0,1
1304.2,30.71,0,1
1304.33,30.7,0,1
1304.45,30.69,0,1
1304.58,30.68,0,1
1304.7,30.68,0,1
1304.82,30.68,0,1
1304.95,30.67,0,1
1305.07,30.67,0,1
1305.19,30.66,0,1
1305.32,30.65,0,1
1305.44,30.65,0,1
1305.57,30.65,0,1
1305.69,30.64,0,1
1305.81,30.65,0,1
1305.94,30.63,0,1
1306.06,30.64,0,1
1306.18,30.62,0,1
1306.31,30.61,0,1
1306.43,30.6,0,1
1306.56,30.59,0,1
1306.68,30.6,0,1
1306.8,30.59,0,1
1306.93,30.58,0,1
1307.05,30.58,0,1
1307.17,30.58,0,1
1307.3,30.58,0,1
1307.42,30.57,0,1
1307.55,30.56,0,1
1307.67,30.57,0,1
1307.79,30.55,0,1
1307.92,30.55,0,1
1308.04,30.54,0,1
1308.16,30.53,0,1
1308.29,30.53,0,1
1308.41,30.52,0,1
1308.54,30.52,0,1
1308.66,30.52,0,1
1308.78,30.51,0,1
1308.91,30.5,0,1
1309.03,30.5,0,1
1309.15,30.48,0,1
1309.28,30.49,0,1
1309.4,30.47,0,1
1309.53,30.48,0,1
1309.65,30.47,0,1
1309.77,30.47,0,1
1309.9,30.47,0,1
1310.02,30.46,0,1
1310.14,30.45,0,1
1310.27,30.45,0,1
1310.39,30.44,0,1
1310.52,30.44,0,1
1310.64,30.44,0,1
1310.76,30.44,0,1
1310.89,30.42,0,1
1311.01,30.42,0,1
1311.13,30.41,0,1
1311.26,30.4,0,1
1311.38,30.38,0,1
1311.51,30.39,0,1
1311.63,30.41,0,1
1311.75,30.38,0,1
1311.88,30.38,0,1
1312.0,30.38,0,1
1312.12,30.38,0,1
1312.25,30.36,0,1
1312.37,30.36,0,1
1312.5,30.35,0,1
1312.62,30.35,0,1
1312.74,30.34,0,1
1312.87,30.35,0,1
1312.99,30.33,0,1
1313.11,30.33,0,1
1313.24,30.33,0,1
1313.36,30.32,0,1
1313.48,30.32,0,1
1313.61,30.31,0,1
1313.73,30.3,0,1
1313.86,30.31,0,1
1313.98,30.29,0,1
1314.1,30.29,0,1
1314.23,30.3,0,1
1314.35,30.28,0,1
1314.48,30.28,0,1
1314.6,30.28,0,1
1314.72,30.27,0,1
1314.85,30.26,0,1
1314.97,30.26,0,1
1315.09,30.26,0,1
1315.22,30.25,0,1
1315.34,30.27,0,1
1315.46,30.25,0,1
1315.59,30.27,0,1
1315.71,30.23,0,1
1315.84,30.23,0,1
1315.96,30.23,0,1
1316.08,30.21,0,1
1316.21,30.21,0,1
1316.33,30.2,0,1
1316.45,30.2,0,1
1316.58,30.2,0,1
1316.7,30.19,0,1
1316.83,30.19,0,1
1316.95,30.19,0,1
1317.07,30.18,0,1
1317.2,30.17,0,1
1317.32,30.19,0,1
1317.44,30.17,0,1
1317.57,30.16,0,1
1317.69,30.16,0,1
1317.82,30.15,0,1
1317.94,30.15,0,1
1318.06,30.14,0,1
1318.19,30.13,0,1
1318.31,30.14,0,1
1318.44,30.15,0,1
1318.56,30.15,0,1
1318.68,30.12,0,1
1318.81,30.12,0,1
1318.93,30.12,0,1
1319.05,30.11,0,1
1319.18,30.1,0,1
1319.3,30.09,0,1
1319.43,30.1,0,1
1319.55,30.07,0,1
1319.67,30.08,0,1
1319.8,30.07,0,1
1319.92,30.07,0,1
1320.04,30.07,0,1
1320.17,30.07,0,1
1320.29,30.06,0,1
1320.42,30.06,0,1
1320.54,30.05,0,1
1320.66,30.05,0,1
1320.79,30.05,0,1
1320.91,30.04,0,1
1321.03,30.04,0,1
1321.16,30.03,0,1
1321.28,30.02,0,1
1321.41,30.03,0,1
1321.53,30.03,0,1
1321.65,30.02,0,1
1321.78,30.01,0,1
1321.9,30.01,0,1
1322.02,30.01,0,1
1322.15,29.99,0,1
1322.27,30.0,0,1
1322.4,29.99,0,1
1322.52,29.99,0,1
1322.64,29.98,0,1
1322.77,29.98,0,1
1322.89,29.97,0,1
1323.01,29.98,0,1
1323.14,29.95,0,1
1323.26,29.96,0,1
1323.39,29.96,0,1
1323.51,29.95,0,1
1323.63,29.96,0,1
1323.76,29.94,0,1
1323.88,29.94,0,1
1324.0,29.93,0,1
1324.13,29.92,0,1
1324.25,29.92,0,1
1324.38,29.9,0,1
1324.5,29.92,0,1
1324.62,29.93,0,1
1324.75,29.9,0,1
1324.87,29.89,0,1
1324.99,29.89,0,1
1325.12,29.89,0,1
1325.24,29.89,0,1
1325.36,29.88,0,1
1325.49,29.88,0,1
1325.61,29.87,0,1
1325.74,29.87,0,1
1325.86,29.87,0,1
1325.98,29.87,0,1
1326.11,29.86,0,1
1326.23,29.85,0,1
1326.35,29.83,0,1
1326.48,29.85,0,1
1326.6,29.85,0,1
1326.73,29.84,0,1
1326.85,29.84,0,1
1326.97,29.83,0,1
1327.1,29.83,0,1
1327.22,29.82,0,1
1327.34,29.82,0,1
1327.47,29.82,0,1
1327.59,29.8,0,1
1327.72,29.8,0,1
1327.84,29.8,0,1
1327.96,29.79,0,1
1328.09,29.78,0,1
1328.21,29.79,0,1
1328.33,29.79,0,1
1328.46,29.78,0,1
1328.58,29.78,0,1
1328.71,29.77,0,1
1328.83,29.77,0,1
1328.95,29.77,0,1
1329.08,29.75,0,1
1329.2,29.77,0,1
1329.32,29.76,0,1
1329.45,29.75,0,1
1329.57,29.74,0,1
1329.7,29.76,0,1
1329.82,29.74,0,1
1329.94,29.73,0,1
1330.07,29.74,0,1
1330.19,29.72,0,1
1330.31,29.72,0,1
1330.44,29.72,0,1
1330.56,29.71,0,1
1330.69,29.71,0,1
1330.81,29.7,0,1
1330.93,29.7,0,1
1331.06,29.69,0,1
1331.18,29.69,0,1
1331.31,29.69,0,1
1331.43,29.69,0,1
1331.55,29.69,0,1
1331.68,29.66,0,1
1331.8,29.67,0,1
1331.92,29.66,0,1
1332.05,29.67,0,1
1332.17,29.66,0,1
1332.3,29.66,0,1
1332.42,29.65,0,1
1332.54,29.63,0,1
1332.67,29.65,0,1
1332.79,29.64,0,1
1332.91,29.65,0,1
1333.04,29.63,0,1
1333.16,29.62,0,1
1333.28,29.62,0,1
1333.41,29.61,0,1
1333.53,29.61,0,1
1333.66,29.61,0,1
1333.78,29.6,0,1
1333.9,29.6,0,1
1334.03,29.61,0,1
1334.15,29.6,0,1
1334.28,29.6,0,1
1334.4,29.58,0,1
1334.52,29.59,0,1
1334.65,29.58,0,1
1334.77,29.58,0,1
1334.89,29.57,0,1
1335.02,29.57,0,1
1335.14,29.56,0,1
1335.27,29.56,0,1
1335.39,29.56,0,1
1335.51,29.55,0,1
1335.64,29.55,0,1
1335.76,29.55,0,1
1335.88,29.55,0,1
1336.01,29.52,0,1
1336.13,29.54,0,1
1336.26,29.53,0,1
1336.38,29.52,0,1
1336.5,29.52,0,1
1336.63,29.53,0,1
1336.75,29.51,0,1
1336.87,29.52,0,1
1337.0,29.5,0,1
1337.12,29.51,0,1
1337.24,29.5,0,1
1337.37,29.5,0,1
1337.49,29.5,0,1
1337.62,29.48,0,1
1337.74,29.48,0,1
1337.86,29.48,0,1
1337.99,29.48,0,1
1338.11,29.48,0,1
1338.23,29.47,0,1
1338.36,29.47,0,1
1338.48,29.47,0,1
1338.61,29.46,0,1
1338.73,29.43,0,1
1338.85,29.45,0,1
1338.98,29.45,0,1
1339.1,29.47,0,1
1339.22,29.44,0,1
1339.35,29.44,0,1
1339.47,29.43,0,1
1339.6,29.43,0,1
1339.72,29.42,0,1
1339.84,29.42,0,1
1339.97,29.42,0,1
1340.09,29.43,0,1
1340.21,29.42,0,1
1340.34,29.41,0,1
1340.46,29.41,0,1
1340.58,29.4,0,1
1340.71,29.4,0,1
1340.83,29.39,0,1
1340.96,29.39,0,1
1341.08,29.39,0,1
1341.2,29.38,0,1
1341.33,29.37,0,1
1341.45,29.37,0,1
1341.58,29.37,0,1
1341.7,29.37,0,1
1341.82,29.38,0,1
1341.95,29.37,0,1
1342.07,29.36,0,1
1342.19,29.34,0,1
1342.32,29.35,0,1
1342.44,29.35,0,1
1342.57,29.34,0,1
1342.69,29.35,0,1
1342.81,29.34,0,1
1342.94,29.34,0,1
1343.06,29.33,0,1
1343.18,29.32,0,1
1343.31,29.34,0,1
1343.43,29.33,0,1
1343.56,29.31,0,1
1343.68,29.31,0,1
1343.8,29.31,0,1
1343.93,29.31,0,1
1344.05,29.3,0,1
1344.18,29.29,0,1
1344.3,29.29,0,1
1344.42,29.29,0,1
1344.55,29.28,0,1
1344.67,29.28,0,1
1344.79,29.29,0,1
1344.92,29.28,0,1
1345.04,29.28,0,1
1345.17,29.28,0,1
1345.29,29.26,0,1
1345.41,29.27,0,1
1345.54,29.26,0,1
1345.66,29.26,0,1
1345.78,29.26,0,1
1345.91,29.25,0,1
1346.03,29.25,0,1
1346.15,29.24,0,1
1346.28,29.24,0,1
1346.4,29.24,0,1
1346.53,29.24,0,1
1346.65,29.26,0,1
1346.77,29.23,0,1
1346.9,29.23,0,1
1347.02,29.21,0,1
1347.14,29.23,0,1
1347.27,29.22,0,1
1347.39,29.21,0,1
1347.52,29.21,0,1
1347.64,29.21,0,1
1347.76,29.21,0,1
1347.89,29.2,0,1
1348.01,29.2,0,1
1348.13,29.19,0,1
1348.26,29.19,0,1
1348.38,29.18,0,1
1348.51,29.18,0,1
1348.63,29.18,0,1
1348.75,29.18,0,1
1348.88,29.17,0,1
1349.0,29.18,0,1
1349.13,29.16,0,1
1349.25,29.16,0,1
1349.37,29.16,0,1
1349.5,29.16,0,1
1349.62,29.17,0,1
1349.74,29.16,0,1
1349.87,29.15,0,1
1349.99,29.16,0,1
1350.11,29.14,0,1
1350.24,29.11,0,1
1350.36,29.13,0,1
1350.49,29.13,0,1
1350.61,29.14,0,1
1350.73,29.13,0,1
1350.86,29.12,0,1
1350.98,29.11,0,1
1351.1,29.1,0,1
1351.23,29.12,0,1
1351.35,29.12,0,1
1351.48,29.1,0,1
1351.6,29.09,0,1
1351.72,29.11,0,1
1351.85,29.1,0,1
1351.97,29.09,0,1
1352.09,29.1,0,1
1352.22,29.1,0,1
1352.34,29.08,0,1
1352.47,29.06,0,1
1352.59,29.07,0,1
1352.71,29.08,0,1
1352.84,29.08,0,1
1352.96,29.06,0,1
1353.08,29.05,0,1
1353.21,29.05,0,1
1353.33,29.07,0,1
1353.46,29.05,0,1
1353.58,29.05,0,1
1353.7,29.04,0,1
1353.83,29.06,0,1
1353.95,29.04,0,1
1354.07,29.03,0,1
1354.2,29.04,0,1
1354.32,29.03,0,1
1354.45,29.04,0,1
1354.57,29.03,0,1
1354.69,29.02,0,1
1354.82,29.02,0,1
1354.94,29.02,0,1
1355.06,29.01,0,1
1355.19,29.01,0,1
1355.31,29.01,0,1
1355.44,29.01,0,1
1355.56,29.01,0,1
1355.68,29.0,0,1
1355.81,29.0,0,1
1355.93,28.99,0,1
1356.06,28.98,0,1
1356.18,28.99,0,1
1356.3,28.98,0,1
1356.43,28.98,0,1
1356.55,28.98,0,1
1356.67,28.97,0,1
1356.8,28.98,0,1
1356.92,28.97,0,1
1357.05,28.97,0,1
1357.17,28.96,0,1
1357.29,28.95,0,1
1357.42,28.95,0,1
1357.54,28.95,0,1
1357.66,28.95,0,1
1357.79,28.95,0,1
1357.91,28.95,0,1
1358.03,28.94,0,1
1358.16,28.95,0,1
1358.28,28.94,0,1
1358.41,28.93,0,1
1358.53,28.92,0,1
1358.65,28.91,0,1
1358.78,28.92,0,1
1358.9,28.92,0,1
1359.03,28.92,0,1
1359.15,28.91,0,1
1359.27,28.91,0,1
1359.4,28.89,0,1
1359.52,28.9,0,1
1359.64,28.9,0,1
1359.77,28.9,0,1
1359.89,28.89,0,1
1360.02,28.89,0,1
1360.14,28.89,0,1
1360.26,28.88,0,1
1360.39,28.88,0,1
1360.51,28.88,0,1
1360.63,28.87,0,1
1360.76,28.87,0,1
1360.88,28.87,0,1
1361.01,28.88,0,1
1361.13,28.85,0,1
1361.25,28.87,0,1
1361.38,28.86,0,1
1361.5,28.86,0,1
1361.62,28.85,0,1
1361.75,28.85,0,1
1361.87,28.85,0,1
1361.99,28.83,0,1
1362.12,28.83,0,1
1362.24,28.82,0,1
1362.37,28.82,0,1
1362.49,28.84,0,1
1362.61,28.81,0,1
1362.74,28.82,0,1
1362.86,28.84,0,1
1362.98,28.82,0,1
1363.11,28.82,0,1
1363.23,28.81,0,1
1363.36,28.81,0,1
1363.48,28.8,0,1
1363.6,28.8,0,1
1363.73,28.8,0,1
1363.85,28.79,0,1
1363.97,28.77,0,1
1364.1,28.79,0,1
1364.22,28.8,0,1
1364.34,28.78,0,1
1364.47,28.78,0,1
1364.59,28.78,0,1
1364.72,28.78,0,1
1364.84,28.77,0,1
1364.96,28.77,0,1
1365.09,28.77,0,1
1365.21,28.77,0,1
1365.34,28.75,0,1
1365.46,28.76,0,1
1365.58,28.76,0,1
1365.71,28.76,0,1
1365.83,28.77,0,1
1365.95,28.74,0,1
1366.08,28.74,0,1
1366.2,28.74,0,1
1366.33,28.73,0,1
1366.45,28.73,0,1
1366.57,28.74,0,1
1366.7,28.71,0,1
1366.82,28.72,0,1
1366.94,28.73,0,1
1367.07,28.72,0,1
1367.19,28.7,0,1
1367.32,28.71,0,1
1367.44,28.72,0,1
1367.56,28.71,0,1
1367.69,28.71,0,1
1367.81,28.7,0,1
1367.93,28.7,0,1
1368.06,28.7,0,1
1368.18,28.7,0,1
1368.31,28.69,0,1
1368.43,28.69,0,1
1368.55,28.69,0,1
1368.68,28.69,0,1
1368.8,28.67,0,1
1368.93,28.69,0,1
1369.05,28.69,0,1
1369.17,28.69,0,1
1369.3,28.67,0,1
1369.42,28.67,0,1
1369.54,28.67,0,1
1369.67,28.66,0,1
1369.79,28.67,0,1
1369.92,28.66,0,1
1370.04,28.64,0,1
1370.16,28.66,0,1
1370.29,28.66,0,1
1370.41,28.65,0,1
1370.53,28.65,0,1
1370.66,28.65,0,1
1370.78,28.64,0,1
1370.9,28.64,0,1
1371.03,28.64,0,1
1371.15,28.65,0,1
1371.28,28.63,0,1
1371.4,28.63,0,1
1371.52,28.63,0,1
1371.65,28.61,0,1
1371.77,28.63,0,1
1371.89,28.62,0,1
1372.02,28.61,0,1
1372.14,28.62,0,1
1372.27,28.61,0,1
1372.39,28.6,0,1
1372.51,28.6,0,1
1372.64,28.6,0,1
1372.76,28.58,0,1
1372.88,28.59,0,1
1373.01,28.6,0,1
1373.13,28.59,0,1
1373.26,28.59,0,1
1373.38,28.59,0,1
1373.5,28.58,0,1
1373.63,28.59,0,1
1373.75,28.58,0,1
1373.88,28.58,0,1
1374.0,28.58,0,1
1374.12,28.56,0,1
1374.25,28.58,0,1
1374.37,28.57,0,1
1374.49,28.58,0,1
1374.62,28.56,0,1
1374.74,28.55,0,1
1374.86,28.56,0,1
1374.99,28.56,0,1
1375.11,28.53,0,1
1375.24,28.53,0,1
1375.36,28.54,0,1
1375.48,28.53,0,1
1375.61,28.54,0,1
1375.73,28.54,0,1
1375.85,28.54,0,1
1375.98,28.54,0,1
1376.1,28.53,0,1
1376.23,28.53,0,1
1376.35,28.53,0,1
1376.47,28.52,0,1
1376.6,28.52,0,1
1376.72,28.52,0,1
1376.84,28.52,0,1
1376.97,28.49,0,1
1377.09,28.51,0,1
1377.22,28.5,0,1
1377.34,28.51,0,1
1377.46,28.52,0,1
1377.59,28.5,0,1
1377.71,28.5,0,1
1377.83,28.5,0,1
1377.96,28.5,0,1
1378.08,28.49,0,1
1378.21,28.48,0,1
1378.33,28.49,0,1
1378.45,28.49,0,1
1378.58,28.49,0,1
1378.7,28.48,0,1
1378.82,28.48,0,1
1378.95,28.47,0,1
1379.07,28.48,0,1
1379.19,28.48,0,1
1379.32,28.47,0,1
1379.44,28.46,0,1
1379.57,28.47,0,1
1379.69,28.45,0,1
1379.81,28.48,0,1
1379.94,28.47,0,1
1380.06,28.45,0,1
1380.19,28.44,0,1
1380.31,28.44,0,1
1380.43,28.45,0,1
1380.56,28.45,0,1
1380.68,28.42,0,1
1380.8,28.44,0,1
1380.93,28.44,0,1
1381.05,28.43,0,1
1381.18,28.43,0,1
1381.3,28.43,0,1
1381.42,28.43,0,1
1381.55,28.43,0,1
1381.67,28.43,0,1
1381.79,28.41,0,1
1381.92,28.42,0,1
1382.04,28.4,0,1
1382.17,28.41,0,1
1382.29,28.4,0,1
1382.41,28.4,0,1
1382.54,28.4,0,1
1382.66,28.42,0,1
1382.79,28.4,0,1
1382.91,28.41,0,1
1383.03,28.38,0,1
1383.16,28.39,0,1
1383.28,28.38,0,1
1383.4,28.38,0,1
1383.53,28.39,0,1
1383.65,28.39,0,1
1383.78,28.38,0,1
1383.9,28.38,0,1
1384.02,28.38,0,1
1384.15,28.38,0,1
1384.27,28.37,0,1
1384.39,28.37,0,1
1384.52,28.34,0,1
1384.64,28.36,0,1
1384.76,28.36,0,1
1384.89,28.36,0,1
1385.01,28.37,0,1
1385.14,28.37,0,1
1385.26,28.36,0,1
1385.38,28.35,0,1
1385.51,28.34,0,1
1385.63,28.35,0,1
1385.75,28.34,0,1
1385.88,28.33,0,1
1386.0,28.32,0,1
1386.13,28.33,0,1
1386.25,28.33,0,1
1386.37,28.33,0,1
1386.5,28.34,0,1
1386.62,28.32,0,1
1386.74,28.33,0,1
1386.87,28.33,0,1
1386.99,28.32,0,1
1387.12,28.32,0,1
1387.24,28.31,0,1
1387.36,28.32,0,1
1387.49,28.31,0,1
1387.61,28.31,0,1
1387.73,28.31,0,1
1387.86,28.3,0,1
1387.98,28.3,0,1
1388.11,28.3,0,1
1388.23,28.3,0,1
1388.35,28.3,0,1
1388.48,28.3,0,1
1388.6,28.3,0,1
1388.72,28.3,0,1
1388.85,28.29,0,1
1388.97,28.29,0,1
1389.09,28.29,0,1
1389.22,28.3,0,1
1389.34,28.28,0,1
1389.47,28.24,0,1
1389.59,28.27,0,1
1389.71,28.26,0,1
1389.84,28.28,0,1
1389.96,28.27,0,1
1390.09,28.26,0,1
1390.21,28.27,0,1
1390.33,28.26,0,1
1390.46,28.26,0,1
1390.58,28.25,0,1
1390.7,28.25,0,1
1390.83,28.25,0,1
1390.95,28.24,0,1
1391.08,28.26,0,1
1391.2,28.24,0,1
1391.32,28.25,0,1
1391.45,28.24,0,1
1391.57,28.23,0,1
1391.69,28.24,0,1
1391.82,28.23,0,1
1391.94,28.23,0,1
1392.07,28.24,0,1
1392.19,28.22,0,1
1392.31,28.23,0,1
1392.44,28.23,0,1
1392.56,28.21,0,1
1392.69,28.22,0,1
1392.81,28.22,0,1
1392.93,28.21,0,1
1393.06,28.21,0,1
1393.18,28.21,0,1
1393.3,28.19,0,1
1393.43,28.2,0,1
1393.55,28.2,0,1
1393.68,28.19,0,1
1393.8,28.19,0,1
1393.92,28.2,0,1
1394.05,28.2,0,1
1394.17,28.19,0,1
1394.29,28.2,0,1
1394.42,28.18,0,1
1394.54,28.18,0,1
1394.66,28.18,0,1
1394.79,28.18,0,1
1394.91,28.18,0,1
1395.04,28.18,0,1
1395.16,28.17,0,1
1395.28,28.18,0,1
1395.41,28.17,0,1
1395.53,28.18,0,1
1395.65,28.18,0,1
1395.78,28.17,0,1
1395.9,28.17,0,1
1396.03,28.16,0,1
1396.15,28.16,0,1
1396.27,28.16,0,1
1396.4,28.16,0,1
1396.52,28.15,0,1
1396.64,28.15,0,1
1396.77,28.14,0,1
1396.89,28.16,0,1
1397.02,28.15,0,1
1397.14,28.14,0,1
1397.26,28.16,0,1
1397.39,28.15,0,1
1397.51,28.14,0,1
1397.64,28.13,0,1
1397.76,28.14,0,1
1397.88,28.13,0,1
1398.01,28.12,0,1
1398.13,28.11,0,1
1398.25,28.13,0,1
1398.38,28.12,0,1
1398.5,28.12,0,1
1398.62,28.12,0,1
1398.75,28.12,0,1
1398.87,28.12,0,1
1399.0,28.11,0,1
1399.12,28.11,0,1
1399.24,28.11,0,1
1399.37,28.11,0,1
1399.49,28.11,0,1
1399.61,28.11,0,1
1399.74,28.11,0,1
1399.86,28.1,0,1
1399.99,28.1,0,1
1400.11,28.1,0,1
1400.23,28.1,0,1
1400.36,28.1,0,1
1400.48,28.09,0,1
1400.6,28.09,0,1
1400.73,28.08,0,1
1400.85,28.09,0,1
1400.97,28.09,0,1
1401.1,28.07,0,1
1401.22,28.07,0,1
1401.35,28.04,0,1
1401.47,28.07,0,1
1401.59,28.07,0,1
1401.72,28.07,0,1
1401.84,28.08,0,1
1401.96,28.06,0,1
1402.09,28.06,0,1
1402.21,28.07,0,1
1402.34,28.06,0,1
1402.46,28.06,0,1
1402.58,28.04,0,1
1402.71,28.05,0,1
1402.83,28.04,0,1
1402.95,28.04,0,1
1403.08,28.05,0,1
1403.2,28.05,0,1
1403.33,28.04,0,1
1403.45,28.04,0,1
1403.57,28.04,0,1
1403.7,28.04,0,1
1403.82,28.05,0,1
1403.94,28.03,0,1
1404.07,28.03,0,1
1404.19,28.03,0,1
1404.32,28.03,0,1
1404.44,28.02,0,1
1404.56,28.05,0,1
1404.69,28.01,0,1
1404.81,28.01,0,1
1404.94,28.02,0,1
1405.06,28.01,0,1
1405.18,28.01,0,1
1405.31,28.01,0,1
1405.43,28.02,0,1
1405.55,28.01,0,1
1405.68,28.0,0,1
1405.8,28.01,0,1
1405.93,27.99,0,1
1406.05,28.0,0,1
1406.17,28.0,0,1
1406.3,27.98,0,1
1406.42,28.0,0,1
1406.54,27.99,0,1
1406.67,27.99,0,1
1406.79,27.99,0,1
1406.92,27.99,0,1
1407.04,27.98,0,1
1407.16,27.99,0,1
1407.29,27.98,0,1
1407.41,27.97,0,1
1407.53,27.97,0,1
1407.66,27.98,0,1
1407.78,27.97,0,1
1407.91,27.98,0,1
1408.03,27.97,0,1
1408.15,27.96,0,1
1408.28,27.96,0,1
1408.4,27.96,0,1
1408.52,27.96,0,1
1408.65,27.96,0,1
1408.77,27.95,0,1
1408.9,27.94,0,1
1409.02,27.95,0,1
1409.14,27.93,0,1
1409.27,27.94,0,1
1409.39,27.95,0,1
1409.51,27.94,0,1
1409.64,27.94,0,1
1409.76,27.95,0,1
1409.89,27.94,0,1
1410.01,27.94,0,1
1410.13,27.94,0,1
1410.26,27.93,0,1
1410.38,27.93,0,1
1410.5,27.93,0,1
1410.63,27.93,0,1
1410.75,27.93,0,1
1410.88,27.92,0,1
1411.0,27.92,0,1
1411.12,27.92,0,1
1411.25,27.92,0,1
1411.37,27.92,0,1
1411.49,27.92,0,1
1411.62,27.91,0,1
1411.74,27.91,0,1
1411.86,27.91,0,1
1411.99,27.9,0,1
1412.11,27.9,0,1
1412.24,27.89,0,1
1412.36,27.89,0,1
1412.48,27.9,0,1
1412.61,27.9,0,1
1412.73,27.89,0,1
1412.85,27.89,0,1
1412.98,27.89,0,1
1413.1,27.89,0,1
1413.23,27.89,0,1
1413.35,27.89,0,1
1413.47,27.9,0,1
1413.6,27.87,0,1
1413.72,27.89,0,1
1413.84,27.88,0,1
1413.97,27.88,0,1
1414.09,27.87,0,1
1414.22,27.87,0,1
1414.34,27.87,0,1
1414.46,27.86,0,1
1414.59,27.86,0,1
1414.71,27.86,0,1
1414.83,27.86,0,1
1414.96,27.87,0,1
1415.08,27.86,0,1
1415.21,27.85,0,1
1415.33,27.87,0,1
1415.45,27.87,0,1
1415.58,27.84,0,1
1415.7,27.84,0,1
1415.82,27.85,0,1
1415.95,27.86,0,1
1416.07,27.85,0,1
1416.2,27.83,0,1
1416.32,27.84,0,1
1416.44,27.84,0,1
1416.57,27.84,0,1
1416.69,27.83,0,1
1416.81,27.84,0,1
1416.94,27.82,0,1
1417.06,27.84,0,1
1417.19,27.82,0,1
1417.31,27.82,0,1
1417.43,27.82,0,1
1417.56,27.82,0,1
1417.68,27.82,0,1
1417.8,27.82,0,1
1417.93,27.8,0,1
1418.05,27.81,0,1
1418.18,27.81,0,1
1418.3,27.81,0,1
1418.42,27.8,0,1
1418.55,27.81,0,1
1418.67,27.8,0,1
1418.8,27.81,0,1
1418.92,27.81,0,1
1419.04,27.8,0,1
1419.17,27.8,0,1
1419.29,27.8,0,1
1419.41,27.79,0,1
1419.54,27.79,0,1
1419.66,27.8,0,1
1419.79,27.82,0,1
1419.91,27.79,0,1
1420.03,27.78,0,1
1420.16,27.79,0,1
1420.28,27.78,0,1
1420.4,27.78,0,1
1420.53,27.79,0,1
1420.65,27.78,0,1
1420.78,27.77,0,1
1420.9,27.78,0,1
1421.02,27.76,0,1
1421.15,27.77,0,1
1421.27,27.77,0,1
1421.39,27.77,0,1
1421.52,27.77,0,1
1421.64,27.76,0,1
1421.76,27.76,0,1
1421.89,27.77,0,1
1422.01,27.75,0,1
1422.14,27.76,0,1
1422.26,27.77,0,1
1422.38,27.75,0,1
1422.51,27.76,0,1
1422.63,27.76,0,1
1422.75,27.75,0,1
1422.88,27.74,0,1
1423.0,27.75,0,1
1423.13,27.75,0,1
1423.25,27.75,0,1
1423.37,27.74,0,1
1423.5,27.74,0,1
1423.62,27.73,0,1
1423.75,27.73,0,1
1423.87,27.74,0,1
1423.99,27.73,0,1
1424.11,27.74,0,1
1424.24,27.73,0,1
1424.36,27.71,0,1
1424.49,27.73,0,1
1424.61,27.75,0,1
1424.73,27.72,0,1
1424.86,27.73,0,1
1424.98,27.72,0,1
1425.1,27.71,0,1
1425.23,27.73,0,1
1425.35,27.71,0,1
1425.48,27.71,0,1
1425.6,27.71,0,1
1425.72,27.72,0,1
1425.85,27.71,0,1
1425.97,27.72,0,1
1426.1,27.7,0,1
1426.22,27.7,0,1
1426.34,27.71,0,1
1426.47,27.7,0,1
1426.59,27.7,0,1
1426.71,27.71,0,1
1426.84,27.72,0,1
1426.96,27.7,0,1
1427.09,27.69,0,1
1427.21,27.7,0,1
1427.33,27.69,0,1
1427.46,27.69,0,1
1427.58,27.7,0,1
1427.7,27.67,0,1
1427.83,27.69,0,1
1427.95,27.66,0,1
1428.08,27.69,0,1
1428.2,27.69,0,1
1428.32,27.7,0,1
1428.45,27.69,0,1
1428.57,27.69,0,1
1428.69,27.69,0,1
1428.82,27.67,0,1
1428.94,27.68,0,1
1429.06,27.67,0,1
1429.19,27.68,0,1
1429.31,27.68,0,1
1429.44,27.68,0,1
1429.56,27.66,0,1
1429.69,27.65,0,1
1429.81,27.66,0,1
1429.93,27.69,0,1
1430.06,27.66,0,1
1430.18,27.66,0,1
1430.3,27.66,0,1
1430.43,27.65,0,1
1430.55,27.65,0,1
1430.68,27.65,0,1
1430.8,27.65,0,1
1430.92,27.63,0,1
1431.05,27.65,0,1
1431.17,27.63,0,1
1431.29,27.65,0,1
1431.42,27.65,0,1
1431.54,27.64,0,1
1431.66,27.64,0,1
1431.79,27.63,0,1
1431.91,27.64,0,1
1432.04,27.64,0,1
1432.16,27.64,0,1
1432.28,27.63,0,1
1432.41,27.63,0,1
1432.53,27.63,0,1
1432.65,27.63,0,1
1432.78,27.63,0,1
1432.9,27.62,0,1
1433.03,27.61,0,1
1433.15,27.63,0,1
1433.27,27.63,0,1
1433.4,27.62,0,1
1433.52,27.63,0,1
1433.65,27.62,0,1
1433.77,27.61,0,1
1433.89,27.63,0,1
1434.02,27.62,0,1
1434.14,27.61,0,1
1434.26,27.62,0,1
1434.39,27.62,0,1
1434.51,27.62,0,1
1434.64,27.61,0,1
1434.76,27.6,0,1
1434.88,27.6,0,1
1435.01,27.61,0,1
1435.13,27.61,0,1
1435.25,27.62,0,1
1435.38,27.6,0,1
1435.5,27.61,0,1
1435.62,27.59,0,1
1435.75,27.6,0,1
1435.87,27.59,0,1
1436.0,27.6,0,1
1436.12,27.59,0,1
1436.24,27.59,0,1
1436.37,27.6,0,1
1436.49,27.6,0,1
1436.61,27.58,0,1
1436.74,27.58,0,1
1436.86,27.58,0,1
1436.99,27.58,0,1
1437.11,27.59,0,1
1437.23,27.58,0,1
1437.36,27.57,0,1
1437.48,27.58,0,1
1437.6,27.57,0,1
1437.73,27.57,0,1
1437.85,27.58,0,1
1437.97,27.57,0,1
1438.1,27.56,0,1
1438.22,27.56,0,1
1438.35,27.56,0,1
1438.47,27.56,0,1
1438.59,27.56,0,1
1438.72,27.57,0,1
1438.84,27.55,0,1
1438.96,27.54,0,1
1439.09,27.57,0,1
1439.21,27.56,0,1
1439.34,27.56,0,1
1439.46,27.55,0,1
1439.58,27.56,0,1
1439.71,27.55,0,1
1439.83,27.54,0,1
1439.95,27.54,0,1
1440.08,27.55,0,1
1440.2,27.55,0,1
1440.33,27.53,0,1
1440.45,27.57,0,1
1440.57,27.55,0,1
1440.7,27.55,0,1
1440.82,27.53,0,1
1440.95,27.53,0,1
1441.07,27.54,0,1
1441.19,27.53,0,1
1441.32,27.53,0,1
1441.44,27.53,0,1
1441.56,27.54,0,1
1441.69,27.53,0,1
1441.81,27.53,0,1
1441.94,27.51,0,1
1442.06,27.53,0,1
1442.18,27.52,0,1
1442.31,27.52,0,1
1442.43,27.53,0,1
1442.55,27.52,0,1
1442.68,27.51,0,1
1442.8,27.52,0,1
1442.93,27.52,0,1
1443.05,27.52,0,1
1443.17,27.51,0,1
1443.3,27.5,0,1
1443.42,27.52,0,1
1443.54,27.51,0,1
1443.67,27.5,0,1
1443.79,27.51,0,1
1443.92,27.51,0,1
1444.04,27.51,0,1
1444.16,27.5,0,1
1444.29,27.51,0,1
1444.41,27.49,0,1
1444.53,27.49,0,1
1444.66,27.49,0,1
1444.78,27.49,0,1
1444.91,27.49,0,1
1445.03,27.5,0,1
1445.15,27.48,0,1
1445.28,27.49,0,1
1445.4,27.48,0,1
1445.52,27.49,0,1
1445.65,27.49,0,1
1445.77,27.48,0,1
1445.9,27.49,0,1
1446.02,27.48,0,1
1446.14,27.48,0,1
1446.27,27.46,0,1
1446.39,27.48,0,1
1446.51,27.49,0,1
1446.64,27.47,0,1
1446.76,27.48,0,1
1446.89,27.46,0,1
1447.01,27.47,0,1
1447.13,27.47,0,1
1447.26,27.48,0,1
1447.38,27.47,0,1
1447.5,27.46,0,1
1447.63,27.47,0,1
1447.75,27.46,0,1
1447.88,27.47,0,1
1448.0,27.46,0,1
1448.12,27.46,0,1
1448.25,27.46,0,1
1448.37,27.46,0,1
1448.49,27.45,0,1
1448.62,27.46,0,1
1448.74,27.46,0,1
1448.86,27.46,0,1
1448.99,27.45,0,1
1449.11,27.45,0,1
1449.24,27.45,0,1
1449.36,27.45,0,1
1449.48,27.45,0,1
1449.61,27.45,0,1
1449.73,27.42,0,1
1449.86,27.44,0,1
1449.98,27.45,0,1
1450.1,27.44,0,1
1450.23,27.43,0,1
1450.35,27.45,0,1
1450.47,27.44,0,1
1450.6,27.44,0,1
1450.72,27.42,0,1
1450.84,27.43,0,1
1450.97,27.42,0,1
1451.09,27.43,0,1
1451.22,27.43,0,1
1451.34,27.43,0,1
1451.46,27.42,0,1
1451.59,27.43,0,1
1451.71,27.42,0,1
1451.83,27.42,0,1
1451.96,27.43,0,1
1452.08,27.42,0,1
1452.21,27.4,0,1
1452.33,27.42,0,1
1452.45,27.42,0,1
1452.58,27.42,0,1
1452.7,27.42,0,1
1452.82,27.41,0,1
1452.95,27.41,0,1
1453.07,27.42,0,1
1453.2,27.4,0,1
1453.32,27.4,0,1
1453.44,27.4,0,1
1453.57,27.4,0,1
1453.69,27.41,0,1
1453.81,27.4,0,1
1453.94,27.41,0,1
1454.06,27.39,0,1
1454.19,27.4,0,1
1454.31,27.39,0,1
1454.43,27.4,0,1
1454.56,27.39,0,1
1454.68,27.4,0,1
1454.8,27.39,0,1
1454.93,27.4,0,1
1455.05,27.4,0,1
1455.18,27.39,0,1
1455.3,27.38,0,1
1455.42,27.39,0,1
1455.55,27.38,0,1
1455.67,27.39,0,1
1455.8,27.38,0,1
1455.92,27.38,0,1
1456.04,27.38,0,1
1456.17,27.38,0,1
1456.29,27.38,0,1
1456.41,27.38,0,1
1456.54,27.36,0,1
1456.66,27.37,0,1
1456.79,27.35,0,1
1456.91,27.38,0,1
1457.03,27.37,0,1
1457.16,27.38,0,1
1457.28,27.37,0,1
1457.4,27.38,0,1
1457.53,27.36,0,1
1457.65,27.36,0,1
1457.78,27.36,0,1
1457.9,27.36,0,1
1458.02,27.37,0,1
1458.15,27.37,0,1
1458.27,27.36,0,1
1458.39,27.36,0,1
1458.52,27.35,0,1
1458.64,27.36,0,1
1458.76,27.36,0,1
1458.89,27.35,0,1
1459.01,27.36,0,1
1459.14,27.36,0,1
1459.26,27.35,0,1
1459.38,27.35,0,1
1459.51,27.37,0,1
1459.63,27.35,0,1
1459.76,27.36,0,1
1459.88,27.36,0,1
1460.0,27.35,0,1
1460.13,27.35,0,1
1460.25,27.35,0,1
1460.37,27.34,0,1
1460.5,27.34,0,1
1460.62,27.34,0,1
1460.75,27.35,0,1
1460.87,27.34,0,1
1460.99,27.35,0,1
1461.12,27.34,0,1
1461.24,27.34,0,1
1461.36,27.33,0,1
1461.49,27.33,0,1
1461.61,27.34,0,1
1461.73,27.34,0,1
1461.86,27.34,0,1
1461.98,27.33,0,1
1462.11,27.34,0,1
1462.23,27.33,0,1
1462.35,27.33,0,1
1462.48,27.33,0,1
1462.6,27.32,0,1
1462.72,27.33,0,1
1462.85,27.33,0,1
1462.97,27.32,0,1
1463.1,27.33,0,1
1463.22,27.34,0,1
1463.34,27.32,0,1
1463.47,27.32,0,1
1463.59,27.33,0,1
1463.71,27.32,0,1
1463.84,27.32,0,1
1463.96,27.31,0,1
1464.09,27.31,0,1
1464.21,27.32,0,1
1464.33,27.31,0,1
1464.46,27.32,0,1
1464.58,27.31,0,1
1464.7,27.31,0,1
1464.83,27.31,0,1
1464.95,27.31,0,1
1465.08,27.3,0,1
1465.2,27.31,0,1
1465.32,27.3,0,1
1465.45,27.31,0,1
1465.57,27.31,0,1
1465.69,27.31,0,1
1465.82,27.31,0,1
1465.94,27.31,0,1
1466.06,27.3,0,1
1466.19,27.32,0,1
1466.31,27.29,0,1
1466.44,27.29,0,1
1466.56,27.3,0,1
1466.69,27.3,0,1
1466.81,27.29,0,1
1466.93,27.3,0,1
1467.06,27.29,0,1
1467.18,27.28,0,1
1467.3,27.29,0,1
1467.43,27.29,0,1
1467.55,27.3,0,1
1467.67,27.29,0,1
1467.8,27.3,0,1
1467.92,27.28,0,1
1468.05,27.29,0,1
1468.17,27.28,0,1
1468.29,27.28,0,1
1468.42,27.29,0,1
1468.54,27.27,0,1
1468.66,27.29,0,1
1468.79,27.28,0,1
1468.91,27.3,0,1
1469.04,27.27,0,1
1469.16,27.27,0,1
1469.28,27.28,0,1
1469.41,27.26,0,1
1469.53,27.28,0,1
1469.66,27.26,0,1
1469.78,27.27,0,1
1469.9,27.28,0,1
1470.03,27.28,0,1
1470.15,27.27,0,1
1470.27,27.26,0,1
1470.4,27.27,0,1
1470.52,27.27,0,1
1470.65,27.27,0,1
1470.77,27.27,0,1
1470.89,27.26,0,1
1471.02,27.26,0,1
1471.14,27.27,0,1
1471.26,27.26,0,1
1471.39,27.26,0,1
1471.51,27.25,0,1
1471.64,27.24,0,1
1471.76,27.26,0,1
1471.88,27.25,0,1
1472.01,27.26,0,1
1472.13,27.25,0,1
1472.25,27.25,0,1
1472.38,27.23,0,1
1472.5,27.25,0,1
1472.63,27.25,0,1
1472.75,27.25,0,1
1472.87,27.24,0,1
1473.0,27.24,0,1
1473.12,27.24,0,1
1473.24,27.25,0,1
1473.37,27.25,0,1
1473.49,27.24,0,1
1473.61,27.25,0,1
1473.74,27.24,0,1
1473.86,27.24,0,1
1473.99,27.24,0,1
1474.11,27.24,0,1
1474.23,27.24,0,1
1474.36,27.24,0,1
1474.48,27.23,0,1
1474.6,27.23,0,1
1474.73,27.23,0,1
1474.85,27.24,0,1
1474.98,27.24,0,1
1475.1,27.23,0,1
1475.22,27.23,0,1
1475.35,27.23,0,1
1475.47,27.22,0,1
1475.59,27.23,0,1
1475.72,27.22,0,1
1475.84,27.23,0,1
1475.96,27.22,0,1
1476.09,27.21,0,1
1476.21,27.23,0,1
1476.34,27.24,0,1
1476.46,27.23,0,1
1476.58,27.23,0,1
1476.71,27.23,0,1
1476.83,27.22,0,1
1476.96,27.21,0,1
1477.08,27.22,0,1
1477.2,27.22,0,1
1477.33,27.22,0,1
1477.45,27.22,0,1
1477.57,27.21,0,1
1477.7,27.21,0,1
1477.82,27.22,0,1
1477.95,27.22,0,1
1478.07,27.21,0,1
1478.19,27.21,0,1
1478.32,27.2,0,1
1478.44,27.2,0,1
1478.56,27.21,0,1
1478.69,27.18,0,1
1478.81,27.21,0,1
1478.94,27.18,0,1
1479.06,27.2,0,1
1479.18,27.2,0,1
1479.31,27.2,0,1
1479.43,27.21,0,1
1479.56,27.19,0,1
1479.68,27.19,0,1
1479.8,27.19,0,1
1479.93,27.19,0,1
1480.05,27.2,0,1
1480.17,27.19,0,1
1480.3,27.2,0,1
1480.42,27.19,0,1
1480.55,27.2,0,1
1480.67,27.19,0,1
1480.79,27.18,0,1
1480.92,27.2,0,1
1481.04,27.19,0,1
1481.16,27.17,0,1
1481.29,27.17,0,1
1481.41,27.18,0,1
1481.54,27.19,0,1
1481.66,27.18,0,1
1481.78,27.18,0,1
1481.91,27.18,0,1
1482.03,27.17,0,1
1482.15,27.19,0,1
1482.28,27.18,0,1
1482.4,27.17,0,1
1482.52,27.17,0,1
1482.65,27.18,0,1
1482.77,27.17,0,1
1482.9,27.17,0,1
1483.02,27.18,0,1
1483.14,27.17,0,1
1483.27,27.17,0,1
1483.39,27.16,0,1
1483.51,27.18,0,1
1483.64,27.16,0,1
1483.76,27.16,0,1
1483.89,27.18,0,1
1484.01,27.16,0,1
1484.13,27.16,0,1
1484.26,27.17,0,1
1484.38,27.16,0,1
1484.51,27.15,0,1
1484.63,27.15,0,1
1484.75,27.16,0,1
1484.88,27.16,0,1
1485.0,27.16,0,1
1485.12,27.16,0,1
1485.25,27.16,0,1
1485.37,27.17,0,1
1485.5,27.16,0,1
1485.62,27.15,0,1
1485.74,27.15,0,1
1485.86,27.15,0,1
1485.99,27.14,0,1
1486.11,27.14,0,1
1486.24,27.15,0,1
1486.36,27.14,0,1
1486.48,27.15,0,1
1486.61,27.15,0,1
1486.73,27.14,0,1
1486.86,27.14,0,1
1486.98,27.13,0,1
1487.1,27.14,0,1
1487.23,27.16,0,1
1487.35,27.14,0,1
1487.47,27.14,0,1
1487.6,27.14,0,1
1487.72,27.14,0,1
1487.85,27.14,0,1
1487.97,27.13,0,1
1488.09,27.14,0,1
1488.22,27.13,0,1
1488.34,27.14,0,1
1488.46,27.16,0,1
1488.59,27.13,0,1
1488.71,27.15,0,1
1488.84,27.13,0,1
1488.96,27.13,0,1
1489.08,27.13,0,1
1489.21,27.13,0,1
1489.33,27.12,0,1
1489.45,27.12,0,1
1489.58,27.12,0,1
1489.7,27.12,0,1
1489.83,27.13,0,1
1489.95,27.13,0,1
1490.07,27.13,0,1
1490.2,27.11,0,1
1490.32,27.12,0,1
1490.44,27.11,0,1
1490.57,27.11,0,1
1490.69,27.12,0,1
1490.82,27.12,0,1
1490.94,27.12,0,1
1491.06,27.12,0,1
1491.19,27.11,0,1
1491.31,27.11,0,1
1491.43,27.11,0,1
1491.56,27.12,0,1
1491.68,27.1,0,1
1491.81,27.11,0,1
1491.93,27.13,0,1
1492.05,27.11,0,1
1492.18,27.09,0,1
1492.3,27.11,0,1
1492.42,27.09,0,1
1492.55,27.1,0,1
1492.67,27.11,0,1
1492.8,27.1,0,1
1492.92,27.1,0,1
1493.04,27.1,0,1
1493.17,27.09,0,1
1493.29,27.1,0,1
1493.41,27.1,0,1
1493.54,27.09,0,1
1493.66,27.08,0,1
1493.79,27.1,0,1
1493.91,27.09,0,1
1494.03,27.09,0,1
1494.16,27.07,0,1
1494.28,27.09,0,1
1494.41,27.09,0,1
1494.53,27.09,0,1
1494.65,27.08,0,1
1494.78,27.09,0,1
1494.9,27.08,0,1
1495.02,27.08,0,1
1495.15,27.08,0,1
1495.27,27.09,0,1
1495.39,27.07,0,1
1495.52,27.08,0,1
1495.64,27.08,0,1
1495.77,27.08,0,1
1495.89,27.07,0,1
1496.01,27.08,0,1
1496.14,27.07,0,1
1496.26,27.07,0,1
1496.38,27.08,0,1
1496.51,27.08,0,1
1496.63,27.07,0,1
1496.76,27.06,0,1
1496.88,27.07,0,1
1497.0,27.06,0,1
1497.13,27.08,0,1
1497.25,27.05,0,1
1497.37,27.06,0,1
1497.5,27.07,0,1
1497.62,27.06,0,1
1497.75,27.07,0,1
1497.87,27.07,0,1
1497.99,27.06,0,1
1498.12,27.07,0,1
1498.24,27.06,0,1
1498.36,27.06,0,1
1498.49,27.05,0,1
1498.61,27.06,0,1
1498.73,27.05,0,1
1498.86,27.07,0,1
1498.98,27.05,0,1
1499.11,27.04,0,1
1499.23,27.04,0,1
1499.35,27.04,0,1
1499.48,27.05,0,1
1499.6,27.04,0,1
1499.72,27.04,0,1
1499.85,27.05,0,1
1499.97,27.04,0,1
1500.1,27.04,0,1
1500.22,27.04,0,1
1500.34,27.05,0,1
1500.47,27.01,0,1
1500.59,27.03,0,1
1500.72,27.05,0,1
1500.84,27.03,0,1
1500.96,27.04,0,1
1501.09,27.03,0,1
1501.21,27.04,0,1
1501.33,27.02,0,1
1501.46,27.02,0,1
1501.58,27.03,0,1
1501.71,27.02,0,1
1501.83,27.02,0,1
1501.95,27.03,0,1
1502.08,27.04,0,1
1502.2,27.03,0,1
1502.32,27.01,0,1
1502.45,27.01,0,1
1502.57,27.02,0,1
1502.7,27.02,0,1
1502.82,27.01,0,1
1502.94,27.01,0,1
1503.07,27.01,0,1
1503.19,26.99,0,1
1503.31,27.01,0,1
1503.44,27.01,0,1
1503.56,27.02,0,1
1503.69,27.02,0,1
1503.81,27.02,0,1
1503.93,27.01,0,1
1504.06,27.01,0,1
1504.18,27.01,0,1
1504.31,27.01,0,1
1504.43,27.01,0,1
1504.55,27.0,0,1
1504.68,27.01,0,1
1504.8,27.0,0,1
1504.92,27.01,0,1
1505.05,27.0,0,1
1505.17,27.0,0,1
1505.29,27.0,0,1
1505.42,27.0,0,1
1505.54,27.0,0,1
1505.67,26.99,0,1
1505.79,26.99,0,1
1505.91,26.99,0,1
1506.04,27.0,0,1
1506.16,26.99,0,1
1506.28,27.0,0,1
1506.41,26.99,0,1
1506.53,27.01,0,1
1506.66,26.99,0,1
1506.78,27.0,0,1
1506.9,26.98,0,1
1507.03,27.0,0,1
1507.15,26.99,0,1
1507.27,26.98,0,1
1507.4,26.97,0,1
1507.52,26.99,0,1
1507.65,26.98,0,1
1507.77,26.97,0,1
1507.89,26.97,0,1
1508.02,26.98,0,1
1508.14,26.98,0,1
1508.26,26.97,0,1
1508.39,26.99,0,1
1508.51,26.97,0,1
1508.64,26.97,0,1
1508.76,26.98,0,1
1508.88,26.96,0,1
1509.01,26.97,0,1
1509.13,26.97,0,1
1509.26,26.97,0,1
1509.38,26.96,0,1
1509.5,26.97,0,1
1509.63,26.98,0,1
1509.75,26.96,0,1
1509.87,26.96,0,1
1510.0,26.96,0,1
1510.12,26.98,0,1
1510.24,26.96,0,1
1510.37,26.95,0,1
1510.49,26.96,0,1
1510.62,26.95,0,1
1510.74,26.97,0,1
1510.86,26.96,0,1
1510.99,26.97,0,1
1511.11,26.97,0,1
1511.23,26.95,0,1
1511.36,26.96,0,1
1511.48,26.95,0,1
1511.61,26.95,0,1
1511.73,26.94,0,1
1511.85,26.95,0,1
1511.98,26.96,0,1
1512.1,26.95,0,1
1512.22,26.96,0,1
1512.35,26.95,0,1
1512.47,26.96,0,1
1512.6,26.94,0,1
1512.72,26.94,0,1
1512.84,26.95,0,1
1512.97,26.95,0,1
1513.09,26.94,0,1
1513.21,26.94,0,1
1513.34,26.93,0,1
1513.46,26.93,0,1
1513.59,26.94,0,1
1513.71,26.94,0,1
1513.83,26.94,0,1
1513.96,26.95,0,1
1514.08,26.95,0,1
1514.2,26.94,0,1
1514.33,26.94,0,1
1514.45,26.94,0,1
1514.57,26.93,0,1
1514.7,26.92,0,1
1514.82,26.93,0,1
1514.95,26.92,0,1
1515.07,26.93,0,1
1515.19,26.93,0,1
1515.32,26.95,0,1
1515.44,26.93,0,1
1515.57,26.92,0,1
1515.69,26.95,0,1
1515.81,26.95,0,1
1515.94,26.92,0,1
1516.06,26.92,0,1
1516.19,26.9,0,1
1516.31,26.92,0,1
1516.43,26.92,0,1
1516.56,26.92,0,1
1516.68,26.92,0,1
1516.8,26.92,0,1
1516.93,26.93,0,1
1517.05,26.92,0,1
1517.17,26.91,0,1
1517.3,26.93,0,1
1517.42,26.91,0,1
1517.55,26.91,0,1
1517.67,26.91,0,1
1517.79,26.91,0,1
1517.92,26.91,0,1
1518.04,26.9,0,1
1518.16,26.9,0,1
1518.29,26.92,0,1
1518.41,26.91,0,1
1518.54,26.9,0,1
1518.66,26.92,0,1
1518.78,26.93,0,1
1518.91,26.9,0,1
1519.03,26.9,0,1
1519.16,26.9,0,1
1519.28,26.9,0,1
1519.4,26.9,0,1
1519.53,26.89,0,1
1519.65,26.9,0,1
1519.77,26.91,0,1
1519.9,26.9,0,1
1520.02,26.88,0,1
1520.15,26.89,0,1
1520.27,26.89,0,1
1520.39,26.89,0,1
1520.52,26.9,0,1
1520.64,26.89,0,1
1520.76,26.89,0,1
1520.89,26.89,0,1
1521.01,26.91,0,1
1521.14,26.89,0,1
1521.26,26.89,0,1
1521.38,26.88,0,1
1521.51,26.89,0,1
1521.63,26.89,0,1
1521.75,26.88,0,1
1521.88,26.89,0,1
1522.0,26.88,0,1
1522.13,26.9,0,1
1522.25,26.88,0,1
1522.37,26.88,0,1
1522.5,26.87,0,1
1522.62,26.88,0,1
1522.74,26.88,0,1
1522.87,26.88,0,1
1522.99,26.87,0,1
1523.11,26.88,0,1
1523.24,26.87,0,1
1523.36,26.87,0,1
1523.49,26.89,0,1
1523.61,26.88,0,1
1523.73,26.87,0,1
1523.86,26.88,0,1
1523.98,26.87,0,1
1524.1,26.89,0,1
1524.23,26.88,0,1
1524.35,26.87,0,1
1524.48,26.87,0,1
1524.6,26.87,0,1
1524.72,26.87,0,1
1524.85,26.87,0,1
1524.97,26.86,0,1
1525.09,26.88,0,1
1525.22,26.87,0,1
1525.34,26.85,0,1
1525.47,26.87,0,1
1525.59,26.86,0,1
1525.71,26.87,0,1
1525.84,26.85,0,1
1525.96,26.86,0,1
1526.08,26.85,0,1
1526.21,26.86,0,1
1526.33,26.86,0,1
1526.46,26.85,0,1
1526.58,26.86,0,1
1526.7,26.85,0,1
1526.83,26.84,0,1
1526.95,26.85,0,1
1527.07,26.85,0,1
1527.2,26.84,0,1
1527.32,26.85,0,1
1527.45,26.86,0,1
1527.57,26.86,0,1
1527.69,26.86,0,1
1527.82,26.85,0,1
1527.94,26.85,0,1
1528.07,26.85,0,1
1528.19,26.84,0,1
1528.31,26.85,0,1
1528.44,26.85,0,1
1528.56,26.85,0,1
1528.68,26.86,0,1
1528.81,26.85,0,1
1528.93,26.85,0,1
1529.06,26.85,0,1
1529.18,26.84,0,1
1529.3,26.85,0,1
1529.43,26.85,0,1
1529.55,26.85,0,1
1529.67,26.84,0,1
1529.8,26.84,0,1
1529.92,26.83,0,1
1530.05,26.84,0,1
1530.17,26.85,0,1
1530.29,26.84,0,1
1530.42,26.83,0,1
1530.54,26.83,0,1
1530.66,26.83,0,1
1530.79,26.83,0,1
1530.91,26.84,0,1
1531.04,26.83,0,1
1531.16,26.82,0,1
1531.28,26.83,0,1
1531.41,26.83,0,1
1531.53,26.83,0,1
1531.66,26.82,0,1
1531.78,26.83,0,1
1531.9,26.83,0,1
1532.03,26.82,0,1
1532.15,26.82,0,1
1532.27,26.82,0,1
1532.4,26.82,0,1
1532.52,26.83,0,1
1532.64,26.83,0,1
1532.77,26.82,0,1
1532.89,26.82,0,1
1533.02,26.82,0,1
1533.14,26.81,0,1
1533.26,26.81,0,1
1533.39,26.82,0,1
1533.51,26.8,0,1
1533.63,26.82,0,1
1533.76,26.82,0,1
1533.88,26.82,0,1
1534.01,26.82,0,1
1534.13,26.82,0,1
1534.25,26.82,0,1
1534.38,26.81,0,1
1534.5,26.8,0,1
1534.62,26.81,0,1
1534.75,26.81,0,1
1534.87,26.81,0,1
1535.0,26.81,0,1
1535.12,26.8,0,1
1535.24,26.81,0,1
1535.37,26.8,0,1
1535.49,26.8,0,1
1535.61,26.81,0,1
1535.74,26.81,0,1
1535.86,26.81,0,1
1535.99,26.79,0,1
1536.11,26.8,0,1
1536.23,26.8,0,1
1536.36,26.82,0,1
1536.48,26.8,0,1
1536.6,26.81,0,1
1536.73,26.8,0,1
1536.85,26.8,0,1
1536.97,26.82,0,1
1537.1,26.81,0,1
1537.22,26.79,0,1
1537.35,26.8,0,1
1537.47,26.8,0,1
1537.59,26.79,0,1
1537.72,26.82,0,1
1537.84,26.8,0,1
1537.97,26.79,0,1
1538.09,26.81,0,1
1538.21,26.8,0,1
1538.34,26.79,0,1
1538.46,26.79,0,1
1538.58,26.79,0,1
1538.71,26.8,0,1
1538.83,26.8,0,1
1538.96,26.79,0,1
1539.08,26.8,0,1
1539.2,26.79,0,1
1539.33,26.8,0,1
1539.45,26.79,0,1
1539.57,26.79,0,1
1539.7,26.78,0,1
1539.82,26.8,0,1
1539.95,26.77,0,1
1540.07,26.78,0,1
1540.19,26.78,0,1
1540.32,26.79,0,1
1540.44,26.79,0,1
1540.56,26.79,0,1
1540.69,26.8,0,1
1540.81,26.79,0,1
1540.94,26.79,0,1
1541.06,26.78,0,1
1541.18,26.79,0,1
1541.31,26.79,0,1
1541.43,26.79,0,1
1541.56,26.77,0,1
1541.68,26.79,0,1
1541.8,26.78,0,1
1541.93,26.78,0,1
1542.05,26.78,0,1
1542.17,26.78,0,1
1542.3,26.79,0,1
1542.42,26.77,0,1
1542.55,26.79,0,1
1542.67,26.77,0,1
1542.79,26.77,0,1
1542.92,26.8,0,1
1543.04,26.77,0,1
1543.16,26.77,0,1
1543.29,26.76,0,1
1543.41,26.77,0,1
1543.54,26.77,0,1
1543.66,26.77,0,1
1543.78,26.78,0,1
1543.91,26.77,0,1
1544.03,26.76,0,1
1544.15,26.76,0,1
1544.28,26.75,0,1
1544.4,26.76,0,1
1544.52,26.77,0,1
1544.65,26.77,0,1
1544.77,26.77,0,1
1544.9,26.77,0,1
1545.02,26.76,0,1
1545.14,26.77,0,1
1545.27,26.75,0,1
1545.39,26.76,0,1
1545.52,26.76,0,1
1545.64,26.76,0,1
1545.76,26.76,0,1
1545.89,26.78,0,1
1546.01,26.76,0,1
1546.13,26.76,0,1
1546.26,26.76,0,1
1546.38,26.77,0,1
1546.51,26.77,0,1
1546.63,26.77,0,1
1546.75,26.76,0,1
1546.88,26.76,0,1
1547.0,26.74,0,1
1547.12,26.76,0,1
1547.25,26.74,0,1
1547.37,26.75,0,1
1547.5,26.74,0,1
1547.62,26.76,0,1
1547.74,26.76,0,1
1547.87,26.74,0,1
1547.99,26.77,0,1
1548.11,26.75,0,1
1548.24,26.75,0,1
1548.36,26.73,0,1
1548.48,26.75,0,1
1548.61,26.75,0,1
1548.73,26.74,0,1
1548.86,26.74,0,1
1548.98,26.74,0,1
1549.1,26.76,0,1
1549.23,26.74,0,1
1549.35,26.73,0,1
1549.47,26.76,0,1
1549.6,26.75,0,1
1549.72,26.74,0,1
1549.85,26.74,0,1
1549.97,26.74,0,1
1550.09,26.73,0,1
1550.22,26.73,0,1
1550.34,26.74,0,1
1550.47,26.72,0,1
1550.59,26.73,0,1
1550.71,26.74,0,1
1550.84,26.75,0,1
1550.96,26.75,0,1
1551.08,26.74,0,1
1551.21,26.75,0,1
1551.33,26.73,0,1
1551.45,26.72,0,1
1551.58,26.73,0,1
1551.7,26.74,0,1
1551.83,26.73,0,1
1551.95,26.74,0,1
1552.07,26.74,0,1
1552.2,26.73,0,1
1552.32,26.74,0,1
1552.44,26.73,0,1
1552.57,26.74,0,1
1552.69,26.74,0,1
1552.82,26.73,0,1
1552.94,26.73,0,1
1553.06,26.74,0,1
1553.19,26.73,0,1
1553.31,26.73,0,1
1553.44,26.73,0,1
1553.56,26.73,0,1
1553.68,26.75,0,1
1553.81,26.72,0,1
1553.93,26.74,0,1
1554.05,26.72,0,1
1554.18,26.73,0,1
1554.3,26.72,0,1
1554.43,26.73,0,1
1554.55,26.72,0,1
1554.67,26.72,0,1
1554.8,26.73,0,1
1554.92,26.7,0,1
1555.04,26.73,0,1
1555.17,26.73,0,1
1555.29,26.7,0,1
1555.42,26.72,0,1
1555.54,26.72,0,1
1555.66,26.72,0,1
1555.79,26.72,0,1
1555.91,26.73,0,1
1556.03,26.71,0,1
1556.16,26.71,0,1
1556.28,26.72,0,1
1556.41,26.72,0,1
1556.53,26.72,0,1
1556.65,26.71,0,1
1556.78,26.71,0,1
1556.9,26.69,0,1
1557.02,26.7,0,1
1557.15,26.71,0,1
1557.27,26.69,0,1
1557.4,26.71,0,1
1557.52,26.71,0,1
1557.64,26.71,0,1
1557.77,26.71,0,1
1557.89,26.7,0,1
1558.01,26.72,0,1
1558.14,26.71,0,1
1558.26,26.71,0,1
1558.39,26.7,0,1
1558.51,26.7,0,1
1558.63,26.71,0,1
1558.76,26.71,0,1
1558.88,26.71,0,1
1559.01,26.71,0,1
1559.13,26.69,0,1
1559.25,26.7,0,1
1559.38,26.7,0,1
1559.5,26.72,0,1
1559.62,26.71,0,1
1559.75,26.71,0,1
1559.87,26.71,0,1
1559.99,26.71,0,1
1560.12,26.71,0,1
1560.24,26.71,0,1
1560.37,26.71,0,1
1560.49,26.72,0,1
1560.61,26.7,0,1
1560.74,26.7,0,1
1560.86,26.68,0,1
1560.98,26.71,0,1
1561.11,26.71,0,1
1561.23,26.71,0,1
1561.36,26.72,0,1
1561.48,26.7,0,1
1561.6,26.7,0,1
1561.73,26.7,0,1
1561.85,26.69,0,1
1561.97,26.71,0,1
1562.1,26.69,0,1
1562.22,26.71,0,1
1562.35,26.68,0,1
1562.47,26.69,0,1
1562.59,26.7,0,1
1562.72,26.69,0,1
1562.84,26.69,0,1
1562.96,26.69,0,1
1563.09,26.7,0,1
1563.21,26.69,0,1
1563.34,26.69,0,1
1563.46,26.69,0,1
1563.58,26.69,0,1
1563.71,26.7,0,1
1563.83,26.69,0,1
1563.95,26.69,0,1
1564.08,26.69,0,1
1564.2,26.69,0,1
1564.32,26.68,0,1
1564.45,26.68,0,1
1564.57,26.69,0,1
1564.7,26.67,0,1
1564.82,26.68,0,1
1564.94,26.67,0,1
1565.07,26.69,0,1
1565.19,26.67,0,1
1565.32,26.69,0,1
1565.44,26.69,0,1
1565.56,26.69,0,1
1565.69,26.69,0,1
1565.81,26.68,0,1
1565.94,26.69,0,1
1566.06,26.68,0,1
1566.18,26.7,0,1
1566.31,26.68,0,1
1566.43,26.69,0,1
1566.55,26.68,0,1
1566.68,26.69,0,1
1566.8,26.67,0,1
1566.92,26.68,0,1
1567.05,26.67,0,1
1567.17,26.68,0,1
1567.3,26.66,0,1
1567.42,26.68,0,1
1567.54,26.67,0,1
1567.67,26.67,0,1
1567.79,26.68,0,1
1567.92,26.68,0,1
1568.04,26.69,0,1
1568.16,26.67,0,1
1568.29,26.68,0,1
1568.41,26.67,0,1
1568.53,26.67,0,1
1568.66,26.67,0,1
1568.78,26.68,0,1
1568.91,26.67,0,1
1569.03,26.68,0,1
1569.15,26.67,0,1
1569.28,26.67,0,1
1569.4,26.68,0,1
1569.52,26.67,0,1
1569.65,26.68,0,1
1569.77,26.66,0,1
1569.9,26.67,0,1
1570.02,26.67,0,1
1570.14,26.67,0,1
1570.27,26.67,0,1
1570.39,26.67,0,1
1570.51,26.66,0,1
1570.64,26.66,0,1
1570.76,26.65,0,1
1570.89,26.66,0,1
1571.01,26.67,0,1
1571.13,26.66,0,1
1571.26,26.66,0,1
1571.38,26.66,0,1
1571.5,26.66,0,1
1571.63,26.66,0,1
1571.75,26.67,0,1
1571.88,26.67,0,1
1572.0,26.67,0,1
1572.12,26.66,0,1
1572.25,26.68,0,1
1572.37,26.66,0,1
1572.49,26.66,0,1
1572.62,26.69,0,1
1572.74,26.66,0,1
1572.87,26.66,0,1
1572.99,26.66,0,1
1573.11,26.66,0,1
1573.24,26.66,0,1
1573.36,26.66,0,1
1573.48,26.66,0,1
1573.61,26.65,0,1
1573.73,26.66,0,1
1573.86,26.66,0,1
1573.98,26.66,0,1
1574.1,26.66,0,1
1574.23,26.67,0,1
1574.35,26.65,0,1
1574.47,26.64,0,1
1574.6,26.66,0,1
1574.72,26.65,0,1
1574.85,26.65,0,1
1574.97,26.66,0,1
1575.09,26.64,0,1
1575.22,26.67,0,1
1575.34,26.66,0,1
1575.46,26.66,0,1
1575.59,26.66,0,1
1575.71,26.65,0,1
1575.83,26.65,0,1
1575.96,26.66,0,1
1576.08,26.65,0,1
1576.21,26.66,0,1
1576.33,26.64,0,1
1576.45,26.65,0,1
1576.58,26.65,0,1
1576.7,26.65,0,1
1576.82,26.65,0,1
1576.95,26.64,0,1
1577.07,26.66,0,1
1577.2,26.65,0,1
1577.32,26.65,0,1
1577.44,26.66,0,1
1577.57,26.65,0,1
1577.69,26.67,0,1
1577.82,26.66,0,1
1577.94,26.65,0,1
1578.06,26.65,0,1
1578.19,26.64,0,1
1578.31,26.65,0,1
1578.43,26.65,0,1
1578.56,26.64,0,1
1578.68,26.65,0,1
1578.81,26.64,0,1
1578.93,26.64,0,1
1579.05,26.66,0,1
1579.18,26.65,0,1
1579.3,26.65,0,1
1579.42,26.64,0,1
1579.55,26.65,0,1
1579.67,26.65,0,1
1579.8,26.65,0,1
1579.92,26.66,0,1
1580.04,26.64,0,1
1580.17,26.64,0,1
1580.29,26.65,0,1
1580.41,26.65,0,1
1580.54,26.64,0,1
1580.66,26.65,0,1
1580.79,26.64,0,1
1580.91,26.64,0,1
1581.03,26.65,0,1
1581.16,26.65,0,1
1581.28,26.64,0,1
1581.41,26.63,0,1
1581.53,26.64,0,1
1581.65,26.65,0,1
1581.78,26.64,0,1
1581.9,26.66,0,1
1582.02,26.64,0,1
1582.15,26.63,0,1
1582.27,26.64,0,1
1582.4,26.64,0,1
1582.52,26.63,0,1
1582.64,26.64,0,1
1582.77,26.64,0,1
1582.89,26.64,0,1
1583.01,26.63,0,1
1583.14,26.64,0,1
1583.26,26.64,0,1
1583.39,26.65,0,1
1583.51,26.64,0,1
1583.63,26.64,0,1
1583.76,26.65,0,1
1583.88,26.64,0,1
1584.0,26.64,0,1
1584.13,26.64,0,1
1584.25,26.64,0,1
1584.38,26.64,0,1
1584.5,26.66,0,1
1584.62,26.64,0,1
1584.75,26.64,0,1
1584.87,26.63,0,1
1584.99,26.64,0,1
1585.12,26.63,0,1
1585.24,26.63,0,1
1585.37,26.63,0,1
1585.49,26.63,0,1
1585.61,26.64,0,1
1585.74,26.63,0,1
1585.86,26.63,0,1
1585.98,26.64,0,1
1586.11,26.64,0,1
1586.23,26.64,0,1
1586.35,26.63,0,1
1586.48,26.64,0,1
1586.6,26.64,0,1
1586.73,26.62,0,1
1586.85,26.61,0,1
1586.97,26.63,0,1
1587.1,26.63,0,1
1587.22,26.64,0,1
1587.34,26.63,0,1
1587.47,26.64,0,1
1587.59,26.63,0,1
1587.72,26.62,0,1
1587.84,26.63,0,1
1587.96,26.63,0,1
1588.09,26.61,0,1
1588.21,26.63,0,1
1588.33,26.64,0,1
1588.46,26.63,0,1
1588.58,26.63,0,1
1588.71,26.63,0,1
1588.83,26.62,0,1
1588.95,26.63,0,1
1589.08,26.63,0,1
1589.2,26.62,0,1
1589.32,26.62,0,1
1589.45,26.62,0,1
1589.57,26.63,0,1
1589.7,26.63,0,1
1589.82,26.63,0,1
1589.94,26.65,0,1
1590.07,26.62,0,1
1590.19,26.62,0,1
1590.32,26.63,0,1
1590.44,26.63,0,1
1590.56,26.63,0,1
1590.69,26.62,0,1
1590.81,26.63,0,1
1590.93,26.63,0,1
1591.06,26.63,0,1
1591.18,26.63,0,1
1591.31,26.63,0,1
1591.43,26.64,0,1
1591.55,26.63,0,1
1591.68,26.63,0,1
1591.8,26.63,0,1
1591.92,26.63,0,1
1592.05,26.63,0,1
1592.17,26.62,0,1
1592.3,26.61,0,1
1592.42,26.61,0,1
1592.54,26.62,0,1
1592.67,26.61,0,1
1592.79,26.61,0,1
1592.91,26.61,0,1
1593.04,26.62,0,1
1593.16,26.62,0,1
1593.29,26.62,0,1
1593.41,26.61,0,1
1593.53,26.61,0,1
1593.66,26.63,0,1
1593.78,26.62,0,1
1593.91,26.62,0,1
1594.03,26.62,0,1
1594.15,26.61,0,1
1594.28,26.61,0,1
1594.4,26.61,0,1
1594.52,26.62,0,1
1594.65,26.61,0,1
1594.77,26.61,0,1
1594.9,26.61,0,1
1595.02,26.61,0,1
1595.14,26.62,0,1
1595.27,26.61,0,1
1595.39,26.6,0,1
1595.51,26.62,0,1
1595.64,26.61,0,1
1595.76,26.62,0,1
1595.89,26.63,0,1
1596.01,26.61,0,1
1596.13,26.62,0,1
1596.26,26.61,0,1
1596.38,26.62,0,1
1596.5,26.61,0,1
1596.63,26.61,0,1
1596.75,26.61,0,1
1596.88,26.61,0,1
1597.0,26.6,0,1
1597.12,26.62,0,1
1597.25,26.62,0,1
1597.37,26.61,0,1
1597.49,26.61,0,1
1597.62,26.63,0,1
1597.74,26.61,0,1
1597.86,26.6,0,1
1597.99,26.62,0,1
1598.11,26.6,0,1
1598.24,26.6,0,1
1598.36,26.61,0,1
1598.48,26.62,0,1
1598.61,26.59,0,1
1598.73,26.6,0,1
1598.85,26.61,0,1
1598.98,26.59,0,1
1599.1,26.6,0,1
1599.23,26.61,0,1
1599.35,26.61,0,1
1599.47,26.6,0,1
1599.6,26.61,0,1
1599.72,26.6,0,1
1599.84,26.61,0,1
1599.97,26.6,0,1
1600.09,26.6,0,1
1600.22,26.61,0,1
1600.34,26.58,0,1
1600.46,26.6,0,1
1600.59,26.6,0,1
1600.71,26.6,0,1
1600.83,26.6,0,1
1600.96,26.58,0,1
1601.08,26.61,0,1
1601.21,26.6,0,1
1601.33,26.62,0,1
1601.45,26.6,0,1
1601.58,26.59,0,1
1601.7,26.61,0,1
1601.82,26.6,0,1
1601.95,26.59,0,1
1602.07,26.6,0,1
1602.2,26.6,0,1
1602.32,26.59,0,1
1602.44,26.6,0,1
1602.57,26.63,0,1
1602.69,26.6,0,1
1602.82,26.6,0,1
1602.94,26.59,0,1
1603.06,26.6,0,1
1603.19,26.59,0,1
1603.31,26.6,0,1
1603.43,26.59,0,1
1603.56,26.61,0,1
1603.68,26.6,0,1
1603.81,26.6,0,1
1603.93,26.61,0,1
1604.05,26.6,0,1
1604.18,26.59,0,1
1604.3,26.59,0,1
1604.42,26.59,0,1
1604.55,26.6,0,1
1604.67,26.6,0,1
1604.8,26.59,0,1
1604.92,26.6,0,1
1605.04,26.59,0,1
1605.17,26.61,0,1
1605.29,26.59,0,1
1605.41,26.6,0,1
1605.54,26.59,0,1
1605.66,26.59,0,1
1605.79,26.59,0,1
1605.91,26.59,0,1
1606.03,26.6,0,1
1606.16,26.6,0,1
1606.28,26.59,0,1
1606.41,26.6,0,1
1606.53,26.6,0,1
1606.65,26.61,0,1
1606.78,26.6,0,1
1606.9,26.59,0,1
1607.02,26.59,0,1
1607.15,26.61,0,1
1607.27,26.59,0,1
1607.39,26.59,0,1
1607.52,26.59,0,1
1607.64,26.58,0,1
1607.77,26.59,0,1
1607.89,26.59,0,1
1608.01,26.59,0,1
1608.14,26.59,0,1
1608.26,26.6,0,1
1608.38,26.59,0,1
1608.51,26.57,0,1
1608.63,26.59,0,1
1608.76,26.59,0,1
1608.88,26.6,0,1
1609.0,26.6,0,1
1609.13,26.58,0,1
1609.25,26.58,0,1
1609.37,26.59,0,1
1609.5,26.59,0,1
1609.62,26.61,0,1
1609.75,26.59,0,1
1609.87,26.59,0,1
1609.99,26.59,0,1
1610.12,26.59,0,1
1610.24,26.58,0,1
1610.36,26.6,0,1
1610.49,26.59,0,1
1610.61,26.59,0,1
1610.74,26.6,0,1
1610.86,26.62,0,1
1610.98,26.6,0,1
1611.11,26.6,0,1
1611.23,26.58,0,1
1611.35,26.6,0,1
1611.48,26.59,0,1
1611.6,26.57,0,1
1611.72,26.6,0,1
1611.85,26.6,0,1
1611.97,26.6,0,1
1612.1,26.58,0,1
1612.22,26.6,0,1
1612.34,26.58,0,1
1612.47,26.6,0,1
1612.59,26.59,0,1
1612.72,26.58,0,1
1612.84,26.59,0,1
1612.96,26.59,0,1
1613.09,26.61,0,1
1613.21,26.6,0,1
1613.33,26.59,0,1
1613.46,26.6,0,1
1613.58,26.59,0,1
1613.71,26.6,0,1
1613.83,26.59,0,1
1613.95,26.61,0,1
1614.08,26.6,0,1
1614.2,26.61,0,1
1614.32,26.6,0,1
1614.45,26.59,0,1
1614.57,26.58,0,1
1614.7,26.59,0,1
1614.82,26.6,0,1
1614.94,26.6,0,1
1615.07,26.61,0,1
1615.19,26.59,0,1
1615.31,26.6,0,1
1615.44,26.59,0,1
1615.56,26.61,0,1
1615.69,26.59,0,1
1615.81,26.59,0,1
1615.93,26.59,0,1
1616.06,26.59,0,1
1616.18,26.58,0,1
1616.31,26.6,0,1
1616.43,26.59,0,1
1616.55,26.6,0,1
1616.68,26.6,0,1
1616.8,26.57,0,1
1616.92,26.59,0,1
1617.05,26.59,0,1
1617.17,26.6,0,1
1617.3,26.6,0,1
1617.42,26.61,0,1
1617.54,26.6,0,1
1617.67,26.59,0,1
1617.79,26.61,0,1
1617.91,26.58,0,1
1618.04,26.6,0,1
1618.16,26.59,0,1
1618.29,26.57,0,1
1618.41,26.59,0,1
1618.53,26.6,0,1
1618.66,26.61,0,1
1618.78,26.58,0,1
1618.9,26.59,0,1
1619.03,26.59,0,1
1619.15,26.59,0,1
1619.28,26.57,0,1
1619.4,26.59,0,1
1619.52,26.6,0,1
1619.65,26.59,0,1
1619.77,26.6,0,1
1619.89,26.59,0,1
1620.02,26.58,0,1
1620.14,26.59,0,1
1620.27,26.59,0,1
1620.39,26.58,0,1
1620.51,26.59,0,1
1620.64,26.59,0,1
1620.76,26.6,0,1
1620.88,26.59,0,1
1621.01,26.57,0,1
1621.13,26.59,0,1
1621.26,26.58,0,1
1621.38,26.59,0,1
1621.5,26.6,0,1
1621.63,26.58,0,1
1621.75,26.58,0,1
1621.87,26.58,0,1
1622.0,26.59,0,1
1622.12,26.59,0,1
1622.25,26.58,0,1
1622.37,26.59,0,1
1622.49,26.59,0,1
1622.62,26.59,0,1
1622.74,26.6,0,1
1622.86,26.58,0,1
1622.99,26.58,0,1
1623.11,26.58,0,1
1623.23,26.59,0,1
1623.36,26.59,0,1
1623.48,26.6,0,1
1623.61,26.58,0,1
1623.73,26.58,0,1
1623.85,26.59,0,1
1623.98,26.59,0,1
1624.1,26.59,0,1
1624.22,26.58,0,1
1624.35,26.58,0,1
1624.47,26.58,0,1
1624.6,26.58,0,1
1624.72,26.58,0,1
1624.84,26.59,0,1
1624.97,26.58,0,1
1625.09,26.58,0,1
1625.22,26.59,0,1
1625.34,26.59,0,1
1625.46,26.58,0,1
1625.59,26.57,0,1
1625.71,26.58,0,1
1625.83,26.58,0,1
1625.96,26.58,0,1
1626.08,26.58,0,1
1626.21,26.58,0,1
1626.33,26.58,0,1
1626.45,26.58,0,1
1626.58,26.58,0,1
1626.7,26.58,0,1
1626.82,26.58,0,1
1626.95,26.58,0,1
1627.07,26.59,0,1
1627.2,26.57,0,1
1627.32,26.59,0,1
1627.44,26.58,0,1
1627.57,26.58,0,1
1627.69,26.57,0,1
1627.81,26.58,0,1
1627.94,26.58,0,1
1628.06,26.57,0,1
1628.19,26.57,0,1
1628.31,26.58,0,1
1628.43,26.58,0,1
1628.56,26.59,0,1
1628.68,26.58,0,1
1628.81,26.59,0,1
1628.93,26.58,0,1
1629.05,26.58,0,1
1629.18,26.58,0,1
1629.3,26.58,0,1
1629.42,26.59,0,1
1629.55,26.58,0,1
1629.67,26.59,0,1
1629.8,26.58,0,1
1629.92,26.58,0,1
1630.04,26.59,0,1
1630.17,26.58,0,1
1630.29,26.6,0,1
1630.41,26.58,0,1
1630.54,26.58,0,1
1630.66,26.58,0,1
1630.79,26.58,0,1
1630.91,26.6,0,1
1631.03,26.58,0,1
1631.16,26.59,0,1
1631.28,26.58,0,1
1631.4,26.58,0,1
1631.53,26.58,0,1
1631.65,26.58,0,1
1631.77,26.59,0,1
1631.9,26.57,0,1
1632.02,26.59,0,1
1632.15,26.58,0,1
1632.27,26.59,0,1
1632.39,26.58,0,1
1632.52,26.58,0,1
1632.64,26.59,0,1
1632.76,26.57,0,1
1632.89,26.58,0,1
1633.01,26.58,0,1
1633.14,26.59,0,1
1633.26,26.59,0,1
1633.38,26.59,0,1
1633.51,26.58,0,1
1633.63,26.6,0,1
1633.76,26.59,0,1
1633.88,26.58,0,1
1634.0,26.58,0,1
1634.13,26.59,0,1
1634.25,26.58,0,1
1634.37,26.59,0,1
1634.5,26.58,0,1
1634.62,26.59,0,1
1634.75,26.58,0,1
1634.87,26.58,0,1
1634.99,26.59,0,1
1635.12,26.59,0,1
1635.24,26.57,0,1
1635.36,26.59,0,1
1635.49,26.59,0,1
1635.61,26.58,0,1
1635.73,26.58,0,1
1635.86,26.59,0,1
1635.98,26.58,0,1
1636.11,26.59,0,1
1636.23,26.58,0,1
1636.35,26.59,0,1
1636.48,26.6,0,1
1636.6,26.59,0,1
1636.72,26.59,0,1
1636.85,26.58,0,1
1636.97,26.59,0,1
1637.1,26.59,0,1
1637.22,26.58,0,1
1637.34,26.59,0,1
1637.47,26.61,0,1
1637.59,26.59,0,1
1637.71,26.59,0,1
1637.84,26.58,0,1
1637.96,26.59,0,1
1638.09,26.56,0,1
1638.21,26.59,0,1
1638.33,26.57,0,1
1638.46,26.59,0,1
1638.58,26.59,0,1
1638.71,26.59,0,1
1638.83,26.58,0,1
1638.95,26.59,0,1
1639.08,26.6,0,1
1639.2,26.61,0,1
1639.32,26.59,0,1
1639.45,26.59,0,1
1639.57,26.6,0,1
1639.7,26.59,0,1
1639.82,26.61,0,1
1639.94,26.59,0,1
1640.07,26.58,0,1
1640.19,26.59,0,1
1640.31,26.59,0,1
1640.44,26.6,0,1
1640.56,26.6,0,1
1640.69,26.59,0,1
1640.81,26.61,0,1
1640.93,26.59,0,1
1641.06,26.6,0,1
1641.18,26.59,0,1
1641.31,26.58,0,1
1641.43,26.6,0,1
1641.55,26.59,0,1
1641.68,26.59,0,1
1641.8,26.6,0,1
1641.92,26.58,0,1
1642.05,26.59,0,1
1642.17,26.59,0,1
1642.3,26.6,0,1
1642.42,26.59,0,1
1642.54,26.59,0,1
1642.67,26.6,0,1
1642.79,26.59,0,1
1642.91,26.6,0,1
1643.04,26.6,0,1
1643.16,26.6,0,1
1643.28,26.59,0,1
1643.41,26.6,0,1
1643.53,26.59,0,1
1643.66,26.59,0,1
1643.78,26.59,0,1
1643.9,26.6,0,1
1644.03,26.59,0,1
1644.15,26.62,0,1
1644.27,26.59,0,1
1644.4,26.59,0,1
1644.52,26.61,0,1
1644.65,26.59,0,1
1644.77,26.59,0,1
1644.89,26.61,0,1
1645.02,26.6,0,1
1645.14,26.59,0,1
1645.26,26.59,0,1
1645.39,26.6,0,1
1645.51,26.59,0,1
1645.64,26.6,0,1
1645.76,26.61,0,1
1645.88,26.6,0,1
1646.01,26.59,0,1
1646.13,26.59,0,1
1646.26,26.6,0,1
1646.38,26.61,0,1
1646.5,26.6,0,1
1646.63,26.6,0,1
1646.75,26.63,0,1
1646.87,26.6,0,1
1647.0,26.6,0,1
1647.12,26.6,0,1
1647.25,26.61,0,1
1647.37,26.59,0,1
1647.49,26.59,0,1
1647.62,26.6,0,1
1647.74,26.6,0,1
1647.86,26.6,0,1
1647.99,26.6,0,1
1648.11,26.6,0,1
1648.23,26.6,0,1
1648.36,26.6,0,1
1648.48,26.61,0,1
1648.61,26.61,0,1
1648.73,26.59,0,1
1648.85,26.6,0,1
1648.98,26.6,0,1
1649.1,26.61,0,1
1649.22,26.59,0,1
1649.35,26.6,0,1
1649.47,26.6,0,1
1649.6,26.59,0,1
1649.72,26.61,0,1
1649.84,26.63,0,1
1649.97,26.59,0,1
1650.09,26.61,0,1
1650.21,26.61,0,1
1650.34,26.61,0,1
1650.46,26.61,0,1
1650.59,26.6,0,1
1650.71,26.61,0,1
1650.83,26.6,0,1
1650.96,26.61,0,1
1651.08,26.61,0,1
1651.2,26.61,0,1
1651.33,26.61,0,1
1651.45,26.61,0,1
1651.58,26.62,0,1
1651.7,26.61,0,1
1651.82,26.61,0,1
1651.95,26.59,0,1
1652.07,26.6,0,1
1652.19,26.61,0,1
1652.32,26.6,0,1
1652.44,26.61,0,1
1652.57,26.62,0,1
1652.69,26.62,0,1
1652.81,26.6,0,1
1652.94,26.6,0,1
1653.06,26.61,0,1
1653.19,26.6,0,1
1653.31,26.61,0,1
1653.43,26.6,0,1
1653.56,26.6,0,1
1653.68,26.6,0,1
1653.8,26.6,0,1
1653.93,26.59,0,1
1654.05,26.61,0,1
1654.18,26.6,0,1
1654.3,26.6,0,1
1654.42,26.61,0,1
1654.55,26.61,0,1
1654.67,26.6,0,1
1654.79,26.6,0,1
1654.92,26.61,0,1
1655.04,26.58,0,1
1655.17,26.61,0,1
1655.29,26.61,0,1
1655.41,26.61,0,1
1655.54,26.61,0,1
1655.66,26.61,0,1
1655.78,26.61,0,1
1655.91,26.61,0,1
1656.03,26.6,0,1
1656.16,26.61,0,1
1656.28,26.61,0,1
1656.4,26.61,0,1
1656.53,26.6,0,1
1656.65,26.61,0,1
1656.77,26.59,0,1
1656.9,26.61,0,1
1657.02,26.6,0,1
1657.15,26.61,0,1
1657.27,26.61,0,1
1657.39,26.6,0,1
1657.52,26.6,0,1
1657.64,26.6,0,1
1657.76,26.61,0,1
1657.89,26.61,0,1
1658.01,26.61,0,1
1658.14,26.59,0,1
1658.26,26.61,0,1
1658.38,26.61,0,1
1658.51,26.61,0,1
1658.63,26.61,0,1
1658.76,26.61,0,1
1658.88,26.61,0,1
1659.0,26.61,0,1
1659.13,26.61,0,1
1659.25,26.61,0,1
1659.37,26.6,0,1
1659.5,26.61,0,1
1659.62,26.59,0,1
1659.75,26.59,0,1
1659.87,26.6,0,1
1659.99,26.61,0,1
1660.11,26.6,0,1
1660.24,26.6,0,1
1660.36,26.6,0,1
1660.49,26.61,0,1
1660.61,26.62,0,1
1660.73,26.61,0,1
1660.86,26.61,0,1
1660.98,26.62,0,1
1661.11,26.61,0,1
1661.23,26.61,0,1
1661.35,26.6,0,1
1661.48,26.61,0,1
1661.6,26.6,0,1
1661.72,26.61,0,1
1661.85,26.61,0,1
1661.97,26.61,0,1
1662.1,26.62,0,1
1662.22,26.61,0,1
1662.34,26.61,0,1
1662.47,26.61,0,1
1662.59,26.62,0,1
1662.71,26.61,0,1
1662.84,26.61,0,1
1662.96,26.61,0,1
1663.09,26.63,0,1
1663.21,26.61,0,1
1663.33,26.61,0,1
1663.46,26.61,0,1
1663.58,26.61,0,1
1663.7,26.62,0,1
1663.83,26.61,0,1
1663.95,26.61,0,1
1664.08,26.61,0,1
1664.2,26.62,0,1
1664.32,26.61,0,1
1664.45,26.61,0,1
1664.57,26.61,0,1
1664.69,26.61,0,1
1664.82,26.61,0,1
1664.94,26.6,0,1
1665.07,26.61,0,1
1665.19,26.63,0,1
1665.31,26.62,0,1
1665.44,26.61,0,1
1665.56,26.62,0,1
1665.69,26.61,0,1
1665.81,26.61,0,1
1665.93,26.61,0,1
1666.06,26.62,0,1
1666.18,26.61,0,1
1666.3,26.62,0,1
1666.43,26.62,0,1
1666.55,26.61,0,1
1666.68,26.6,0,1
1666.8,26.62,0,1
1666.92,26.61,0,1
1667.05,26.61,0,1
1667.17,26.62,0,1
1667.29,26.61,0,1
1667.42,26.63,0,1
1667.54,26.62,0,1
1667.67,26.62,0,1
1667.79,26.62,0,1
1667.91,26.62,0,1
1668.04,26.61,0,1
1668.16,26.62,0,1
1668.28,26.61,0,1
1668.41,26.61,0,1
1668.53,26.61,0,1
1668.66,26.6,0,1
1668.78,26.62,0,1
1668.9,26.62,0,1
1669.03,26.63,0,1
1669.15,26.61,0,1
1669.27,26.61,0,1
1669.4,26.61,0,1
1669.52,26.61,0,1
1669.65,26.62,0,1
1669.77,26.62,0,1
1669.89,26.62,0,1
1670.02,26.61,0,1
1670.14,26.61,0,1
1670.26,26.61,0,1
1670.39,26.61,0,1
1670.51,26.61,0,1
1670.64,26.62,0,1
1670.76,26.61,0,1
1670.88,26.61,0,1
1671.01,26.61,0,1
1671.13,26.62,0,1
1671.26,26.63,0,1
1671.38,26.62,0,1
1671.5,26.62,0,1
1671.63,26.61,0,1
1671.75,26.62,0,1
1671.87,26.62,0,1
1672.0,26.61,0,1
1672.12,26.62,0,1
1672.25,26.62,0,1
1672.37,26.62,0,1
1672.49,26.61,0,1
1672.61,26.63,0,1
1672.74,26.63,0,1
1672.86,26.62,0,1
1672.99,26.63,0,1
1673.11,26.63,0,1
1673.23,26.62,0,1
1673.36,26.63,0,1
1673.48,26.61,0,1
1673.61,26.62,0,1
1673.73,26.6,0,1
1673.85,26.63,0,1
1673.98,26.62,0,1
1674.1,26.62,0,1
1674.22,26.62,0,1
1674.35,26.62,0,1
1674.47,26.62,0,1
1674.6,26.62,0,1
1674.72,26.6,0,1
1674.84,26.62,0,1
1674.97,26.61,0,1
1675.09,26.62,0,1
1675.21,26.61,0,1
1675.34,26.62,0,1
1675.46,26.62,0,1
1675.59,26.62,0,1
1675.71,26.61,0,1
1675.83,26.63,0,1
1675.96,26.62,0,1
1676.08,26.62,0,1
1676.2,26.62,0,1
1676.33,26.6,0,1
1676.45,26.62,0,1
1676.58,26.62,0,1
1676.7,26.6,0,1
1676.82,26.63,0,1
1676.95,26.63,0,1
1677.07,26.62,0,1
1677.19,26.63,0,1
1677.32,26.62,0,1
1677.44,26.61,0,1
1677.57,26.62,0,1
1677.69,26.61,0,1
1677.81,26.62,0,1
1677.94,26.62,0,1
1678.06,26.62,0,1
1678.19,26.61,0,1
1678.31,26.63,0,1
1678.43,26.62,0,1
1678.56,26.62,0,1
1678.68,26.62,0,1
1678.8,26.63,0,1
1678.93,26.62,0,1
1679.05,26.63,0,1
1679.18,26.63,0,1
1679.3,26.63,0,1
1679.42,26.62,0,1
1679.55,26.62,0,1
1679.67,26.62,0,1
1679.79,26.62,0,1
1679.92,26.63,0,1
1680.04,26.62,0,1
1680.17,26.63,0,1
1680.29,26.6,0,1
1680.41,26.62,0,1
1680.54,26.62,0,1
1680.66,26.63,0,1
1680.78,26.61,0,1
1680.91,26.63,0,1
1681.03,26.62,0,1
1681.16,26.62,0,1
1681.28,26.62,0,1
1681.4,26.62,0,1
1681.53,26.62,0,1
1681.65,26.63,0,1
1681.77,26.62,0,1
1681.9,26.62,0,1
1682.02,26.61,0,1
1682.15,26.63,0,1
1682.27,26.62,0,1
1682.39,26.62,0,1
1682.52,26.62,0,1
1682.64,26.62,0,1
1682.76,26.63,0,1
1682.89,26.62,0,1
1683.01,26.63,0,1
1683.14,26.61,0,1
1683.26,26.62,0,1
1683.38,26.61,0,1
1683.51,26.62,0,1
1683.63,26.62,0,1
1683.76,26.62,0,1
1683.88,26.62,0,1
1684.0,26.62,0,1
1684.13,26.63,0,1
1684.25,26.62,0,1
1684.37,26.63,0,1
1684.5,26.62,0,1
1684.62,26.65,0,1
1684.74,26.62,0,1
1684.87,26.62,0,1
1684.99,26.63,0,1
1685.11,26.62,0,1
1685.24,26.62,0,1
1685.36,26.62,0,1
1685.49,26.61,0,1
1685.61,26.62,0,1
1685.73,26.63,0,1
1685.86,26.62,0,1
1685.98,26.62,0,1
1686.11,26.61,0,1
1686.23,26.62,0,1
1686.35,26.64,0,1
1686.48,26.63,0,1
1686.6,26.62,0,1
1686.72,26.62,0,1
1686.85,26.63,0,1
1686.97,26.64,0,1
1687.1,26.63,0,1
1687.22,26.62,0,1
1687.34,26.62,0,1
1687.47,26.62,0,1
1687.59,26.62,0,1
1687.71,26.63,0,1
1687.84,26.63,0,1
1687.96,26.63,0,1
1688.09,26.62,0,1
1688.21,26.63,0,1
1688.33,26.62,0,1
1688.46,26.63,0,1
1688.58,26.63,0,1
1688.7,26.63,0,1
1688.83,26.63,0,1
1688.95,26.62,0,1
1689.07,26.62,0,1
1689.2,26.61,0,1
1689.32,26.63,0,1
1689.45,26.62,0,1
1689.57,26.62,0,1
1689.69,26.62,0,1
1689.82,26.62,0,1
1689.94,26.64,0,1
1690.06,26.62,0,1
1690.19,26.61,0,1
1690.31,26.62,0,1
1690.44,26.63,0,1
1690.56,26.62,0,1
1690.69,26.61,0,1
1690.81,26.62,0,1
1690.93,26.63,0,1
1691.06,26.62,0,1
1691.18,26.62,0,1
1691.3,26.63,0,1
1691.43,26.62,0,1
1691.55,26.62,0,1
1691.67,26.63,0,1
1691.8,26.61,0,1
1691.92,26.62,0,1
1692.05,26.62,0,1
1692.17,26.62,0,1
1692.29,26.62,0,1
1692.42,26.62,0,1
1692.54,26.63,0,1
1692.66,26.61,0,1
1692.79,26.62,0,1
1692.91,26.62,0,1
1693.04,26.63,0,1
1693.16,26.61,0,1
1693.28,26.62,0,1
1693.41,26.62,0,1
1693.53,26.61,0,1
1693.66,26.62,0,1
1693.78,26.62,0,1
1693.9,26.62,0,1
1694.03,26.61,0,1
1694.15,26.62,0,1
1694.27,26.62,0,1
1694.4,26.61,0,1
1694.52,26.63,0,1
1694.65,26.61,0,1
1694.77,26.62,0,1
1694.89,26.62,0,1
1695.02,26.62,0,1
1695.14,26.62,0,1
1695.26,26.62,0,1
1695.39,26.62,0,1
1695.51,26.62,0,1
1695.64,26.62,0,1
1695.76,26.62,0,1
1695.88,26.61,0,1
1696.01,26.63,0,1
1696.13,26.61,0,1
1696.25,26.62,0,1
1696.38,26.62,0,1
1696.5,26.6,0,1
1696.63,26.62,0,1
1696.75,26.62,0,1
1696.87,26.62,0,1
1697.0,26.62,0,1
1697.12,26.62,0,1
1697.24,26.62,0,1
1697.37,26.62,0,1
1697.49,26.61,0,1
1697.61,26.62,0,1
1697.74,26.62,0,1
1697.86,26.61,0,1
1697.99,26.62,0,1
1698.11,26.61,0,1
1698.23,26.61,0,1
1698.36,26.62,0,1
1698.48,26.6,0,1
1698.61,26.61,0,1
1698.73,26.63,0,1
1698.85,26.62,0,1
1698.98,26.63,0,1
1699.1,26.61,0,1
1699.22,26.62,0,1
1699.35,26.62,0,1
1699.47,26.61,0,1
1699.59,26.62,0,1
1699.72,26.61,0,1
1699.84,26.59,0,1
1699.97,26.62,0,1
1700.09,26.63,0,1
1700.21,26.62,0,1
1700.34,26.62,0,1
1700.46,26.61,0,1
1700.58,26.6,0,1
1700.71,26.61,0,1
1700.83,26.61,0,1
1700.96,26.62,0,1
1701.08,26.62,0,1
1701.2,26.61,0,1
1701.33,26.6,0,1
1701.45,26.62,0,1
1701.57,26.61,0,1
1701.7,26.62,0,1
1701.82,26.61,0,1
1701.95,26.63,0,1
1702.07,26.61,0,1
1702.19,26.61,0,1
1702.32,26.61,0,1
1702.44,26.6,0,1
1702.56,26.61,0,1
1702.69,26.62,0,1
1702.81,26.61,0,1
1702.94,26.61,0,1
1703.06,26.61,0,1
1703.18,26.6,0,1
1703.31,26.6,0,1
1703.43,26.62,0,1
1703.56,26.61,0,1
1703.68,26.6,0,1
1703.8,26.62,0,1
1703.93,26.62,0,1
1704.05,26.61,0,1
1704.17,26.61,0,1
1704.3,26.6,0,1
1704.42,26.61,0,1
1704.55,26.59,0,1
1704.67,26.61,0,1
1704.79,26.6,0,1
1704.92,26.62,0,1
1705.04,26.61,0,1
1705.16,26.6,0,1
1705.29,26.6,0,1
1705.41,26.6,0,1
1705.54,26.6,0,1
1705.66,26.6,0,1
1705.78,26.6,0,1
1705.91,26.6,0,1
1706.03,26.62,0,1
1706.16,26.59,0,1
1706.28,26.61,0,1
1706.4,26.61,0,1
1706.53,26.6,0,1
1706.65,26.6,0,1
1706.77,26.61,0,1
1706.9,26.6,0,1
1707.02,26.6,0,1
1707.15,26.61,0,1
1707.27,26.59,0,1
1707.39,26.59,0,1
1707.52,26.6,0,1
1707.64,26.61,0,1
1707.76,26.6,0,1
1707.89,26.61,0,1
1708.01,26.6,0,1
1708.14,26.6,0,1
1708.26,26.6,0,1
1708.38,26.6,0,1
1708.51,26.61,0,1
1708.63,26.6,0,1
1708.75,26.6,0,1
1708.88,26.59,0,1
1709.0,26.59,0,1
1709.13,26.6,0,1
1709.25,26.6,0,1
1709.37,26.6,0,1
1709.5,26.6,0,1
1709.62,26.6,0,1
1709.74,26.6,0,1
1709.87,26.6,0,1
1709.99,26.59,0,1
1710.11,26.58,0,1
1710.24,26.6,0,1
1710.36,26.61,0,1
1710.49,26.59,0,1
1710.61,26.59,0,1
1710.73,26.61,0,1
1710.86,26.6,0,1
1710.98,26.6,0,1
1711.1,26.6,0,1
1711.23,26.59,0,1
1711.35,26.6,0,1
1711.48,26.59,0,1
1711.6,26.6,0,1
1711.72,26.6,0,1
1711.85,26.6,0,1
1711.97,26.59,0,1
1712.09,26.59,0,1
1712.22,26.6,0,1
1712.34,26.6,0,1
1712.47,26.6,0,1
1712.59,26.6,0,1
1712.71,26.6,0,1
1712.84,26.59,0,1
1712.96,26.58,0,1
1713.08,26.59,0,1
1713.21,26.59,0,1
1713.33,26.6,0,1
1713.46,26.6,0,1
1713.58,26.58,0,1
1713.7,26.58,0,1
1713.83,26.63,0,1
1713.95,26.58,0,1
1714.07,26.59,0,1
1714.2,26.61,0,1
1714.32,26.59,0,1
1714.45,26.59,0,1
1714.57,26.59,0,1
1714.69,26.59,0,1
1714.82,26.59,0,1
1714.94,26.58,0,1
1715.06,26.59,0,1
1715.19,26.59,0,1
1715.31,26.61,0,1
1715.44,26.61,0,1
1715.56,26.58,0,1
1715.68,26.6,0,1
1715.81,26.59,0,1
1715.93,26.58,0,1
1716.06,26.61,0,1
1716.18,26.58,0,1
1716.3,26.58,0,1
1716.43,26.58,0,1
1716.55,26.59,0,1
1716.67,26.58,0,1
1716.8,26.58,0,1
1716.92,26.59,0,1
1717.05,26.59,0,1
1717.17,26.59,0,1
1717.29,26.58,0,1
1717.42,26.58,0,1
1717.54,26.58,0,1
1717.66,26.57,0,1
1717.79,26.58,0,1
1717.91,26.59,0,1
1718.04,26.58,0,1
1718.16,26.56,0,1
1718.28,26.58,0,1
1718.41,26.57,0,1
1718.53,26.59,0,1
1718.65,26.57,0,1
1718.78,26.57,0,1
1718.9,26.57,0,1
1719.03,26.58,0,1
1719.15,26.57,0,1
1719.27,26.59,0,1
1719.4,26.57,0,1
1719.52,26.59,0,1
1719.64,26.59,0,1
1719.77,26.59,0,1
1719.89,26.57,0,1
1720.02,26.58,0,1
1720.14,26.58,0,1
1720.26,26.57,0,1
1720.39,26.58,0,1
1720.51,26.57,0,1
1720.63,26.56,0,1
1720.76,26.56,0,1
1720.88,26.58,0,1
1721.01,26.55,0,1
1721.13,26.57,0,1
1721.25,26.58,0,1
1721.38,26.59,0,1
1721.5,26.57,0,1
1721.62,26.56,0,1
1721.75,26.58,0,1
1721.87,26.57,0,1
1722.0,26.57,0,1
1722.12,26.57,0,1
1722.24,26.58,0,1
1722.37,26.59,0,1
1722.49,26.57,0,1
1722.61,26.58,0,1
1722.74,26.57,0,1
1722.86,26.56,0,1
1722.99,26.58,0,1
1723.11,26.57,0,1
1723.23,26.57,0,1
1723.36,26.57,0,1
1723.48,26.58,0,1
1723.6,26.57,0,1
1723.73,26.58,0,1
1723.85,26.57,0,1
1723.98,26.58,0,1
1724.1,26.57,0,1
1724.22,26.56,0,1
1724.35,26.57,0,1
1724.47,26.57,0,1
1724.59,26.57,0,1
1724.72,26.57,0,1
1724.84,26.57,0,1
1724.96,26.56,0,1
1725.09,26.56,0,1
1725.21,26.57,0,1
1725.34,26.57,0,1
1725.46,26.57,0,1
1725.58,26.57,0,1
1725.71,26.56,0,1
1725.83,26.57,0,1
1725.96,26.57,0,1
1726.08,26.57,0,1
1726.2,26.56,0,1
1726.33,26.56,0,1
1726.45,26.57,0,1
1726.57,26.57,0,1
1726.7,26.57,0,1
1726.82,26.56,0,1
1726.95,26.57,0,1
1727.07,26.56,0,1
1727.19,26.56,0,1
1727.32,26.55,0,1
1727.44,26.56,0,1
1727.56,26.56,0,1
1727.69,26.56,0,1
1727.81,26.56,0,1
1727.94,26.56,0,1
1728.06,26.57,0,1
1728.18,26.56,0,1
1728.31,26.55,0,1
1728.43,26.55,0,1
1728.56,26.56,0,1
1728.68,26.56,0,1
1728.8,26.55,0,1
1728.93,26.56,0,1
1729.05,26.55,0,1
1729.17,26.56,0,1
1729.3,26.56,0,1
1729.42,26.56,0,1
1729.55,26.56,0,1
1729.67,26.55,0,1
1729.79,26.56,0,1
1729.92,26.56,0,1
1730.04,26.57,0,1
1730.16,26.56,0,1
1730.29,26.57,0,1
1730.41,26.55,0,1
1730.54,26.55,0,1
1730.66,26.56,0,1
1730.78,26.55,0,1
1730.91,26.55,0,1
1731.03,26.56,0,1
1731.15,26.56,0,1
1731.28,26.56,0,1
1731.4,26.55,0,1
1731.53,26.55,0,1
1731.65,26.55,0,1
1731.77,26.54,0,1
1731.9,26.55,0,1
1732.02,26.56,0,1
1732.14,26.54,0,1
1732.27,26.55,0,1
1732.39,26.56,0,1
1732.52,26.54,0,1
1732.64,26.55,0,1
1732.76,26.57,0,1
1732.89,26.55,0,1
1733.01,26.55,0,1
1733.13,26.55,0,1
1733.26,26.54,0,1
1733.38,26.54,0,1
1733.51,26.54,0,1
1733.63,26.56,0,1
1733.75,26.55,0,1
1733.88,26.54,0,1
1734.0,26.55,0,1
1734.12,26.55,0,1
1734.25,26.54,0,1
1734.37,26.54,0,1
1734.5,26.53,0,1
1734.62,26.54,0,1
1734.74,26.54,0,1
1734.87,26.55,0,1
1734.99,26.55,0,1
1735.11,26.55,0,1
1735.24,26.55,0,1
1735.36,26.54,0,1
1735.48,26.54,0,1
1735.61,26.55,0,1
1735.73,26.54,0,1
1735.86,26.56,0,1
1735.98,26.55,0,1
1736.1,26.54,0,1
1736.23,26.55,0,1
1736.35,26.54,0,1
1736.47,26.54,0,1
1736.6,26.54,0,1
1736.72,26.55,0,1
1736.85,26.55,0,1
1736.97,26.53,0,1
1737.09,26.53,0,1
1737.22,26.54,0,1
1737.34,26.53,0,1
1737.46,26.54,0,1
1737.59,26.54,0,1
1737.71,26.52,0,1
1737.84,26.54,0,1
1737.96,26.52,0,1
1738.08,26.55,0,1
1738.21,26.54,0,1
1738.33,26.54,0,1
1738.46,26.54,0,1
1738.58,26.53,0,1
1738.7,26.53,0,1
1738.83,26.54,0,1
1738.95,26.53,0,1
1739.07,26.54,0,1
1739.2,26.53,0,1
1739.32,26.54,0,1
1739.45,26.54,0,1
1739.57,26.53,0,1
1739.69,26.54,0,1
1739.82,26.53,0,1
1739.94,26.54,0,1
1740.06,26.55,0,1
1740.19,26.53,0,1
1740.31,26.52,0,1
1740.44,26.53,0,1
1740.56,26.54,0,1
1740.68,26.52,0,1
1740.81,26.53,0,1
1740.93,26.53,0,1
1741.05,26.52,0,1
1741.18,26.52,0,1
1741.3,26.53,0,1
1741.43,26.53,0,1
1741.55,26.53,0,1
1741.67,26.53,0,1
1741.8,26.53,0,1
1741.92,26.52,0,1
1742.05,26.52,0,1
1742.17,26.52,0,1
1742.29,26.53,0,1
1742.42,26.52,0,1
1742.54,26.53,0,1
1742.66,26.53,0,1
1742.79,26.53,0,1
1742.91,26.53,0,1
1743.04,26.52,0,1
1743.16,26.53,0,1
1743.28,26.53,0,1
1743.41,26.54,0,1
1743.53,26.53,0,1
1743.65,26.53,0,1
1743.78,26.52,0,1
1743.9,26.52,0,1
1744.03,26.53,0,1
1744.15,26.52,0,1
1744.27,26.54,0,1
1744.4,26.52,0,1
1744.52,26.51,0,1
1744.64,26.51,0,1
1744.77,26.52,0,1
1744.89,26.53,0,1
1745.02,26.51,0,1
1745.14,26.53,0,1
1745.26,26.52,0,1
1745.39,26.52,0,1
1745.51,26.52,0,1
1745.63,26.51,0,1
1745.76,26.51,0,1
1745.88,26.52,0,1
1746.01,26.5,0,1
1746.13,26.52,0,1
1746.25,26.52,0,1
1746.38,26.52,0,1
1746.5,26.52,0,1
1746.62,26.52,0,1
1746.75,26.5,0,1
1746.87,26.53,0,1
1747.0,26.52,0,1
1747.12,26.52,0,1
1747.24,26.52,0,1
1747.37,26.51,0,1
1747.49,26.52,0,1
1747.61,26.53,0,1
1747.74,26.52,0,1
1747.86,26.52,0,1
1747.98,26.51,0,1
1748.11,26.51,0,1
1748.23,26.52,0,1
1748.36,26.51,0,1
1748.48,26.53,0,1
1748.6,26.51,0,1
1748.73,26.53,0,1
1748.85,26.52,0,1
1748.97,26.51,0,1
1749.1,26.51,0,1
1749.22,26.53,0,1
1749.35,26.5,0,1
1749.47,26.52,0,1
1749.59,26.52,0,1
1749.72,26.51,0,1
1749.84,26.52,0,1
1749.96,26.52,0,1
1750.09,26.51,0,1
1750.21,26.5,0,1
1750.34,26.53,0,1
1750.46,26.5,0,1
1750.58,26.51,0,1
1750.71,26.5,0,1
1750.83,26.52,0,1
1750.96,26.51,0,1
1751.08,26.52,0,1
1751.2,26.51,0,1
1751.33,26.52,0,1
1751.45,26.5,0,1
1751.57,26.52,0,1
1751.7,26.51,0,1
1751.82,26.52,0,1
1751.95,26.51,0,1
1752.07,26.51,0,1
1752.19,26.51,0,1
1752.32,26.51,0,1
1752.44,26.51,0,1
1752.56,26.51,0,1
1752.69,26.51,0,1
1752.81,26.51,0,1
1752.94,26.52,0,1
1753.06,26.5,0,1
1753.18,26.51,0,1
1753.31,26.52,0,1
1753.43,26.52,0,1
1753.55,26.51,0,1
1753.68,26.52,0,1
1753.8,26.52,0,1
1753.93,26.52,0,1
1754.05,26.52,0,1
1754.17,26.5,0,1
1754.3,26.51,0,1
1754.42,26.5,0,1
1754.55,26.51,0,1
1754.67,26.51,0,1
1754.79,26.51,0,1
1754.92,26.51,0,1
1755.04,26.51,0,1
1755.16,26.51,0,1
1755.29,26.51,0,1
1755.41,26.52,0,1
1755.54,26.5,0,1
1755.66,26.51,0,1
1755.78,26.5,0,1
1755.91,26.51,0,1
1756.03,26.51,0,1
1756.15,26.51,0,1
1756.28,26.49,0,1
1756.4,26.51,0,1
1756.52,26.52,0,1
1756.65,26.49,0,1
1756.77,26.51,0,1
1756.9,26.5,0,1
1757.02,26.5,0,1
1757.14,26.51,0,1
1757.27,26.51,0,1
1757.39,26.52,0,1
1757.51,26.51,0,1
1757.64,26.5,0,1
1757.76,26.51,0,1
1757.89,26.51,0,1
1758.01,26.51,0,1
1758.13,26.51,0,1
1758.26,26.49,0,1
1758.38,26.51,0,1
1758.5,26.49,0,1
1758.63,26.51,0,1
1758.75,26.51,0,1
1758.88,26.51,0,1
1759.0,26.5,0,1
1759.12,26.49,0,1
1759.25,26.52,0,1
1759.37,26.51,0,1
1759.5,26.52,0,1
1759.62,26.5,0,1
1759.74,26.5,0,1
1759.87,26.5,0,1
1759.99,26.5,0,1
1760.11,26.52,0,1
1760.24,26.51,0,1
1760.36,26.51,0,1
1760.48,26.51,0,1
1760.61,26.5,0,1
1760.73,26.51,0,1
1760.86,26.5,0,1
1760.98,26.51,0,1
1761.1,26.5,0,1
1761.23,26.49,0,1
1761.35,26.49,0,1
1761.47,26.5,0,1
1761.6,26.51,0,1
1761.72,26.5,0,1
1761.85,26.5,0,1
1761.97,26.5,0,1
1762.09,26.5,0,1
1762.22,26.49,0,1
1762.34,26.5,0,1
1762.46,26.5,0,1
1762.59,26.5,0,1
1762.71,26.5,0,1
1762.84,26.5,0,1
1762.96,26.5,0,1
1763.08,26.5,0,1
1763.21,26.5,0,1
1763.33,26.5,0,1
1763.46,26.48,0,1
1763.58,26.49,0,1
1763.7,26.5,0,1
1763.83,26.51,0,1
1763.95,26.51,0,1
1764.07,26.51,0,1
1764.2,26.5,0,1
1764.32,26.5,0,1
1764.44,26.5,0,1
1764.57,26.5,0,1
1764.69,26.51,0,1
1764.82,26.5,0,1
1764.94,26.51,0,1
1765.06,26.5,0,1
1765.19,26.51,0,1
1765.31,26.5,0,1
1765.44,26.49,0,1
1765.56,26.52,0,1
1765.68,26.5,0,1
1765.81,26.51,0,1
1765.93,26.51,0,1
1766.05,26.47,0,1
1766.18,26.49,0,1
1766.3,26.49,0,1
1766.43,26.5,0,1
1766.55,26.51,0,1
1766.67,26.51,0,1
1766.8,26.51,0,1
1766.92,26.49,0,1
1767.05,26.5,0,1
1767.17,26.5,0,1
1767.29,26.51,0,1
1767.42,26.51,0,1
1767.54,26.5,0,1
1767.66,26.51,0,1
1767.79,26.5,0,1
1767.91,26.5,0,1
1768.04,26.5,0,1
1768.16,26.49,0,1
1768.28,26.51,0,1
1768.41,26.5,0,1
1768.53,26.51,0,1
1768.65,26.5,0,1
1768.78,26.51,0,1
1768.9,26.49,0,1
1769.02,26.5,0,1
1769.15,26.5,0,1
1769.27,26.51,0,1
1769.4,26.5,0,1
1769.52,26.49,0,1
1769.64,26.5,0,1
1769.77,26.51,0,1
1769.89,26.5,0,1
1770.01,26.51,0,1
1770.14,26.51,0,1
1770.26,26.5,0,1
1770.39,26.5,0,1
1770.51,26.5,0,1
1770.63,26.48,0,1
1770.76,26.5,0,1
1770.88,26.5,0,1
1771.0,26.5,0,1
1771.13,26.51,0,1
1771.25,26.5,0,1
1771.38,26.5,0,1
1771.5,26.51,0,1
1771.62,26.5,0,1
1771.75,26.51,0,1
1771.87,26.49,0,1
1772.0,26.51,0,1
1772.12,26.51,0,1
1772.24,26.5,0,1
1772.37,26.5,0,1
1772.49,26.51,0,1
1772.61,26.5,0,1
1772.74,26.51,0,1
1772.86,26.49,0,1
1772.98,26.5,0,1
1773.11,26.5,0,1
1773.23,26.5,0,1
1773.36,26.5,0,1
1773.48,26.51,0,1
1773.6,26.5,0,1
1773.73,26.51,0,1
1773.85,26.51,0,1
1773.97,26.5,0,1
1774.1,26.49,0,1
1774.22,26.49,0,1
1774.35,26.5,0,1
1774.47,26.49,0,1
1774.59,26.5,0,1
1774.72,26.5,0,1
1774.84,26.5,0,1
1774.96,26.5,0,1
1775.09,26.51,0,1
1775.21,26.5,0,1
1775.34,26.5,0,1
1775.46,26.5,0,1
1775.58,26.49,0,1
1775.71,26.5,0,1
1775.83,26.5,0,1
1775.95,26.49,0,1
1776.08,26.5,0,1
1776.2,26.51,0,1
1776.33,26.49,0,1
1776.45,26.5,0,1
1776.57,26.5,0,1
1776.7,26.5,0,1
1776.82,26.49,0,1
1776.94,26.49,0,1
1777.07,26.51,0,1
1777.19,26.5,0,1
1777.32,26.51,0,1
1777.44,26.5,0,1
1777.56,26.51,0,1
1777.69,26.51,0,1
1777.81,26.51,0,1
1777.94,26.49,0,1
1778.06,26.51,0,1
1778.18,26.5,0,1
1778.31,26.5,0,1
1778.43,26.5,0,1
1778.55,26.5,0,1
1778.68,26.51,0,1
1778.8,26.5,0,1
1778.93,26.5,0,1
1779.05,26.5,0,1
1779.17,26.5,0,1
1779.3,26.52,0,1
1779.42,26.5,0,1
1779.54,26.5,0,1
1779.67,26.5,0,1
1779.79,26.51,0,1
1779.92,26.5,0,1
1780.04,26.5,0,1
1780.16,26.5,0,1
1780.29,26.5,0,1
1780.41,26.5,0,1
1780.53,26.5,0,1
1780.66,26.52,0,1
1780.78,26.51,0,1
1780.91,26.51,0,1
1781.03,26.5,0,1
1781.15,26.5,0,1
1781.28,26.5,0,1
1781.4,26.51,0,1
1781.52,26.5,0,1
1781.65,26.49,0,1
1781.77,26.49,0,1
1781.9,26.5,0,1
1782.02,26.5,0,1
1782.14,26.51,0,1
1782.27,26.5,0,1
1782.39,26.5,0,1
1782.51,26.5,0,1
1782.64,26.5,0,1
1782.76,26.5,0,1
1782.89,26.49,0,1
1783.01,26.5,0,1
1783.13,26.49,0,1
1783.26,26.5,0,1
1783.38,26.49,0,1
1783.5,26.5,0,1
1783.63,26.51,0,1
1783.75,26.5,0,1
1783.88,26.49,0,1
1784.0,26.51,0,1
1784.12,26.5,0,1
1784.25,26.5,0,1
1784.37,26.49,0,1
1784.5,26.5,0,1
1784.62,26.5,0,1
1784.74,26.51,0,1
1784.86,26.5,0,1
1784.99,26.5,0,1
1785.11,26.5,0,1
1785.24,26.49,0,1
1785.36,26.49,0,1
1785.48,26.51,0,1
1785.61,26.49,0,1
1785.73,26.5,0,1
1785.86,26.5,0,1
1785.98,26.49,0,1
1786.1,26.5,0,1
1786.23,26.49,0,1
1786.35,26.5,0,1
1786.47,26.5,0,1
1786.6,26.5,0,1
1786.72,26.5,0,1
1786.85,26.49,0,1
1786.97,26.49,0,1
1787.09,26.5,0,1
1787.22,26.5,0,1
1787.34,26.5,0,1
1787.46,26.5,0,1
1787.59,26.5,0,1
1787.71,26.49,0,1
1787.84,26.49,0,1
1787.96,26.5,0,1
1788.08,26.5,0,1
1788.21,26.5,0,1
1788.33,26.5,0,1
1788.45,26.5,0,1
1788.58,26.5,0,1
1788.7,26.5,0,1
1788.83,26.49,0,1
1788.95,26.49,0,1
1789.07,26.49,0,1
1789.2,26.5,0,1
1789.32,26.49,0,1
1789.44,26.49,0,1
1789.57,26.5,0,1
1789.69,26.49,0,1
1789.82,26.49,0,1
1789.94,26.5,0,1
1790.06,26.5,0,1
1790.19,26.5,0,1
1790.31,26.49,0,1
1790.44,26.51,0,1
1790.56,26.51,0,1
1790.68,26.51,0,1
1790.81,26.5,0,1
1790.93,26.52,0,1
1791.05,26.49,0,1
1791.18,26.49,0,1
1791.3,26.49,0,1
1791.43,26.49,0,1
1791.55,26.49,0,1
1791.67,26.48,0,1
1791.8,26.5,0,1
1791.92,26.49,0,1
1792.04,26.5,0,1
1792.17,26.49,0,1
1792.29,26.5,0,1
1792.42,26.49,0,1
1792.54,26.51,0,1
1792.66,26.49,0,1
1792.79,26.5,0,1
1792.91,26.49,0,1
1793.03,26.49,0,1
1793.16,26.5,0,1
1793.28,26.49,0,1
1793.4,26.49,0,1
1793.53,26.49,0,1
1793.65,26.49,0,1
1793.78,26.49,0,1
1793.9,26.49,0,1
1794.02,26.5,0,1
1794.15,26.5,0,1
1794.27,26.49,0,1
1794.4,26.49,0,1
1794.52,26.48,0,1
1794.64,26.49,0,1
1794.77,26.49,0,1
1794.89,26.48,0,1
1795.01,26.49,0,1
1795.14,26.49,0,1
1795.26,26.49,0,1
1795.39,26.49,0,1
1795.51,26.51,0,1
1795.63,26.49,0,1
1795.76,26.5,0,1
1795.88,26.5,0,1
1796.0,26.5,0,1
1796.13,26.5,0,1
1796.25,26.49,0,1
1796.38,26.49,0,1
1796.5,26.49,0,1
1796.62,26.5,0,1
1796.75,26.5,0,1
1796.87,26.49,0,1
1796.99,26.5,0,1
1797.12,26.5,0,1
1797.24,26.48,0,1
1797.36,26.5,0,1
1797.49,26.5,0,1
1797.61,26.49,0,1
1797.74,26.49,0,1
1797.86,26.5,0,1
1797.98,26.49,0,1
1798.11,26.49,0,1
1798.23,26.49,0,1
1798.35,26.49,0,1
1798.48,26.49,0,1
1798.6,26.48,0,1
1798.73,26.49,0,1
1798.85,26.5,0,1
1798.97,26.49,0,1
1799.1,26.5,0,1
1799.22,26.49,0,1
1799.35,26.49,0,1
1799.47,26.49,0,1
1799.59,26.49,0,1
1799.72,26.49,0,1
1799.84,26.49,0,1
1799.96,26.49,0,1
1800.09,26.5,0,1
1800.21,26.49,0,1
1800.34,26.49,0,1
1800.46,26.48,0,1
1800.58,26.49,0,1
1800.71,26.49,0,1
1800.83,26.48,0,1
1800.95,26.5,0,1
1801.08,26.48,0,1
1801.2,26.5,0,1
1801.32,26.48,0,1
1801.45,26.49,0,1
1801.57,26.49,0,1
1801.7,26.5,0,1
1801.82,26.49,0,1
1801.94,26.49,0,1
1802.07,26.49,0,1
1802.19,26.49,0,1
1802.31,26.49,0,1
1802.44,26.48,0,1
1802.56,26.49,0,1
1802.69,26.48,0,1
1802.81,26.48,0,1
1802.94,26.49,0,1
1803.06,26.47,0,1
1803.18,26.49,0,1
1803.31,26.49,0,1
1803.43,26.47,0,1
1803.55,26.48,0,1
1803.68,26.47,0,1
1803.8,26.49,0,1
1803.92,26.48,0,1
1804.05,26.46,0,1
1804.17,26.49,0,1
1804.3,26.48,0,1
1804.42,26.46,0,1
1804.54,26.48,0,1
1804.67,26.48,0,1
1804.79,26.46,0,1
1804.91,26.48,0,1
1805.04,26.48,0,1
1805.16,26.49,0,1
1805.29,26.49,0,1
1805.41,26.5,0,1
1805.53,26.48,0,1
1805.66,26.48,0,1
1805.78,26.47,0,1
1805.9,26.48,0,1
1806.03,26.49,0,1
1806.15,26.49,0,1
1806.28,26.48,0,1
1806.4,26.48,0,1
1806.52,26.48,0,1
1806.65,26.48,0,1
1806.77,26.48,0,1
1806.9,26.49,0,1
1807.02,26.47,0,1
1807.14,26.48,0,1
1807.27,26.48,0,1
1807.39,26.48,0,1
1807.51,26.48,0,1
1807.64,26.46,0,1
1807.76,26.48,0,1
1807.89,26.47,0,1
1808.01,26.47,0,1
1808.13,26.47,0,1
1808.26,26.49,0,1
1808.38,26.48,0,1
1808.5,26.48,0,1
1808.63,26.48,0,1
1808.75,26.46,0,1
1808.88,26.47,0,1
1809.0,26.47,0,1
1809.12,26.48,0,1
1809.25,26.5,0,1
1809.37,26.48,0,1
1809.49,26.48,0,1
1809.62,26.48,0,1
1809.74,26.47,0,1
1809.86,26.49,0,1
1809.99,26.49,0,1
1810.11,26.48,0,1
1810.24,26.48,0,1
1810.36,26.48,0,1
1810.48,26.47,0,1
1810.61,26.48,0,1
1810.73,26.48,0,1
1810.85,26.48,0,1
1810.98,26.47,0,1
1811.1,26.46,0,1
1811.23,26.47,0,1
1811.35,26.47,0,1
1811.47,26.47,0,1
1811.6,26.48,0,1
1811.72,26.47,0,1
1811.85,26.48,0,1
1811.97,26.47,0,1
1812.09,26.48,0,1
1812.22,26.48,0,1
1812.34,26.48,0,1
1812.46,26.47,0,1
1812.59,26.47,0,1
1812.71,26.48,0,1
1812.83,26.48,0,1
1812.96,26.46,0,1
1813.08,26.46,0,1
1813.21,26.48,0,1
1813.33,26.48,0,1
1813.45,26.48,0,1
1813.58,26.48,0,1
1813.7,26.48,0,1
1813.82,26.45,0,1
1813.95,26.48,0,1
1814.07,26.46,0,1
1814.2,26.48,0,1
1814.32,26.47,0,1
1814.44,26.47,0,1
1814.57,26.47,0,1
1814.69,26.46,0,1
1814.81,26.47,0,1
1814.94,26.48,0,1
1815.06,26.48,0,1
1815.19,26.47,0,1
1815.31,26.47,0,1
1815.43,26.48,0,1
1815.56,26.48,0,1
1815.68,26.46,0,1
1815.81,26.47,0,1
1815.93,26.48,0,1
1816.05,26.48,0,1
1816.18,26.48,0,1
1816.3,26.48,0,1
1816.42,26.48,0,1
1816.55,26.48,0,1
1816.67,26.48,0,1
1816.8,26.48,0,1
1816.92,26.5,0,1
1817.04,26.48,0,1
1817.17,26.47,0,1
1817.29,26.48,0,1
1817.41,26.47,0,1
1817.54,26.46,0,1
1817.66,26.48,0,1
1817.79,26.48,0,1
1817.91,26.48,0,1
1818.03,26.47,0,1
1818.16,26.47,0,1
1818.28,26.48,0,1
1818.4,26.48,0,1
1818.53,26.47,0,1
1818.65,26.47,0,1
1818.78,26.47,0,1
1818.9,26.48,0,1
1819.02,26.48,0,1
1819.15,26.47,0,1
1819.27,26.47,0,1
1819.4,26.47,0,1
1819.52,26.46,0,1
1819.64,26.47,0,1
1819.77,26.47,0,1
1819.89,26.47,0,1
1820.01,26.48,0,1
1820.14,26.48,0,1
1820.26,26.47,0,1
1820.39,26.48,0,1
1820.51,26.48,0,1
1820.63,26.48,0,1
1820.76,26.47,0,1
1820.88,26.47,0,1
1821.0,26.48,0,1
1821.13,26.48,0,1
1821.25,26.47,0,1
1821.38,26.48,0,1
1821.5,26.48,0,1
1821.62,26.48,0,1
1821.75,26.47,0,1
1821.87,26.47,0,1
1821.99,26.47,0,1
1822.12,26.47,0,1
1822.24,26.48,0,1
1822.36,26.46,0,1
1822.49,26.47,0,1
1822.61,26.47,0,1
1822.74,26.46,0,1
1822.86,26.46,0,1
1822.98,26.47,0,1
1823.11,26.48,0,1
1823.23,26.46,0,1
1823.35,26.46,0,1
1823.48,26.47,0,1
1823.6,26.47,0,1
1823.73,26.47,0,1
1823.85,26.47,0,1
1823.97,26.45,0,1
1824.1,26.47,0,1
1824.22,26.46,0,1
1824.34,26.48,0,1
1824.47,26.47,0,1
1824.59,26.48,0,1
1824.72,26.48,0,1
1824.84,26.47,0,1
1824.96,26.47,0,1
1825.09,26.46,0,1
1825.21,26.46,0,1
1825.33,26.46,0,1
1825.46,26.47,0,1
1825.58,26.47,0,1
1825.71,26.47,0,1
1825.83,26.47,0,1
1825.95,26.47,0,1
1826.08,26.48,0,1
1826.2,26.47,0,1
1826.32,26.48,0,1
1826.45,26.48,0,1
1826.57,26.48,0,1
1826.7,26.47,0,1
1826.82,26.48,0,1
1826.94,26.47,0,1
1827.07,26.47,0,1
1827.19,26.47,0,1
1827.31,26.46,0,1
1827.44,26.48,0,1
1827.56,26.48,0,1
1827.69,26.47,0,1
1827.81,26.48,0,1
1827.93,26.47,0,1
1828.06,26.46,0,1
1828.18,26.47,0,1
1828.31,26.47,0,1
1828.43,26.47,0,1
1828.55,26.48,0,1
1828.68,26.47,0,1
1828.8,26.47,0,1
1828.92,26.47,0,1
1829.05,26.47,0,1
1829.17,26.48,0,1
1829.3,26.48,0,1
1829.42,26.47,0,1
1829.54,26.47,0,1
1829.67,26.46,0,1
1829.79,26.46,0,1
1829.91,26.47,0,1
1830.04,26.46,0,1
1830.16,26.47,0,1
1830.29,26.47,0,1
1830.41,26.47,0,1
1830.53,26.47,0,1
1830.66,26.47,0,1
1830.78,26.47,0,1
1830.9,26.46,0,1
1831.03,26.47,0,1
1831.15,26.47,0,1
1831.28,26.47,0,1
1831.4,26.46,0,1
1831.52,26.46,0,1
1831.65,26.46,0,1
1831.77,26.46,0,1
1831.9,26.47,0,1
1832.02,26.47,0,1
1832.14,26.47,0,1
1832.27,26.47,0,1
1832.39,26.47,0,1
1832.51,26.46,0,1
1832.64,26.46,0,1
1832.76,26.46,0,1
1832.89,26.47,0,1
1833.01,26.46,0,1
1833.13,26.47,0,1
1833.26,26.48,0,1
1833.38,26.47,0,1
1833.5,26.47,0,1
1833.63,26.47,0,1
1833.75,26.47,0,1
1833.88,26.47,0,1
1834.0,26.48,0,1
1834.12,26.47,0,1
1834.25,26.46,0,1
1834.37,26.46,0,1
1834.49,26.46,0,1
1834.62,26.46,0,1
1834.74,26.45,0,1
1834.86,26.47,0,1
1834.99,26.46,0,1
1835.11,26.46,0,1
1835.24,26.46,0,1
1835.36,26.46,0,1
1835.48,26.45,0,1
1835.61,26.46,0,1
1835.73,26.45,0,1
1835.85,26.45,0,1
1835.98,26.46,0,1
1836.1,26.45,0,1
1836.23,26.46,0,1
1836.35,26.45,0,1
1836.47,26.46,0,1
1836.6,26.45,0,1
1836.72,26.46,0,1
1836.84,26.45,0,1
1836.97,26.46,0,1
1837.09,26.47,0,1
1837.21,26.45,0,1
1837.34,26.45,0,1
1837.46,26.46,0,1
1837.59,26.45,0,1
1837.71,26.45,0,1
1837.83,26.45,0,1
1837.96,26.46,0,1
1838.08,26.45,0,1
1838.2,26.45,0,1
1838.33,26.45,0,1
1838.45,26.45,0,1
1838.58,26.45,0,1
1838.7,26.46,0,1
1838.82,26.47,0,1
1838.95,26.46,0,1
1839.07,26.45,0,1
1839.2,26.45,0,1
1839.32,26.45,0,1
1839.44,26.45,0,1
1839.57,26.45,0,1
1839.69,26.45,0,1
1839.81,26.43,0,1
1839.94,26.45,0,1
1840.06,26.46,0,1
1840.19,26.47,0,1
1840.31,26.45,0,1
1840.43,26.45,0,1
1840.56,26.45,0,1
1840.68,26.44,0,1
1840.8,26.46,0,1
1840.93,26.45,0,1
1841.05,26.45,0,1
1841.18,26.45,0,1
1841.3,26.45,0,1
1841.42,26.46,0,1
1841.55,26.44,0,1
1841.67,26.46,0,1
1841.8,26.45,0,1
1841.92,26.46,0,1
1842.04,26.45,0,1
1842.17,26.44,0,1
1842.29,26.46,0,1
1842.41,26.45,0,1
1842.54,26.44,0,1
1842.66,26.46,0,1
1842.79,26.45,0,1
1842.91,26.45,0,1
1843.03,26.45,0,1
1843.16,26.45,0,1
1843.28,26.46,0,1
1843.4,26.46,0,1
1843.53,26.46,0,1
1843.65,26.45,0,1
1843.78,26.45,0,1
1843.9,26.45,0,1
1844.02,26.46,0,1
1844.15,26.45,0,1
1844.27,26.46,0,1
1844.39,26.45,0,1
1844.52,26.46,0,1
1844.64,26.45,0,1
1844.76,26.46,0,1
1844.89,26.44,0,1
1845.01,26.46,0,1
1845.14,26.45,0,1
1845.26,26.46,0,1
1845.38,26.45,0,1
1845.51,26.45,0,1
1845.63,26.46,0,1
1845.75,26.46,0,1
1845.88,26.45,0,1
1846.0,26.45,0,1
1846.13,26.43,0,1
1846.25,26.46,0,1
1846.37,26.45,0,1
1846.5,26.47,0,1
1846.62,26.46,0,1
1846.75,26.45,0,1
1846.87,26.45,0,1
1846.99,26.45,0,1
1847.12,26.45,0,1
1847.24,26.43,0,1
1847.36,26.44,0,1
1847.49,26.45,0,1
1847.61,26.44,0,1
1847.73,26.45,0,1
1847.86,26.45,0,1
1847.98,26.45,0,1
1848.1,26.45,0,1
1848.23,26.44,0,1
1848.35,26.44,0,1
1848.48,26.45,0,1
1848.6,26.45,0,1
1848.72,26.46,0,1
1848.85,26.45,0,1
1848.97,26.46,0,1
1849.1,26.45,0,1
1849.22,26.45,0,1
1849.34,26.46,0,1
1849.47,26.46,0,1
1849.59,26.45,0,1
1849.71,26.44,0,1
1849.84,26.45,0,1
1849.96,26.45,0,1
1850.09,26.45,0,1
1850.21,26.45,0,1
1850.33,26.45,0,1
1850.46,26.45,0,1
1850.58,26.44,0,1
1850.7,26.45,0,1
1850.83,26.45,0,1
1850.95,26.45,0,1
1851.08,26.45,0,1
1851.2,26.44,0,1
1851.32,26.45,0,1
1851.45,26.45,0,1
1851.57,26.45,0,1
1851.69,26.44,0,1
1851.82,26.45,0,1
1851.94,26.45,0,1
1852.07,26.44,0,1
1852.19,26.45,0,1
1852.31,26.45,0,1
1852.44,26.45,0,1
1852.56,26.45,0,1
1852.69,26.45,0,1
1852.81,26.44,0,1
1852.93,26.45,0,1
1853.06,26.44,0,1
1853.18,26.45,0,1
1853.3,26.45,0,1
1853.43,26.45,0,1
1853.55,26.45,0,1
1853.67,26.46,0,1
1853.8,26.45,0,1
1853.92,26.45,0,1
1854.05,26.45,0,1
1854.17,26.44,0,1
1854.29,26.45,0,1
1854.42,26.45,0,1
1854.54,26.44,0,1
1854.66,26.45,0,1
1854.79,26.45,0,1
1854.91,26.45,0,1
1855.04,26.45,0,1
1855.16,26.45,0,1
1855.28,26.45,0,1
1855.41,26.44,0,1
1855.53,26.44,0,1
1855.65,26.44,0,1
1855.78,26.45,0,1
1855.9,26.45,0,1
1856.03,26.43,0,1
1856.15,26.46,0,1
1856.27,26.44,0,1
1856.4,26.45,0,1
1856.52,26.45,0,1
1856.65,26.44,0,1
1856.77,26.44,0,1
1856.89,26.45,0,1
1857.02,26.44,0,1
1857.14,26.44,0,1
1857.26,26.44,0,1
1857.39,26.44,0,1
1857.51,26.44,0,1
1857.63,26.45,0,1
1857.76,26.44,0,1
1857.88,26.45,0,1
1858.01,26.45,0,1
1858.13,26.45,0,1
1858.25,26.46,0,1
1858.38,26.43,0,1
1858.5,26.45,0,1
1858.62,26.44,0,1
1858.75,26.44,0,1
1858.87,26.44,0,1
1859.0,26.44,0,1
1859.12,26.44,0,1
1859.24,26.44,0,1
1859.37,26.45,0,1
1859.49,26.44,0,1
1859.61,26.43,0,1
1859.74,26.45,0,1
1859.86,26.45,0,1
1859.99,26.43,0,1
1860.11,26.44,0,1
1860.23,26.45,0,1
1860.36,26.44,0,1
1860.48,26.44,0,1
1860.6,26.43,0,1
1860.73,26.44,0,1
1860.85,26.44,0,1
1860.98,26.44,0,1
1861.1,26.45,0,1
1861.22,26.44,0,1
1861.35,26.43,0,1
1861.47,26.44,0,1
1861.59,26.44,0,1
1861.72,26.45,0,1
1861.84,26.43,0,1
1861.96,26.45,0,1
1862.09,26.43,0,1
1862.21,26.43,0,1
1862.34,26.43,0,1
1862.46,26.44,0,1
1862.58,26.44,0,1
1862.71,26.43,0,1
1862.83,26.44,0,1
1862.96,26.42,0,1
1863.08,26.44,0,1
1863.2,26.44,0,1
1863.33,26.44,0,1
1863.45,26.43,0,1
1863.57,26.44,0,1
1863.7,26.43,0,1
1863.82,26.43,0,1
1863.95,26.45,0,1
1864.07,26.44,0,1
1864.19,26.43,0,1
1864.32,26.44,0,1
1864.44,26.43,0,1
1864.56,26.44,0,1
1864.69,26.44,0,1
1864.81,26.43,0,1
1864.94,26.44,0,1
1865.06,26.43,0,1
1865.18,26.44,0,1
1865.31,26.43,0,1
1865.43,26.43,0,1
1865.55,26.44,0,1
1865.68,26.43,0,1
1865.8,26.43,0,1
1865.93,26.43,0,1
1866.05,26.41,0,1
1866.17,26.43,0,1
1866.3,26.43,0,1
1866.42,26.43,0,1
1866.55,26.42,0,1
1866.67,26.43,0,1
1866.79,26.43,0,1
1866.92,26.41,0,1
1867.04,26.43,0,1
1867.16,26.43,0,1
1867.29,26.43,0,1
1867.41,26.44,0,1
1867.54,26.43,0,1
1867.66,26.42,0,1
1867.78,26.42,0,1
1867.91,26.43,0,1
1868.03,26.41,0,1
1868.15,26.43,0,1
1868.28,26.43,0,1
1868.4,26.42,0,1
1868.52,26.43,0,1
1868.65,26.44,0,1
1868.77,26.43,0,1
1868.9,26.43,0,1
1869.02,26.42,0,1
1869.14,26.43,0,1
1869.27,26.42,0,1
1869.39,26.42,0,1
1869.51,26.42,0,1
1869.64,26.43,0,1
1869.76,26.42,0,1
1869.89,26.43,0,1
1870.01,26.41,0,1
1870.13,26.42,0,1
1870.26,26.43,0,1
1870.38,26.42,0,1
1870.5,26.43,0,1
1870.63,26.42,0,1
1870.75,26.43,0,1
1870.88,26.43,0,1
1871.0,26.42,0,1
1871.12,26.43,0,1
1871.25,26.43,0,1
1871.37,26.42,0,1
1871.49,26.42,0,1
1871.62,26.43,0,1
1871.74,26.42,0,1
1871.86,26.42,0,1
1871.99,26.41,0,1
1872.11,26.42,0,1
1872.24,26.42,0,1
1872.36,26.42,0,1
1872.48,26.41,0,1
1872.61,26.42,0,1
1872.73,26.41,0,1
1872.86,26.41,0,1
1872.98,26.41,0,1
1873.1,26.42,0,1
1873.23,26.42,0,1
1873.35,26.41,0,1
1873.47,26.41,0,1
1873.6,26.42,0,1
1873.72,26.41,0,1
1873.85,26.42,0,1
1873.97,26.41,0,1
1874.09,26.42,0,1
1874.22,26.42,0,1
1874.34,26.42,0,1
1874.46,26.42,0,1
1874.59,26.41,0,1
1874.71,26.42,0,1
1874.83,26.41,0,1
1874.96,26.41,0,1
1875.08,26.42,0,1
1875.21,26.41,0,1
1875.33,26.41,0,1
1875.45,26.4,0,1
1875.58,26.42,0,1
1875.7,26.4,0,1
1875.82,26.41,0,1
1875.95,26.41,0,1
1876.07,26.41,0,1
1876.2,26.42,0,1
1876.32,26.41,0,1
1876.44,26.41,0,1
1876.57,26.43,0,1
1876.69,26.41,0,1
1876.81,26.41,0,1
1876.94,26.41,0,1
1877.06,26.41,0,1
1877.19,26.41,0,1
1877.31,26.41,0,1
1877.43,26.41,0,1
1877.56,26.4,0,1
1877.68,26.42,0,1
1877.81,26.42,0,1
1877.93,26.41,0,1
1878.05,26.4,0,1
1878.18,26.4,0,1
1878.3,26.41,0,1
1878.42,26.41,0,1
1878.55,26.41,0,1
1878.67,26.4,0,1
1878.8,26.4,0,1
1878.92,26.4,0,1
1879.04,26.41,0,1
1879.17,26.41,0,1
1879.29,26.4,0,1
1879.41,26.42,0,1
1879.54,26.41,0,1
1879.66,26.41,0,1
1879.79,26.41,0,1
1879.91,26.41,0,1
1880.03,26.41,0,1
1880.16,26.4,0,1
1880.28,26.41,0,1
1880.4,26.41,0,1
1880.53,26.4,0,1
1880.65,26.41,0,1
1880.78,26.41,0,1
1880.9,26.41,0,1
1881.02,26.4,0,1
1881.15,26.4,0,1
1881.27,26.41,0,1
1881.39,26.41,0,1
1881.52,26.41,0,1
1881.64,26.4,0,1
1881.77,26.4,0,1
1881.89,26.41,0,1
1882.01,26.4,0,1
1882.14,26.41,0,1
1882.26,26.39,0,1
1882.38,26.4,0,1
1882.51,26.42,0,1
1882.63,26.4,0,1
1882.76,26.39,0,1
1882.88,26.41,0,1
1883.0,26.39,0,1
1883.13,26.4,0,1
1883.25,26.4,0,1
1883.37,26.39,0,1
1883.5,26.41,0,1
1883.62,26.39,0,1
1883.75,26.4,0,1
1883.87,26.4,0,1
1883.99,26.39,0,1
1884.12,26.39,0,1
1884.24,26.41,0,1
1884.36,26.39,0,1
1884.49,26.4,0,1
1884.61,26.4,0,1
1884.73,26.4,0,1
1884.86,26.4,0,1
1884.98,26.4,0,1
1885.11,26.39,0,1
1885.23,26.4,0,1
1885.35,26.39,0,1
1885.48,26.4,0,1
1885.6,26.4,0,1
1885.72,26.39,0,1
1885.85,26.4,0,1
1885.97,26.39,0,1
1886.1,26.4,0,1
1886.22,26.38,0,1
1886.34,26.38,0,1
1886.47,26.39,0,1
1886.59,26.38,0,1
1886.71,26.39,0,1
1886.84,26.39,0,1
1886.96,26.39,0,1
1887.09,26.39,0,1
1887.21,26.4,0,1
1887.33,26.4,0,1
1887.46,26.39,0,1
1887.58,26.39,0,1
1887.7,26.39,0,1
1887.83,26.4,0,1
1887.95,26.39,0,1
1888.08,26.39,0,1
1888.2,26.39,0,1
1888.32,26.39,0,1
1888.45,26.39,0,1
1888.57,26.38,0,1
1888.69,26.38,0,1
1888.82,26.38,0,1
1888.94,26.38,0,1
1889.07,26.39,0,1
1889.19,26.39,0,1
1889.31,26.38,0,1
1889.44,26.39,0,1
1889.56,26.38,0,1
1889.69,26.39,0,1
1889.81,26.38,0,1
1889.93,26.38,0,1
1890.06,26.39,0,1
1890.18,26.4,0,1
1890.3,26.39,0,1
1890.43,26.38,0,1
1890.55,26.38,0,1
1890.68,26.38,0,1
1890.8,26.38,0,1
1890.92,26.4,0,1
1891.05,26.38,0,1
1891.17,26.39,0,1
1891.29,26.38,0,1
1891.42,26.38,0,1
1891.54,26.38,0,1
1891.67,26.38,0,1
1891.79,26.38,0,1
1891.91,26.38,0,1
1892.04,26.38,0,1
1892.16,26.39,0,1
1892.28,26.39,0,1
1892.41,26.38,0,1
1892.53,26.38,0,1
1892.66,26.38,0,1
1892.78,26.38,0,1
1892.9,26.38,0,1
1893.03,26.39,0,1
1893.15,26.39,0,1
1893.27,26.39,0,1
1893.4,26.39,0,1
1893.52,26.38,0,1
1893.65,26.39,0,1
1893.77,26.38,0,1
1893.89,26.37,0,1
1894.02,26.38,0,1
1894.14,26.38,0,1
1894.26,26.39,0,1
1894.39,26.38,0,1
1894.51,26.38,0,1
1894.64,26.38,0,1
1894.76,26.38,0,1
1894.88,26.37,0,1
1895.01,26.38,0,1
1895.13,26.39,0,1
1895.26,26.38,0,1
1895.38,26.38,0,1
1895.5,26.37,0,1
1895.63,26.37,0,1
1895.75,26.37,0,1
1895.87,26.38,0,1
1896.0,26.38,0,1
1896.12,26.37,0,1
1896.24,26.37,0,1
1896.37,26.38,0,1
1896.49,26.38,0,1
1896.61,26.38,0,1
1896.74,26.38,0,1
1896.86,26.37,0,1
1896.99,26.38,0,1
1897.11,26.38,0,1
1897.23,26.38,0,1
1897.36,26.37,0,1
1897.48,26.37,0,1
1897.61,26.38,0,1
1897.73,26.38,0,1
1897.85,26.37,0,1
1897.98,26.37,0,1
1898.1,26.38,0,1
1898.22,26.37,0,1
1898.35,26.37,0,1
1898.47,26.37,0,1
1898.6,26.37,0,1
1898.72,26.37,0,1
1898.84,26.37,0,1
1898.97,26.38,0,1
1899.09,26.38,0,1
1899.21,26.37,0,1
1899.34,26.37,0,1
1899.46,26.37,0,1
1899.59,26.37,0,1
1899.71,26.36,0,1
1899.83,26.38,0,1
1899.96,26.38,0,1
1900.08,26.36,0,1
1900.2,26.37,0,1
1900.33,26.37,0,1
1900.45,26.37,0,1
1900.57,26.37,0,1
1900.7,26.38,0,1
1900.82,26.36,0,1
1900.95,26.37,0,1
1901.07,26.36,0,1
1901.19,26.37,0,1
1901.32,26.37,0,1
1901.44,26.38,0,1
1901.56,26.36,0,1
1901.69,26.36,0,1
1901.81,26.37,0,1
1901.94,26.37,0,1
1902.06,26.37,0,1
1902.18,26.36,0,1
1902.31,26.37,0,1
1902.43,26.37,0,1
1902.56,26.36,0,1
1902.68,26.36,0,1
1902.8,26.36,0,1
1902.93,26.37,0,1
1903.05,26.36,0,1
1903.17,26.38,0,1
1903.3,26.36,0,1
1903.42,26.36,0,1
1903.55,26.36,0,1
1903.67,26.36,0,1
1903.79,26.36,0,1
1903.92,26.36,0,1
1904.04,26.36,0,1
1904.16,26.36,0,1
1904.29,26.36,0,1
1904.41,26.36,0,1
1904.54,26.36,0,1
1904.66,26.36,0,1
1904.78,26.36,0,1
1904.91,26.35,0,1
1905.03,26.36,0,1
1905.16,26.36,0,1
1905.28,26.36,0,1
1905.4,26.35,0,1
1905.53,26.37,0,1
1905.65,26.34,0,1
1905.77,26.37,0,1
1905.9,26.35,0,1
1906.02,26.36,0,1
1906.15,26.35,0,1
1906.27,26.36,0,1
1906.39,26.35,0,1
1906.52,26.36,0,1
1906.64,26.36,0,1
1906.76,26.36,0,1
1906.89,26.36,0,1
1907.01,26.36,0,1
1907.13,26.36,0,1
1907.26,26.35,0,1
1907.38,26.36,0,1
1907.51,26.36,0,1
1907.63,26.35,0,1
1907.75,26.36,0,1
1907.88,26.35,0,1
1908.0,26.36,0,1
1908.12,26.35,0,1
1908.25,26.36,0,1
1908.37,26.35,0,1
1908.5,26.35,0,1
1908.62,26.36,0,1
1908.74,26.36,0,1
1908.87,26.35,0,1
1908.99,26.35,0,1
1909.11,26.34,0,1
1909.24,26.35,0,1
1909.36,26.35,0,1
1909.49,26.35,0,1
1909.61,26.35,0,1
1909.73,26.35,0,1
1909.86,26.35,0,1
1909.98,26.37,0,1
1910.1,26.36,0,1
1910.23,26.35,0,1
1910.35,26.36,0,1
1910.47,26.36,0,1
1910.6,26.36,0,1
1910.72,26.35,0,1
1910.85,26.36,0,1
1910.97,26.35,0,1
1911.09,26.34,0,1
1911.22,26.35,0,1
1911.34,26.36,0,1
1911.46,26.36,0,1
1911.59,26.35,0,1
1911.71,26.35,0,1
1911.84,26.36,0,1
1911.96,26.36,0,1
1912.08,26.34,0,1
1912.21,26.35,0,1
1912.33,26.35,0,1
1912.46,26.36,0,1
1912.58,26.36,0,1
1912.7,26.36,0,1
1912.83,26.35,0,1
1912.95,26.37,0,1
1913.07,26.35,0,1
1913.2,26.35,0,1
1913.32,26.36,0,1
1913.45,26.36,0,1
1913.57,26.35,0,1
1913.69,26.34,0,1
1913.82,26.36,0,1
1913.94,26.35,0,1
1914.06,26.35,0,1
1914.19,26.35,0,1
1914.31,26.35,0,1
1914.44,26.33,0,1
1914.56,26.35,0,1
1914.68,26.36,0,1
1914.81,26.35,0,1
1914.93,26.35,0,1
1915.06,26.34,0,1
1915.18,26.36,0,1
1915.3,26.35,0,1
1915.43,26.35,0,1
1915.55,26.35,0,1
1915.67,26.36,0,1
1915.8,26.35,0,1
1915.92,26.35,0,1
1916.05,26.35,0,1
1916.17,26.35,0,1
1916.29,26.36,0,1
1916.42,26.35,0,1
1916.54,26.35,0,1
1916.66,26.36,0,1
1916.79,26.35,0,1
1916.91,26.35,0,1
1917.04,26.36,0,1
1917.16,26.35,0,1
1917.28,26.35,0,1
1917.41,26.36,0,1
1917.53,26.35,0,1
1917.65,26.36,0,1
1917.78,26.35,0,1
1917.9,26.35,0,1
1918.03,26.35,0,1
1918.15,26.36,0,1
1918.27,26.36,0,1
1918.4,26.36,0,1
1918.52,26.36,0,1
1918.64,26.35,0,1
1918.77,26.36,0,1
1918.89,26.35,0,1
1919.01,26.35,0,1
1919.14,26.36,0,1
1919.26,26.35,0,1
1919.39,26.36,0,1
1919.51,26.35,0,1
1919.63,26.36,0,1
1919.76,26.36,0,1
1919.88,26.36,0,1
1920.01,26.37,0,1
1920.13,26.36,0,1
1920.25,26.37,0,1
1920.38,26.35,0,1
1920.5,26.36,0,1
1920.62,26.36,0,1
1920.75,26.35,0,1
1920.87,26.35,0,1
1921.0,26.36,0,1
1921.12,26.36,0,1
1921.24,26.35,0,1
1921.37,26.36,0,1
1921.49,26.37,0,1
1921.61,26.36,0,1
1921.74,26.36,0,1
1921.86,26.36,0,1
1921.98,26.36,0,1
1922.11,26.36,0,1
1922.23,26.36,0,1
1922.36,26.35,0,1
1922.48,26.36,0,1
1922.6,26.36,0,1
1922.73,26.36,0,1
1922.85,26.36,0,1
1922.97,26.36,0,1
1923.1,26.36,0,1
1923.22,26.36,0,1
1923.35,26.37,0,1
1923.47,26.36,0,1
1923.59,26.35,0,1
1923.72,26.36,0,1
1923.84,26.35,0,1
1923.96,26.35,0,1
1924.09,26.35,0,1
1924.21,26.35,0,1
1924.34,26.35,0,1
1924.46,26.37,0,1
1924.58,26.36,0,1
1924.71,26.35,0,1
1924.83,26.36,0,1
1924.95,26.35,0,1
1925.08,26.36,0,1
1925.2,26.37,0,1
1925.32,26.35,0,1
1925.45,26.35,0,1
1925.57,26.36,0,1
1925.7,26.36,0,1
1925.82,26.36,0,1
1925.94,26.36,0,1
1926.07,26.37,0,1
1926.19,26.36,0,1
1926.32,26.35,0,1
1926.44,26.36,0,1
1926.56,26.36,0,1
1926.69,26.36,0,1
1926.81,26.37,0,1
1926.93,26.36,0,1
1927.06,26.36,0,1
1927.18,26.35,0,1
1927.31,26.38,0,1
1927.43,26.36,0,1
1927.55,26.35,0,1
1927.68,26.36,0,1
1927.8,26.36,0,1
1927.92,26.36,0,1
1928.05,26.36,0,1
1928.17,26.36,0,1
1928.3,26.37,0,1
1928.42,26.36,0,1
1928.54,26.36,0,1
1928.67,26.36,0,1
1928.79,26.36,0,1
1928.91,26.36,0,1
1929.04,26.36,0,1
1929.16,26.36,0,1
1929.29,26.36,0,1
1929.41,26.36,0,1
1929.53,26.36,0,1
1929.66,26.36,0,1
1929.78,26.36,0,1
1929.91,26.36,0,1
1930.03,26.36,0,1
1930.15,26.36,0,1
1930.28,26.36,0,1
1930.4,26.35,0,1
1930.52,26.35,0,1
1930.65,26.36,0,1
1930.77,26.37,0,1
1930.9,26.37,0,1
1931.02,26.36,0,1
1931.14,26.36,0,1
1931.27,26.36,0,1
1931.39,26.36,0,1
1931.51,26.36,0,1
1931.64,26.37,0,1
1931.76,26.36,0,1
1931.88,26.36,0,1
1932.01,26.36,0,1
1932.13,26.35,0,1
1932.26,26.36,0,1
1932.38,26.37,0,1
1932.5,26.36,0,1
1932.63,26.37,0,1
1932.75,26.36,0,1
1932.87,26.36,0,1
1933.0,26.36,0,1
1933.12,26.36,0,1
1933.25,26.35,0,1
1933.37,26.36,0,1
1933.49,26.36,0,1
1933.62,26.36,0,1
1933.74,26.37,0,1
1933.86,26.37,0,1
1933.99,26.36,0,1
1934.11,26.36,0,1
1934.24,26.37,0,1
1934.36,26.36,0,1
1934.48,26.37,0,1
1934.61,26.35,0,1
1934.73,26.36,0,1
1934.85,26.36,0,1
1934.98,26.37,0,1
1935.1,26.35,0,1
1935.22,26.37,0,1
1935.35,26.36,0,1
1935.47,26.37,0,1
1935.6,26.35,0,1
1935.72,26.37,0,1
1935.84,26.36,0,1
1935.97,26.37,0,1
1936.09,26.36,0,1
1936.22,26.36,0,1
1936.34,26.38,0,1
1936.46,26.37,0,1
1936.59,26.37,0,1
1936.71,26.37,0,1
1936.83,26.37,0,1
1936.96,26.37,0,1
1937.08,26.36,0,1
1937.21,26.36,0,1
1937.33,26.36,0,1
1937.45,26.37,0,1
1937.58,26.37,0,1
1937.7,26.36,0,1
1937.82,26.37,0,1
1937.95,26.36,0,1
1938.07,26.36,0,1
1938.2,26.37,0,1
1938.32,26.37,0,1
1938.44,26.36,0,1
1938.57,26.37,0,1
1938.69,26.37,0,1
1938.81,26.37,0,1
1938.94,26.37,0,1
1939.06,26.36,0,1
1939.19,26.36,0,1
1939.31,26.36,0,1
1939.43,26.39,0,1
1939.56,26.37,0,1
1939.68,26.37,0,1
1939.81,26.37,0,1
1939.93,26.37,0,1
1940.05,26.36,0,1
1940.18,26.36,0,1
1940.3,26.37,0,1
1940.42,26.37,0,1
1940.55,26.37,0,1
1940.67,26.36,0,1
1940.8,26.37,0,1
1940.92,26.37,0,1
1941.04,26.37,0,1
1941.17,26.36,0,1
1941.29,26.37,0,1
1941.41,26.36,0,1
1941.54,26.37,0,1
1941.66,26.36,0,1
1941.79,26.38,0,1
1941.91,26.37,0,1
1942.03,26.37,0,1
1942.16,26.37,0,1
1942.28,26.37,0,1
1942.4,26.36,0,1
1942.53,26.37,0,1
1942.65,26.37,0,1
1942.78,26.37,0,1
1942.9,26.37,0,1
1943.02,26.37,0,1
1943.15,26.37,0,1
1943.27,26.38,0,1
1943.39,26.37,0,1
1943.52,26.37,0,1
1943.64,26.38,0,1
1943.77,26.37,0,1
1943.89,26.37,0,1
1944.01,26.37,0,1
1944.14,26.37,0,1
1944.26,26.39,0,1
1944.38,26.37,0,1
1944.51,26.37,0,1
1944.63,26.37,0,1
1944.76,26.37,0,1
1944.88,26.37,0,1
1945.0,26.38,0,1
1945.13,26.37,0,1
1945.25,26.37,0,1
1945.37,26.38,0,1
1945.5,26.37,0,1
1945.62,26.37,0,1
1945.75,26.37,0,1
1945.87,26.38,0,1
1945.99,26.37,0,1
1946.12,26.38,0,1
1946.24,26.37,0,1
1946.36,26.38,0,1
1946.49,26.37,0,1
1946.61,26.38,0,1
1946.73,26.37,0,1
1946.86,26.38,0,1
1946.98,26.37,0,1
1947.11,26.38,0,1
1947.23,26.37,0,1
1947.35,26.37,0,1
1947.48,26.37,0,1
1947.6,26.38,0,1
1947.72,26.37,0,1
1947.85,26.39,0,1
1947.97,26.38,0,1
1948.1,26.37,0,1
1948.22,26.38,0,1
1948.34,26.37,0,1
1948.47,26.38,0,1
1948.59,26.37,0,1
1948.72,26.37,0,1
1948.84,26.38,0,1
1948.96,26.37,0,1
1949.09,26.39,0,1
1949.21,26.37,0,1
1949.33,26.37,0,1
1949.46,26.37,0,1
1949.58,26.37,0,1
1949.71,26.37,0,1
1949.83,26.37,0,1
1949.95,26.37,0,1
1950.08,26.37,0,1
1950.2,26.37,0,1
1950.32,26.38,0,1
1950.45,26.37,0,1
1950.57,26.36,0,1
1950.7,26.37,0,1
1950.82,26.37,0,1
1950.94,26.39,0,1
1951.07,26.38,0,1
1951.19,26.38,0,1
1951.31,26.37,0,1
1951.44,26.37,0,1
1951.56,26.38,0,1
1951.69,26.38,0,1
1951.81,26.37,0,1
1951.93,26.38,0,1
1952.06,26.38,0,1
1952.18,26.37,0,1
1952.31,26.37,0,1
1952.43,26.38,0,1
1952.55,26.37,0,1
1952.68,26.37,0,1
1952.8,26.37,0,1
1952.92,26.38,0,1
1953.05,26.38,0,1
1953.17,26.37,0,1
1953.3,26.38,0,1
1953.42,26.37,0,1
1953.54,26.38,0,1
1953.67,26.37,0,1
1953.79,26.37,0,1
1953.91,26.37,0,1
1954.04,26.37,0,1
1954.16,26.38,0,1
1954.28,26.37,0,1
1954.41,26.37,0,1
1954.53,26.37,0,1
1954.66,26.39,0,1
1954.78,26.37,0,1
1954.9,26.37,0,1
1955.03,26.37,0,1
1955.15,26.37,0,1
1955.27,26.37,0,1
1955.4,26.37,0,1
1955.52,26.37,0,1
1955.65,26.37,0,1
1955.77,26.37,0,1
1955.89,26.37,0,1
1956.02,26.37,0,1
1956.14,26.37,0,1
1956.26,26.37,0,1
1956.39,26.38,0,1
1956.51,26.37,0,1
1956.64,26.37,0,1
1956.76,26.38,0,1
1956.88,26.37,0,1
1957.01,26.38,0,1
1957.13,26.37,0,1
1957.26,26.37,0,1
1957.38,26.38,0,1
1957.5,26.38,0,1
1957.63,26.36,0,1
1957.75,26.37,0,1
1957.87,26.37,0,1
1958.0,26.36,0,1
1958.12,26.37,0,1
1958.25,26.38,0,1
1958.37,26.38,0,1
1958.49,26.37,0,1
1958.62,26.38,0,1
1958.74,26.37,0,1
1958.86,26.37,0,1
1958.99,26.37,0,1
1959.11,26.37,0,1
1959.23,26.36,0,1
1959.36,26.37,0,1
1959.48,26.38,0,1
1959.61,26.37,0,1
1959.73,26.36,0,1
1959.85,26.37,0,1
1959.98,26.37,0,1
1960.1,26.37,0,1
1960.22,26.38,0,1
1960.35,26.37,0,1
1960.47,26.37,0,1
1960.6,26.36,0,1
1960.72,26.37,0,1
1960.84,26.37,0,1
1960.97,26.37,0,1
1961.09,26.37,0,1
1961.21,26.37,0,1
1961.34,26.37,0,1
1961.46,26.37,0,1
1961.59,26.37,0,1
1961.71,26.37,0,1
1961.83,26.37,0,1
1961.96,26.37,0,1
1962.08,26.36,0,1
1962.2,26.37,0,1
1962.33,26.36,0,1
1962.45,26.37,0,1
1962.58,26.37,0,1
1962.7,26.38,0,1
1962.82,26.37,0,1
1962.95,26.38,0,1
1963.07,26.37,0,1
1963.19,26.37,0,1
1963.32,26.36,0,1
1963.44,26.37,0,1
1963.57,26.37,0,1
1963.69,26.36,0,1
1963.81,26.37,0,1
1963.94,26.37,0,1
1964.06,26.36,0,1
1964.19,26.36,0,1
1964.31,26.37,0,1
1964.43,26.37,0,1
1964.56,26.38,0,1
1964.68,26.37,0,1
1964.8,26.37,0,1
1964.93,26.36,0,1
1965.05,26.38,0,1
1965.18,26.37,0,1
1965.3,26.36,0,1
1965.42,26.37,0,1
1965.55,26.36,0,1
1965.67,26.37,0,1
1965.79,26.37,0,1
1965.92,26.37,0,1
1966.04,26.37,0,1
1966.17,26.37,0,1
1966.29,26.37,0,1
1966.41,26.37,0,1
1966.54,26.37,0,1
1966.66,26.37,0,1
1966.78,26.37,0,1
1966.91,26.37,0,1
1967.03,26.37,0,1
1967.16,26.37,0,1
1967.28,26.37,0,1
1967.4,26.37,0,1
1967.53,26.37,0,1
1967.65,26.37,0,1
1967.77,26.37,0,1
1967.9,26.37,0,1
1968.02,26.37,0,1
1968.15,26.37,0,1
1968.27,26.37,0,1
1968.39,26.37,0,1
1968.52,26.37,0,1
1968.64,26.37,0,1
1968.76,26.37,0,1
1968.89,26.38,0,1
1969.01,26.37,0,1
1969.14,26.37,0,1
1969.26,26.37,0,1
1969.38,26.37,0,1
1969.51,26.37,0,1
1969.63,26.38,0,1
1969.75,26.37,0,1
1969.88,26.37,0,1
1970.0,26.37,0,1
1970.13,26.36,0,1
1970.25,26.37,0,1
1970.37,26.37,0,1
1970.5,26.37,0,1
1970.62,26.37,0,1
1970.74,26.37,0,1
1970.87,26.38,0,1
1970.99,26.37,0,1
1971.12,26.37,0,1
1971.24,26.37,0,1
1971.36,26.37,0,1
1971.49,26.37,0,1
1971.61,26.38,0,1
1971.73,26.37,0,1
1971.86,26.38,0,1
1971.98,26.37,0,1
1972.11,26.37,0,1
1972.23,26.37,0,1
1972.35,26.38,0,1
1972.48,26.37,0,1
1972.6,26.37,0,1
1972.72,26.38,0,1
1972.85,26.37,0,1
1972.97,26.38,0,1
1973.1,26.38,0,1
1973.22,26.38,0,1
1973.34,26.37,0,1
1973.47,26.38,0,1
1973.59,26.37,0,1
1973.71,26.37,0,1
1973.84,26.38,0,1
1973.96,26.36,0,1
1974.08,26.38,0,1
1974.21,26.38,0,1
1974.33,26.37,0,1
1974.46,26.39,0,1
1974.58,26.38,0,1
1974.7,26.37,0,1
1974.83,26.38,0,1
1974.95,26.37,0,1
1975.07,26.38,0,1
1975.2,26.38,0,1
1975.32,26.38,0,1
1975.45,26.37,0,1
1975.57,26.37,0,1
1975.69,26.38,0,1
1975.82,26.38,0,1
1975.94,26.38,0,1
1976.07,26.38,0,1
1976.19,26.37,0,1
1976.31,26.38,0,1
1976.44,26.37,0,1
1976.56,26.38,0,1
1976.68,26.38,0,1
1976.81,26.38,0,1
1976.93,26.38,0,1
1977.06,26.37,0,1
1977.18,26.38,0,1
1977.3,26.38,0,1
1977.43,26.38,0,1
1977.55,26.38,0,1
1977.67,26.37,0,1
1977.8,26.37,0,1
1977.92,26.37,0,1
1978.05,26.39,0,1
1978.17,26.37,0,1
1978.29,26.38,0,1
1978.42,26.38,0,1
1978.54,26.38,0,1
1978.66,26.37,0,1
1978.79,26.38,0,1
1978.91,26.38,0,1
1979.04,26.37,0,1
1979.16,26.38,0,1
1979.28,26.37,0,1
1979.41,26.37,0,1
1979.53,26.37,0,1
1979.66,26.37,0,1
1979.78,26.38,0,1
1979.9,26.37,0,1
1980.03,26.38,0,1
1980.15,26.38,0,1
1980.27,26.37,0,1
1980.4,26.38,0,1
1980.52,26.37,0,1
1980.65,26.37,0,1
1980.77,26.38,0,1
1980.89,26.37,0,1
1981.02,26.38,0,1
1981.14,26.38,0,1
1981.26,26.38,0,1
1981.39,26.37,0,1
1981.51,26.37,0,1
1981.64,26.37,0,1
1981.76,26.37,0,1
1981.88,26.38,0,1
1982.01,26.38,0,1
1982.13,26.37,0,1
1982.25,26.36,0,1
1982.38,26.38,0,1
1982.5,26.37,0,1
1982.63,26.37,0,1
1982.75,26.37,0,1
1982.87,26.37,0,1
1983.0,26.37,0,1
1983.12,26.37,0,1
1983.24,26.37,0,1
1983.37,26.37,0,1
1983.49,26.37,0,1
1983.61,26.38,0,1
1983.74,26.37,0,1
1983.86,26.39,0,1
1983.99,26.37,0,1
1984.11,26.37,0,1
1984.23,26.37,0,1
1984.36,26.39,0,1
1984.48,26.38,0,1
1984.6,26.37,0,1
1984.73,26.38,0,1
1984.85,26.37,0,1
1984.98,26.36,0,1
1985.1,26.38,0,1
1985.22,26.37,0,1
1985.35,26.38,0,1
1985.47,26.37,0,1
1985.59,26.37,0,1
1985.72,26.38,0,1
1985.84,26.38,0,1
1985.97,26.37,0,1
1986.09,26.37,0,1
1986.21,26.37,0,1
1986.34,26.37,0,1
1986.46,26.37,0,1
1986.58,26.37,0,1
1986.71,26.37,0,1
1986.83,26.37,0,1
1986.96,26.38,0,1
1987.08,26.37,0,1
1987.2,26.39,0,1
1987.33,26.37,0,1
1987.45,26.36,0,1
1987.57,26.37,0,1
1987.7,26.37,0,1
1987.82,26.38,0,1
1987.95,26.37,0,1
1988.07,26.37,0,1
1988.19,26.37,0,1
1988.32,26.37,0,1
1988.44,26.37,0,1
1988.57,26.35,0,1
1988.69,26.37,0,1
1988.81,26.37,0,1
1988.94,26.37,0,1
1989.06,26.36,0,1
1989.18,26.37,0,1
1989.31,26.37,0,1
1989.43,26.37,0,1
1989.56,26.37,0,1
1989.68,26.37,0,1
1989.8,26.36,0,1
1989.93,26.38,0,1
1990.05,26.37,0,1
1990.17,26.37,0,1
1990.3,26.37,0,1
1990.42,26.36,0,1
1990.55,26.37,0,1
1990.67,26.37,0,1
1990.79,26.37,0,1
1990.92,26.37,0,1
1991.04,26.37,0,1
1991.16,26.36,0,1
1991.29,26.36,0,1
1991.41,26.36,0,1
1991.54,26.36,0,1
1991.66,26.36,0,1
1991.78,26.37,0,1
1991.91,26.37,0,1
1992.03,26.36,0,1
1992.15,26.37,0,1
1992.28,26.35,0,1
1992.4,26.36,0,1
1992.53,26.37,0,1
1992.65,26.36,0,1
1992.77,26.37,0,1
1992.9,26.36,0,1
1993.02,26.35,0,1
1993.14,26.36,0,1
1993.27,26.35,0,1
1993.39,26.36,0,1
1993.52,26.36,0,1
1993.64,26.36,0,1
1993.76,26.37,0,1
1993.89,26.36,0,1
1994.01,26.38,0,1
1994.13,26.36,0,1
1994.26,26.36,0,1
1994.38,26.36,0,1
1994.51,26.36,0,1
1994.63,26.36,0,1
1994.75,26.36,0,1
1994.88,26.35,0,1
1995.0,26.36,0,1
1995.12,26.35,0,1
1995.25,26.37,0,1
1995.37,26.36,0,1
1995.5,26.36,0,1
1995.62,26.36,0,1
1995.74,26.35,0,1
1995.87,26.36,0,1
1995.99,26.36,0,1
1996.11,26.36,0,1
1996.24,26.36,0,1
1996.36,26.35,0,1
1996.48,26.36,0,1
1996.61,26.35,0,1
1996.73,26.36,0,1
1996.86,26.36,0,1
1996.98,26.36,0,1
1997.1,26.36,0,1
1997.23,26.35,0,1
1997.35,26.36,0,1
1997.47,26.34,0,1
1997.6,26.35,0,1
1997.72,26.36,0,1
1997.85,26.36,0,1
1997.97,26.35,0,1
1998.09,26.35,0,1
1998.22,26.35,0,1
1998.34,26.37,0,1
1998.47,26.35,0,1
1998.59,26.35,0,1
1998.71,26.35,0,1
1998.84,26.35,0,1
1998.96,26.36,0,1
1999.08,26.36,0,1
1999.21,26.35,0,1
1999.33,26.35,0,1
1999.46,26.35,0,1
1999.58,26.35,0,1
1999.7,26.35,0,1
1999.83,26.36,0,1
1999.95,26.36,0,1
2000.07,26.35,0,1
2000.2,26.35,0,1
2000.32,26.36,0,1
2000.44,26.35,0,1
2000.57,26.34,0,1
2000.69,26.34,0,1
2000.82,26.36,0,1
2000.94,26.36,0,1
2001.06,26.36,0,1
2001.19,26.35,0,1
2001.31,26.34,0,1
2001.44,26.35,0,1
2001.56,26.35,0,1
2001.68,26.35,0,1
2001.81,26.34,0,1
2001.93,26.35,0,1
2002.06,26.35,0,1
2002.18,26.35,0,1
2002.3,26.35,0,1
2002.43,26.36,0,1
2002.55,26.35,0,1
2002.67,26.35,0,1
2002.8,26.35,0,1
2002.92,26.35,0,1
2003.04,26.35,0,1
2003.17,26.35,0,1
2003.29,26.36,0,1
2003.42,26.35,0,1
2003.54,26.34,0,1
2003.66,26.35,0,1
2003.79,26.35,0,1
2003.91,26.35,0,1
2004.03,26.35,0,1
2004.16,26.35,0,1
2004.28,26.35,0,1
2004.41,26.35,0,1
2004.53,26.36,0,1
2004.65,26.34,0,1
2004.78,26.35,0,1
2004.9,26.35,0,1
2005.02,26.35,0,1
2005.15,26.35,0,1
2005.27,26.34,0,1
2005.4,26.35,0,1
2005.52,26.35,0,1
2005.64,26.35,0,1
2005.77,26.35,0,1
2005.89,26.35,0,1
2006.01,26.35,0,1
2006.14,26.35,0,1
2006.26,26.35,0,1
2006.39,26.34,0,1
2006.51,26.35,0,1
2006.63,26.35,0,1
2006.76,26.34,0,1
2006.88,26.35,0,1
2007.01,26.35,0,1
2007.13,26.35,0,1
2007.25,26.35,0,1
2007.38,26.34,0,1
2007.5,26.35,0,1
2007.62,26.35,0,1
2007.75,26.35,0,1
2007.87,26.35,0,1
2007.99,26.35,0,1
2008.12,26.36,0,1
2008.24,26.35,0,1
2008.37,26.34,0,1
2008.49,26.35,0,1
2008.61,26.35,0,1
2008.74,26.35,0,1
2008.86,26.35,0,1
2008.98,26.34,0,1
2009.11,26.34,0,1
2009.23,26.35,0,1
2009.36,26.34,0,1
2009.48,26.35,0,1
2009.6,26.34,0,1
2009.73,26.35,0,1
2009.85,26.34,0,1
2009.97,26.35,0,1
2010.1,26.35,0,1
2010.22,26.35,0,1
2010.35,26.35,0,1
2010.47,26.35,0,1
2010.59,26.34,0,1
2010.72,26.36,0,1
2010.84,26.35,0,1
2010.96,26.35,0,1
2011.09,26.35,0,1
2011.21,26.35,0,1
2011.33,26.35,0,1
2011.46,26.35,0,1
2011.58,26.35,0,1
2011.71,26.35,0,1
2011.83,26.35,0,1
2011.95,26.34,0,1
2012.08,26.35,0,1
2012.2,26.35,0,1
2012.32,26.35,0,1
2012.45,26.35,0,1
2012.57,26.35,0,1
2012.7,26.35,0,1
2012.82,26.34,0,1
2012.94,26.35,0,1
2013.07,26.35,0,1
2013.19,26.35,0,1
2013.32,26.35,0,1
2013.44,26.35,0,1
2013.56,26.36,0,1
2013.69,26.35,0,1
2013.81,26.35,0,1
2013.93,26.35,0,1
2014.06,26.34,0,1
2014.18,26.36,0,1
2014.31,26.35,0,1
2014.43,26.35,0,1
2014.55,26.35,0,1
2014.68,26.34,0,1
2014.8,26.35,0,1
2014.92,26.36,0,1
2015.05,26.35,0,1
2015.17,26.35,0,1
2015.3,26.34,0,1
2015.42,26.35,0,1
2015.54,26.35,0,1
2015.67,26.35,0,1
2015.79,26.35,0,1
2015.92,26.35,0,1
2016.04,26.35,0,1
2016.16,26.35,0,1
2016.29,26.35,0,1
2016.41,26.35,0,1
2016.53,26.35,0,1
2016.66,26.36,0,1
2016.78,26.35,0,1
2016.91,26.35,0,1
2017.03,26.35,0,1
2017.15,26.35,0,1
2017.28,26.35,0,1
2017.4,26.35,0,1
2017.52,26.34,0,1
2017.65,26.34,0,1
2017.77,26.35,0,1
2017.9,26.34,0,1
2018.02,26.36,0,1
2018.14,26.36,0,1
2018.27,26.35,0,1
2018.39,26.35,0,1
2018.51,26.35,0,1
2018.64,26.35,0,1
2018.76,26.35,0,1
2018.88,26.35,0,1
2019.01,26.35,0,1
2019.13,26.34,0,1
2019.26,26.35,0,1
2019.38,26.35,0,1
2019.5,26.35,0,1
2019.63,26.35,0,1
2019.75,26.35,0,1
2019.87,26.35,0,1
2020.0,26.36,0,1
2020.12,26.35,0,1
2020.25,26.35,0,1
2020.37,26.35,0,1
2020.49,26.35,0,1
2020.62,26.35,0,1
2020.74,26.34,0,1
2020.86,26.35,0,1
2020.99,26.35,0,1
2021.11,26.35,0,1
2021.24,26.35,0,1
2021.36,26.36,0,1
2021.48,26.35,0,1
2021.61,26.34,0,1
2021.73,26.35,0,1
2021.85,26.35,0,1
2021.98,26.34,0,1
2022.1,26.35,0,1
2022.22,26.34,0,1
2022.35,26.35,0,1
2022.47,26.36,0,1
2022.6,26.35,0,1
2022.72,26.36,0,1
2022.84,26.34,0,1
2022.97,26.35,0,1
2023.09,26.35,0,1
2023.22,26.35,0,1
2023.34,26.35,0,1
2023.46,26.35,0,1
2023.59,26.35,0,1
2023.71,26.35,0,1
2023.83,26.35,0,1
2023.96,26.35,0,1
2024.08,26.34,0,1
2024.21,26.34,0,1
2024.33,26.34,0,1
2024.45,26.35,0,1
2024.58,26.33,0,1
2024.7,26.34,0,1
2024.82,26.35,0,1
2024.95,26.36,0,1
2025.07,26.34,0,1
2025.2,26.34,0,1
2025.32,26.35,0,1
2025.44,26.33,0,1
2025.57,26.34,0,1
2025.69,26.34,0,1
2025.81,26.34,0,1
2025.94,26.34,0,1
2026.06,26.35,0,1
2026.19,26.34,0,1
2026.31,26.35,0,1
2026.43,26.35,0,1
2026.56,26.34,0,1
2026.68,26.35,0,1
2026.81,26.34,0,1
2026.93,26.34,0,1
2027.05,26.34,0,1
2027.18,26.34,0,1
2027.3,26.34,0,1
2027.42,26.34,0,1
2027.55,26.34,0,1
2027.67,26.34,0,1
2027.8,26.34,0,1
2027.92,26.34,0,1
2028.04,26.34,0,1
2028.17,26.34,0,1
2028.29,26.34,0,1
2028.41,26.34,0,1
2028.54,26.34,0,1
2028.66,26.34,0,1
2028.78,26.35,0,1
2028.91,26.34,0,1
2029.03,26.34,0,1
2029.16,26.34,0,1
2029.28,26.35,0,1
2029.4,26.34,0,1
2029.53,26.34,0,1
2029.65,26.35,0,1
2029.77,26.34,0,1
2029.9,26.34,0,1
2030.02,26.34,0,1
2030.15,26.34,0,1
2030.27,26.34,0,1
2030.39,26.34,0,1
2030.52,26.34,0,1
2030.64,26.35,0,1
2030.77,26.34,0,1
2030.89,26.34,0,1
2031.01,26.34,0,1
2031.14,26.34,0,1
2031.26,26.33,0,1
2031.38,26.34,0,1
2031.51,26.33,0,1
2031.63,26.33,0,1
2031.76,26.34,0,1
2031.88,26.34,0,1
2032.0,26.34,0,1
2032.13,26.34,0,1
2032.25,26.33,0,1
2032.37,26.34,0,1
2032.5,26.34,0,1
2032.62,26.34,0,1
2032.75,26.34,0,1
2032.87,26.34,0,1
2032.99,26.34,0,1
2033.12,26.34,0,1
2033.24,26.34,0,1
2033.36,26.34,0,1
2033.49,26.34,0,1
2033.61,26.34,0,1
2033.73,26.33,0,1
2033.86,26.34,0,1
2033.98,26.34,0,1
2034.11,26.34,0,1
2034.23,26.34,0,1
2034.35,26.34,0,1
2034.48,26.34,0,1
2034.6,26.34,0,1
2034.72,26.34,0,1
2034.85,26.33,0,1
2034.97,26.34,0,1
2035.1,26.34,0,1
2035.22,26.34,0,1
2035.34,26.34,0,1
2035.47,26.34,0,1
2035.59,26.34,0,1
2035.71,26.34,0,1
2035.84,26.34,0,1
2035.96,26.34,0,1
2036.09,26.33,0,1
2036.21,26.34,0,1
2036.33,26.34,0,1
2036.46,26.34,0,1
2036.58,26.34,0,1
2036.7,26.34,0,1
2036.83,26.34,0,1
2036.95,26.34,0,1
2037.08,26.34,0,1
2037.2,26.34,0,1
2037.32,26.34,0,1
2037.45,26.34,0,1
2037.57,26.34,0,1
2037.69,26.33,0,1
2037.82,26.34,0,1
2037.94,26.34,0,1
2038.07,26.34,0,1
2038.19,26.34,0,1
2038.31,26.34,0,1
2038.44,26.34,0,1
2038.56,26.34,0,1
2038.69,26.34,0,1
2038.81,26.34,0,1
2038.93,26.35,0,1
2039.06,26.35,0,1
2039.18,26.34,0,1
2039.3,26.34,0,1
2039.43,26.34,0,1
2039.55,26.34,0,1
2039.67,26.35,0,1
2039.8,26.35,0,1
2039.92,26.34,0,1
2040.05,26.34,0,1
2040.17,26.35,0,1
2040.29,26.34,0,1
2040.42,26.34,0,1
2040.54,26.35,0,1
2040.67,26.34,0,1
2040.79,26.35,0,1
2040.91,26.34,0,1
2041.04,26.34,0,1
2041.16,26.35,0,1
2041.28,26.35,0,1
2041.41,26.35,0,1
2041.53,26.35,0,1
2041.66,26.34,0,1
2041.78,26.35,0,1
2041.9,26.34,0,1
2042.03,26.35,0,1
2042.15,26.35,0,1
2042.27,26.34,0,1
2042.4,26.35,0,1
2042.52,26.34,0,1
2042.65,26.34,0,1
2042.77,26.35,0,1
2042.89,26.35,0,1
2043.02,26.34,0,1
2043.14,26.34,0,1
2043.26,26.35,0,1
2043.39,26.35,0,1
2043.51,26.35,0,1
2043.63,26.35,0,1
2043.76,26.35,0,1
2043.88,26.34,0,1
2044.01,26.34,0,1
2044.13,26.35,0,1
2044.25,26.36,0,1
2044.38,26.34,0,1
2044.5,26.35,0,1
2044.62,26.35,0,1
2044.75,26.35,0,1
2044.87,26.34,0,1
2045.0,26.35,0,1
2045.12,26.35,0,1
2045.24,26.36,0,1
2045.37,26.34,0,1
2045.49,26.36,0,1
2045.61,26.35,0,1
2045.74,26.35,0,1
2045.86,26.35,0,1
2045.99,26.35,0,1
2046.11,26.35,0,1
2046.23,26.35,0,1
2046.36,26.35,0,1
2046.48,26.35,0,1
2046.6,26.35,0,1
2046.73,26.35,0,1
2046.85,26.35,0,1
2046.98,26.34,0,1
2047.1,26.35,0,1
2047.22,26.35,0,1
2047.35,26.34,0,1
2047.47,26.35,0,1
2047.59,26.35,0,1
2047.72,26.35,0,1
2047.84,26.35,0,1
2047.97,26.35,0,1
2048.09,26.35,0,1
2048.21,26.35,0,1
2048.34,26.35,0,1
2048.46,26.35,0,1
2048.58,26.35,0,1
2048.71,26.35,0,1
2048.83,26.35,0,1
2048.96,26.35,0,1
2049.08,26.35,0,1
2049.2,26.35,0,1
2049.33,26.35,0,1
2049.45,26.35,0,1
2049.57,26.34,0,1
2049.7,26.36,0,1
2049.82,26.34,0,1
2049.95,26.35,0,1
2050.07,26.35,0,1
2050.19,26.35,0,1
2050.32,26.34,0,1
2050.44,26.35,0,1
2050.56,26.35,0,1
2050.69,26.36,0,1
2050.81,26.35,0,1
2050.94,26.36,0,1
2051.06,26.36,0,1
2051.18,26.36,0,1
2051.31,26.36,0,1
2051.43,26.35,0,1
2051.55,26.36,0,1
2051.68,26.36,0,1
2051.8,26.35,0,1
2051.93,26.35,0,1
2052.05,26.35,0,1
2052.17,26.35,0,1
2052.3,26.35,0,1
2052.42,26.36,0,1
2052.54,26.36,0,1
2052.67,26.35,0,1
2052.79,26.35,0,1
2052.92,26.36,0,1
2053.04,26.36,0,1
2053.16,26.35,0,1
2053.29,26.35,0,1
2053.41,26.35,0,1
2053.53,26.35,0,1
2053.66,26.35,0,1
2053.78,26.35,0,1
2053.91,26.36,0,1
2054.03,26.36,0,1
2054.15,26.35,0,1
2054.28,26.36,0,1
2054.4,26.35,0,1
2054.52,26.35,0,1
2054.65,26.35,0,1
2054.77,26.35,0,1
2054.9,26.35,0,1
2055.02,26.35,0,1
2055.14,26.35,0,1
2055.27,26.36,0,1
2055.39,26.35,0,1
2055.51,26.36,0,1
2055.64,26.35,0,1
2055.76,26.36,0,1
2055.88,26.35,0,1
2056.01,26.36,0,1
2056.13,26.35,0,1
2056.26,26.35,0,1
2056.38,26.35,0,1
2056.5,26.35,0,1
2056.63,26.35,0,1
2056.75,26.35,0,1
2056.88,26.35,0,1
2057.0,26.35,0,1
2057.12,26.35,0,1
2057.25,26.35,0,1
2057.37,26.35,0,1
2057.49,26.35,0,1
2057.62,26.38,0,1
2057.74,26.35,0,1
2057.87,26.35,0,1
2057.99,26.35,0,1
2058.11,26.35,0,1
2058.24,26.36,0,1
2058.36,26.35,0,1
2058.48,26.36,0,1
2058.61,26.36,0,1
2058.73,26.35,0,1
2058.85,26.35,0,1
2058.98,26.35,0,1
2059.1,26.38,0,1
2059.23,26.36,0,1
2059.35,26.35,0,1
2059.47,26.34,0,1
2059.6,26.36,0,1
2059.72,26.35,0,1
2059.84,26.36,0,1
2059.97,26.36,0,1
2060.09,26.35,0,1
2060.22,26.36,0,1
2060.34,26.35,0,1
2060.46,26.36,0,1
2060.59,26.35,0,1
2060.71,26.36,0,1
2060.83,26.36,0,1
2060.96,26.36,0,1
2061.08,26.35,0,1
2061.21,26.36,0,1
2061.33,26.36,0,1
2061.45,26.35,0,1
2061.58,26.35,0,1
2061.7,26.36,0,1
2061.83,26.35,0,1
2061.95,26.36,0,1
2062.07,26.36,0,1
2062.2,26.36,0,1
2062.32,26.36,0,1
2062.44,26.36,0,1
2062.57,26.36,0,1
2062.69,26.36,0,1
2062.82,26.36,0,1
2062.94,26.36,0,1
2063.06,26.35,0,1
2063.19,26.35,0,1
2063.31,26.36,0,1
2063.43,26.36,0,1
2063.56,26.36,0,1
2063.68,26.36,0,1
2063.81,26.35,0,1
2063.93,26.36,0,1
2064.05,26.36,0,1
2064.18,26.35,0,1
2064.3,26.36,0,1
2064.42,26.36,0,1
2064.55,26.36,0,1
2064.67,26.37,0,1
2064.79,26.36,0,1
2064.92,26.36,0,1
2065.04,26.37,0,1
2065.17,26.36,0,1
2065.29,26.37,0,1
2065.41,26.36,0,1
2065.54,26.36,0,1
2065.66,26.37,0,1
2065.78,26.36,0,1
2065.91,26.35,0,1
2066.03,26.36,0,1
2066.16,26.36,0,1
2066.28,26.36,0,1
2066.4,26.36,0,1
2066.53,26.37,0,1
2066.65,26.36,0,1
2066.78,26.36,0,1
2066.9,26.36,0,1
2067.02,26.36,0,1
2067.15,26.35,0,1
2067.27,26.38,0,1
2067.39,26.36,0,1
2067.52,26.36,0,1
2067.64,26.38,0,1
2067.77,26.36,0,1
2067.89,26.36,0,1
2068.01,26.34,0,1
2068.14,26.38,0,1
2068.26,26.36,0,1
2068.38,26.37,0,1
2068.51,26.36,0,1
2068.63,26.37,0,1
2068.76,26.37,0,1
2068.88,26.36,0,1
2069.0,26.36,0,1
2069.13,26.37,0,1
2069.25,26.37,0,1
2069.37,26.36,0,1
2069.5,26.36,0,1
2069.62,26.37,0,1
2069.75,26.36,0,1
2069.87,26.37,0,1
2069.99,26.37,0,1
2070.12,26.36,0,1
2070.24,26.37,0,1
2070.36,26.37,0,1
2070.49,26.38,0,1
2070.61,26.38,0,1
2070.74,26.38,0,1
2070.86,26.38,0,1
2070.98,26.37,0,1
2071.11,26.37,0,1
2071.23,26.37,0,1
2071.35,26.37,0,1
2071.48,26.37,0,1
2071.6,26.37,0,1
2071.73,26.37,0,1
2071.85,26.37,0,1
2071.97,26.37,0,1
2072.1,26.37,0,1
2072.22,26.37,0,1
2072.34,26.37,0,1
2072.47,26.37,0,1
2072.59,26.37,0,1
2072.72,26.37,0,1
2072.84,26.37,0,1
2072.96,26.37,0,1
2073.09,26.37,0,1
2073.21,26.37,0,1
2073.33,26.37,0,1
2073.46,26.37,0,1
2073.58,26.37,0,1
2073.71,26.37,0,1
2073.83,26.37,0,1
2073.95,26.37,0,1
2074.08,26.37,0,1
2074.2,26.37,0,1
2074.32,26.37,0,1
2074.45,26.37,0,1
2074.57,26.37,0,1
2074.7,26.37,0,1
2074.82,26.37,0,1
2074.94,26.37,0,1
2075.07,26.37,0,1
2075.19,26.37,0,1
2075.31,26.37,0,1
2075.44,26.37,0,1
2075.56,26.37,0,1
2075.69,26.37,0,1
2075.81,26.37,0,1
2075.93,26.37,0,1
2076.06,26.37,0,1
2076.18,26.37,0,1
2076.3,26.37,0,1
2076.43,26.37,0,1
2076.55,26.37,0,1
2076.68,26.37,0,1
2076.8,26.37,0,1
2076.92,26.37,0,1
2077.05,26.37,0,1
2077.17,26.37,0,1
2077.29,26.37,0,1
2077.42,26.37,0,1
2077.54,26.37,0,1
2077.67,26.38,0,1
2077.79,26.37,0,1
2077.91,26.37,0,1
2078.04,26.37,0,1
2078.16,26.37,0,1
2078.28,26.37,0,1
2078.41,26.37,0,1
2078.53,26.38,0,1
2078.66,26.37,0,1
2078.78,26.37,0,1
2078.9,26.37,0,1
2079.03,26.38,0,1
2079.15,26.38,0,1
2079.28,26.38,0,1
2079.4,26.37,0,1
2079.52,26.38,0,1
2079.65,26.38,0,1
2079.77,26.38,0,1
2079.89,26.38,0,1
2080.02,26.38,0,1
2080.14,26.38,0,1
2080.27,26.38,0,1
2080.39,26.38,0,1
2080.51,26.38,0,1
2080.64,26.38,0,1
2080.76,26.38,0,1
2080.88,26.37,0,1
2081.01,26.38,0,1
2081.13,26.38,0,1
2081.26,26.38,0,1
2081.38,26.38,0,1
2081.5,26.38,0,1
2081.63,26.38,0,1
2081.75,26.38,0,1
2081.87,26.38,0,1
2082.0,26.38,0,1
2082.12,26.38,0,1
2082.25,26.38,0,1
2082.37,26.38,0,1
2082.49,26.38,0,1
2082.62,26.38,0,1
2082.74,26.38,0,1
2082.86,26.38,0,1
2082.99,26.38,0,1
2083.11,26.38,0,1
2083.23,26.38,0,1
2083.36,26.38,0,1
2083.48,26.38,0,1
2083.61,26.38,0,1
2083.73,26.38,0,1
2083.85,26.38,0,1
2083.98,26.38,0,1
2084.1,26.38,0,1
2084.23,26.38,0,1
2084.35,26.38,0,1
2084.47,26.38,0,1
2084.6,26.38,0,1
2084.72,26.38,0,1
2084.84,26.38,0,1
2084.97,26.38,0,1
2085.09,26.38,0,1
2085.22,26.38,0,1
2085.34,26.38,0,1
2085.46,26.38,0,1
2085.59,26.38,0,1
2085.71,26.38,0,1
2085.83,26.38,0,1
2085.96,26.38,0,1
2086.08,26.38,0,1
2086.21,26.38,0,1
2086.33,26.39,0,1
2086.45,26.39,0,1
2086.58,26.38,0,1
2086.7,26.39,0,1
2086.82,26.39,0,1
2086.95,26.39,0,1
2087.07,26.39,0,1
2087.2,26.39,0,1
2087.32,26.39,0,1
2087.44,26.39,0,1
2087.57,26.39,0,1
2087.69,26.39,0,1
2087.81,26.39,0,1
2087.94,26.38,0,1
2088.06,26.39,0,1
2088.19,26.39,0,1
2088.31,26.39,0,1
2088.43,26.38,0,1
2088.56,26.39,0,1
2088.68,26.38,0,1
2088.8,26.39,0,1
2088.93,26.39,0,1
2089.05,26.39,0,1
2089.18,26.39,0,1
2089.3,26.39,0,1
2089.42,26.39,0,1
2089.55,26.39,0,1
2089.67,26.39,0,1
2089.79,26.39,0,1
2089.92,26.39,0,1
2090.04,26.39,0,1
2090.17,26.39,0,1
2090.29,26.39,0,1
2090.41,26.39,0,1
2090.54,26.39,0,1
2090.66,26.39,0,1
2090.78,26.39,0,1
2090.91,26.39,0,1
2091.03,26.39,0,1
2091.16,26.39,0,1
2091.28,26.39,0,1
2091.4,26.39,0,1
2091.53,26.39,0,1
2091.65,26.39,0,1
2091.78,26.39,0,1
2091.9,26.39,0,1
2092.02,26.39,0,1
2092.15,26.39,0,1
2092.27,26.39,0,1
2092.39,26.39,0,1
2092.52,26.39,0,1
2092.64,26.39,0,1
2092.76,26.39,0,1
2092.89,26.39,0,1
2093.01,26.4,0,1
2093.14,26.39,0,1
2093.26,26.39,0,1
2093.38,26.39,0,1
2093.51,26.39,0,1
2093.63,26.39,0,1
2093.75,26.39,0,1
2093.88,26.39,0,1
2094.0,26.39,0,1
2094.13,26.4,0,1
2094.25,26.39,0,1
2094.37,26.39,0,1
2094.5,26.4,0,1
2094.62,26.4,0,1
2094.75,26.4,0,1
2094.87,26.39,0,1
2094.99,26.39,0,1
2095.12,26.39,0,1
2095.24,26.39,0,1
2095.36,26.4,0,1
2095.49,26.4,0,1
2095.61,26.4,0,1
2095.73,26.4,0,1
2095.86,26.4,0,1
2095.98,26.4,0,1
2096.11,26.4,0,1
2096.23,26.4,0,1
2096.35,26.4,0,1
2096.48,26.4,0,1
2096.6,26.4,0,1
2096.73,26.4,0,1
2096.85,26.4,0,1
2096.97,26.4,0,1
2097.1,26.4,0,1
2097.22,26.4,0,1
2097.34,26.4,0,1
2097.47,26.4,0,1
2097.59,26.4,0,1
2097.71,26.4,0,1
2097.84,26.4,0,1
2097.96,26.4,0,1
2098.09,26.4,0,1
